atom_count,record_count,percent_of_formula_records,contains_target
0,123926259,99.99910108640807,false
1,1044,0.000842428895834014,true
2,35,0.00002824234804041235,true
3,20,0.00001613848459452134,true
4,7,5.648469608082469e-6,true
5,1,8.069242297260671e-7,true
6,4,3.2276969189042683e-6,true
8,1,8.069242297260671e-7,true
10,2,1.6138484594521342e-6,true
