atom_count,record_count,percent_of_formula_records,contains_target
1,1044,93.71633752244165,true
2,35,3.141831238779174,true
3,20,1.7953321364452424,true
4,7,0.6283662477558348,true
5,1,0.08976660682226212,true
6,4,0.3590664272890485,true
8,1,0.08976660682226212,true
10,2,0.17953321364452424,true
