value,total_count,target_count,non_target_count,percent_target_within_group,percent_of_all_records,percent_of_all_target,support_warning
1,2615,2615,0,100.0,16.8448853388302,16.8448853388302,
2,3,3,0,100.0,0.01932491625869621,0.01932491625869621,LOW_TOTAL_SUPPORT|LOW_TARGET_SUPPORT
3,1552,1552,0,100.0,9.99742334449884,9.99742334449884,
UNKNOWN,11354,11354,0,100.0,73.13836640041227,73.13836640041227,
TOTAL_RECORDS,15524,15524,0,100.0,100.0,100.0,
TOTAL_ASSIGNMENTS,15524,15524,0,100.0,100.0,100.0,
