atom_count,record_count,percent_of_formula_records,contains_target
1,14501,93.41020355578459,true
2,531,3.4205101777892293,true
3,104,0.6699304303014687,true
6,388,2.49935583612471,true
