atom_count,record_count,percent_of_formula_records,contains_target
1,4813,86.13099498926272,true
2,525,9.39513242662849,true
3,81,1.4495347172512527,true
4,98,1.7537580529706516,true
5,42,0.7516105941302791,true
6,10,0.17895490336435219,true
7,7,0.12526843235504653,true
8,3,0.05368647100930566,true
9,4,0.07158196134574087,true
10,1,0.017895490336435216,true
12,2,0.03579098067287043,true
88,2,0.03579098067287043,true
