atom_count,record_count,percent_of_formula_records,contains_target
0,123921785,99.99549090740429,false
1,4813,0.003883726317671561,true
2,525,0.00042363522060618523,true
3,81,0.00006536086260781143,true
4,98,0.00007907857451315457,true
5,42,0.00003389081764849482,true
6,10,8.06924229726067e-6,true
7,7,5.648469608082469e-6,true
8,3,2.420772689178201e-6,true
9,4,3.2276969189042683e-6,true
10,1,8.069242297260671e-7,true
12,2,1.6138484594521342e-6,true
88,2,1.6138484594521342e-6,true
