atom_count,record_count,percent_of_formula_records,contains_target
0,123927280,99.99992495604664,false
1,90,0.00007262318067534603,true
2,3,2.420772689178201e-6,true
