atom_count,record_count,percent_of_formula_records,contains_target
1,2672,83.00714507611059,true
2,279,8.667287977632805,true
3,149,4.628766697732215,true
4,60,1.863932898415657,true
5,24,0.7455731593662628,true
6,13,0.40385212799005904,true
7,2,0.062131096613855234,true
8,5,0.15532774153463808,true
9,3,0.09319664492078285,true
12,5,0.15532774153463808,true
13,2,0.062131096613855234,true
15,2,0.062131096613855234,true
17,1,0.031065548306927617,true
33,2,0.062131096613855234,true
