atom_count,record_count,percent_of_formula_records,contains_target
0,123925183,99.99823283593689,false
1,1878,0.001515403703425554,true
2,218,0.00017590948208028262,true
3,31,0.000025014651121508078,true
4,47,0.000037925438797125155,true
5,2,1.6138484594521342e-6,true
6,7,5.648469608082469e-6,true
7,1,8.069242297260671e-7,true
8,3,2.420772689178201e-6,true
9,3,2.420772689178201e-6,true
