atom_count,record_count,percent_of_formula_records,contains_target
1,1878,85.75342465753425,true
2,218,9.954337899543379,true
3,31,1.4155251141552512,true
4,47,2.146118721461187,true
5,2,0.091324200913242,true
6,7,0.31963470319634707,true
7,1,0.045662100456621,true
8,3,0.136986301369863,true
9,3,0.136986301369863,true
