atom_count,record_count,percent_of_formula_records,contains_target
0,123926995,99.99969498264116,false
1,353,0.00028484425309330166,true
2,21,0.00001694540882424741,true
3,3,2.420772689178201e-6,true
5,1,8.069242297260671e-7,true
