atom_count,record_count,percent_of_formula_records,contains_target
1,353,93.38624338624338,true
2,21,5.555555555555555,true
3,3,0.7936507936507936,true
5,1,0.26455026455026454,true
