atom_count,record_count,percent_of_formula_records,contains_target
0,123927294,99.99993625298586,false
1,55,0.00004438083263493369,true
2,15,0.000012103863445891006,true
3,6,4.841545378356402e-6,true
4,1,8.069242297260671e-7,true
5,1,8.069242297260671e-7,true
8,1,8.069242297260671e-7,true
