atom_count,record_count,percent_of_formula_records,contains_target
1,55,69.62025316455697,true
2,15,18.9873417721519,true
3,6,7.59493670886076,true
4,1,1.2658227848101267,true
5,1,1.2658227848101267,true
8,1,1.2658227848101267,true
