value,total_count,target_count,non_target_count,percent_target_within_group,percent_of_all_records,percent_of_all_target,support_warning
1,332484,332484,0,100.0,77.49740108991064,77.49740108991064,
2,3266,3266,0,100.0,0.7612592243826715,0.7612592243826715,
3,41556,41556,0,100.0,9.686126248758816,9.686126248758816,
UNKNOWN,51720,51720,0,100.0,12.055213436947877,12.055213436947877,
TOTAL_RECORDS,429026,429026,0,100.0,100.0,100.0,
TOTAL_ASSIGNMENTS,429026,429026,0,100.0,100.0,100.0,
