value,total_count,target_count,non_target_count,percent_target_within_group,percent_of_all_records,percent_of_all_target,support_warning
GNPS,377306,377306,0,100.0,87.94478656305212,87.94478656305212,
MassSpecGym,51720,51720,0,100.0,12.055213436947877,12.055213436947877,
TOTAL_RECORDS,429026,429026,0,100.0,100.0,100.0,
TOTAL_ASSIGNMENTS,429026,429026,0,100.0,100.0,100.0,
