atom_count,record_count,percent_of_formula_records,contains_target
0,123926557,99.99934154982854,false
1,789,0.0006366632172538669,true
2,21,0.00001694540882424741,true
3,5,4.034621148630335e-6,true
4,1,8.069242297260671e-7,true
