atom_count,record_count,percent_of_formula_records,contains_target
1,789,96.69117647058823,true
2,21,2.5735294117647056,true
3,5,0.6127450980392157,true
4,1,0.12254901960784313,true
