value,total_count,target_count,non_target_count,percent_target_within_group,percent_of_all_records,percent_of_all_target,support_warning
1,46860,46860,0,100.0,83.6980013217354,83.6980013217354,
2,175,175,0,100.0,0.3125725614874882,0.3125725614874882,
3,4967,4967,0,100.0,8.871702359476306,8.871702359476306,
UNKNOWN,3985,3985,0,100.0,7.117723757300802,7.117723757300802,
TOTAL_RECORDS,55987,55987,0,100.0,100.0,100.0,
TOTAL_ASSIGNMENTS,55987,55987,0,100.0,100.0,100.0,
