atom_count,record_count,percent_of_formula_records,contains_target
1,48183,86.0610498865808,true
2,6970,12.449318591815956,true
3,678,1.2109954096486684,true
4,156,0.2786361119545609,true
