atom_count,record_count,percent_of_formula_records,contains_target
1,426,89.30817610062893,true
2,38,7.966457023060797,true
3,7,1.4675052410901468,true
4,4,0.8385744234800839,true
6,1,0.20964360587002098,true
9,1,0.20964360587002098,true
