atom_count,record_count,percent_of_formula_records,contains_target
0,123926896,99.99961509714242,false
1,426,0.00034374972186330456,true
2,38,0.00003066312072959055,true
3,7,5.648469608082469e-6,true
4,4,3.2276969189042683e-6,true
6,1,8.069242297260671e-7,true
9,1,8.069242297260671e-7,true
