value,total_count,target_count,non_target_count,percent_target_within_group,percent_of_all_records,percent_of_all_target,support_warning
1,21138,21138,0,100.0,77.62761659933896,77.62761659933896,
2,132,132,0,100.0,0.4847594564818215,0.4847594564818215,
3,2981,2981,0,100.0,10.94748439221447,10.94748439221447,
UNKNOWN,2979,2979,0,100.0,10.940139551964744,10.940139551964744,
TOTAL_RECORDS,27230,27230,0,100.0,100.0,100.0,
TOTAL_ASSIGNMENTS,27230,27230,0,100.0,100.0,100.0,
