atom_count,record_count,percent_of_formula_records,contains_target
0,123927207,99.99986605057786,false
1,159,0.00012830095252644466,true
2,5,4.034621148630335e-6,true
7,1,8.069242297260671e-7,true
9,1,8.069242297260671e-7,true
