atom_count,record_count,percent_of_formula_records,contains_target
1,159,95.78313253012048,true
2,5,3.0120481927710845,true
7,1,0.6024096385542169,true
9,1,0.6024096385542169,true
