row_element,column_element,cooccurrence_count,row_element_count,column_element_count,normalized_pmi
Ac,Ac,9776,9776,9776,
Ac,Ag,19,9776,19086,0.16186039433938312
Ac,Al,5,9776,82361,-0.015065504183470704
Ac,Am,4,9776,380,0.2839285207550717
Ac,Ar,5,9776,4079,0.1613917430800772
Ac,As,0,9776,33552,-1.0
Ac,At,0,9776,1164,-1.0
Ac,Au,32,9776,18070,0.20537835512730682
Ac,B,263,9776,1315877,0.0715457874293378
Ac,Ba,2,9776,15764,0.026773280615358754
Ac,Be,3,9776,3233,0.14082231370117262
Ac,Bh,0,9776,74,-1.0
Ac,Bi,1,9776,15692,-0.011161641746747242
Ac,Bk,0,9776,169,-1.0
Ac,Br,460,9776,8607410,-0.030701955507938954
Ac,C,9620,9776,124377664,-0.0015193129255342097
Ac,Ca,1,9776,47081,-0.07010408143338837
Ac,Cd,1,9776,7961,0.025242703927993992
Ac,Ce,5,9776,8261,0.11995613485389248
Ac,Cf,0,9776,237,-1.0
Ac,Cl,935,9776,21906474,-0.051601659226472175
Ac,Cm,2,9776,692,0.20094339138796735
Ac,Cn,0,9776,7,-1.0
Ac,Co,19,9776,45781,0.10611951557896139
Ac,Cr,5,9776,27069,0.050269276350750215
Ac,Cs,12,9776,12307,0.15597231947688903
Ac,Cu,20,9776,67388,0.0850351122883607
Ac,Db,0,9776,105,-1.0
Ac,Ds,0,9776,11,-1.0
Ac,Dy,0,9776,2319,-1.0
Ac,Er,0,9776,2201,-1.0
Ac,Es,2,9776,359,0.23750936107170373
Ac,Eu,0,9776,5611,-1.0
Ac,F,749,9776,25344252,-0.08122549540146146
Ac,Fe,8,9776,81651,0.013409717084364135
Ac,Fl,0,9776,8,-1.0
Ac,Fm,0,9776,2120,-1.0
Ac,Fr,0,9776,105,-1.0
Ac,Ga,7,9776,11650,0.1219372284912009
Ac,Gd,9,9776,7718,0.16412520615656895
Ac,Ge,1,9776,47164,-0.07019857267474006
Ac,H,9684,9776,124461855,-0.0008911327371182765
Ac,He,0,9776,415,-1.0
Ac,Hf,4,9776,22172,0.04825227133001755
Ac,Hg,20,9776,15140,0.18047427671684427
Ac,Ho,0,9776,1848,-1.0
Ac,Hs,0,9776,69,-1.0
Ac,I,248,9776,2542800,0.016568749885998758
Ac,In,4,9776,14006,0.07487439189718008
Ac,Ir,3,9776,169603,-0.08492548039434482
Ac,K,54,9776,156190,0.10121816534764591
Ac,Kr,0,9776,166,-1.0
Ac,La,6,9776,8114,0.13314088245287256
Ac,Li,29,9776,117297,0.07514312199599796
Ac,Lr,0,9776,861,-1.0
Ac,Lu,6,9776,2717,0.19807514190733444
Ac,Lv,0,9776,5,-1.0
Ac,Mc,0,9776,5,-1.0
Ac,Md,0,9776,96,-1.0
Ac,Mg,12,9776,63053,0.05484300407842389
Ac,Mn,16,9776,30915,0.11888365993903068
Ac,Mo,2,9776,20126,0.013162181253467721
Ac,Mt,0,9776,79,-1.0
Ac,N,6754,9776,110925773,-0.025821387539284757
Ac,Na,210,9776,410484,0.14103683472509865
Ac,Nb,5,9776,6672,0.13249942575569829
Ac,Nd,1,9776,5576,0.044345320035654
Ac,Ne,0,9776,225,-1.0
Ac,Nh,0,9776,8,-1.0
Ac,Ni,4,9776,50498,0.0005478483508052195
Ac,No,21,9776,366,0.4228476518363124
Ac,Np,27,9776,482,0.42820920234118814
Ac,O,9098,9776,109353141,0.006148652707491913
Ac,Og,0,9776,1,-1.0
Ac,Os,5,9776,8718,0.11679461130875506
Ac,P,409,9776,2503338,0.05808485711181929
Ac,Pa,0,9776,263,-1.0
Ac,Pb,8,9776,18301,0.10371163734107895
Ac,Pd,42,9776,48856,0.16063251951793783
Ac,Pm,0,9776,410,-1.0
Ac,Po,2,9776,1385,0.16228208056791413
Ac,Pr,18,9776,3784,0.2606120731454747
Ac,Pt,5,9776,143559,-0.04769018700978818
Ac,Pu,2,9776,577,0.211069862761748
Ac,Ra,2,9776,277,0.25195741965666485
Ac,Rb,4,9776,11197,0.0878474316330916
Ac,Re,12,9776,10228,0.16742586168727186
Ac,Rf,3,9776,5242,0.11327159031738866
Ac,Rg,0,9776,9,-1.0
Ac,Rh,7,9776,14946,0.10701400877138949
Ac,Rn,0,9776,138,-1.0
Ac,Ru,8,9776,39255,0.05763236039836625
Ac,S,1732,9776,36318993,-0.044527375026664866
Ac,Sb,1,9776,19105,-0.02171922892307885
Ac,Sc,4,9776,3525,0.15483186778955882
Ac,Se,17,9776,120337,0.0371985442176697
Ac,Sg,0,9776,137,-1.0
Ac,Si,167,9776,1825174,0.011362901785448984
Ac,Sm,5,9776,3363,0.1727250382184929
Ac,Sn,13,9776,109311,0.025868074952233925
Ac,Sr,1,9776,8295,0.02303792236652467
Ac,Ta,5,9776,5739,0.14134411159817384
Ac,Tb,0,9776,3117,-1.0
Ac,Tc,3,9776,3663,0.13370382383653445
Ac,Te,6,9776,20569,0.07793246508828182
Ac,Th,2,9776,1733,0.14979258082199048
Ac,Ti,3,9776,77983,-0.040633320555660574
Ac,Tl,0,9776,6312,-1.0
Ac,Tm,0,9776,1275,-1.0
Ac,Ts,0,9776,3,-1.0
Ac,U,21,9776,21879,0.16055947293258424
Ac,V,20,9776,39871,0.11858093532984648
Ac,W,19,9776,44325,0.10817864607386618
Ac,Xe,0,9776,588,-1.0
Ac,Y,31,9776,98196,0.09154700976166505
Ac,Yb,0,9776,3286,-1.0
Ac,Zn,20,9776,76233,0.0771521432974924
Ac,Zr,4,9776,106659,-0.0427866106219061
Ag,Ac,19,19086,9776,0.16186039433938312
Ag,Ag,19086,19086,19086,
Ag,Al,376,19086,82361,0.2670568405423029
Ag,Am,0,19086,380,-1.0
Ag,Ar,8,19086,4079,0.15395465202983688
Ag,As,115,19086,33552,0.22366093209563534
Ag,At,1,19086,1164,0.09249762570206815
Ag,Au,544,19086,18070,0.4278837812953359
Ag,B,678,19086,1315877,0.10006744011224669
Ag,Ba,83,19086,15764,0.2487171736502392
Ag,Be,20,19086,3233,0.23639733274857413
Ag,Bh,0,19086,74,-1.0
Ag,Bi,230,19086,15692,0.34546575746943653
Ag,Bk,0,19086,169,-1.0
Ag,Br,1033,19086,8607410,-0.020861743076851222
Ag,C,13949,19086,124377664,-0.0342788518377388
Ag,Ca,164,19086,47081,0.23071717164572642
Ag,Cd,133,19086,7961,0.3412217564718818
Ag,Ce,65,19086,8261,0.2722846212653661
Ag,Cf,1,19086,237,0.17787916945921298
Ag,Cl,2159,19086,21906474,-0.04023208300215477
Ag,Cm,0,19086,692,-1.0
Ag,Cn,0,19086,7,-1.0
Ag,Co,159,19086,45781,0.22997257583312652
Ag,Cr,161,19086,27069,0.26986119011513354
Ag,Cs,55,19086,12307,0.23051912160454083
Ag,Cu,850,19086,67388,0.3708051091015396
Ag,Db,0,19086,105,-1.0
Ag,Ds,0,19086,11,-1.0
Ag,Dy,13,19086,2319,0.22393468056908894
Ag,Er,8,19086,2201,0.1912070310753205
Ag,Es,0,19086,359,-1.0
Ag,Eu,3,19086,5611,0.0712550664710491
Ag,F,2525,19086,25344252,-0.03981326405619968
Ag,Fe,273,19086,81651,0.236595091396211
Ag,Fl,0,19086,8,-1.0
Ag,Fm,0,19086,2120,-1.0
Ag,Fr,0,19086,105,-1.0
Ag,Ga,136,19086,11650,0.3156653967222971
Ag,Gd,17,19086,7718,0.16863867687717085
Ag,Ge,125,19086,47164,0.20639335234863115
Ag,H,15702,19086,124461855,-0.021622008803307818
Ag,He,1,19086,415,0.1478253948175126
Ag,Hf,21,19086,22172,0.11680933349088339
Ag,Hg,114,19086,15140,0.28012312078761914
Ag,Ho,1,19086,1848,0.06769996444461356
Ag,Hs,0,19086,69,-1.0
Ag,I,992,19086,2542800,0.0796171128628584
Ag,In,313,19086,14006,0.38643224096858847
Ag,Ir,106,19086,169603,0.1005964533850408
Ag,K,326,19086,156190,0.20320255167677914
Ag,Kr,0,19086,166,-1.0
Ag,La,79,19086,8114,0.29093262572860973
Ag,Li,249,19086,117297,0.2003196723238141
Ag,Lr,0,19086,861,-1.0
Ag,Lu,2,19086,2717,0.08746043907030947
Ag,Lv,0,19086,5,-1.0
Ag,Mc,0,19086,5,-1.0
Ag,Md,0,19086,96,-1.0
Ag,Mg,212,19086,63053,0.2325120752454677
Ag,Mn,148,19086,30915,0.25228741796346926
Ag,Mo,129,19086,20126,0.27094862376482404
Ag,Mt,0,19086,79,-1.0
Ag,N,8559,19086,110925773,-0.07154446251893576
Ag,Na,522,19086,410484,0.17091343214181384
Ag,Nb,56,19086,6672,0.2739274544651588
Ag,Nd,24,19086,5576,0.2157254027223382
Ag,Ne,2,19086,225,0.22626523365972176
Ag,Nh,0,19086,8,-1.0
Ag,Ni,365,19086,50498,0.30249911502547244
Ag,No,1,19086,366,0.15456582367648605
Ag,Np,0,19086,482,-1.0
Ag,O,12591,19086,109353141,-0.031036863958744845
Ag,Og,0,19086,1,-1.0
Ag,Os,35,19086,8718,0.21650550590041606
Ag,P,2335,19086,2503338,0.16596169995526824
Ag,Pa,1,19086,263,0.17229489293471972
Ag,Pb,259,19086,18301,0.3459218748916953
Ag,Pd,222,19086,48856,0.2560737683892865
Ag,Pm,0,19086,410,-1.0
Ag,Po,6,19086,1385,0.19836023750908618
Ag,Pr,8,19086,3784,0.15848757844757586
Ag,Pt,224,19086,143559,0.1754469103097174
Ag,Pu,1,19086,577,0.13014544190935226
Ag,Ra,1,19086,277,0.16951259728327073
Ag,Rb,28,19086,11197,0.1824252737361324
Ag,Re,35,19086,10228,0.2059163613939403
Ag,Rf,0,19086,5242,-1.0
Ag,Rg,0,19086,9,-1.0
Ag,Rh,54,19086,14946,0.2157183339570743
Ag,Rn,0,19086,138,-1.0
Ag,Ru,84,19086,39255,0.1855635487050809
Ag,S,4286,19086,36318993,-0.0253876396460705
Ag,Sb,234,19086,19105,0.3322994319353062
Ag,Sc,16,19086,3525,0.21356110254775987
Ag,Se,289,19086,120337,0.21213005898358947
Ag,Sg,0,19086,137,-1.0
Ag,Si,558,19086,1825174,0.05610474091308696
Ag,Sm,11,19086,3363,0.18846256879768167
Ag,Sn,430,19086,109311,0.25806795361467416
Ag,Sr,45,19086,8295,0.24046838967762396
Ag,Ta,44,19086,5739,0.26338729158823726
Ag,Tb,5,19086,3117,0.13790271802975845
Ag,Tc,9,19086,3663,0.1687622352520156
Ag,Te,129,19086,20569,0.2693686935808178
Ag,Th,4,19086,1733,0.1572081966867721
Ag,Ti,255,19086,77983,0.23366494520158002
Ag,Tl,33,19086,6312,0.23310330405062818
Ag,Tm,2,19086,1275,0.1296160018851457
Ag,Ts,0,19086,3,-1.0
Ag,U,14,19086,21879,0.08934160074611355
Ag,V,166,19086,39871,0.24410650828437955
Ag,W,122,19086,44325,0.20876212093326416
Ag,Xe,1,19086,588,0.12913234419626493
Ag,Y,56,19086,98196,0.08993755023030049
Ag,Yb,10,19086,3286,0.18294717798553584
Ag,Zn,563,19086,76233,0.3148998770585739
Ag,Zr,124,19086,106659,0.14664799242686477
Al,Ac,5,82361,9776,-0.015065504183470704
Al,Ag,376,82361,19086,0.2670568405423029
Al,Al,82361,82361,82361,
Al,Am,5,82361,380,0.17561597606991314
Al,Ar,34,82361,4079,0.16768494056480007
Al,As,174,82361,33552,0.15279254398249703
Al,At,0,82361,1164,-1.0
Al,Au,270,82361,18070,0.2390778065674576
Al,B,3216,82361,1315877,0.12376621601897773
Al,Ba,669,82361,15764,0.3429791307484088
Al,Be,243,82361,3233,0.36003587199397363
Al,Bh,0,82361,74,-1.0
Al,Bi,266,82361,15692,0.2484679949292365
Al,Bk,17,82361,169,0.3178894626582938
Al,Br,3474,82361,8607410,-0.04704721786294805
Al,C,63520,82361,124377664,-0.03403811451549042
Al,Ca,2127,82361,47081,0.3848135953268602
Al,Cd,110,82361,7961,0.21806490065194667
Al,Ce,331,82361,8261,0.31970327280426825
Al,Cf,1,82361,237,0.09943951652633153
Al,Cl,13107,82361,21906474,-0.01088748141856099
Al,Cm,0,82361,692,-1.0
Al,Cn,0,82361,7,-1.0
Al,Co,952,82361,45781,0.29270206228722023
Al,Cr,988,82361,27069,0.3415287445429453
Al,Cs,163,82361,12307,0.22126969081927436
Al,Cu,1440,82361,67388,0.3057530541206066
Al,Db,0,82361,105,-1.0
Al,Ds,0,82361,11,-1.0
Al,Dy,68,82361,2319,0.26296896474325093
Al,Er,85,82361,2201,0.28649695581159224
Al,Es,0,82361,359,-1.0
Al,Eu,77,82361,5611,0.2121455344099523
Al,F,8223,82361,25344252,-0.07393704877130218
Al,Fe,1795,82361,81651,0.3143423150335031
Al,Fl,0,82361,8,-1.0
Al,Fm,1,82361,2120,-0.01810600763760641
Al,Fr,0,82361,105,-1.0
Al,Ga,691,82361,11650,0.37155825460877867
Al,Gd,151,82361,7718,0.2486656438857702
Al,Ge,252,82361,47164,0.1593846453351549
Al,H,76273,82361,124461855,-0.010241297748122406
Al,He,8,82361,415,0.20365981049789925
Al,Hf,193,82361,22172,0.1926895420855183
Al,Hg,67,82361,15140,0.13170433944444504
Al,Ho,35,82361,1848,0.22241388149104296
Al,Hs,0,82361,69,-1.0
Al,I,2256,82361,2542800,0.026946880029338295
Al,In,500,82361,14006,0.3210250153650026
Al,Ir,433,82361,169603,0.10749481101732632
Al,K,1545,82361,156190,0.23948268532724115
Al,Kr,3,82361,166,0.18859338620330382
Al,La,436,82361,8114,0.35007561603014803
Al,Li,6181,82361,117297,0.44176219532864
Al,Lr,4,82361,861,0.11300791808016658
Al,Lu,80,82361,2717,0.2662557109595644
Al,Lv,0,82361,5,-1.0
Al,Mc,0,82361,5,-1.0
Al,Md,0,82361,96,-1.0
Al,Mg,3054,82361,63053,0.40448479821365285
Al,Mn,1125,82361,30915,0.34508903039391065
Al,Mo,602,82361,20126,0.3114435913132527
Al,Mt,0,82361,79,-1.0
Al,N,27850,82361,110925773,-0.11517061655627252
Al,Na,3279,82361,410484,0.23630258349170277
Al,Nb,338,82361,6672,0.33852475431898493
Al,Nd,164,82361,5576,0.2802893918780247
Al,Ne,2,82361,225,0.14479615768387513
Al,Nh,0,82361,8,-1.0
Al,Ni,1497,82361,50498,0.33569507288413064
Al,No,0,82361,366,-1.0
Al,Np,3,82361,482,0.12782715991678867
Al,O,56763,82361,109353141,-0.03142587363245733
Al,Og,0,82361,1,-1.0
Al,Os,35,82361,8718,0.11957882291445185
Al,P,6995,82361,2503338,0.14727651833702077
Al,Pa,0,82361,263,-1.0
Al,Pb,313,82361,18301,0.2522936811185672
Al,Pd,303,82361,48856,0.17318795252046543
Al,Pm,6,82361,410,0.1838275071593642
Al,Po,5,82361,1385,0.09967933450688485
Al,Pr,64,82361,3784,0.22387033920114963
Al,Pt,237,82361,143559,0.06948008190942583
Al,Pu,14,82361,577,0.22515928300102153
Al,Ra,6,82361,277,0.2071015841676032
Al,Rb,73,82361,11197,0.15949214446374368
Al,Re,90,82361,10228,0.18305931039900086
Al,Rf,4,82361,5242,0.008316896158731848
Al,Rg,0,82361,9,-1.0
Al,Rh,98,82361,14946,0.1632402637080166
Al,Rn,0,82361,138,-1.0
Al,Ru,126,82361,39255,0.11446571947730787
Al,S,9315,82361,36318993,-0.09965153624466347
Al,Sb,237,82361,19105,0.22258694616866087
Al,Sc,216,82361,3525,0.34144149909889127
Al,Se,209,82361,120337,0.07263754908543618
Al,Sg,1,82361,137,0.1288420670981806
Al,Si,6779,82361,1825174,0.17578916810510534
Al,Sm,76,82361,3363,0.24681060794182383
Al,Sn,659,82361,109311,0.18193182030011923
Al,Sr,486,82361,8295,0.36007301613913584
Al,Ta,249,82361,5739,0.31883356099891086
Al,Tb,76,82361,3117,0.25211902829590516
Al,Tc,6,82361,3663,0.0538548065191524
Al,Te,100,82361,20569,0.14216202133976377
Al,Th,27,82361,1733,0.2059273950557338
Al,Ti,2039,82361,77983,0.3337139892505307
Al,Tl,32,82361,6312,0.13424850140564584
Al,Tm,32,82361,1275,0.2396539569637231
Al,Ts,0,82361,3,-1.0
Al,U,109,82361,21879,0.14479204643813465
Al,V,524,82361,39871,0.24151732042028237
Al,W,274,82361,44325,0.17159900390593133
Al,Xe,1,82361,588,0.0506926912633835
Al,Y,588,82361,98196,0.17968907088869135
Al,Yb,69,82361,3286,0.24005577874202436
Al,Zn,2019,82361,76233,0.334579777162214
Al,Zr,1485,82361,106659,0.26879651649719677
Am,Ac,4,380,9776,0.2839285207550717
Am,Ag,0,380,19086,-1.0
Am,Al,5,380,82361,0.17561597606991314
Am,Am,380,380,380,
Am,Ar,0,380,4079,-1.0
Am,As,0,380,33552,-1.0
Am,At,0,380,1164,-1.0
Am,Au,2,380,18070,0.20011274120877712
Am,B,18,380,1315877,0.09528280975288221
Am,Ba,0,380,15764,-1.0
Am,Be,6,380,3233,0.3804998298542739
Am,Bh,0,380,74,-1.0
Am,Bi,1,380,15692,0.1630562533232366
Am,Bk,0,380,169,-1.0
Am,Br,9,380,8607410,-0.06510536849312631
Am,C,236,380,124377664,-0.03602112354482482
Am,Ca,1,380,47081,0.10411381363659547
Am,Cd,0,380,7961,-1.0
Am,Ce,1,380,8261,0.19747615867105817
Am,Cf,0,380,237,-1.0
Am,Cl,21,380,21906474,-0.07421183373494207
Am,Cm,3,380,692,0.4138308581760126
Am,Cn,0,380,7,-1.0
Am,Co,0,380,45781,-1.0
Am,Cr,1,380,27069,0.13380611695371733
Am,Cs,1,380,12307,0.17609143969235125
Am,Cu,0,380,67388,-1.0
Am,Db,0,380,105,-1.0
Am,Ds,0,380,11,-1.0
Am,Dy,0,380,2319,-1.0
Am,Er,0,380,2201,-1.0
Am,Es,0,380,359,-1.0
Am,Eu,4,380,5611,0.31610620509625914
Am,F,22,380,25344252,-0.08081668478570425
Am,Fe,2,380,81651,0.1160781651319239
Am,Fl,0,380,8,-1.0
Am,Fm,2,380,2120,0.31950823607689005
Am,Fr,0,380,105,-1.0
Am,Ga,2,380,11650,0.22457017072543262
Am,Gd,0,380,7718,-1.0
Am,Ge,0,380,47164,-1.0
Am,H,265,380,124461855,-0.027518845915901587
Am,He,0,380,415,-1.0
Am,Hf,0,380,22172,-1.0
Am,Hg,0,380,15140,-1.0
Am,Ho,0,380,1848,-1.0
Am,Hs,0,380,69,-1.0
Am,I,10,380,2542800,0.015557062864528117
Am,In,0,380,14006,-1.0
Am,Ir,0,380,169603,-1.0
Am,K,1,380,156190,0.03978069130151259
Am,Kr,0,380,166,-1.0
Am,La,0,380,8114,-1.0
Am,Li,1,380,117297,0.055143129404340165
Am,Lr,0,380,861,-1.0
Am,Lu,1,380,2717,0.2571320340115379
Am,Lv,0,380,5,-1.0
Am,Mc,0,380,5,-1.0
Am,Md,0,380,96,-1.0
Am,Mg,0,380,63053,-1.0
Am,Mn,0,380,30915,-1.0
Am,Mo,2,380,20126,0.19410855721402237
Am,Mt,0,380,79,-1.0
Am,N,152,380,110925773,-0.058761102832607784
Am,Na,1,380,410484,-0.012056009638696462
Am,Nb,0,380,6672,-1.0
Am,Nd,0,380,5576,-1.0
Am,Ne,0,380,225,-1.0
Am,Nh,0,380,8,-1.0
Am,Ni,0,380,50498,-1.0
Am,No,0,380,366,-1.0
Am,Np,5,380,482,0.4774710917409238
Am,O,186,380,109353141,-0.04353290131745709
Am,Og,0,380,1,-1.0
Am,Os,0,380,8718,-1.0
Am,P,9,380,2503338,0.010001075074445634
Am,Pa,0,380,263,-1.0
Am,Pb,0,380,18301,-1.0
Am,Pd,4,380,48856,0.1906791561372331
Am,Pm,2,380,410,0.411054393333933
Am,Po,0,380,1385,-1.0
Am,Pr,0,380,3784,-1.0
Am,Pt,2,380,143559,0.0846367040578185
Am,Pu,7,380,577,0.4964730094513607
Am,Ra,0,380,277,-1.0
Am,Rb,1,380,11197,0.18116223464893608
Am,Re,0,380,10228,-1.0
Am,Rf,0,380,5242,-1.0
Am,Rg,0,380,9,-1.0
Am,Rh,0,380,14946,-1.0
Am,Rn,0,380,138,-1.0
Am,Ru,2,380,39255,0.15688495715981943
Am,S,20,380,36318993,-0.10941381444072486
Am,Sb,2,380,19105,0.19700939363826173
Am,Sc,0,380,3525,-1.0
Am,Se,1,380,120337,0.053770477657790784
Am,Sg,0,380,137,-1.0
Am,Si,5,380,1825174,-0.006305301297845426
Am,Sm,1,380,3363,0.24568895446599187
Am,Sn,1,380,109311,0.058925861860920074
Am,Sr,1,380,8295,0.1972558174365085
Am,Ta,0,380,5739,-1.0
Am,Tb,1,380,3117,0.24976407569895764
Am,Tc,0,380,3663,-1.0
Am,Te,0,380,20569,-1.0
Am,Th,1,380,1733,0.2812555029497841
Am,Ti,0,380,77983,-1.0
Am,Tl,0,380,6312,-1.0
Am,Tm,0,380,1275,-1.0
Am,Ts,0,380,3,-1.0
Am,U,10,380,21879,0.30662751177808795
Am,V,0,380,39871,-1.0
Am,W,1,380,44325,0.10734980857988685
Am,Xe,0,380,588,-1.0
Am,Y,59,380,98196,0.36278102496876585
Am,Yb,0,380,3286,-1.0
Am,Zn,2,380,76233,0.11990377112699396
Am,Zr,1,380,106659,0.06024343153376383
Ar,Ac,5,4079,9776,0.1613917430800772
Ar,Ag,8,4079,19086,0.15395465202983688
Ar,Al,34,4079,82361,0.16768494056480007
Ar,Am,0,4079,380,-1.0
Ar,Ar,4079,4079,4079,
Ar,As,4,4079,33552,0.07490150854812996
Ar,At,0,4079,1164,-1.0
Ar,Au,4,4079,18070,0.11076767344707963
Ar,B,299,4079,1315877,0.14971732267223126
Ar,Ba,3,4079,15764,0.10033416940473666
Ar,Be,2,4079,3233,0.16375127408727802
Ar,Bh,0,4079,74,-1.0
Ar,Bi,1,4079,15692,0.035729642979833186
Ar,Bk,0,4079,169,-1.0
Ar,Br,285,4079,8607410,0.0008685726616199022
Ar,C,3635,4079,124377664,-0.010873496539237948
Ar,Ca,13,4079,47081,0.1326390690422675
Ar,Cd,3,4079,7961,0.13927940516466703
Ar,Ce,2,4079,8261,0.11147986507314862
Ar,Cf,0,4079,237,-1.0
Ar,Cl,566,4079,21906474,-0.019246786415786383
Ar,Cm,0,4079,692,-1.0
Ar,Cn,0,4079,7,-1.0
Ar,Co,12,4079,45781,0.1287605977482111
Ar,Cr,3,4079,27069,0.06951312591104057
Ar,Cs,8,4079,12307,0.1804496977174054
Ar,Cu,25,4079,67388,0.15741365857529366
Ar,Db,0,4079,105,-1.0
Ar,Ds,0,4079,11,-1.0
Ar,Dy,0,4079,2319,-1.0
Ar,Er,1,4079,2201,0.1411042705134301
Ar,Es,0,4079,359,-1.0
Ar,Eu,2,4079,5611,0.13303268016863767
Ar,F,569,4079,25344252,-0.03067958387456278
Ar,Fe,36,4079,81651,0.172692638355167
Ar,Fl,0,4079,8,-1.0
Ar,Fm,0,4079,2120,-1.0
Ar,Fr,0,4079,105,-1.0
Ar,Ga,3,4079,11650,0.11757416744483597
Ar,Gd,0,4079,7718,-1.0
Ar,Ge,5,4079,47164,0.06899014026041865
Ar,H,3779,4079,124461855,-0.007244730759813563
Ar,He,29,4079,415,0.5019199992470882
Ar,Hf,1,4079,22172,0.01718515165419031
Ar,Hg,7,4079,15140,0.1585984024634324
Ar,Ho,0,4079,1848,-1.0
Ar,Hs,0,4079,69,-1.0
Ar,I,181,4079,2542800,0.05777744789443172
Ar,In,3,4079,14006,0.10707476821348376
Ar,Ir,13,4079,169603,0.05291624747514164
Ar,K,49,4079,156190,0.1532281319707036
Ar,Kr,20,4079,166,0.5248178297080256
Ar,La,4,4079,8114,0.15717146760222367
Ar,Li,67,4079,117297,0.19805941154139364
Ar,Lr,0,4079,861,-1.0
Ar,Lu,0,4079,2717,-1.0
Ar,Lv,0,4079,5,-1.0
Ar,Mc,0,4079,5,-1.0
Ar,Md,0,4079,96,-1.0
Ar,Mg,26,4079,63053,0.1646872726786441
Ar,Mn,4,4079,30915,0.07964555855732539
Ar,Mo,16,4079,20126,0.20101827723660928
Ar,Mt,0,4079,79,-1.0
Ar,N,2146,4079,110925773,-0.04796031984293491
Ar,Na,101,4079,410484,0.1438071202097323
Ar,Nb,4,4079,6672,0.16851194476863673
Ar,Nd,2,4079,5576,0.13338132611410622
Ar,Ne,23,4079,225,0.5189486981792567
Ar,Nh,0,4079,8,-1.0
Ar,Ni,9,4079,50498,0.1030486941644598
Ar,No,2,4079,366,0.28513566186098455
Ar,Np,0,4079,482,-1.0
Ar,O,2551,4079,109353141,-0.031392852574434166
Ar,Og,0,4079,1,-1.0
Ar,Os,1,4079,8718,0.06726099314905995
Ar,P,553,4079,2503338,0.1548982707725449
Ar,Pa,1,4079,263,0.2550770332627674
Ar,Pb,4,4079,18301,0.11003147182163465
Ar,Pd,37,4079,48856,0.2090014487692237
Ar,Pm,0,4079,410,-1.0
Ar,Po,0,4079,1385,-1.0
Ar,Pr,3,4079,3784,0.18167915030015758
Ar,Pt,24,4079,143559,0.10544740767264214
Ar,Pu,0,4079,577,-1.0
Ar,Ra,0,4079,277,-1.0
Ar,Rb,4,4079,11197,0.13850620357386867
Ar,Re,3,4079,10228,0.12499508357199664
Ar,Rf,6,4079,5242,0.21094870607295024
Ar,Rg,0,4079,9,-1.0
Ar,Rh,5,4079,14946,0.13646596467454156
Ar,Rn,2,4079,138,0.33948227568237543
Ar,Ru,71,4079,39255,0.27902438747068814
Ar,S,759,4079,36318993,-0.03738373167752624
Ar,Sb,0,4079,19105,-1.0
Ar,Sc,0,4079,3525,-1.0
Ar,Se,3,4079,120337,-0.015534971149535715
Ar,Sg,0,4079,137,-1.0
Ar,Si,133,4079,1825174,0.05818752304005417
Ar,Sm,2,4079,3363,0.1615546904549792
Ar,Sn,21,4079,109311,0.11345824719815398
Ar,Sr,1,4079,8295,0.0699292070931051
Ar,Ta,2,4079,5739,0.13177589422009905
Ar,Tb,0,4079,3117,-1.0
Ar,Tc,1,4079,3663,0.11377829865195332
Ar,Te,0,4079,20569,-1.0
Ar,Th,1,4079,1733,0.1539288926063807
Ar,Ti,6,4079,77983,0.05071225097107042
Ar,Tl,1,4079,6312,0.08458545858314342
Ar,Tm,0,4079,1275,-1.0
Ar,Ts,0,4079,3,-1.0
Ar,U,36,4079,21879,0.26015531757221655
Ar,V,40,4079,39871,0.22889781463022701
Ar,W,113,4079,44325,0.31301402501982056
Ar,Xe,22,4079,588,0.45282778656150263
Ar,Y,174,4079,98196,0.29605511459655115
Ar,Yb,0,4079,3286,-1.0
Ar,Zn,12,4079,76233,0.0971972730152156
Ar,Zr,8,4079,106659,0.05005559754829376
As,Ac,0,33552,9776,-1.0
As,Ag,115,33552,19086,0.22366093209563534
As,Al,174,33552,82361,0.15279254398249703
As,Am,0,33552,380,-1.0
As,Ar,4,33552,4079,0.07490150854812996
As,As,33552,33552,33552,
As,At,6,33552,1164,0.17519513292362807
As,Au,113,33552,18070,0.22604958617557722
As,B,354,33552,1315877,-0.00008109821463531366
As,Ba,55,33552,15764,0.17504922756026048
As,Be,15,33552,3233,0.17866428833253303
As,Bh,0,33552,74,-1.0
As,Bi,184,33552,15692,0.28108326621268637
As,Bk,0,33552,169,-1.0
As,Br,1309,33552,8607410,-0.04984806184622161
As,C,30191,33552,124377664,-0.012474453461637617
As,Ca,187,33552,47081,0.2006920666251737
As,Cd,130,33552,7961,0.29804009703775924
As,Ce,15,33552,8261,0.11978237039802503
As,Cf,0,33552,237,-1.0
As,Cl,4409,33552,21906474,-0.02841297773806765
As,Cm,0,33552,692,-1.0
As,Cn,0,33552,7,-1.0
As,Co,96,33552,45781,0.14580691153122344
As,Cr,162,33552,27069,0.22881632569226476
As,Cs,29,33552,12307,0.1420166268148959
As,Cu,346,33552,67388,0.23041082542193345
As,Db,0,33552,105,-1.0
As,Ds,0,33552,11,-1.0
As,Dy,3,33552,2319,0.08946581493547105
As,Er,4,33552,2201,0.11065736363856922
As,Es,1,33552,359,0.1253375582524458
As,Eu,5,33552,5611,0.07026177423128373
As,F,4360,33552,25344252,-0.043678415593869827
As,Fe,342,33552,81651,0.2143012796102651
As,Fl,0,33552,8,-1.0
As,Fm,1,33552,2120,0.030069414597347868
As,Fr,0,33552,105,-1.0
As,Ga,256,33552,11650,0.33613423005229137
As,Gd,17,33552,7718,0.13295005900124754
As,Ge,196,33552,47164,0.2047840216524922
As,H,32160,33552,124461855,-0.005004788475922741
As,He,1,33552,415,0.11756116411958543
As,Hf,11,33552,22172,0.03761649154525598
As,Hg,116,33552,15140,0.24110245034769118
As,Ho,4,33552,1848,0.12078866137986358
As,Hs,0,33552,69,-1.0
As,I,946,33552,2542800,0.02741258028526856
As,In,147,33552,14006,0.2683403536691123
As,Ir,33,33552,169603,-0.02146238105908603
As,K,175,33552,156190,0.10579292986643825
As,Kr,0,33552,166,-1.0
As,La,26,33552,8114,0.1609908533208619
As,Li,212,33552,117297,0.14331607418615575
As,Lr,0,33552,861,-1.0
As,Lu,7,33552,2717,0.13527156849583477
As,Lv,0,33552,5,-1.0
As,Mc,0,33552,5,-1.0
As,Md,0,33552,96,-1.0
As,Mg,87,33552,63053,0.11526643494207782
As,Mn,107,33552,30915,0.18281553641967718
As,Mo,83,33552,20126,0.191872670201263
As,Mt,0,33552,79,-1.0
As,N,17582,33552,110925773,-0.05978631426576215
As,Na,845,33552,410484,0.1709009423053464
As,Nb,16,33552,6672,0.13779951698198165
As,Nd,5,33552,5576,0.0706291776932949
As,Ne,0,33552,225,-1.0
As,Nh,0,33552,8,-1.0
As,Ni,141,33552,50498,0.1708144108643601
As,No,0,33552,366,-1.0
As,Np,0,33552,482,-1.0
As,O,23743,33552,109353141,-0.02514377060839628
As,Og,0,33552,1,-1.0
As,Os,25,33552,8718,0.15338247656539739
As,P,1650,33552,2503338,0.07968981968227608
As,Pa,0,33552,263,-1.0
As,Pb,248,33552,18301,0.29849683228486473
As,Pd,106,33552,48856,0.14927909275020423
As,Pm,2,33552,410,0.16139795109445468
As,Po,4,33552,1385,0.137503616991503
As,Pr,3,33552,3784,0.06155293128147162
As,Pt,128,33552,143559,0.08682669815454575
As,Pu,1,33552,577,0.09988121121142514
As,Ra,1,33552,277,0.1392483665853436
As,Rb,30,33552,11197,0.15075968882323265
As,Re,28,33552,10228,0.15148626145369812
As,Rf,1,33552,5242,-0.01849609661521913
As,Rg,0,33552,9,-1.0
As,Rh,94,33552,14946,0.22350314470929816
As,Rn,0,33552,138,-1.0
As,Ru,42,33552,39255,0.09256723085771607
As,S,6722,33552,36318993,-0.03816160913181634
As,Sb,404,33552,19105,0.34522905372370977
As,Sc,6,33552,3525,0.10943259641037634
As,Se,315,33552,120337,0.17645945776805805
As,Sg,0,33552,137,-1.0
As,Si,650,33552,1825174,0.02297581862160693
As,Sm,11,33552,3363,0.15373043967223907
As,Sn,135,33552,109311,0.11088278968612174
As,Sr,41,33552,8295,0.1949388863372304
As,Ta,17,33552,5739,0.15169265988134514
As,Tb,4,33552,3117,0.09049077125643049
As,Tc,24,33552,3663,0.20641562771284916
As,Te,128,33552,20569,0.22773837250412943
As,Th,11,33552,1733,0.19454766601495244
As,Ti,76,33552,77983,0.08988025815990826
As,Tl,30,33552,6312,0.18837243748220828
As,Tm,3,33552,1275,0.12356640678311327
As,Ts,0,33552,3,-1.0
As,U,35,33552,21879,0.1181123596826672
As,V,51,33552,39871,0.10593061322069518
As,W,56,33552,44325,0.10576186549049858
As,Xe,0,33552,588,-1.0
As,Y,28,33552,98196,0.003734243985629921
As,Yb,9,33552,3286,0.14105917725125075
As,Zn,204,33552,76233,0.1723600335376489
As,Zr,156,33552,106659,0.12450779154641248
At,Ac,0,1164,9776,-1.0
At,Ag,1,1164,19086,0.09249762570206815
At,Al,0,1164,82361,-1.0
At,Am,0,1164,380,-1.0
At,Ar,0,1164,4079,-1.0
At,As,6,1164,33552,0.17519513292362807
At,At,1164,1164,1164,
At,Au,4,1164,18070,0.18344485930160107
At,B,12,1164,1315877,-0.0014974264917959428
At,Ba,0,1164,15764,-1.0
At,Be,0,1164,3233,-1.0
At,Bh,0,1164,74,-1.0
At,Bi,5,1164,15692,0.20723547064996836
At,Bk,0,1164,169,-1.0
At,Br,42,1164,8607410,-0.04358551594325598
At,C,1078,1164,124377664,-0.006438251407003777
At,Ca,3,1164,47081,0.10944656080382047
At,Cd,0,1164,7961,-1.0
At,Ce,1,1164,8261,0.13742173998313004
At,Cf,0,1164,237,-1.0
At,Cl,68,1164,21906474,-0.07640716442045024
At,Cm,0,1164,692,-1.0
At,Cn,0,1164,7,-1.0
At,Co,0,1164,45781,-1.0
At,Cr,0,1164,27069,-1.0
At,Cs,0,1164,12307,-1.0
At,Cu,2,1164,67388,0.06440159915323458
At,Db,0,1164,105,-1.0
At,Ds,0,1164,11,-1.0
At,Dy,0,1164,2319,-1.0
At,Er,0,1164,2201,-1.0
At,Es,0,1164,359,-1.0
At,Eu,0,1164,5611,-1.0
At,F,298,1164,25344252,0.01776547706668865
At,Fe,0,1164,81651,-1.0
At,Fl,0,1164,8,-1.0
At,Fm,0,1164,2120,-1.0
At,Fr,0,1164,105,-1.0
At,Ga,0,1164,11650,-1.0
At,Gd,0,1164,7718,-1.0
At,Ge,1,1164,47164,0.043964903707315636
At,H,1094,1164,124461855,-0.005239094688422528
At,He,0,1164,415,-1.0
At,Hf,0,1164,22172,-1.0
At,Hg,1,1164,15140,0.10492295890074102
At,Ho,0,1164,1848,-1.0
At,Hs,0,1164,69,-1.0
At,I,82,1164,2542800,0.08703628417802951
At,In,0,1164,14006,-1.0
At,Ir,0,1164,169603,-1.0
At,K,4,1164,156190,0.05844252504741704
At,Kr,0,1164,166,-1.0
At,La,0,1164,8114,-1.0
At,Li,1,1164,117297,-0.004911289283587972
At,Lr,0,1164,861,-1.0
At,Lu,0,1164,2717,-1.0
At,Lv,0,1164,5,-1.0
At,Mc,0,1164,5,-1.0
At,Md,0,1164,96,-1.0
At,Mg,0,1164,63053,-1.0
At,Mn,0,1164,30915,-1.0
At,Mo,1,1164,20126,0.08965127847526264
At,Mt,0,1164,79,-1.0
At,N,838,1164,110925773,-0.017837696648911282
At,Na,11,1164,410484,0.06487360406351335
At,Nb,0,1164,6672,-1.0
At,Nd,0,1164,5576,-1.0
At,Ne,0,1164,225,-1.0
At,Nh,0,1164,8,-1.0
At,Ni,0,1164,50498,-1.0
At,No,0,1164,366,-1.0
At,Np,0,1164,482,-1.0
At,O,845,1164,109353141,-0.015951420877422164
At,Og,0,1164,1,-1.0
At,Os,0,1164,8718,-1.0
At,P,31,1164,2503338,0.01852932395421111
At,Pa,0,1164,263,-1.0
At,Pb,0,1164,18301,-1.0
At,Pd,0,1164,48856,-1.0
At,Pm,0,1164,410,-1.0
At,Po,1,1164,1385,0.23322616265682888
At,Pr,0,1164,3784,-1.0
At,Pt,3,1164,143559,0.045891571933892907
At,Pu,0,1164,577,-1.0
At,Ra,0,1164,277,-1.0
At,Rb,0,1164,11197,-1.0
At,Re,3,1164,10228,0.19648038606627863
At,Rf,0,1164,5242,-1.0
At,Rg,0,1164,9,-1.0
At,Rh,0,1164,14946,-1.0
At,Rn,0,1164,138,-1.0
At,Ru,0,1164,39255,-1.0
At,S,155,1164,36318993,-0.05762334641347188
At,Sb,0,1164,19105,-1.0
At,Sc,0,1164,3525,-1.0
At,Se,2,1164,120337,0.03209443284899961
At,Sg,0,1164,137,-1.0
At,Si,9,1164,1825174,-0.03886358383586033
At,Sm,0,1164,3363,-1.0
At,Sn,11,1164,109311,0.1463345059148567
At,Sr,0,1164,8295,-1.0
At,Ta,0,1164,5739,-1.0
At,Tb,0,1164,3117,-1.0
At,Tc,0,1164,3663,-1.0
At,Te,0,1164,20569,-1.0
At,Th,0,1164,1733,-1.0
At,Ti,3,1164,77983,0.08067996569440684
At,Tl,0,1164,6312,-1.0
At,Tm,0,1164,1275,-1.0
At,Ts,0,1164,3,-1.0
At,U,3,1164,21879,0.15313289714816808
At,V,0,1164,39871,-1.0
At,W,0,1164,44325,-1.0
At,Xe,0,1164,588,-1.0
At,Y,3,1164,98196,0.06754145991603491
At,Yb,0,1164,3286,-1.0
At,Zn,0,1164,76233,-1.0
At,Zr,0,1164,106659,-1.0
Au,Ac,32,18070,9776,0.20537835512730682
Au,Ag,544,18070,19086,0.4278837812953359
Au,Al,270,18070,82361,0.2390778065674576
Au,Am,2,18070,380,0.20011274120877712
Au,Ar,4,18070,4079,0.11076767344707963
Au,As,113,18070,33552,0.22604958617557722
Au,At,4,18070,1164,0.18344485930160107
Au,Au,18070,18070,18070,
Au,B,468,18070,1315877,0.07180390483729567
Au,Ba,22,18070,15764,0.1456049609014419
Au,Be,20,18070,3233,0.23989382837149634
Au,Bh,0,18070,74,-1.0
Au,Bi,94,18070,15692,0.2639462468555208
Au,Bk,0,18070,169,-1.0
Au,Br,470,18070,8607410,-0.07822648050367015
Au,C,14861,18070,124377664,-0.021453631303352528
Au,Ca,77,18070,47081,0.16945872782253454
Au,Cd,74,18070,7961,0.29018861994799194
Au,Ce,33,18070,8261,0.21894649448952108
Au,Cf,1,18070,237,0.18081374098044076
Au,Cl,3111,18070,21906474,-0.0019880117134101743
Au,Cm,1,18070,692,0.12333009432962447
Au,Cn,0,18070,7,-1.0
Au,Co,131,18070,45781,0.21663819915180862
Au,Cr,138,18070,27069,0.25957568620811344
Au,Cs,48,18070,12307,0.22288091115726563
Au,Cu,478,18070,67388,0.3119186417352564
Au,Db,0,18070,105,-1.0
Au,Ds,0,18070,11,-1.0
Au,Dy,11,18070,2319,0.21471442259541199
Au,Er,3,18070,2201,0.12772089742681128
Au,Es,0,18070,359,-1.0
Au,Eu,6,18070,5611,0.11857242183632079
Au,F,1678,18070,25344252,-0.06992133121304808
Au,Fe,316,18070,81651,0.25487860581500404
Au,Fl,0,18070,8,-1.0
Au,Fm,1,18070,2120,0.0632682168165028
Au,Fr,0,18070,105,-1.0
Au,Ga,63,18070,11650,0.24960326282636952
Au,Gd,15,18070,7718,0.16289139233102076
Au,Ge,126,18070,47164,0.21105240438123424
Au,H,15942,18070,124461855,-0.01386381747321074
Au,He,1,18070,415,0.1507599663387404
Au,Hf,22,18070,22172,0.12366846269979957
Au,Hg,39,18070,15140,0.19209429580111287
Au,Ho,3,18070,1848,0.13768604501997453
Au,Hs,0,18070,69,-1.0
Au,I,266,18070,2542800,-0.025025236478748082
Au,In,135,18070,14006,0.3055318119723069
Au,Ir,88,18070,169603,0.08999704282952546
Au,K,362,18070,156190,0.21737897391698696
Au,Kr,1,18070,166,0.19991578876370739
Au,La,31,18070,8114,0.21511562521637514
Au,Li,111,18070,117297,0.13463426990810903
Au,Lr,0,18070,861,-1.0
Au,Lu,5,18070,2717,0.1491788365839175
Au,Lv,0,18070,5,-1.0
Au,Mc,0,18070,5,-1.0
Au,Md,0,18070,96,-1.0
Au,Mg,96,18070,63053,0.16702977043478304
Au,Mn,103,18070,30915,0.2237827152762547
Au,Mo,134,18070,20126,0.27844590553507864
Au,Mt,0,18070,79,-1.0
Au,N,8704,18070,110925773,-0.06419788044560676
Au,Na,521,18070,410484,0.17514900872732897
Au,Nb,41,18070,6672,0.25098355810969725
Au,Nd,14,18070,5576,0.1781932543436366
Au,Ne,4,18070,225,0.2786978146454488
Au,Nh,0,18070,8,-1.0
Au,Ni,351,18070,50498,0.3027933121704729
Au,No,0,18070,366,-1.0
Au,Np,0,18070,482,-1.0
Au,O,7847,18070,109353141,-0.07274966638700464
Au,Og,0,18070,1,-1.0
Au,Os,32,18070,8718,0.21292643287753865
Au,P,6036,18070,2503338,0.28292658553351885
Au,Pa,0,18070,263,-1.0
Au,Pb,126,18070,18301,0.27963092976677206
Au,Pd,240,18070,48856,0.2676716903220827
Au,Pm,0,18070,410,-1.0
Au,Po,4,18070,1385,0.17336978189045274
Au,Pr,9,18070,3784,0.17011249940672737
Au,Pt,278,18070,143559,0.19915945046581338
Au,Pu,2,18070,577,0.17684077184631497
Au,Ra,1,18070,277,0.17244716880449854
Au,Rb,26,18070,11197,0.1802848350695319
Au,Re,57,18070,10228,0.24995349489350668
Au,Rf,0,18070,5242,-1.0
Au,Rg,0,18070,9,-1.0
Au,Rh,60,18070,14946,0.22828455969160918
Au,Rn,0,18070,138,-1.0
Au,Ru,98,18070,39255,0.20245773936689224
Au,S,4314,18070,36318993,-0.019443833330625694
Au,Sb,160,18070,19105,0.2989963658513259
Au,Sc,11,18070,3525,0.18893385763610485
Au,Se,294,18070,120337,0.2179565630045525
Au,Sg,0,18070,137,-1.0
Au,Si,798,18070,1825174,0.09227364135917965
Au,Sm,9,18070,3363,0.17728552171672884
Au,Sn,152,18070,109311,0.16600650285006305
Au,Sr,17,18070,8295,0.16753819409615855
Au,Ta,40,18070,5739,0.2589923467636725
Au,Tb,5,18070,3117,0.14111460646034915
Au,Tc,6,18070,3663,0.1438826600715548
Au,Te,91,18070,20569,0.24189120757736318
Au,Th,9,18070,1733,0.21760462317070015
Au,Ti,218,18070,77983,0.22320195436749593
Au,Tl,21,18070,6312,0.20087439724921458
Au,Tm,5,18070,1275,0.1936024127720351
Au,Ts,0,18070,3,-1.0
Au,U,17,18070,21879,0.10618216613779918
Au,V,56,18070,39871,0.15535023266506048
Au,W,112,18070,44325,0.20526593741714652
Au,Xe,2,18070,588,0.1757885472191982
Au,Y,47,18070,98196,0.08072483979841577
Au,Yb,5,18070,3286,0.1380143936763999
Au,Zn,223,18070,76233,0.22701312582724126
Au,Zr,63,18070,106659,0.09686339860476927
B,Ac,263,1315877,9776,0.0715457874293378
B,Ag,678,1315877,19086,0.10006744011224669
B,Al,3216,1315877,82361,0.12376621601897773
B,Am,18,1315877,380,0.09528280975288221
B,Ar,299,1315877,4079,0.14971732267223126
B,As,354,1315877,33552,-0.00008109821463531366
B,At,12,1315877,1164,-0.0014974264917959428
B,Au,468,1315877,18070,0.07180390483729567
B,B,1315877,1315877,1315877,
B,Ba,552,1315877,15764,0.09723245582131716
B,Be,184,1315877,3233,0.12545356905848445
B,Bh,6,1315877,74,0.12097102993184826
B,Bi,560,1315877,15692,0.09888650345653906
B,Bk,1,1315877,169,-0.031081707707233674
B,Br,108965,1315877,8607410,0.025727564837121995
B,C,1300301,1315877,124377664,-0.0022373450187337224
B,Ca,1090,1315877,47081,0.06738681546790544
B,Cd,171,1315877,7961,0.052587572166585904
B,Ce,244,1315877,8261,0.07824377022338055
B,Cf,1,1315877,237,-0.04922289634924263
B,Cl,145978,1315877,21906474,-0.06823832956810053
B,Cm,15,1315877,692,0.04512688753215414
B,Cn,0,1315877,7,-1.0
B,Co,1202,1315877,45781,0.07885126676409568
B,Cr,590,1315877,27069,0.059092410632583754
B,Cs,1362,1315877,12307,0.2056496326953716
B,Cu,2605,1315877,67388,0.1204123691879671
B,Db,1,1315877,105,-0.005549263767969133
B,Ds,0,1315877,11,-1.0
B,Dy,64,1315877,2319,0.06632606538189423
B,Er,52,1315877,2201,0.05480835288636741
B,Es,11,1315877,359,0.06557383199274763
B,Eu,182,1315877,5611,0.08350681847847694
B,F,307853,1315877,25344252,0.02329346247146152
B,Fe,3074,1315877,81651,0.11979914041813118
B,Fl,0,1315877,8,-1.0
B,Fm,55,1315877,2120,0.06141383581367826
B,Fr,3,1315877,105,0.05673101984365429
B,Ga,227,1315877,11650,0.046339815136573766
B,Gd,216,1315877,7718,0.07346161143349872
B,Ge,873,1315877,47164,0.04727336179296806
B,H,1307425,1315877,124461855,-0.0011895233758530532
B,He,14,1315877,415,0.07257442664536547
B,Hf,136,1315877,22172,-0.03958452305999607
B,Hg,147,1315877,15140,-0.006164337395162796
B,Ho,61,1315877,1848,0.07842811135318208
B,Hs,3,1315877,69,0.08066533419744998
B,I,36395,1315877,2542800,0.037345351228953536
B,In,188,1315877,14006,0.01788409142010293
B,Ir,5056,1315877,169603,0.10261210665496764
B,K,22315,1315877,156190,0.30190662013431346
B,Kr,3,1315877,166,0.030620570208757355
B,La,291,1315877,8114,0.09427595918189659
B,Li,10622,1315877,117297,0.2293246058029082
B,Lr,11,1315877,861,0.011717301505642073
B,Lu,157,1315877,2717,0.12510640289761132
B,Lv,0,1315877,5,-1.0
B,Mc,0,1315877,5,-1.0
B,Md,2,1315877,96,0.037850532110081166
B,Mg,2769,1315877,63053,0.13300270161061836
B,Mn,937,1315877,30915,0.08935574174257364
B,Mo,708,1315877,20126,0.09961802934275694
B,Mt,0,1315877,79,-1.0
B,N,1003826,1315877,110925773,-0.03205080265038621
B,Na,21848,1315877,410484,0.18699890879662182
B,Nb,205,1315877,6672,0.08018414130155986
B,Nd,283,1315877,5576,0.12079481766625431
B,Ne,2,1315877,225,-0.009607756107994908
B,Nh,0,1315877,8,-1.0
B,Ni,1386,1315877,50498,0.08372588903427106
B,No,16,1315877,366,0.08951849566774116
B,Np,3,1315877,482,-0.030145656077757772
B,O,1024493,1315877,109353141,-0.02496768967243677
B,Og,0,1315877,1,-1.0
B,Os,263,1315877,8718,0.08031049715888092
B,P,62166,1315877,2503338,0.11244909219245577
B,Pa,18,1315877,263,0.11864874321990108
B,Pb,480,1315877,18301,0.07296163483517831
B,Pd,6479,1315877,48856,0.25650383474054483
B,Pm,11,1315877,410,0.05739567933439489
B,Po,27,1315877,1385,0.039942176509199984
B,Pr,106,1315877,3784,0.06978713053547851
B,Pt,6813,1315877,143559,0.15310922725238507
B,Pu,2,1315877,577,-0.06208012572415592
B,Ra,3,1315877,277,0.0014316504105021913
B,Rb,482,1315877,11197,0.11274239036811452
B,Re,435,1315877,10228,0.1108603325665109
B,Rf,127,1315877,5242,0.06017881989262915
B,Rg,0,1315877,9,-1.0
B,Rh,1514,1315877,14946,0.19975490811127342
B,Rn,2,1315877,138,0.017630011049690697
B,Ru,1179,1315877,39255,0.09034378215551876
B,S,245084,1315877,36318993,-0.07189267775771851
B,Sb,418,1315877,19105,0.05777804098350637
B,Sc,120,1315877,3525,0.08448506853023288
B,Se,4137,1315877,120337,0.11443963585648377
B,Sg,7,1315877,137,0.09442850847046654
B,Si,47790,1315877,1825174,0.11542199158381584
B,Sm,92,1315877,3363,0.06740818799908897
B,Sn,2691,1315877,109311,0.07877181419519376
B,Sr,346,1315877,8295,0.1073581028769777
B,Ta,147,1315877,5739,0.06490145969693184
B,Tb,119,1315877,3117,0.09270459290838304
B,Tc,42,1315877,3663,0.005512428635754706
B,Te,581,1315877,20569,0.08013578955559739
B,Th,50,1315877,1733,0.06823044755491674
B,Ti,1099,1315877,77983,0.024782573611116833
B,Tl,228,1315877,6312,0.09307693881007498
B,Tm,43,1315877,1275,0.07802888609321168
B,Ts,0,1315877,3,-1.0
B,U,2957,1315877,21879,0.23938982412495996
B,V,2079,1315877,39871,0.14514796285604703
B,W,2117,1315877,44325,0.1373942264806778
B,Xe,14,1315877,588,0.05079840835557552
B,Y,5223,1315877,98196,0.16038420310887444
B,Yb,92,1315877,3286,0.06904873140638249
B,Zn,2091,1315877,76233,0.08679903128915206
B,Zr,1443,1315877,106659,0.021784744043554446
Ba,Ac,2,15764,9776,0.026773280615358754
Ba,Ag,83,15764,19086,0.2487171736502392
Ba,Al,669,15764,82361,0.3429791307484088
Ba,Am,0,15764,380,-1.0
Ba,Ar,3,15764,4079,0.10033416940473666
Ba,As,55,15764,33552,0.17504922756026048
Ba,At,0,15764,1164,-1.0
Ba,Au,22,15764,18070,0.1456049609014419
Ba,B,552,15764,1315877,0.09723245582131716
Ba,Ba,15764,15764,15764,
Ba,Be,32,15764,3233,0.28729339741506954
Ba,Bh,0,15764,74,-1.0
Ba,Bi,202,15764,15692,0.34670854284877584
Ba,Bk,0,15764,169,-1.0
Ba,Br,254,15764,8607410,-0.1110988910401873
Ba,C,9809,15764,124377664,-0.05002696357824709
Ba,Ca,864,15764,47081,0.4189757986842975
Ba,Cd,168,15764,7961,0.3785504263104611
Ba,Ce,114,15764,8261,0.3374448732247067
Ba,Cf,0,15764,237,-1.0
Ba,Cl,1330,15764,21906474,-0.06414529889112164
Ba,Cm,0,15764,692,-1.0
Ba,Cn,0,15764,7,-1.0
Ba,Co,179,15764,45781,0.25501915713237183
Ba,Cr,153,15764,27069,0.27915619598187447
Ba,Cs,63,15764,12307,0.25523615069653716
Ba,Cu,505,15764,67388,0.3287204764355778
Ba,Db,3,15764,105,0.308957092838322
Ba,Ds,0,15764,11,-1.0
Ba,Dy,15,15764,2319,0.24692998593273469
Ba,Er,14,15764,2201,0.24481736674924376
Ba,Es,0,15764,359,-1.0
Ba,Eu,83,15764,5611,0.33479877971220195
Ba,F,819,15764,25344252,-0.11438804720934831
Ba,Fe,313,15764,81651,0.2645381950152675
Ba,Fl,0,15764,8,-1.0
Ba,Fm,1,15764,2120,0.07059226946029215
Ba,Fr,0,15764,105,-1.0
Ba,Ga,82,15764,11650,0.282335201677501
Ba,Gd,71,15764,7718,0.2981264439099675
Ba,Ge,89,15764,47164,0.190949606492083
Ba,H,12906,15764,124461855,-0.021690625719036655
Ba,He,2,15764,415,0.20281045875652257
Ba,Hf,43,15764,22172,0.1834533522629279
Ba,Hg,72,15764,15140,0.2524821144213622
Ba,Ho,15,15764,1848,0.26117962218793167
Ba,Hs,0,15764,69,-1.0
Ba,I,192,15764,2542800,-0.03857361357271438
Ba,In,58,15764,14006,0.23924755023440897
Ba,Ir,17,15764,169603,-0.014737061856978912
Ba,K,304,15764,156190,0.21149433031316522
Ba,Kr,1,15764,166,0.20723984140749674
Ba,La,224,15764,8114,0.4070900834536542
Ba,Li,290,15764,117297,0.22916853652994768
Ba,Lr,0,15764,861,-1.0
Ba,Lu,11,15764,2717,0.21336808789184464
Ba,Lv,0,15764,5,-1.0
Ba,Mc,0,15764,5,-1.0
Ba,Md,1,15764,96,0.2366188079746703
Ba,Mg,549,15764,63053,0.34311282057841397
Ba,Mn,251,15764,30915,0.3173068730636049
Ba,Mo,58,15764,20126,0.21438304654343515
Ba,Mt,0,15764,79,-1.0
Ba,N,2999,15764,110925773,-0.14512096592410545
Ba,Na,464,15764,410484,0.17517820962105315
Ba,Nb,156,15764,6672,0.3840301664500716
Ba,Nd,89,15764,5576,0.3418240275294161
Ba,Ne,2,15764,225,0.2369200568296123
Ba,Nh,0,15764,8,-1.0
Ba,Ni,174,15764,50498,0.24510778800823463
Ba,No,0,15764,366,-1.0
Ba,Np,0,15764,482,-1.0
Ba,O,12748,15764,109353141,-0.00891595279926708
Ba,Og,0,15764,1,-1.0
Ba,Os,14,15764,8718,0.15879542249597187
Ba,P,1491,15764,2503338,0.13668670333342295
Ba,Pa,0,15764,263,-1.0
Ba,Pb,257,15764,18301,0.3597318479274672
Ba,Pd,49,15764,48856,0.14036728211848445
Ba,Pm,3,15764,410,0.23130329260271584
Ba,Po,4,15764,1385,0.18128228662832466
Ba,Pr,41,15764,3784,0.29812391444464303
Ba,Pt,62,15764,143559,0.08458955298305085
Ba,Pu,2,15764,577,0.18444768721345128
Ba,Ra,7,15764,277,0.3172842883074108
Ba,Rb,50,15764,11197,0.24195731490993141
Ba,Re,22,15764,10228,0.1822057771219706
Ba,Rf,0,15764,5242,-1.0
Ba,Rg,0,15764,9,-1.0
Ba,Rh,20,15764,14946,0.1507582118444708
Ba,Rn,1,15764,138,0.21715018586130203
Ba,Ru,22,15764,39255,0.09571099711708482
Ba,S,3989,15764,36318993,-0.013673146378547963
Ba,Sb,82,15764,19105,0.24758387584215888
Ba,Sc,33,15764,3525,0.28419925414600444
Ba,Se,192,15764,120337,0.18938098472669132
Ba,Sg,0,15764,137,-1.0
Ba,Si,852,15764,1825174,0.1097667042805713
Ba,Sm,60,15764,3363,0.3402131601523371
Ba,Sn,118,15764,109311,0.1545641415723587
Ba,Sr,702,15764,8295,0.5382468434169232
Ba,Ta,96,15764,5739,0.3469943657072363
Ba,Tb,22,15764,3117,0.2586235896702989
Ba,Tc,9,15764,3663,0.1803916602628787
Ba,Te,38,15764,20569,0.1787045380734858
Ba,Th,19,15764,1733,0.284266810055118
Ba,Ti,697,15764,77983,0.35204870382917103
Ba,Tl,39,15764,6312,0.2596254329943607
Ba,Tm,12,15764,1275,0.2667339530890182
Ba,Ts,0,15764,3,-1.0
Ba,U,37,15764,21879,0.1725050334447005
Ba,V,93,15764,39871,0.2065677344747748
Ba,W,151,15764,44325,0.24172086917704416
Ba,Xe,2,15764,588,0.18339546258633452
Ba,Y,245,15764,98196,0.22692168238398022
Ba,Yb,29,15764,3286,0.27793180794276323
Ba,Zn,449,15764,76233,0.30642031018511195
Ba,Zr,376,15764,106659,0.261762301950901
Be,Ac,3,3233,9776,0.14082231370117262
Be,Ag,20,3233,19086,0.23639733274857413
Be,Al,243,3233,82361,0.36003587199397363
Be,Am,6,3233,380,0.3804998298542739
Be,Ar,2,3233,4079,0.16375127408727802
Be,As,15,3233,33552,0.17866428833253303
Be,At,0,3233,1164,-1.0
Be,Au,20,3233,18070,0.23989382837149634
Be,B,184,3233,1315877,0.12545356905848445
Be,Ba,32,3233,15764,0.28729339741506954
Be,Be,3233,3233,3233,
Be,Bh,0,3233,74,-1.0
Be,Bi,14,3233,15692,0.22107450251842348
Be,Bk,0,3233,169,-1.0
Be,Br,48,3233,8607410,-0.1041053004448026
Be,C,2059,3233,124377664,-0.04082356528578083
Be,Ca,78,3233,47081,0.2909900894315755
Be,Cd,25,3233,7961,0.31098688805574687
Be,Ce,12,3233,8261,0.2491375380960776
Be,Cf,0,3233,237,-1.0
Be,Cl,163,3233,21906474,-0.09221195338762513
Be,Cm,1,3233,692,0.21564733667692634
Be,Cn,0,3233,7,-1.0
Be,Co,42,3233,45781,0.23924344876048353
Be,Cr,45,3233,27069,0.28043154988761254
Be,Cs,24,3233,12307,0.2793534947876577
Be,Cu,114,3233,67388,0.30043461925862697
Be,Db,0,3233,105,-1.0
Be,Ds,0,3233,11,-1.0
Be,Dy,2,3233,2319,0.19521634686047926
Be,Er,3,3233,2201,0.22581976758749073
Be,Es,0,3233,359,-1.0
Be,Eu,7,3233,5611,0.23197847585917464
Be,F,424,3233,25344252,-0.0348636954593455
Be,Fe,48,3233,81651,0.21127285370518656
Be,Fl,0,3233,8,-1.0
Be,Fm,0,3233,2120,-1.0
Be,Fr,1,3233,105,0.31680461590901615
Be,Ga,56,3233,11650,0.3572762709755141
Be,Gd,3,3233,7718,0.15429718584914487
Be,Ge,15,3233,47164,0.1572906945830821
Be,H,2781,3233,124461855,-0.013966123827151532
Be,He,1,3233,415,0.2430772086860423
Be,Hf,9,3233,22172,0.1672416675043249
Be,Hg,15,3233,15140,0.2286098137315414
Be,Ho,3,3233,1848,0.235784915180654
Be,Hs,0,3233,69,-1.0
Be,I,52,3233,2542800,-0.016213542467046347
Be,In,14,3233,14006,0.22817792355236155
Be,Ir,25,3233,169603,0.11263558574790067
Be,K,72,3233,156190,0.20030851725917412
Be,Kr,0,3233,166,-1.0
Be,La,11,3233,8114,0.24355134589255728
Be,Li,96,3233,117297,0.24518369357595657
Be,Lr,0,3233,861,-1.0
Be,Lu,1,3233,2717,0.1422750972086165
Be,Lv,0,3233,5,-1.0
Be,Mc,0,3233,5,-1.0
Be,Md,0,3233,96,-1.0
Be,Mg,94,3233,63053,0.2873563634812675
Be,Mn,41,3233,30915,0.2635461130919036
Be,Mo,22,3233,20126,0.24056363145972764
Be,Mt,0,3233,79,-1.0
Be,N,1434,3233,110925773,-0.06127000956346881
Be,Na,86,3233,410484,0.14722930909347978
Be,Nb,34,3233,6672,0.3493444868076341
Be,Nd,5,3233,5576,0.20800648422008705
Be,Ne,1,3233,225,0.2759184432586114
Be,Nh,0,3233,8,-1.0
Be,Ni,52,3233,50498,0.25058543592927374
Be,No,1,3233,366,0.24981763754501568
Be,Np,0,3233,482,-1.0
Be,O,2175,3233,109353141,-0.024274180055998403
Be,Og,0,3233,1,-1.0
Be,Os,7,3233,8718,0.2055830969395813
Be,P,190,3233,2503338,0.08013252800391575
Be,Pa,0,3233,263,-1.0
Be,Pb,17,3233,18301,0.22634258626355805
Be,Pd,30,3233,48856,0.2076161479477647
Be,Pm,2,3233,410,0.29176155915022006
Be,Po,5,3233,1385,0.2897846390381458
Be,Pr,2,3233,3784,0.16793406760084123
Be,Pt,11,3233,143559,0.06666165731794102
Be,Pu,4,3233,577,0.32385197972870317
Be,Ra,1,3233,277,0.2647644111518004
Be,Rb,22,3233,11197,0.27827333153501166
Be,Re,6,3233,10228,0.1850723662205825
Be,Rf,1,3233,5242,0.10701994795123769
Be,Rg,0,3233,9,-1.0
Be,Rh,7,3233,14946,0.17329402666170612
Be,Rn,0,3233,138,-1.0
Be,Ru,6,3233,39255,0.10524757886675298
Be,S,782,3233,36318993,-0.015580131721540201
Be,Sb,22,3233,19105,0.24391180742293278
Be,Sc,11,3233,3525,0.2948798641186313
Be,Se,39,3233,120337,0.16858398273081784
Be,Sg,0,3233,137,-1.0
Be,Si,295,3233,1825174,0.1412088306394049
Be,Sm,4,3233,3363,0.22168888355599423
Be,Sn,26,3233,109311,0.14402864513139077
Be,Sr,36,3233,8295,0.3400061899131766
Be,Ta,22,3233,5739,0.32125614840326266
Be,Tb,5,3233,3117,0.24215582508271075
Be,Tc,5,3233,3663,0.23267836741890327
Be,Te,24,3233,20569,0.2461365135428632
Be,Th,5,3233,1733,0.27662319114213413
Be,Ti,46,3233,77983,0.21089558298084338
Be,Tl,16,3233,6312,0.2887423870485969
Be,Tm,2,3233,1275,0.22854654238017466
Be,Ts,0,3233,3,-1.0
Be,U,10,3233,21879,0.1755832378985921
Be,V,25,3233,39871,0.2065172710538582
Be,W,23,3233,44325,0.1931989580188054
Be,Xe,1,3233,588,0.22438415806479461
Be,Y,19,3233,98196,0.12799907230006113
Be,Yb,3,3233,3286,0.20297396735728745
Be,Zn,452,3233,76233,0.43358859958117046
Be,Zr,52,3233,106659,0.19968419205032947
Bh,Ac,0,74,9776,-1.0
Bh,Ag,0,74,19086,-1.0
Bh,Al,0,74,82361,-1.0
Bh,Am,0,74,380,-1.0
Bh,Ar,0,74,4079,-1.0
Bh,As,0,74,33552,-1.0
Bh,At,0,74,1164,-1.0
Bh,Au,0,74,18070,-1.0
Bh,B,6,74,1315877,0.12097102993184826
Bh,Ba,0,74,15764,-1.0
Bh,Be,0,74,3233,-1.0
Bh,Bh,74,74,74,
Bh,Bi,0,74,15692,-1.0
Bh,Bk,0,74,169,-1.0
Bh,Br,7,74,8607410,0.018823071166741232
Bh,C,57,74,124377664,-0.01776429419579679
Bh,Ca,0,74,47081,-1.0
Bh,Cd,0,74,7961,-1.0
Bh,Ce,0,74,8261,-1.0
Bh,Cf,0,74,237,-1.0
Bh,Cl,5,74,21906474,-0.056155338473548984
Bh,Cm,0,74,692,-1.0
Bh,Cn,0,74,7,-1.0
Bh,Co,0,74,45781,-1.0
Bh,Cr,0,74,27069,-1.0
Bh,Cs,0,74,12307,-1.0
Bh,Cu,0,74,67388,-1.0
Bh,Db,0,74,105,-1.0
Bh,Ds,0,74,11,-1.0
Bh,Dy,0,74,2319,-1.0
Bh,Er,0,74,2201,-1.0
Bh,Es,0,74,359,-1.0
Bh,Eu,0,74,5611,-1.0
Bh,F,7,74,25344252,-0.04586413415882292
Bh,Fe,0,74,81651,-1.0
Bh,Fl,0,74,8,-1.0
Bh,Fm,0,74,2120,-1.0
Bh,Fr,0,74,105,-1.0
Bh,Ga,0,74,11650,-1.0
Bh,Gd,0,74,7718,-1.0
Bh,Ge,0,74,47164,-1.0
Bh,H,58,74,124461855,-0.01663905274832487
Bh,He,0,74,415,-1.0
Bh,Hf,0,74,22172,-1.0
Bh,Hg,0,74,15140,-1.0
Bh,Ho,0,74,1848,-1.0
Bh,Hs,0,74,69,-1.0
Bh,I,3,74,2542800,0.039123642631754794
Bh,In,0,74,14006,-1.0
Bh,Ir,0,74,169603,-1.0
Bh,K,2,74,156190,0.17109938210935152
Bh,Kr,0,74,166,-1.0
Bh,La,0,74,8114,-1.0
Bh,Li,0,74,117297,-1.0
Bh,Lr,0,74,861,-1.0
Bh,Lu,0,74,2717,-1.0
Bh,Lv,0,74,5,-1.0
Bh,Mc,0,74,5,-1.0
Bh,Md,0,74,96,-1.0
Bh,Mg,0,74,63053,-1.0
Bh,Mn,0,74,30915,-1.0
Bh,Mo,0,74,20126,-1.0
Bh,Mt,0,74,79,-1.0
Bh,N,36,74,110925773,-0.040139760622937594
Bh,Na,2,74,410484,0.11726069250106493
Bh,Nb,0,74,6672,-1.0
Bh,Nd,0,74,5576,-1.0
Bh,Ne,0,74,225,-1.0
Bh,Nh,0,74,8,-1.0
Bh,Ni,0,74,50498,-1.0
Bh,No,0,74,366,-1.0
Bh,Np,0,74,482,-1.0
Bh,O,42,74,109353141,-0.02925313442207179
Bh,Og,0,74,1,-1.0
Bh,Os,0,74,8718,-1.0
Bh,P,2,74,2503338,0.016519370981868082
Bh,Pa,0,74,263,-1.0
Bh,Pb,0,74,18301,-1.0
Bh,Pd,0,74,48856,-1.0
Bh,Pm,0,74,410,-1.0
Bh,Po,0,74,1385,-1.0
Bh,Pr,0,74,3784,-1.0
Bh,Pt,0,74,143559,-1.0
Bh,Pu,0,74,577,-1.0
Bh,Ra,0,74,277,-1.0
Bh,Rb,0,74,11197,-1.0
Bh,Re,0,74,10228,-1.0
Bh,Rf,0,74,5242,-1.0
Bh,Rg,0,74,9,-1.0
Bh,Rh,0,74,14946,-1.0
Bh,Rn,0,74,138,-1.0
Bh,Ru,0,74,39255,-1.0
Bh,S,7,74,36318993,-0.0674153169095828
Bh,Sb,0,74,19105,-1.0
Bh,Sc,0,74,3525,-1.0
Bh,Se,0,74,120337,-1.0
Bh,Sg,0,74,137,-1.0
Bh,Si,0,74,1825174,-1.0
Bh,Sm,0,74,3363,-1.0
Bh,Sn,0,74,109311,-1.0
Bh,Sr,0,74,8295,-1.0
Bh,Ta,0,74,5739,-1.0
Bh,Tb,0,74,3117,-1.0
Bh,Tc,0,74,3663,-1.0
Bh,Te,0,74,20569,-1.0
Bh,Th,0,74,1733,-1.0
Bh,Ti,0,74,77983,-1.0
Bh,Tl,0,74,6312,-1.0
Bh,Tm,0,74,1275,-1.0
Bh,Ts,0,74,3,-1.0
Bh,U,1,74,21879,0.23299684529046372
Bh,V,0,74,39871,-1.0
Bh,W,0,74,44325,-1.0
Bh,Xe,0,74,588,-1.0
Bh,Y,0,74,98196,-1.0
Bh,Yb,0,74,3286,-1.0
Bh,Zn,0,74,76233,-1.0
Bh,Zr,0,74,106659,-1.0
Bi,Ac,1,15692,9776,-0.011161641746747242
Bi,Ag,230,15692,19086,0.34546575746943653
Bi,Al,266,15692,82361,0.2484679949292365
Bi,Am,1,15692,380,0.1630562533232366
Bi,Ar,1,15692,4079,0.035729642979833186
Bi,As,184,15692,33552,0.28108326621268637
Bi,At,5,15692,1164,0.20723547064996836
Bi,Au,94,15692,18070,0.2639462468555208
Bi,B,560,15692,1315877,0.09888650345653906
Bi,Ba,202,15692,15764,0.34670854284877584
Bi,Be,14,15692,3233,0.22107450251842348
Bi,Bh,0,15692,74,-1.0
Bi,Bi,15692,15692,15692,
Bi,Bk,11,15692,169,0.3846433921788016
Bi,Br,485,15692,8607410,-0.06457398777112745
Bi,C,10397,15692,124377664,-0.04365056880384258
Bi,Ca,243,15692,47081,0.28241653499528113
Bi,Cd,129,15692,7961,0.35245829042122767
Bi,Ce,91,15692,8261,0.31643939274236615
Bi,Cf,0,15692,237,-1.0
Bi,Cl,1340,15692,21906474,-0.06313237041249922
Bi,Cm,2,15692,692,0.17457628535352998
Bi,Cn,0,15692,7,-1.0
Bi,Co,213,15692,45781,0.27179975824710323
Bi,Cr,99,15692,27069,0.23983645723593083
Bi,Cs,46,15692,12307,0.2288934272058046
Bi,Cu,507,15692,67388,0.32951242615876153
Bi,Db,0,15692,105,-1.0
Bi,Ds,0,15692,11,-1.0
Bi,Dy,14,15692,2319,0.24183973983439677
Bi,Er,34,15692,2201,0.3181993700831968
Bi,Es,0,15692,359,-1.0
Bi,Eu,10,15692,5611,0.1621823986712406
Bi,F,1209,15692,25344252,-0.08411056627575435
Bi,Fe,445,15692,81651,0.30037903570327323
Bi,Fl,0,15692,8,-1.0
Bi,Fm,0,15692,2120,-1.0
Bi,Fr,0,15692,105,-1.0
Bi,Ga,111,15692,11650,0.3105372616044442
Bi,Gd,26,15692,7718,0.21364708548110356
Bi,Ge,196,15692,47164,0.26165587106829813
Bi,H,13168,15692,124461855,-0.01904297270600615
Bi,He,2,15692,415,0.2030655282703819
Bi,Hf,36,15692,22172,0.16979197474785027
Bi,Hg,47,15692,15140,0.21667310959680536
Bi,Ho,12,15692,1848,0.24404340833158825
Bi,Hs,0,15692,69,-1.0
Bi,I,455,15692,2542800,0.028046417439924573
Bi,In,253,15692,14006,0.37886020793945957
Bi,Ir,136,15692,169603,0.13483991510989032
Bi,K,322,15692,156190,0.21726673423477255
Bi,Kr,1,15692,166,0.2074854261757199
Bi,La,115,15692,8114,0.33990704290740553
Bi,Li,212,15692,117297,0.20052387992402818
Bi,Lr,0,15692,861,-1.0
Bi,Lu,16,15692,2717,0.24230812550290617
Bi,Lv,0,15692,5,-1.0
Bi,Mc,0,15692,5,-1.0
Bi,Md,0,15692,96,-1.0
Bi,Mg,156,15692,63053,0.21910253689836412
Bi,Mn,206,15692,30915,0.2981002331663235
Bi,Mo,307,15692,20126,0.37144367229588326
Bi,Mt,0,15692,79,-1.0
Bi,N,4004,15692,110925773,-0.12079627847779055
Bi,Na,317,15692,410484,0.14077691219847274
Bi,Nb,173,15692,6672,0.3949839114876441
Bi,Nd,40,15692,5576,0.27035666717029105
Bi,Ne,0,15692,225,-1.0
Bi,Nh,0,15692,8,-1.0
Bi,Ni,217,15692,50498,0.2661889789420009
Bi,No,1,15692,366,0.16507003260972636
Bi,Np,1,15692,482,0.15030056329774008
Bi,O,9467,15692,109353141,-0.039525599286240234
Bi,Og,0,15692,1,-1.0
Bi,Os,12,15692,8718,0.14802200727818463
Bi,P,978,15692,2503338,0.09629932371270618
Bi,Pa,0,15692,263,-1.0
Bi,Pb,458,15692,18301,0.42288054033245936
Bi,Pd,72,15692,48856,0.1712394293151714
Bi,Pm,0,15692,410,-1.0
Bi,Po,9,15692,1385,0.23981766796315743
Bi,Pr,8,15692,3784,0.17031071544932053
Bi,Pt,133,15692,143559,0.14512347555737481
Bi,Pu,3,15692,577,0.2120860540425601
Bi,Ra,1,15692,277,0.18001680621651103
Bi,Rb,34,15692,11197,0.2105696549003485
Bi,Re,16,15692,10228,0.15876858813822317
Bi,Rf,2,15692,5242,0.06175359103687548
Bi,Rg,0,15692,9,-1.0
Bi,Rh,23,15692,14946,0.16142635887626475
Bi,Rn,0,15692,138,-1.0
Bi,Ru,43,15692,39255,0.14536893240998805
Bi,S,2380,15692,36318993,-0.0601314462905832
Bi,Sb,436,15692,19105,0.4138827359523116
Bi,Sc,31,15692,3525,0.2792204268927457
Bi,Se,218,15692,120337,0.20112120820415375
Bi,Sg,0,15692,137,-1.0
Bi,Si,681,15692,1825174,0.08962662178818737
Bi,Sm,29,15692,3363,0.2767150009289198
Bi,Sn,373,15692,109311,0.2593965415429809
Bi,Sr,272,15692,8295,0.4267077399487912
Bi,Ta,134,15692,5739,0.38001475994837264
Bi,Tb,18,15692,3117,0.24287828803916167
Bi,Tc,6,15692,3663,0.15225728008108577
Bi,Te,311,15692,20569,0.3711321388195542
Bi,Th,14,15692,1733,0.26004318887036637
Bi,Ti,388,15692,77983,0.28994659926208105
Bi,Tl,34,15692,6312,0.2484938814012923
Bi,Tm,14,15692,1275,0.27922315937653575
Bi,Ts,0,15692,3,-1.0
Bi,U,17,15692,21879,0.11510854195593986
Bi,V,310,15692,39871,0.3194983764136973
Bi,W,141,15692,44325,0.23584107438364685
Bi,Xe,0,15692,588,-1.0
Bi,Y,64,15692,98196,0.11350840946914366
Bi,Yb,14,15692,3286,0.22005831368877304
Bi,Zn,415,15692,76233,0.29862666711253294
Bi,Zr,198,15692,106659,0.2015015017361443
Bk,Ac,0,169,9776,-1.0
Bk,Ag,0,169,19086,-1.0
Bk,Al,17,169,82361,0.3178894626582938
Bk,Am,0,169,380,-1.0
Bk,Ar,0,169,4079,-1.0
Bk,As,0,169,33552,-1.0
Bk,At,0,169,1164,-1.0
Bk,Au,0,169,18070,-1.0
Bk,B,1,169,1315877,-0.031081707707233674
Bk,Ba,0,169,15764,-1.0
Bk,Be,0,169,3233,-1.0
Bk,Bh,0,169,74,-1.0
Bk,Bi,11,169,15692,0.3846433921788016
Bk,Bk,169,169,169,
Bk,Br,4,169,8607410,-0.06208360479150044
Bk,C,113,169,124377664,-0.028808082228550993
Bk,Ca,0,169,47081,-1.0
Bk,Cd,0,169,7961,-1.0
Bk,Ce,1,169,8261,0.2409444723822838
Bk,Cf,1,169,237,0.4314562338418896
Bk,Cl,10,169,21906474,-0.06665912733879072
Bk,Cm,2,169,692,0.4270368736891376
Bk,Cn,0,169,7,-1.0
Bk,Co,0,169,45781,-1.0
Bk,Cr,1,169,27069,0.17727443066494297
Bk,Cs,0,169,12307,-1.0
Bk,Cu,1,169,67388,0.12834461749745296
Bk,Db,0,169,105,-1.0
Bk,Ds,0,169,11,-1.0
Bk,Dy,2,169,2319,0.35965628738480776
Bk,Er,0,169,2201,-1.0
Bk,Es,0,169,359,-1.0
Bk,Eu,0,169,5611,-1.0
Bk,F,8,169,25344252,-0.0880368696332286
Bk,Fe,1,169,81651,0.11804517456662422
Bk,Fl,0,169,8,-1.0
Bk,Fm,0,169,2120,-1.0
Bk,Fr,0,169,105,-1.0
Bk,Ga,0,169,11650,-1.0
Bk,Gd,0,169,7718,-1.0
Bk,Ge,0,169,47164,-1.0
Bk,H,121,169,124461855,-0.024058589309320522
Bk,He,0,169,415,-1.0
Bk,Hf,0,169,22172,-1.0
Bk,Hg,0,169,15140,-1.0
Bk,Ho,0,169,1848,-1.0
Bk,Hs,0,169,69,-1.0
Bk,I,4,169,2542800,0.008586428642179823
Bk,In,0,169,14006,-1.0
Bk,Ir,0,169,169603,-1.0
Bk,K,0,169,156190,-1.0
Bk,Kr,0,169,166,-1.0
Bk,La,0,169,8114,-1.0
Bk,Li,8,169,117297,0.23655514529383492
Bk,Lr,0,169,861,-1.0
Bk,Lu,0,169,2717,-1.0
Bk,Lv,0,169,5,-1.0
Bk,Mc,0,169,5,-1.0
Bk,Md,0,169,96,-1.0
Bk,Mg,1,169,63053,0.1319116462851094
Bk,Mn,0,169,30915,-1.0
Bk,Mo,0,169,20126,-1.0
Bk,Mt,0,169,79,-1.0
Bk,N,97,169,110925773,-0.031212290434052423
Bk,Na,0,169,410484,-1.0
Bk,Nb,1,169,6672,0.2524047659318159
Bk,Nd,0,169,5576,-1.0
Bk,Ne,0,169,225,-1.0
Bk,Nh,0,169,8,-1.0
Bk,Ni,0,169,50498,-1.0
Bk,No,1,169,366,0.4081428880591627
Bk,Np,0,169,482,-1.0
Bk,O,52,169,109353141,-0.07135913559599144
Bk,Og,0,169,1,-1.0
Bk,Os,0,169,8718,-1.0
Bk,P,3,169,2503338,-0.00706245286765086
Bk,Pa,0,169,263,-1.0
Bk,Pb,2,169,18301,0.24455207881579513
Bk,Pd,0,169,48856,-1.0
Bk,Pm,0,169,410,-1.0
Bk,Po,0,169,1385,-1.0
Bk,Pr,0,169,3784,-1.0
Bk,Pt,1,169,143559,0.0877728624676542
Bk,Pu,0,169,577,-1.0
Bk,Ra,0,169,277,-1.0
Bk,Rb,0,169,11197,-1.0
Bk,Re,0,169,10228,-1.0
Bk,Rf,0,169,5242,-1.0
Bk,Rg,0,169,9,-1.0
Bk,Rh,0,169,14946,-1.0
Bk,Rn,0,169,138,-1.0
Bk,Ru,0,169,39255,-1.0
Bk,S,11,169,36318993,-0.09230777737078824
Bk,Sb,0,169,19105,-1.0
Bk,Sc,0,169,3525,-1.0
Bk,Se,0,169,120337,-1.0
Bk,Sg,0,169,137,-1.0
Bk,Si,4,169,1825174,0.02780434473534199
Bk,Sm,0,169,3363,-1.0
Bk,Sn,0,169,109311,-1.0
Bk,Sr,0,169,8295,-1.0
Bk,Ta,0,169,5739,-1.0
Bk,Tb,0,169,3117,-1.0
Bk,Tc,0,169,3663,-1.0
Bk,Te,0,169,20569,-1.0
Bk,Th,0,169,1733,-1.0
Bk,Ti,2,169,77983,0.16378626909576752
Bk,Tl,0,169,6312,-1.0
Bk,Tm,0,169,1275,-1.0
Bk,Ts,0,169,3,-1.0
Bk,U,0,169,21879,-1.0
Bk,V,0,169,39871,-1.0
Bk,W,1,169,44325,0.15081812229111247
Bk,Xe,0,169,588,-1.0
Bk,Y,2,169,98196,0.15094458680514
Bk,Yb,1,169,3286,0.2903998513746542
Bk,Zn,1,169,76233,0.1217285256162938
Bk,Zr,0,169,106659,-1.0
Br,Ac,460,8607410,9776,-0.030701955507938954
Br,Ag,1033,8607410,19086,-0.020861743076851222
Br,Al,3474,8607410,82361,-0.04704721786294805
Br,Am,9,8607410,380,-0.06510536849312631
Br,Ar,285,8607410,4079,0.0008685726616199022
Br,As,1309,8607410,33552,-0.04984806184622161
Br,At,42,8607410,1164,-0.04358551594325598
Br,Au,470,8607410,18070,-0.07822648050367015
Br,B,108965,8607410,1315877,0.025727564837121995
Br,Ba,254,8607410,15764,-0.1110988910401873
Br,Be,48,8607410,3233,-0.1041053004448026
Br,Bh,7,8607410,74,0.018823071166741232
Br,Bi,485,8607410,15692,-0.06457398777112745
Br,Bk,4,8607410,169,-0.06208360479150044
Br,Br,8607410,8607410,8607410,
Br,C,8600478,8607410,124377664,0.0003345002489065888
Br,Ca,621,8607410,47081,-0.13562677617083796
Br,Cd,219,8607410,7961,-0.06948963054370313
Br,Ce,120,8607410,8261,-0.1125680729443175
Br,Cf,9,8607410,237,-0.03639392561391315
Br,Cl,1537766,8607410,21906474,0.0036288149459514744
Br,Cm,12,8607410,692,-0.08556030288320375
Br,Cn,0,8607410,7,-1.0
Br,Co,1474,8607410,45781,-0.06729871679096662
Br,Cr,401,8607410,27069,-0.12175505283213711
Br,Cs,2390,8607410,12307,0.09515496605389494
Br,Cu,4043,8607410,67388,-0.013649749126103143
Br,Db,2,8607410,105,-0.07178840200081327
Br,Ds,0,8607410,11,-1.0
Br,Dy,38,8607410,2319,-0.09590823525721633
Br,Er,30,8607410,2201,-0.10650534365148573
Br,Es,14,8607410,359,-0.03573833129264642
Br,Eu,91,8607410,5611,-0.102566114300902
Br,F,1759791,8607410,25344252,0.0011836423403208617
Br,Fe,2796,8607410,81651,-0.06556676705785133
Br,Fl,0,8607410,8,-1.0
Br,Fm,57,8607410,2120,-0.06464958106358415
Br,Fr,1,8607410,105,-0.10630389846428062
Br,Ga,305,8607410,11650,-0.07510325434513165
Br,Gd,98,8607410,7718,-0.12051767234302097
Br,Ge,1009,8607410,47164,-0.09999064535174022
Br,H,8600376,8607410,124461855,0.0000769330443346853
Br,He,9,8607410,415,-0.0704636130171117
Br,Hf,573,8607410,22172,-0.08001049577151526
Br,Hg,1109,8607410,15140,0.005031892149473685
Br,Ho,43,8607410,1848,-0.07313903945774126
Br,Hs,1,8607410,69,-0.08378019462348443
Br,I,172902,8607410,2542800,-0.002415958758551
Br,In,528,8607410,14006,-0.04896325283128357
Br,Ir,1768,8607410,169603,-0.16941901751107633
Br,K,14276,8607410,156190,0.03084631954220798
Br,Kr,2,8607410,166,-0.09730896760643475
Br,La,114,8607410,8114,-0.11455052137517072
Br,Li,11518,8607410,117297,0.03785185839460805
Br,Lr,22,8607410,861,-0.0639669207712927
Br,Lu,25,8607410,2717,-0.13072581875958678
Br,Lv,0,8607410,5,-1.0
Br,Mc,0,8607410,5,-1.0
Br,Md,1,8607410,96,-0.10149651669511392
Br,Mg,17480,8607410,63053,0.156619086918551
Br,Mn,1343,8607410,30915,-0.04056144124261831
Br,Mo,760,8607410,20126,-0.050307282602770634
Br,Mt,2,8607410,79,-0.05593581489057404
Br,N,7527966,8607410,110925773,-0.006355963703894699
Br,Na,23450,8607410,410484,-0.02215778647188825
Br,Nb,83,8607410,6672,-0.12055072389620079
Br,Nd,110,8607410,5576,-0.0899098157903431
Br,Ne,3,8607410,225,-0.093780442761418
Br,Nh,0,8607410,8,-1.0
Br,Ni,3167,8607410,50498,-0.00914461334676378
Br,No,16,8607410,366,-0.02884088721339338
Br,Np,10,8607410,482,-0.07362980995579199
Br,O,7126588,8607410,109353141,-0.020393918486190498
Br,Og,0,8607410,1,-1.0
Br,Os,355,8607410,8718,-0.04140124786073678
Br,P,97632,8607410,2503338,-0.07995108724719625
Br,Pa,8,8607410,263,-0.04953257288979288
Br,Pb,724,8607410,18301,-0.04624523213279207
Br,Pd,7894,8607410,48856,0.08789214693339886
Br,Pm,8,8607410,410,-0.07634258886281613
Br,Po,55,8607410,1385,-0.03784020037495666
Br,Pr,93,8607410,3784,-0.07325937671414168
Br,Pt,1990,8607410,143559,-0.14542909404771237
Br,Pu,7,8607410,577,-0.10419720830212564
Br,Ra,3,8607410,277,-0.1056330276046446
Br,Rb,267,8607410,11197,-0.08149316724701439
Br,Re,415,8607410,10228,-0.04219759414158653
Br,Rf,64,8607410,5242,-0.11968085730560125
Br,Rg,0,8607410,9,-1.0
Br,Rh,312,8607410,14946,-0.0927927123877786
Br,Rn,3,8607410,138,-0.06591310006501848
Br,Ru,1197,8607410,39255,-0.07079237065924669
Br,S,2388328,8607410,36318993,-0.012479240347902407
Br,Sb,673,8607410,19105,-0.055534075425878786
Br,Sc,68,8607410,3525,-0.0884631267086849
Br,Se,5125,8607410,120337,-0.04790409894092023
Br,Sg,7,8607410,137,-0.01806999534680205
Br,Si,85325,8607410,1825174,-0.05360245119460367
Br,Sm,45,8607410,3363,-0.11066074750155147
Br,Sn,8009,8607410,109311,0.006088542043612338
Br,Sr,100,8607410,8295,-0.12438859018440954
Br,Ta,86,8607410,5739,-0.10773113865222861
Br,Tb,48,8607410,3117,-0.1016312888988836
Br,Tc,53,8607410,3663,-0.10656585786144569
Br,Te,1108,8607410,20569,-0.021395077287805958
Br,Th,34,8607410,1733,-0.0832893593874293
Br,Ti,1814,8607410,77983,-0.09774029748098459
Br,Tl,333,8607410,6312,-0.021014506430902195
Br,Tm,20,8607410,1275,-0.09476440049211099
Br,Ts,0,8607410,3,-1.0
Br,U,1115,8607410,21879,-0.026176518860620442
Br,V,2118,8607410,39871,-0.023927396327117458
Br,W,1608,8607410,44325,-0.05721894418045269
Br,Xe,17,8607410,588,-0.05510830437368451
Br,Y,3137,8607410,98196,-0.0728361815500089
Br,Yb,62,8607410,3286,-0.08942722003335286
Br,Zn,8585,8607410,76233,0.05098959057463641
Br,Zr,3303,8607410,106659,-0.0761444989081738
C,Ac,9620,124377664,9776,-0.0015193129255342097
C,Ag,13949,124377664,19086,-0.0342788518377388
C,Al,63520,124377664,82361,-0.03403811451549042
C,Am,236,124377664,380,-0.03602112354482482
C,Ar,3635,124377664,4079,-0.010873496539237948
C,As,30191,124377664,33552,-0.012474453461637617
C,At,1078,124377664,1164,-0.006438251407003777
C,Au,14861,124377664,18070,-0.021453631303352528
C,B,1300301,124377664,1315877,-0.0022373450187337224
C,Ba,9809,124377664,15764,-0.05002696357824709
C,Be,2059,124377664,3233,-0.04082356528578083
C,Bh,57,124377664,74,-0.01776429419579679
C,Bi,10397,124377664,15692,-0.04365056880384258
C,Bk,113,124377664,169,-0.028808082228550993
C,Br,8600478,124377664,8607410,0.0003345002489065888
C,C,124377664,124377664,124377664,
C,Ca,34970,124377664,47081,-0.03615416032068256
C,Cd,4895,124377664,7961,-0.047773418765372756
C,Ce,4187,124377664,8261,-0.06580670789190521
C,Cf,186,124377664,237,-0.017936446858076518
C,Cl,21879392,124377664,21906474,0.00026608244067318236
C,Cm,616,124377664,692,-0.00938335459205215
C,Cn,0,124377664,7,-1.0
C,Co,36555,124377664,45781,-0.02745911258654915
C,Cr,19537,124377664,27069,-0.03702761155714144
C,Cs,10241,124377664,12307,-0.019355915844294445
C,Cu,55369,124377664,67388,-0.025230383994854153
C,Db,90,124377664,105,-0.01078097712329904
C,Ds,3,124377664,11,-0.07397041282087204
C,Dy,1454,124377664,2319,-0.040949023009329205
C,Er,1215,124377664,2201,-0.05134911869871246
C,Es,315,124377664,359,-0.010013212406878955
C,Eu,4267,124377664,5611,-0.026465825163274403
C,F,25327714,124377664,25344252,0.0006572731595118513
C,Fe,67578,124377664,81651,-0.024931422783888702
C,Fl,0,124377664,8,-1.0
C,Fm,2086,124377664,2120,-0.001315556146572398
C,Fr,47,124377664,105,-0.0542320473832109
C,Ga,7805,124377664,11650,-0.041211119775357845
C,Gd,5931,124377664,7718,-0.026290915126263043
C,Ge,43085,124377664,47164,-0.011136830529253417
C,H,124330564,124377664,124461855,0.31003165783338094
C,He,214,124377664,415,-0.049764571383459695
C,Hf,20467,124377664,22172,-0.008987475106605221
C,Hg,13253,124377664,15140,-0.014364722998609043
C,Ho,1147,124377664,1848,-0.04098564335210823
C,Hs,57,124377664,69,-0.0129717834248896
C,I,2534288,124377664,2542800,-0.00042444032134807835
C,In,9122,124377664,14006,-0.044853275431925244
C,Ir,167601,124377664,169603,-0.0015389650110742429
C,K,143041,124377664,156190,-0.01273952019195756
C,Kr,47,124377664,166,-0.08519996503502224
C,La,3892,124377664,8114,-0.0706553122694582
C,Li,106245,124377664,117297,-0.013762721704473282
C,Lr,835,124377664,861,-0.002431181781620336
C,Lu,1951,124377664,2717,-0.029778871073071065
C,Lv,0,124377664,5,-1.0
C,Mc,0,124377664,5,-1.0
C,Md,61,124377664,96,-0.031093259464397525
C,Mg,51422,124377664,63053,-0.02594856452904823
C,Mn,21225,124377664,30915,-0.043141190107501476
C,Mo,12947,124377664,20126,-0.047912416336068506
C,Mt,65,124377664,79,-0.013366429523111501
C,N,110890006,124377664,110925773,0.011824588273392186
C,Na,391677,124377664,410484,-0.007843959948131009
C,Nb,2912,124377664,6672,-0.0775866944184822
C,Nd,3626,124377664,5576,-0.0410393639844755
C,Ne,95,124377664,225,-0.061087857687216786
C,Nh,0,124377664,8,-1.0
C,Ni,39452,124377664,50498,-0.030424232256831503
C,No,303,124377664,366,-0.014481593266338405
C,Np,341,124377664,482,-0.026885093824450507
C,O,109232420,124377664,109353141,0.004525457755693341
C,Og,0,124377664,1,-1.0
C,Os,7714,124377664,8718,-0.0124516362814064
C,P,2469495,124377664,2503338,-0.0030378662449411465
C,Pa,200,124377664,263,-0.02039667231043119
C,Pb,12547,124377664,18301,-0.04083039799550042
C,Pd,45812,124377664,48856,-0.007919756036061465
C,Pm,210,124377664,410,-0.05020148974849842
C,Po,1143,124377664,1385,-0.016410199014036515
C,Pr,2588,124377664,3784,-0.035076997290338835
C,Pt,139533,124377664,143559,-0.003936300744061229
C,Pu,216,124377664,577,-0.0739423419699101
C,Ra,159,124377664,277,-0.040777230647819844
C,Rb,9755,124377664,11197,-0.014401488991345239
C,Re,8849,124377664,10228,-0.014983002825392376
C,Rf,5112,124377664,5242,-0.002317799188046381
C,Rg,1,124377664,9,-0.11778229239864349
C,Rh,13083,124377664,14946,-0.01434597812318261
C,Rn,66,124377664,138,-0.05092417660744685
C,Ru,36176,124377664,39255,-0.009820640283971324
C,S,36283770,124377664,36318993,0.000591391258808577
C,Sb,14466,124377664,19105,-0.03050986193186046
C,Sc,2205,124377664,3525,-0.04272079290609563
C,Se,115187,124377664,120337,-0.006017470898918135
C,Sg,121,124377664,137,-0.008847439062386102
C,Si,1805054,124377664,1825174,-0.0022163426124428742
C,Sm,2206,124377664,3363,-0.03838129419966341
C,Sn,102244,124377664,109311,-0.009166958784330685
C,Sr,3622,124377664,8295,-0.07916392683730236
C,Ta,2907,124377664,5739,-0.06361197887548631
C,Tb,1983,124377664,3117,-0.04078145182591478
C,Tc,3302,124377664,3663,-0.009684177096171096
C,Te,17785,124377664,20569,-0.016232545971647236
C,Th,932,124377664,1733,-0.052407533437899965
C,Ti,66990,124377664,77983,-0.019957884802706678
C,Tl,5316,124377664,6312,-0.016898292710668176
C,Tm,684,124377664,1275,-0.05127263766328383
C,Ts,0,124377664,3,-1.0
C,U,20160,124377664,21879,-0.009179316653179202
C,V,33688,124377664,39871,-0.020303685030111696
C,W,38819,124377664,44325,-0.016217650663712464
C,Xe,371,124377664,588,-0.03605887189746477
C,Y,94327,124377664,98196,-0.005357374421699982
C,Yb,2237,124377664,3286,-0.03503367604439108
C,Zn,64003,124377664,76233,-0.022863493220419858
C,Zr,99286,124377664,106659,-0.009801627722898696
Ca,Ac,1,47081,9776,-0.07010408143338837
Ca,Ag,164,47081,19086,0.23071717164572642
Ca,Al,2127,47081,82361,0.3848135953268602
Ca,Am,1,47081,380,0.10411381363659547
Ca,Ar,13,47081,4079,0.1326390690422675
Ca,As,187,47081,33552,0.2006920666251737
Ca,At,3,47081,1164,0.10944656080382047
Ca,Au,77,47081,18070,0.16945872782253454
Ca,B,1090,47081,1315877,0.06738681546790544
Ca,Ba,864,47081,15764,0.4189757986842975
Ca,Be,78,47081,3233,0.2909900894315755
Ca,Bh,0,47081,74,-1.0
Ca,Bi,243,47081,15692,0.28241653499528113
Ca,Bk,0,47081,169,-1.0
Ca,Br,621,47081,8607410,-0.13562677617083796
Ca,C,34970,47081,124377664,-0.03615416032068256
Ca,Ca,47081,47081,47081,
Ca,Cd,132,47081,7961,0.2748563863815669
Ca,Ce,182,47081,8261,0.3025792449665641
Ca,Cf,0,47081,237,-1.0
Ca,Cl,4754,47081,21906474,-0.05451683280932925
Ca,Cm,1,47081,692,0.07195729205499585
Ca,Cn,0,47081,7,-1.0
Ca,Co,226,47081,45781,0.19438874275857532
Ca,Cr,289,47081,27069,0.25752760097852273
Ca,Cs,80,47081,12307,0.19953081372236836
Ca,Cu,674,47081,67388,0.2701273421461634
Ca,Db,3,47081,105,0.24658418174312383
Ca,Ds,0,47081,11,-1.0
Ca,Dy,22,47081,2319,0.20727748823576098
Ca,Er,16,47081,2201,0.18633981929110138
Ca,Es,0,47081,359,-1.0
Ca,Eu,60,47081,5611,0.22980374327522596
Ca,F,3037,47081,25344252,-0.10812830072925862
Ca,Fe,1155,47081,81651,0.3125943007321465
Ca,Fl,0,47081,8,-1.0
Ca,Fm,0,47081,2120,-1.0
Ca,Fr,4,47081,105,0.26736863521139037
Ca,Ga,111,47081,11650,0.2316686756728332
Ca,Gd,74,47081,7718,0.22555505297424575
Ca,Ge,91,47081,47164,0.11538706607227871
Ca,H,42508,47081,124461855,-0.012671044787804207
Ca,He,1,47081,415,0.09938716406411177
Ca,Hf,25,47081,22172,0.07088722922011306
Ca,Hg,75,47081,15140,0.17966157585317596
Ca,Ho,10,47081,1848,0.16291116150786752
Ca,Hs,0,47081,69,-1.0
Ca,I,505,47081,2542800,-0.05181306741278882
Ca,In,78,47081,14006,0.18835123803557335
Ca,Ir,14,47081,169603,-0.09506936445376268
Ca,K,1531,47081,156190,0.2879452920027836
Ca,Kr,1,47081,166,0.1485429864890788
Ca,La,268,47081,8114,0.3425827191850617
Ca,Li,575,47081,117297,0.20859350621854664
Ca,Lr,0,47081,861,-1.0
Ca,Lu,29,47081,2717,0.21874344061427217
Ca,Lv,0,47081,5,-1.0
Ca,Mc,0,47081,5,-1.0
Ca,Md,0,47081,96,-1.0
Ca,Mg,2740,47081,63053,0.4424214658236318
Ca,Mn,756,47081,30915,0.3471347117106158
Ca,Mo,158,47081,20126,0.2234312365445958
Ca,Mt,0,47081,79,-1.0
Ca,N,14149,47081,110925773,-0.119569344924105
Ca,Na,3020,47081,410484,0.27935283647299713
Ca,Nb,99,47081,6672,0.26132041063396466
Ca,Nd,51,47081,5576,0.216640852803805
Ca,Ne,6,47081,225,0.25263365819011335
Ca,Nh,0,47081,8,-1.0
Ca,Ni,267,47081,50498,0.20213057547625685
Ca,No,2,47081,366,0.14884742011722282
Ca,Np,0,47081,482,-1.0
Ca,O,41308,47081,109353141,-0.00004659781756766784
Ca,Og,0,47081,1,-1.0
Ca,Os,14,47081,8718,0.09041793761376896
Ca,P,6284,47081,2503338,0.1913672007511997
Ca,Pa,1,47081,263,0.12385666218131892
Ca,Pb,418,47081,18301,0.3253995949006464
Ca,Pd,46,47081,48856,0.06163406937917954
Ca,Pm,0,47081,410,-1.0
Ca,Po,7,47081,1385,0.15534121275224083
Ca,Pr,35,47081,3784,0.2119774714018335
Ca,Pt,33,47081,143559,-0.03282387390472924
Ca,Pu,1,47081,577,0.08170721115595146
Ca,Ra,1,47081,277,0.1210743665298699
Ca,Rb,48,47081,11197,0.16444264898220773
Ca,Re,20,47081,10228,0.10506724869293183
Ca,Rf,1,47081,5242,-0.0366700966706928
Ca,Rg,0,47081,9,-1.0
Ca,Rh,17,47081,14946,0.06970964188696545
Ca,Rn,1,47081,138,0.15845333094288408
Ca,Ru,29,47081,39255,0.043891805822837054
Ca,S,12219,47081,36318993,-0.012589214779851502
Ca,Sb,120,47081,19105,0.20289368656500906
Ca,Sc,39,47081,3525,0.22546842603716025
Ca,Se,200,47081,120337,0.11101410885995776
Ca,Sg,0,47081,137,-1.0
Ca,Si,2443,47081,1825174,0.11667498291731523
Ca,Sm,39,47081,3363,0.22860971557282275
Ca,Sn,206,47081,109311,0.12069958014976871
Ca,Sr,883,47081,8295,0.4757296415165515
Ca,Ta,67,47081,5739,0.23764190358585824
Ca,Tb,16,47081,3117,0.1644113834875477
Ca,Tc,9,47081,3663,0.11385148278225544
Ca,Te,32,47081,20569,0.09325355447776372
Ca,Th,8,47081,1733,0.1511217112768371
Ca,Ti,658,47081,77983,0.25559897704472384
Ca,Tl,55,47081,6312,0.2144461628293628
Ca,Tm,8,47081,1275,0.16965357146307905
Ca,Ts,0,47081,3,-1.0
Ca,U,54,47081,21879,0.12808268474262224
Ca,V,201,47081,39871,0.19425390319909533
Ca,W,133,47081,44325,0.15068549238657258
Ca,Xe,0,47081,588,-1.0
Ca,Y,190,47081,98196,0.12194052742666664
Ca,Yb,32,47081,3286,0.2141193592828706
Ca,Zn,1360,47081,76233,0.3373741466146152
Ca,Zr,337,47081,106659,0.16564153673100776
Cd,Ac,1,7961,9776,0.025242703927993992
Cd,Ag,133,7961,19086,0.3412217564718818
Cd,Al,110,7961,82361,0.21806490065194667
Cd,Am,0,7961,380,-1.0
Cd,Ar,3,7961,4079,0.13927940516466703
Cd,As,130,7961,33552,0.29804009703775924
Cd,At,0,7961,1164,-1.0
Cd,Au,74,7961,18070,0.29018861994799194
Cd,B,171,7961,1315877,0.052587572166585904
Cd,Ba,168,7961,15764,0.3785504263104611
Cd,Be,25,7961,3233,0.31098688805574687
Cd,Bh,0,7961,74,-1.0
Cd,Bi,129,7961,15692,0.35245829042122767
Cd,Bk,0,7961,169,-1.0
Cd,Br,219,7961,8607410,-0.06948963054370313
Cd,C,4895,7961,124377664,-0.047773418765372756
Cd,Ca,132,7961,47081,0.2748563863815669
Cd,Cd,7961,7961,7961,
Cd,Ce,28,7961,8261,0.2594095571293326
Cd,Cf,0,7961,237,-1.0
Cd,Cl,748,7961,21906474,-0.05212175602881938
Cd,Cm,2,7961,692,0.21238660567919804
Cd,Cn,0,7961,7,-1.0
Cd,Co,117,7961,45781,0.26579313942566635
Cd,Cr,176,7961,27069,0.34317341220477293
Cd,Cs,24,7961,12307,0.22107408762928335
Cd,Cu,318,7961,67388,0.3340496493843054
Cd,Db,0,7961,105,-1.0
Cd,Ds,0,7961,11,-1.0
Cd,Dy,10,7961,2319,0.2577996274743333
Cd,Er,4,7961,2201,0.19403060780627454
Cd,Es,0,7961,359,-1.0
Cd,Eu,15,7961,5611,0.23435073752975571
Cd,F,373,7961,25344252,-0.11543880793120032
Cd,Fe,151,7961,81651,0.24702569786852235
Cd,Fl,0,7961,8,-1.0
Cd,Fm,0,7961,2120,-1.0
Cd,Fr,0,7961,105,-1.0
Cd,Ga,156,7961,11650,0.39328560854435257
Cd,Gd,12,7961,7718,0.1975670375825845
Cd,Ge,178,7961,47164,0.3030460239671082
Cd,H,6100,7961,124461855,-0.026726076641984328
Cd,He,3,7961,415,0.26955753444548985
Cd,Hf,9,7961,22172,0.11243857702086367
Cd,Hg,250,7961,15140,0.423397971925697
Cd,Ho,5,7961,1848,0.21993898635157325
Cd,Hs,0,7961,69,-1.0
Cd,I,163,7961,2542800,0.00023599290884919824
Cd,In,286,7961,14006,0.44414151875427815
Cd,Ir,11,7961,169603,0.0009175061388830893
Cd,K,114,7961,156190,0.1751679001209483
Cd,Kr,1,7961,166,0.24388977185046112
Cd,La,17,7961,8114,0.22078950169961611
Cd,Li,74,7961,117297,0.1597202170881103
Cd,Lr,0,7961,861,-1.0
Cd,Lu,3,7961,2717,0.1624424062818361
Cd,Lv,0,7961,5,-1.0
Cd,Mc,0,7961,5,-1.0
Cd,Md,0,7961,96,-1.0
Cd,Mg,103,7961,63053,0.23141985946105056
Cd,Mn,105,7961,30915,0.28407150164982553
Cd,Mo,55,7961,20126,0.2566621498172747
Cd,Mt,0,7961,79,-1.0
Cd,N,2590,7961,110925773,-0.09337949510330504
Cd,Na,82,7961,410484,0.0800804458853001
Cd,Nb,21,7961,6672,0.24987612099898057
Cd,Nd,14,7961,5576,0.2294196849233313
Cd,Ne,3,7961,225,0.30445554400832686
Cd,Nh,0,7961,8,-1.0
Cd,Ni,222,7961,50498,0.3196296756442545
Cd,No,0,7961,366,-1.0
Cd,Np,1,7961,482,0.1867049089724813
Cd,O,4969,7961,109353141,-0.03365358694625683
Cd,Og,0,7961,1,-1.0
Cd,Os,7,7961,8718,0.15160499109011333
Cd,P,492,7961,2503338,0.0903039181650506
Cd,Pa,0,7961,263,-1.0
Cd,Pb,339,7961,18301,0.4424283190259289
Cd,Pd,26,7961,48856,0.13779918423080345
Cd,Pm,0,7961,410,-1.0
Cd,Po,4,7961,1385,0.22087686115920835
Cd,Pr,5,7961,3784,0.17785844644924867
Cd,Pt,26,7961,143559,0.06772778138923516
Cd,Pu,3,7961,577,0.25077032459513804
Cd,Ra,0,7961,277,-1.0
Cd,Rb,12,7961,11197,0.17453539441108507
Cd,Re,19,7961,10228,0.21468893906095243
Cd,Rf,0,7961,5242,-1.0
Cd,Rg,0,7961,9,-1.0
Cd,Rh,14,7961,14946,0.167802116014107
Cd,Rn,0,7961,138,-1.0
Cd,Ru,14,7961,39255,0.10745548694066005
Cd,S,1637,7961,36318993,-0.03105074630246356
Cd,Sb,88,7961,19105,0.30204019808151805
Cd,Sc,6,7961,3525,0.19481221459241477
Cd,Se,384,7961,120337,0.30818345329421104
Cd,Sg,0,7961,137,-1.0
Cd,Si,194,7961,1825174,0.03805487075046257
Cd,Sm,11,7961,3363,0.242296217899619
Cd,Sn,252,7961,109311,0.2734857361902371
Cd,Sr,34,7961,8295,0.2753161283889796
Cd,Ta,17,7961,5739,0.24269745272387017
Cd,Tb,15,7961,3117,0.271247557820604
Cd,Tc,5,7961,3663,0.1797666717956066
Cd,Te,195,7961,20569,0.3740168175056765
Cd,Th,12,7961,1733,0.2900240687480905
Cd,Ti,63,7961,77983,0.17500462336458436
Cd,Tl,34,7961,6312,0.2933919006401398
Cd,Tm,4,7961,1275,0.22567301372110213
Cd,Ts,0,7961,3,-1.0
Cd,U,14,7961,21879,0.14398658961325642
Cd,V,38,7961,39871,0.1801249313337561
Cd,W,52,7961,44325,0.1981146032648492
Cd,Xe,2,7961,588,0.22146085242586191
Cd,Y,33,7961,98196,0.10961484063508914
Cd,Yb,8,7961,3286,0.21980667047416877
Cd,Zn,707,7961,76233,0.41207857179039914
Cd,Zr,58,7961,106659,0.146862881920444
Ce,Ac,5,8261,9776,0.11995613485389248
Ce,Ag,65,8261,19086,0.2722846212653661
Ce,Al,331,8261,82361,0.31970327280426825
Ce,Am,1,8261,380,0.19747615867105817
Ce,Ar,2,8261,4079,0.11147986507314862
Ce,As,15,8261,33552,0.11978237039802503
Ce,At,1,8261,1164,0.13742173998313004
Ce,Au,33,8261,18070,0.21894649448952108
Ce,B,244,8261,1315877,0.07824377022338055
Ce,Ba,114,8261,15764,0.3374448732247067
Ce,Be,12,8261,3233,0.2491375380960776
Ce,Bh,0,8261,74,-1.0
Ce,Bi,91,8261,15692,0.31643939274236615
Ce,Bk,1,8261,169,0.2409444723822838
Ce,Br,120,8261,8607410,-0.1125680729443175
Ce,C,4187,8261,124377664,-0.06580670789190521
Ce,Ca,182,8261,47081,0.3025792449665641
Ce,Cd,28,8261,7961,0.2594095571293326
Ce,Ce,8261,8261,8261,
Ce,Cf,1,8261,237,0.22280328374027483
Ce,Cl,703,8261,21906474,-0.060049084478243496
Ce,Cm,1,8261,692,0.16531963708945854
Ce,Cn,0,8261,7,-1.0
Ce,Co,210,8261,45781,0.31870755993584193
Ce,Cr,82,8261,27069,0.26850196128073683
Ce,Cs,23,8261,12307,0.21533663228675023
Ce,Cu,235,8261,67388,0.3006305411817835
Ce,Db,0,8261,105,-1.0
Ce,Ds,0,8261,11,-1.0
Ce,Dy,15,8261,2319,0.28748758266184726
Ce,Er,41,8261,2201,0.37771500232655275
Ce,Es,1,8261,359,0.20052590323143482
Ce,Eu,67,8261,5611,0.35976017646682745
Ce,F,598,8261,25344252,-0.08436715275095512
Ce,Fe,283,8261,81651,0.30445890253750657
Ce,Fl,0,8261,8,-1.0
Ce,Fm,0,8261,2120,-1.0
Ce,Fr,0,8261,105,-1.0
Ce,Ga,23,8261,11650,0.21887496758610386
Ce,Gd,101,8261,7718,0.37681901188954436
Ce,Ge,33,8261,47164,0.15559624546495313
Ce,H,5919,8261,124461855,-0.03338703637302773
Ce,He,0,8261,415,-1.0
Ce,Hf,40,8261,22172,0.22094720411415572
Ce,Hg,7,8261,15140,0.11632767913047394
Ce,Ho,20,8261,1848,0.3256740185342271
Ce,Hs,1,8261,69,0.2890006201623445
Ce,I,135,8261,2542800,-0.01618240436188621
Ce,In,70,8261,14006,0.30033872394340116
Ce,Ir,42,8261,169603,0.08841831283344688
Ce,K,177,8261,156190,0.21081941051372968
Ce,Kr,0,8261,166,-1.0
Ce,La,553,8261,8114,0.5626892802930862
Ce,Li,146,8261,117297,0.21471700045230774
Ce,Lr,0,8261,861,-1.0
Ce,Lu,35,8261,2717,0.3493027478989098
Ce,Lv,0,8261,5,-1.0
Ce,Mc,0,8261,5,-1.0
Ce,Md,0,8261,96,-1.0
Ce,Mg,286,8261,63053,0.3254248978162448
Ce,Mn,300,8261,30915,0.38541500673456963
Ce,Mo,163,8261,20126,0.35471259714309034
Ce,Mt,0,8261,79,-1.0
Ce,N,2203,8261,110925773,-0.11016805499511585
Ce,Na,225,8261,410484,0.15972256373690585
Ce,Nb,63,8261,6672,0.34204012254879246
Ce,Nd,198,8261,5576,0.47057721795922036
Ce,Ne,1,8261,225,0.22559074367114368
Ce,Nh,0,8261,8,-1.0
Ce,Ni,222,8261,50498,0.3168353389754178
Ce,No,0,8261,366,-1.0
Ce,Np,2,8261,482,0.23047563651019276
Ce,O,5557,8261,109353141,-0.02655766582829445
Ce,Og,0,8261,1,-1.0
Ce,Os,3,8261,8718,0.0938722328041461
Ce,P,519,8261,2503338,0.09201989842524722
Ce,Pa,3,8261,263,0.2934507824308079
Ce,Pb,37,8261,18301,0.22738034305407237
Ce,Pd,51,8261,48856,0.18740091800781683
Ce,Pm,7,8261,410,0.3325013771836512
Ce,Po,4,8261,1385,0.2187329806804012
Ce,Pr,159,8261,3784,0.4753739925424075
Ce,Pt,39,8261,143559,0.09416405642132558
Ce,Pu,9,8261,577,0.3320873312490383
Ce,Ra,1,8261,277,0.2144367115643326
Ce,Rb,23,8261,11197,0.2214328647440083
Ce,Re,12,8261,10228,0.17784853133888115
Ce,Rf,1,8261,5242,0.056692248363769904
Ce,Rg,0,8261,9,-1.0
Ce,Rh,35,8261,14946,0.23628355868577378
Ce,Rn,1,8261,138,0.2518156759773467
Ce,Ru,51,8261,39255,0.2022763496318639
Ce,S,890,8261,36318993,-0.08400469547320616
Ce,Sb,65,8261,19105,0.27221584006270033
Ce,Sc,31,8261,3525,0.3214131371790283
Ce,Se,32,8261,120337,0.0915278526539372
Ce,Sg,0,8261,137,-1.0
Ce,Si,415,8261,1825174,0.09770852214582142
Ce,Sm,71,8261,3363,0.40084727626770766
Ce,Sn,124,8261,109311,0.20546379885999158
Ce,Sr,118,8261,8295,0.3870632450052712
Ce,Ta,50,8261,5739,0.3312089851118187
Ce,Tb,109,8261,3117,0.4493419253785489
Ce,Tc,0,8261,3663,-1.0
Ce,Te,8,8261,20569,0.10682467925806358
Ce,Th,31,8261,1733,0.3681052941849905
Ce,Ti,290,8261,77983,0.3104598648417355
Ce,Tl,13,8261,6312,0.21373865334402617
Ce,Tm,7,8261,1275,0.26454271136002644
Ce,Ts,0,8261,3,-1.0
Ce,U,16,8261,21879,0.1512822477454271
Ce,V,80,8261,39871,0.23914526033311637
Ce,W,111,8261,44325,0.2606745706428517
Ce,Xe,0,8261,588,-1.0
Ce,Y,220,8261,98196,0.26573292162229506
Ce,Yb,43,8261,3286,0.3551910530864287
Ce,Zn,144,8261,76233,0.24501238834275962
Ce,Zr,457,8261,106659,0.3330595614907283
Cf,Ac,0,237,9776,-1.0
Cf,Ag,1,237,19086,0.17787916945921298
Cf,Al,1,237,82361,0.09943951652633153
Cf,Am,0,237,380,-1.0
Cf,Ar,0,237,4079,-1.0
Cf,As,0,237,33552,-1.0
Cf,At,0,237,1164,-1.0
Cf,Au,1,237,18070,0.18081374098044076
Cf,B,1,237,1315877,-0.04922289634924263
Cf,Ba,0,237,15764,-1.0
Cf,Be,0,237,3233,-1.0
Cf,Bh,0,237,74,-1.0
Cf,Bi,0,237,15692,-1.0
Cf,Bk,1,237,169,0.4314562338418896
Cf,Br,9,237,8607410,-0.03639392561391315
Cf,C,186,237,124377664,-0.017936446858076518
Cf,Ca,0,237,47081,-1.0
Cf,Cd,0,237,7961,-1.0
Cf,Ce,1,237,8261,0.22280328374027483
Cf,Cf,237,237,237,
Cf,Cl,32,237,21906474,-0.017402800612462698
Cf,Cm,5,237,692,0.48395741979030454
Cf,Cn,0,237,7,-1.0
Cf,Co,2,237,45781,0.17462128828323945
Cf,Cr,1,237,27069,0.15913324202293402
Cf,Cs,0,237,12307,-1.0
Cf,Cu,0,237,67388,-1.0
Cf,Db,0,237,105,-1.0
Cf,Ds,0,237,11,-1.0
Cf,Dy,0,237,2319,-1.0
Cf,Er,0,237,2201,-1.0
Cf,Es,0,237,359,-1.0
Cf,Eu,0,237,5611,-1.0
Cf,F,45,237,25344252,-0.004646604597275884
Cf,Fe,0,237,81651,-1.0
Cf,Fl,0,237,8,-1.0
Cf,Fm,0,237,2120,-1.0
Cf,Fr,0,237,105,-1.0
Cf,Ga,1,237,11650,0.20436172234561092
Cf,Gd,0,237,7718,-1.0
Cf,Ge,0,237,47164,-1.0
Cf,H,190,237,124461855,-0.01642682839276542
Cf,He,0,237,415,-1.0
Cf,Hf,1,237,22172,0.16983888706681038
Cf,Hg,0,237,15140,-1.0
Cf,Ho,0,237,1848,-1.0
Cf,Hs,0,237,69,-1.0
Cf,I,4,237,2542800,-0.01101231648730058
Cf,In,0,237,14006,-1.0
Cf,Ir,1,237,169603,0.06068802875803688
Cf,K,1,237,156190,0.06510781637072924
Cf,Kr,0,237,166,-1.0
Cf,La,3,237,8114,0.3004083199541866
Cf,Li,2,237,117297,0.12219916789622905
Cf,Lr,0,237,861,-1.0
Cf,Lu,0,237,2717,-1.0
Cf,Lv,0,237,5,-1.0
Cf,Mc,0,237,5,-1.0
Cf,Md,0,237,96,-1.0
Cf,Mg,0,237,63053,-1.0
Cf,Mn,0,237,30915,-1.0
Cf,Mo,0,237,20126,-1.0
Cf,Mt,0,237,79,-1.0
Cf,N,116,237,110925773,-0.04308426581227961
Cf,Na,1,237,410484,0.013271115430520205
Cf,Nb,0,237,6672,-1.0
Cf,Nd,0,237,5576,-1.0
Cf,Ne,0,237,225,-1.0
Cf,Nh,0,237,8,-1.0
Cf,Ni,0,237,50498,-1.0
Cf,No,0,237,366,-1.0
Cf,Np,0,237,482,-1.0
Cf,O,158,237,109353141,-0.020255292075166458
Cf,Og,0,237,1,-1.0
Cf,Os,0,237,8718,-1.0
Cf,P,7,237,2503338,0.02307613944126735
Cf,Pa,0,237,263,-1.0
Cf,Pb,0,237,18301,-1.0
Cf,Pd,1,237,48856,0.12745560528004327
Cf,Pm,0,237,410,-1.0
Cf,Po,0,237,1385,-1.0
Cf,Pr,0,237,3784,-1.0
Cf,Pt,0,237,143559,-1.0
Cf,Pu,0,237,577,-1.0
Cf,Ra,0,237,277,-1.0
Cf,Rb,0,237,11197,-1.0
Cf,Re,0,237,10228,-1.0
Cf,Rf,3,237,5242,0.32531368044182046
Cf,Rg,0,237,9,-1.0
Cf,Rh,0,237,14946,-1.0
Cf,Rn,0,237,138,-1.0
Cf,Ru,0,237,39255,-1.0
Cf,S,47,237,36318993,-0.02604603440789094
Cf,Sb,0,237,19105,-1.0
Cf,Sc,0,237,3525,-1.0
Cf,Se,0,237,120337,-1.0
Cf,Sg,0,237,137,-1.0
Cf,Si,14,237,1825174,0.0871384844792202
Cf,Sm,0,237,3363,-1.0
Cf,Sn,0,237,109311,-1.0
Cf,Sr,0,237,8295,-1.0
Cf,Ta,1,237,5739,0.24234460617621886
Cf,Tb,0,237,3117,-1.0
Cf,Tc,0,237,3663,-1.0
Cf,Te,0,237,20569,-1.0
Cf,Th,0,237,1733,-1.0
Cf,Ti,0,237,77983,-1.0
Cf,Tl,0,237,6312,-1.0
Cf,Tm,0,237,1275,-1.0
Cf,Ts,0,237,3,-1.0
Cf,U,0,237,21879,-1.0
Cf,V,1,237,39871,0.13835808070409075
Cf,W,0,237,44325,-1.0
Cf,Xe,0,237,588,-1.0
Cf,Y,0,237,98196,-1.0
Cf,Yb,0,237,3286,-1.0
Cf,Zn,1,237,76233,0.10358733697428485
Cf,Zr,2,237,106659,0.12749644913276556
Cl,Ac,935,21906474,9776,-0.051601659226472175
Cl,Ag,2159,21906474,19086,-0.04023208300215477
Cl,Al,13107,21906474,82361,-0.01088748141856099
Cl,Am,21,21906474,380,-0.07421183373494207
Cl,Ar,566,21906474,4079,-0.019246786415786383
Cl,As,4409,21906474,33552,-0.02841297773806765
Cl,At,68,21906474,1164,-0.07640716442045024
Cl,Au,3111,21906474,18070,-0.0019880117134101743
Cl,B,145978,21906474,1315877,-0.06823832956810053
Cl,Ba,1330,21906474,15764,-0.06414529889112164
Cl,Be,163,21906474,3233,-0.09221195338762513
Cl,Bh,5,21906474,74,-0.056155338473548984
Cl,Bi,1340,21906474,15692,-0.06313237041249922
Cl,Bk,10,21906474,169,-0.06665912733879072
Cl,Br,1537766,21906474,8607410,0.0036288149459514744
Cl,C,21879392,21906474,124377664,0.00026608244067318236
Cl,Ca,4754,21906474,47081,-0.05451683280932925
Cl,Cd,748,21906474,7961,-0.05212175602881938
Cl,Ce,703,21906474,8261,-0.060049084478243496
Cl,Cf,32,21906474,237,-0.017402800612462698
Cl,Cl,21906474,21906474,21906474,
Cl,Cm,97,21906474,692,-0.016112439550097654
Cl,Cn,0,21906474,7,-1.0
Cl,Co,6191,21906474,45781,-0.026492503677754645
Cl,Cr,4186,21906474,27069,-0.012465087625408421
Cl,Cs,3194,21906474,12307,0.03682977595451458
Cl,Cu,10565,21906474,67388,-0.012232236056202071
Cl,Db,35,21906474,105,0.042401069780968616
Cl,Ds,1,21906474,11,-0.03538820494105085
Cl,Dy,189,21906474,2319,-0.05738609837204206
Cl,Er,155,21906474,2201,-0.06729384664079151
Cl,Es,44,21906474,359,-0.02429214748904614
Cl,Eu,310,21906474,5611,-0.08971444443804653
Cl,F,4874045,21906474,25344252,0.027648806201226415
Cl,Fe,12315,21906474,81651,-0.01663374925095149
Cl,Fl,0,21906474,8,-1.0
Cl,Fm,160,21906474,2120,-0.06234684014856279
Cl,Fr,4,21906474,105,-0.08864057976086429
Cl,Ga,1179,21906474,11650,-0.047751900242431616
Cl,Gd,454,21906474,7718,-0.08744090116831424
Cl,Ge,3876,21906474,47164,-0.0732885745831634
Cl,H,21886637,21906474,124461855,0.00006742043496447943
Cl,He,24,21906474,415,-0.07191501476227044
Cl,Hf,7740,21906474,22172,0.07080168274818846
Cl,Hg,3658,21906474,15140,0.030454273499531684
Cl,Ho,162,21906474,1848,-0.05135585466164469
Cl,Hs,11,21906474,69,-0.006031715029723704
Cl,I,340123,21906474,2542800,-0.0463241971684188
Cl,In,1590,21906474,14006,-0.03882419250040334
Cl,Ir,2849,21906474,169603,-0.2197542490708922
Cl,K,25132,21906474,156190,-0.01042364636290561
Cl,Kr,9,21906474,166,-0.07155025671575312
Cl,La,442,21906474,8114,-0.09337598652500764
Cl,Li,20690,21906474,117297,0.0003655675999470986
Cl,Lr,42,21906474,861,-0.08603612477980561
Cl,Lu,152,21906474,2717,-0.0841001720317316
Cl,Lv,0,21906474,5,-1.0
Cl,Mc,0,21906474,5,-1.0
Cl,Md,4,21906474,96,-0.08344694819166107
Cl,Mg,14872,21906474,63053,0.032518012063929284
Cl,Mn,5402,21906474,30915,-0.0006203437080848262
Cl,Mo,1604,21906474,20126,-0.07027107016321547
Cl,Mt,4,21906474,79,-0.07215115342135235
Cl,N,20277317,21906474,110925773,0.021416389860742725
Cl,Na,65498,21906474,410484,-0.012856599568708922
Cl,Nb,625,21906474,6672,-0.05160159842612593
Cl,Nd,679,21906474,5576,-0.03031090969571906
Cl,Ne,14,21906474,225,-0.06491918758685317
Cl,Nh,0,21906474,8,-1.0
Cl,Ni,6431,21906474,50498,-0.032675742120979276
Cl,No,31,21906474,366,-0.04803233209475502
Cl,Np,37,21906474,482,-0.05514352330875491
Cl,O,19198868,21906474,109353141,-0.0007971904312764202
Cl,Og,0,21906474,1,-1.0
Cl,Os,1773,21906474,8718,0.013039612643289334
Cl,P,268862,21906474,2503338,-0.08030226085324141
Cl,Pa,16,21906474,263,-0.06688484780449756
Cl,Pb,1418,21906474,18301,-0.07198715880126848
Cl,Pd,14880,21906474,48856,0.060820958318768964
Cl,Pm,19,21906474,410,-0.08495603467610219
Cl,Po,117,21906474,1385,-0.05281901188394422
Cl,Pr,389,21906474,3784,-0.042338035624351684
Cl,Pt,11808,21906474,143559,-0.08200869203323075
Cl,Pu,41,21906474,577,-0.060697548022792376
Cl,Ra,6,21906474,277,-0.12428309746466773
Cl,Rb,628,21906474,11197,-0.09367284769259121
Cl,Re,1000,21906474,10228,-0.0500212993085202
Cl,Rf,193,21906474,5242,-0.11687444255823586
Cl,Rg,0,21906474,9,-1.0
Cl,Rh,2764,21906474,14946,0.004710246757515531
Cl,Rn,4,21906474,138,-0.10447977963130026
Cl,Ru,17523,21906474,39255,0.10504544749969902
Cl,S,6845558,21906474,36318993,0.023953566420962368
Cl,Sb,2945,21906474,19105,-0.01235380495263358
Cl,Sc,241,21906474,3525,-0.07180126637145523
Cl,Se,9787,21906474,120337,-0.08157252533217374
Cl,Sg,8,21906474,137,-0.06655956915549784
Cl,Si,207836,21906474,1825174,-0.06792356079043461
Cl,Sm,246,21906474,3363,-0.0667684394686766
Cl,Sn,13794,21906474,109311,-0.03641888807999518
Cl,Sr,513,21906474,8295,-0.08426374322840983
Cl,Ta,647,21906474,5739,-0.03652587715312949
Cl,Tb,178,21906474,3117,-0.08355920890798235
Cl,Tc,418,21906474,3663,-0.03429704806809353
Cl,Te,1994,21906474,20569,-0.05391848433990379
Cl,Th,149,21906474,1733,-0.05246347406467231
Cl,Ti,30461,21906474,77983,0.0959794207716836
Cl,Tl,768,21906474,6312,-0.030689817276100876
Cl,Tm,86,21906474,1275,-0.06753851312633309
Cl,Ts,0,21906474,3,-1.0
Cl,U,2980,21906474,21879,-0.023998420775171538
Cl,V,5899,21906474,39871,-0.017335430436207538
Cl,W,3704,21906474,44325,-0.07136805682035732
Cl,Xe,25,21906474,588,-0.09205306758072143
Cl,Y,6487,21906474,98196,-0.09925248529775423
Cl,Yb,171,21906474,3286,-0.09019440290005552
Cl,Zn,12539,21906474,76233,-0.0072480293035109816
Cl,Zr,64242,21906474,106659,0.1626474285697557
Cm,Ac,2,692,9776,0.20094339138796735
Cm,Ag,0,692,19086,-1.0
Cm,Al,0,692,82361,-1.0
Cm,Am,3,692,380,0.4138308581760126
Cm,Ar,0,692,4079,-1.0
Cm,As,0,692,33552,-1.0
Cm,At,0,692,1164,-1.0
Cm,Au,1,692,18070,0.12333009432962447
Cm,B,15,692,1315877,0.04512688753215414
Cm,Ba,0,692,15764,-1.0
Cm,Be,1,692,3233,0.21564733667692634
Cm,Bh,0,692,74,-1.0
Cm,Bi,2,692,15692,0.17457628535352998
Cm,Bk,2,692,169,0.4270368736891376
Cm,Br,12,692,8607410,-0.08556030288320375
Cm,C,616,692,124377664,-0.00938335459205215
Cm,Ca,1,692,47081,0.07195729205499585
Cm,Cd,2,692,7961,0.21238660567919804
Cm,Ce,1,692,8261,0.16531963708945854
Cm,Cf,5,692,237,0.48395741979030454
Cm,Cl,97,692,21906474,-0.016112439550097654
Cm,Cm,692,692,692,
Cm,Cn,0,692,7,-1.0
Cm,Co,16,692,45781,0.26102381534773444
Cm,Cr,2,692,27069,0.14419647752557735
Cm,Cs,2,692,12307,0.18811490452071844
Cm,Cu,1,692,67388,0.0527197822046277
Cm,Db,0,692,105,-1.0
Cm,Ds,0,692,11,-1.0
Cm,Dy,0,692,2319,-1.0
Cm,Er,2,692,2201,0.28402059337216556
Cm,Es,1,692,359,0.3335540180402244
Cm,Eu,0,692,5611,-1.0
Cm,F,214,692,25344252,0.03155363896474055
Cm,Fe,0,692,81651,-1.0
Cm,Fl,0,692,8,-1.0
Cm,Fm,1,692,2120,0.23828587438512644
Cm,Fr,0,692,105,-1.0
Cm,Ga,0,692,11650,-1.0
Cm,Gd,0,692,7718,-1.0
Cm,Ge,0,692,47164,-1.0
Cm,H,624,692,124461855,-0.008391443827742491
Cm,He,0,692,415,-1.0
Cm,Hf,1,692,22172,0.11235524041599411
Cm,Hg,0,692,15140,-1.0
Cm,Ho,0,692,1848,-1.0
Cm,Hs,0,692,69,-1.0
Cm,I,16,692,2542800,0.007862354890849844
Cm,In,0,692,14006,-1.0
Cm,Ir,0,692,169603,-1.0
Cm,K,10,692,156190,0.14963346002291575
Cm,Kr,0,692,166,-1.0
Cm,La,6,692,8114,0.2903095757788285
Cm,Li,0,692,117297,-1.0
Cm,Lr,0,692,861,-1.0
Cm,Lu,0,692,2717,-1.0
Cm,Lv,0,692,5,-1.0
Cm,Mc,0,692,5,-1.0
Cm,Md,0,692,96,-1.0
Cm,Mg,1,692,63053,0.05628681099228418
Cm,Mn,1,692,30915,0.0945225276500594
Cm,Mo,2,692,20126,0.1607101164777796
Cm,Mt,0,692,79,-1.0
Cm,N,431,692,110925773,-0.028416142597913585
Cm,Na,3,692,410484,0.01564635616268487
Cm,Nb,0,692,6672,-1.0
Cm,Nd,5,692,5576,0.2985220858787828
Cm,Ne,0,692,225,-1.0
Cm,Nh,0,692,8,-1.0
Cm,Ni,1,692,50498,0.06819859004850083
Cm,No,0,692,366,-1.0
Cm,Np,0,692,482,-1.0
Cm,O,474,692,109353141,-0.019867950522305267
Cm,Og,0,692,1,-1.0
Cm,Os,1,692,8718,0.16243108191086372
Cm,P,19,692,2503338,0.019893513644840776
Cm,Pa,0,692,263,-1.0
Cm,Pb,1,692,18301,0.12264864393688164
Cm,Pd,1,692,48856,0.06997195862922698
Cm,Pm,0,692,410,-1.0
Cm,Po,0,692,1385,-1.0
Cm,Pr,0,692,3784,-1.0
Cm,Pt,0,692,143559,-1.0
Cm,Pu,18,692,577,0.5481516296744631
Cm,Ra,0,692,277,-1.0
Cm,Rb,1,692,11197,0.14900571306733645
Cm,Re,0,692,10228,-1.0
Cm,Rf,3,692,5242,0.2642299582055527
Cm,Rg,0,692,9,-1.0
Cm,Rh,0,692,14946,-1.0
Cm,Rn,0,692,138,-1.0
Cm,Ru,2,692,39255,0.12348651642357665
Cm,S,114,692,36318993,-0.04104517566911272
Cm,Sb,0,692,19105,-1.0
Cm,Sc,1,692,3525,0.2110085241843201
Cm,Se,0,692,120337,-1.0
Cm,Sg,0,692,137,-1.0
Cm,Si,10,692,1825174,-0.0008357052291275553
Cm,Sm,1,692,3363,0.21353243288439222
Cm,Sn,0,692,109311,-1.0
Cm,Sr,0,692,8295,-1.0
Cm,Ta,0,692,5739,-1.0
Cm,Tb,1,692,3117,0.217607554117358
Cm,Tc,0,692,3663,-1.0
Cm,Te,0,692,20569,-1.0
Cm,Th,0,692,1733,-1.0
Cm,Ti,0,692,77983,-1.0
Cm,Tl,0,692,6312,-1.0
Cm,Tm,0,692,1275,-1.0
Cm,Ts,0,692,3,-1.0
Cm,U,3,692,21879,0.1827779787862647
Cm,V,0,692,39871,-1.0
Cm,W,6,692,44325,0.18953322666683706
Cm,Xe,0,692,588,-1.0
Cm,Y,9,692,98196,0.17049189980782609
Cm,Yb,0,692,3286,-1.0
Cm,Zn,1,692,76233,0.046103690323468546
Cm,Zr,1,692,106659,0.028086909952164216
Cn,Ac,0,7,9776,-1.0
Cn,Ag,0,7,19086,-1.0
Cn,Al,0,7,82361,-1.0
Cn,Am,0,7,380,-1.0
Cn,Ar,0,7,4079,-1.0
Cn,As,0,7,33552,-1.0
Cn,At,0,7,1164,-1.0
Cn,Au,0,7,18070,-1.0
Cn,B,0,7,1315877,-1.0
Cn,Ba,0,7,15764,-1.0
Cn,Be,0,7,3233,-1.0
Cn,Bh,0,7,74,-1.0
Cn,Bi,0,7,15692,-1.0
Cn,Bk,0,7,169,-1.0
Cn,Br,0,7,8607410,-1.0
Cn,C,0,7,124377664,-1.0
Cn,Ca,0,7,47081,-1.0
Cn,Cd,0,7,7961,-1.0
Cn,Ce,0,7,8261,-1.0
Cn,Cf,0,7,237,-1.0
Cn,Cl,0,7,21906474,-1.0
Cn,Cm,0,7,692,-1.0
Cn,Cn,7,7,7,
Cn,Co,0,7,45781,-1.0
Cn,Cr,0,7,27069,-1.0
Cn,Cs,0,7,12307,-1.0
Cn,Cu,0,7,67388,-1.0
Cn,Db,0,7,105,-1.0
Cn,Ds,0,7,11,-1.0
Cn,Dy,0,7,2319,-1.0
Cn,Er,0,7,2201,-1.0
Cn,Es,0,7,359,-1.0
Cn,Eu,0,7,5611,-1.0
Cn,F,0,7,25344252,-1.0
Cn,Fe,0,7,81651,-1.0
Cn,Fl,0,7,8,-1.0
Cn,Fm,0,7,2120,-1.0
Cn,Fr,0,7,105,-1.0
Cn,Ga,0,7,11650,-1.0
Cn,Gd,0,7,7718,-1.0
Cn,Ge,0,7,47164,-1.0
Cn,H,0,7,124461855,-1.0
Cn,He,0,7,415,-1.0
Cn,Hf,0,7,22172,-1.0
Cn,Hg,0,7,15140,-1.0
Cn,Ho,0,7,1848,-1.0
Cn,Hs,0,7,69,-1.0
Cn,I,0,7,2542800,-1.0
Cn,In,0,7,14006,-1.0
Cn,Ir,0,7,169603,-1.0
Cn,K,0,7,156190,-1.0
Cn,Kr,0,7,166,-1.0
Cn,La,0,7,8114,-1.0
Cn,Li,0,7,117297,-1.0
Cn,Lr,0,7,861,-1.0
Cn,Lu,0,7,2717,-1.0
Cn,Lv,0,7,5,-1.0
Cn,Mc,0,7,5,-1.0
Cn,Md,0,7,96,-1.0
Cn,Mg,0,7,63053,-1.0
Cn,Mn,0,7,30915,-1.0
Cn,Mo,0,7,20126,-1.0
Cn,Mt,0,7,79,-1.0
Cn,N,0,7,110925773,-1.0
Cn,Na,0,7,410484,-1.0
Cn,Nb,0,7,6672,-1.0
Cn,Nd,0,7,5576,-1.0
Cn,Ne,0,7,225,-1.0
Cn,Nh,0,7,8,-1.0
Cn,Ni,0,7,50498,-1.0
Cn,No,0,7,366,-1.0
Cn,Np,0,7,482,-1.0
Cn,O,0,7,109353141,-1.0
Cn,Og,0,7,1,-1.0
Cn,Os,0,7,8718,-1.0
Cn,P,0,7,2503338,-1.0
Cn,Pa,0,7,263,-1.0
Cn,Pb,0,7,18301,-1.0
Cn,Pd,0,7,48856,-1.0
Cn,Pm,0,7,410,-1.0
Cn,Po,0,7,1385,-1.0
Cn,Pr,0,7,3784,-1.0
Cn,Pt,0,7,143559,-1.0
Cn,Pu,0,7,577,-1.0
Cn,Ra,0,7,277,-1.0
Cn,Rb,0,7,11197,-1.0
Cn,Re,0,7,10228,-1.0
Cn,Rf,0,7,5242,-1.0
Cn,Rg,0,7,9,-1.0
Cn,Rh,0,7,14946,-1.0
Cn,Rn,0,7,138,-1.0
Cn,Ru,0,7,39255,-1.0
Cn,S,0,7,36318993,-1.0
Cn,Sb,0,7,19105,-1.0
Cn,Sc,0,7,3525,-1.0
Cn,Se,0,7,120337,-1.0
Cn,Sg,0,7,137,-1.0
Cn,Si,0,7,1825174,-1.0
Cn,Sm,0,7,3363,-1.0
Cn,Sn,0,7,109311,-1.0
Cn,Sr,0,7,8295,-1.0
Cn,Ta,0,7,5739,-1.0
Cn,Tb,0,7,3117,-1.0
Cn,Tc,0,7,3663,-1.0
Cn,Te,0,7,20569,-1.0
Cn,Th,0,7,1733,-1.0
Cn,Ti,0,7,77983,-1.0
Cn,Tl,0,7,6312,-1.0
Cn,Tm,0,7,1275,-1.0
Cn,Ts,0,7,3,-1.0
Cn,U,0,7,21879,-1.0
Cn,V,0,7,39871,-1.0
Cn,W,0,7,44325,-1.0
Cn,Xe,0,7,588,-1.0
Cn,Y,0,7,98196,-1.0
Cn,Yb,0,7,3286,-1.0
Cn,Zn,0,7,76233,-1.0
Cn,Zr,0,7,106659,-1.0
Co,Ac,19,45781,9776,0.10611951557896139
Co,Ag,159,45781,19086,0.22997257583312652
Co,Al,952,45781,82361,0.29270206228722023
Co,Am,0,45781,380,-1.0
Co,Ar,12,45781,4079,0.1287605977482111
Co,As,96,45781,33552,0.14580691153122344
Co,At,0,45781,1164,-1.0
Co,Au,131,45781,18070,0.21663819915180862
Co,B,1202,45781,1315877,0.07885126676409568
Co,Ba,179,45781,15764,0.25501915713237183
Co,Be,42,45781,3233,0.23924344876048353
Co,Bh,0,45781,74,-1.0
Co,Bi,213,45781,15692,0.27179975824710323
Co,Bk,0,45781,169,-1.0
Co,Br,1474,45781,8607410,-0.06729871679096662
Co,C,36555,45781,124377664,-0.02745911258654915
Co,Ca,226,45781,47081,0.19438874275857532
Co,Cd,117,45781,7961,0.26579313942566635
Co,Ce,210,45781,8261,0.31870755993584193
Co,Cf,2,45781,237,0.17462128828323945
Co,Cl,6191,45781,21906474,-0.026492503677754645
Co,Cm,16,45781,692,0.26102381534773444
Co,Cn,0,45781,7,-1.0
Co,Co,45781,45781,45781,
Co,Cr,849,45781,27069,0.373793394715176
Co,Cs,51,45781,12307,0.1647194876547053
Co,Cu,986,45781,67388,0.313644453317434
Co,Db,0,45781,105,-1.0
Co,Ds,0,45781,11,-1.0
Co,Dy,64,45781,2319,0.2982326157635079
Co,Er,23,45781,2201,0.2159127605663143
Co,Es,1,45781,359,0.108665680731077
Co,Eu,26,45781,5611,0.16476719423363695
Co,F,2918,45781,25344252,-0.10884574416794247
Co,Fe,1905,45781,81651,0.3743529786523043
Co,Fl,0,45781,8,-1.0
Co,Fm,0,45781,2120,-1.0
Co,Fr,3,45781,105,0.24818037893978864
Co,Ga,88,45781,11650,0.21345351064328455
Co,Gd,90,45781,7718,0.24450006118669743
Co,Ge,129,45781,47164,0.14566254474780146
Co,H,40391,45781,124461855,-0.015463820465784537
Co,He,2,45781,415,0.14340680481604803
Co,Hf,64,45781,22172,0.14233227426170508
Co,Hg,62,45781,15140,0.16611873731396176
Co,Ho,21,45781,1848,0.22002881851231262
Co,Hs,0,45781,69,-1.0
Co,I,676,45781,2542800,-0.026696275335227962
Co,In,110,45781,14006,0.21966544531386123
Co,Ir,127,45781,169603,0.0515991696854111
Co,K,556,45781,156190,0.1843256302339939
Co,Kr,1,45781,166,0.15004510902318366
Co,La,263,45781,8114,0.3427905164748637
Co,Li,1067,45781,117297,0.2750317559851384
Co,Lr,0,45781,861,-1.0
Co,Lu,6,45781,2717,0.10644005943412448
Co,Lv,0,45781,5,-1.0
Co,Mc,0,45781,5,-1.0
Co,Md,0,45781,96,-1.0
Co,Mg,421,45781,63053,0.23018205141165665
Co,Mn,1645,45781,30915,0.4428474348424289
Co,Mo,733,45781,20126,0.38164399961902457
Co,Mt,0,45781,79,-1.0
Co,N,27856,45781,110925773,-0.04528572652552542
Co,Na,1331,45781,410484,0.190227243073654
Co,Nb,173,45781,6672,0.3155964300592199
Co,Nd,80,45781,5576,0.2570190859386023
Co,Ne,0,45781,225,-1.0
Co,Nh,0,45781,8,-1.0
Co,Ni,2827,45781,50498,0.4700202886602711
Co,No,3,45781,366,0.17699815202420766
Co,Np,3,45781,482,0.16130370301837654
Co,O,32623,45781,109353141,-0.025268871035080076
Co,Og,0,45781,1,-1.0
Co,Os,37,45781,8718,0.16279068756885792
Co,P,5245,45781,2503338,0.172775851023637
Co,Pa,0,45781,263,-1.0
Co,Pb,126,45781,18301,0.21228819277055083
Co,Pd,234,45781,48856,0.19473310371167646
Co,Pm,7,45781,410,0.22993401020584245
Co,Po,6,45781,1385,0.14643277392423226
Co,Pr,65,45781,3784,0.2657763167718577
Co,Pt,350,45781,143559,0.14804033549595344
Co,Pu,9,45781,577,0.22795235643515946
Co,Ra,1,45781,277,0.12257648906397478
Co,Rb,33,45781,11197,0.13748094921747125
Co,Re,172,45781,10228,0.28336973347322963
Co,Rf,2,45781,5242,0.002094867582541624
Co,Rg,0,45781,9,-1.0
Co,Rh,150,45781,14946,0.2426536847255651
Co,Rn,0,45781,138,-1.0
Co,Ru,271,45781,39255,0.22496549570907978
Co,S,6140,45781,36318993,-0.07827852814113832
Co,Sb,167,45781,19105,0.23436404953565765
Co,Sc,44,45781,3525,0.23730351562033034
Co,Se,232,45781,120337,0.12563439625403422
Co,Sg,0,45781,137,-1.0
Co,Si,1798,45781,1825174,0.08847513323782635
Co,Sm,118,45781,3363,0.32869894300693775
Co,Sn,306,45781,109311,0.15719978146280156
Co,Sr,233,45781,8295,0.3287873408378242
Co,Ta,185,45781,5739,0.33339531188428445
Co,Tb,81,45781,3117,0.2989405025425688
Co,Tc,9,45781,3663,0.1155543252966611
Co,Te,47,45781,20569,0.12356106897087678
Co,Th,32,45781,1733,0.2581276822737955
Co,Ti,575,45781,77983,0.24409838194943267
Co,Tl,17,45781,6312,0.1260121336423315
Co,Tm,11,45781,1275,0.19430972118978684
Co,Ts,0,45781,3,-1.0
Co,U,31,45781,21879,0.08875212476533098
Co,V,314,45781,39871,0.2377522121649125
Co,W,497,45781,44325,0.2749525550670654
Co,Xe,0,45781,588,-1.0
Co,Y,178,45781,98196,0.11858244272224501
Co,Yb,19,45781,3286,0.17558006919160477
Co,Zn,835,45781,76233,0.2849627915728139
Co,Zr,337,45781,106659,0.16782557586299401
Cr,Ac,5,27069,9776,0.050269276350750215
Cr,Ag,161,27069,19086,0.26986119011513354
Cr,Al,988,27069,82361,0.3415287445429453
Cr,Am,1,27069,380,0.13380611695371733
Cr,Ar,3,27069,4079,0.06951312591104057
Cr,As,162,27069,33552,0.22881632569226476
Cr,At,0,27069,1164,-1.0
Cr,Au,138,27069,18070,0.25957568620811344
Cr,B,590,27069,1315877,0.059092410632583754
Cr,Ba,153,27069,15764,0.27915619598187447
Cr,Be,45,27069,3233,0.28043154988761254
Cr,Bh,0,27069,74,-1.0
Cr,Bi,99,27069,15692,0.23983645723593083
Cr,Bk,1,27069,169,0.17727443066494297
Cr,Br,401,27069,8607410,-0.12175505283213711
Cr,C,19537,27069,124377664,-0.03702761155714144
Cr,Ca,289,27069,47081,0.25752760097852273
Cr,Cd,176,27069,7961,0.34317341220477293
Cr,Ce,82,27069,8261,0.26850196128073683
Cr,Cf,1,27069,237,0.15913324202293402
Cr,Cl,4186,27069,21906474,-0.012465087625408421
Cr,Cm,2,27069,692,0.14419647752557735
Cr,Cn,0,27069,7,-1.0
Cr,Co,849,27069,45781,0.373793394715176
Cr,Cr,27069,27069,27069,
Cr,Cs,63,27069,12307,0.21794254181834324
Cr,Cu,943,27069,67388,0.35324126558987184
Cr,Db,0,27069,105,-1.0
Cr,Ds,0,27069,11,-1.0
Cr,Dy,27,27069,2319,0.25945995155130386
Cr,Er,20,27069,2201,0.23863862792667948
Cr,Es,1,27069,359,0.13685586151409398
Cr,Eu,22,27069,5611,0.18604769065547155
Cr,F,1425,27069,25344252,-0.11879722650481248
Cr,Fe,1241,27069,81651,0.368837681708183
Cr,Fl,0,27069,8,-1.0
Cr,Fm,0,27069,2120,-1.0
Cr,Fr,0,27069,105,-1.0
Cr,Ga,57,27069,11650,0.21335038840514922
Cr,Gd,22,27069,7718,0.16554371950404806
Cr,Ge,91,27069,47164,0.15455855575554978
Cr,H,22965,27069,124461855,-0.019002014919858895
Cr,He,2,27069,415,0.17268572044242927
Cr,Hf,89,27069,22172,0.2060811723057481
Cr,Hg,104,27069,15140,0.2467597095313383
Cr,Ho,20,27069,1848,0.24981216934582762
Cr,Hs,0,27069,69,-1.0
Cr,I,217,27069,2542800,-0.0704710140945926
Cr,In,65,27069,14006,0.21163444827093314
Cr,Ir,34,27069,169603,-0.005323915009565923
Cr,K,609,27069,156190,0.23611462240142456
Cr,Kr,1,27069,166,0.17823528980620065
Cr,La,136,27069,8114,0.31656000952456037
Cr,Li,355,27069,117297,0.2062935670475678
Cr,Lr,0,27069,861,-1.0
Cr,Lu,15,27069,2717,0.20305405135818738
Cr,Lv,0,27069,5,-1.0
Cr,Mc,0,27069,5,-1.0
Cr,Md,0,27069,96,-1.0
Cr,Mg,379,27069,63053,0.26137091300703835
Cr,Mn,796,27069,30915,0.39921556791619045
Cr,Mo,680,27069,20126,0.416449106036877
Cr,Mt,0,27069,79,-1.0
Cr,N,11876,27069,110925773,-0.07644077063619073
Cr,Na,2084,27069,410484,0.28652489208239423
Cr,Nb,253,27069,6672,0.3938389109742173
Cr,Nd,56,27069,5576,0.2622966656258211
Cr,Ne,0,27069,225,-1.0
Cr,Nh,0,27069,8,-1.0
Cr,Ni,1186,27069,50498,0.40503058461030655
Cr,No,0,27069,366,-1.0
Cr,Np,3,27069,482,0.19125937342321386
Cr,O,19429,27069,109353141,-0.0229502745564674
Cr,Og,0,27069,1,-1.0
Cr,Os,22,27069,8718,0.15770844091113767
Cr,P,2310,27069,2503338,0.13273845050409214
Cr,Pa,0,27069,263,-1.0
Cr,Pb,263,27069,18301,0.320761407733285
Cr,Pd,104,27069,48856,0.16305543328356492
Cr,Pm,7,27069,410,0.2614100129722326
Cr,Po,5,27069,1385,0.16501411504110577
Cr,Pr,17,27069,3784,0.19162420126067967
Cr,Pt,194,27069,143559,0.13667762004137787
Cr,Pu,4,27069,577,0.2006950730199723
Cr,Ra,0,27069,277,-1.0
Cr,Rb,42,27069,11197,0.19114830286867177
Cr,Re,84,27069,10228,0.2556223500808414
Cr,Rf,1,27069,5242,-0.006977793353570927
Cr,Rg,0,27069,9,-1.0
Cr,Rh,58,27069,14946,0.19771020735633854
Cr,Rn,0,27069,138,-1.0
Cr,Ru,63,27069,39255,0.13793435044443356
Cr,S,4797,27069,36318993,-0.048964802307274215
Cr,Sb,162,27069,19105,0.27036793960828803
Cr,Sc,47,27069,3525,0.2783497766723313
Cr,Se,187,27069,120337,0.14672112183657457
Cr,Sg,0,27069,137,-1.0
Cr,Si,1919,27069,1825174,0.1422945559434659
Cr,Sm,26,27069,3363,0.23220615426340208
Cr,Sn,242,27069,109311,0.17650892976087731
Cr,Sr,129,27069,8295,0.3099107014743996
Cr,Ta,159,27069,5739,0.35723438943697455
Cr,Tb,39,27069,3117,0.2706370905655999
Cr,Tc,9,27069,3663,0.1475113975302574
Cr,Te,58,27069,20569,0.1758076414662627
Cr,Th,18,27069,1733,0.24553088670010098
Cr,Ti,709,27069,77983,0.30919083385663054
Cr,Tl,29,27069,6312,0.19979238994648263
Cr,Tm,12,27069,1275,0.23326819389225742
Cr,Ts,0,27069,3,-1.0
Cr,U,24,27069,21879,0.10471541163646651
Cr,V,413,27069,39871,0.3062856065191838
Cr,W,303,27069,44325,0.26679589760445976
Cr,Xe,0,27069,588,-1.0
Cr,Y,146,27069,98196,0.14082776748275186
Cr,Yb,12,27069,3286,0.17466787606408024
Cr,Zn,571,27069,76233,0.2879839475509481
Cr,Zr,326,27069,106659,0.2056922990524666
Cs,Ac,12,12307,9776,0.15597231947688903
Cs,Ag,55,12307,19086,0.23051912160454083
Cs,Al,163,12307,82361,0.22126969081927436
Cs,Am,1,12307,380,0.17609143969235125
Cs,Ar,8,12307,4079,0.1804496977174054
Cs,As,29,12307,33552,0.1420166268148959
Cs,At,0,12307,1164,-1.0
Cs,Au,48,12307,18070,0.22288091115726563
Cs,B,1362,12307,1315877,0.2056496326953716
Cs,Ba,63,12307,15764,0.25523615069653716
Cs,Be,24,12307,3233,0.2793534947876577
Cs,Bh,0,12307,74,-1.0
Cs,Bi,46,12307,15692,0.2288934272058046
Cs,Bk,0,12307,169,-1.0
Cs,Br,2390,12307,8607410,0.09515496605389494
Cs,C,10241,12307,124377664,-0.019355915844294445
Cs,Ca,80,12307,47081,0.19953081372236836
Cs,Cd,24,12307,7961,0.22107408762928335
Cs,Ce,23,12307,8261,0.21533663228675023
Cs,Cf,0,12307,237,-1.0
Cs,Cl,3194,12307,21906474,0.03682977595451458
Cs,Cm,2,12307,692,0.18811490452071844
Cs,Cn,0,12307,7,-1.0
Cs,Co,51,12307,45781,0.1647194876547053
Cs,Cr,63,12307,27069,0.21794254181834324
Cs,Cs,12307,12307,12307,
Cs,Cu,145,12307,67388,0.22549519268588314
Cs,Db,0,12307,105,-1.0
Cs,Ds,0,12307,11,-1.0
Cs,Dy,15,12307,2319,0.2624680948196037
Cs,Er,2,12307,2201,0.12364417128060474
Cs,Es,4,12307,359,0.27387945728807234
Cs,Eu,14,12307,5611,0.20180530250795953
Cs,F,3607,12307,25344252,0.03494566154945479
Cs,Fe,101,12307,81651,0.18021008076061604
Cs,Fl,0,12307,8,-1.0
Cs,Fm,9,12307,2120,0.2287047506730866
Cs,Fr,3,12307,105,0.3230696097453381
Cs,Ga,31,12307,11650,0.21658668139394785
Cs,Gd,6,12307,7718,0.12244561722379513
Cs,Ge,38,12307,47164,0.13989315299437377
Cs,H,11097,12307,124461855,-0.01098746277170056
Cs,He,2,12307,415,0.21660414743757037
Cs,Hf,13,12307,22172,0.1107874795879535
Cs,Hg,23,12307,15140,0.1762658108964058
Cs,Ho,3,12307,1848,0.1595813040354487
Cs,Hs,0,12307,69,-1.0
Cs,I,903,12307,2542800,0.10811797223006366
Cs,In,43,12307,14006,0.23096254364972105
Cs,Ir,39,12307,169603,0.05641698078038376
Cs,K,489,12307,156190,0.27764268928236074
Cs,Kr,0,12307,166,-1.0
Cs,La,35,12307,8114,0.2503523407695441
Cs,Li,398,12307,117297,0.2794827288833359
Cs,Lr,0,12307,861,-1.0
Cs,Lu,4,12307,2717,0.1565771955681258
Cs,Lv,0,12307,5,-1.0
Cs,Mc,0,12307,5,-1.0
Cs,Md,0,12307,96,-1.0
Cs,Mg,112,12307,63053,0.20753989447210727
Cs,Mn,105,12307,30915,0.2529263744026667
Cs,Mo,50,12307,20126,0.21895390367797662
Cs,Mt,0,12307,79,-1.0
Cs,N,7507,12307,110925773,-0.03891873397127788
Cs,Na,748,12307,410484,0.24244271543636098
Cs,Nb,27,12307,6672,0.24195796595968438
Cs,Nd,9,12307,5576,0.16989325375652906
Cs,Ne,1,12307,225,0.20420602469243673
Cs,Nh,0,12307,8,-1.0
Cs,Ni,40,12307,50498,0.13923543532449761
Cs,No,0,12307,366,-1.0
Cs,Np,0,12307,482,-1.0
Cs,O,10259,12307,109353141,-0.005483774562435849
Cs,Og,0,12307,1,-1.0
Cs,Os,51,12307,8718,0.2774744197152803
Cs,P,991,12307,2503338,0.11822602151465093
Cs,Pa,0,12307,263,-1.0
Cs,Pb,160,12307,18301,0.3304794448592132
Cs,Pd,312,12307,48856,0.32323865992097806
Cs,Pm,1,12307,410,0.17201505910671874
Cs,Po,3,12307,1385,0.17602213954699877
Cs,Pr,9,12307,3784,0.1934706270825419
Cs,Pt,27,12307,143559,0.041965316951222215
Cs,Pu,3,12307,577,0.2259376057422238
Cs,Ra,2,12307,277,0.23912893278941594
Cs,Rb,141,12307,11197,0.35407892214094605
Cs,Re,16,12307,10228,0.17408139850212662
Cs,Rf,2,12307,5242,0.07529221020406397
Cs,Rg,0,12307,9,-1.0
Cs,Rh,15,12307,14946,0.1455178575951269
Cs,Rn,0,12307,138,-1.0
Cs,Ru,44,12307,39255,0.16349683204151136
Cs,S,3304,12307,36318993,-0.007815096033158915
Cs,Sb,72,12307,19105,0.2535229776052354
Cs,Sc,12,12307,3525,0.2191113115355065
Cs,Se,51,12307,120337,0.09901507491023878
Cs,Sg,0,12307,137,-1.0
Cs,Si,496,12307,1825174,0.08138998604143614
Cs,Sm,8,12307,3363,0.19210463167098432
Cs,Sn,99,12307,109311,0.15775805687978187
Cs,Sr,52,12307,8295,0.28254907217260106
Cs,Ta,21,12307,5739,0.2316035699296376
Cs,Tb,6,12307,3117,0.17625868905851927
Cs,Tc,7,12307,3663,0.177451264278291
Cs,Te,29,12307,20569,0.17405380266249024
Cs,Th,9,12307,1733,0.24096275084651467
Cs,Ti,61,12307,77983,0.1424147158718443
Cs,Tl,21,12307,6312,0.22550152198529463
Cs,Tm,2,12307,1275,0.154064513736084
Cs,Ts,0,12307,3,-1.0
Cs,U,73,12307,21879,0.24528002715966873
Cs,V,87,12307,39871,0.21835591183164235
Cs,W,122,12307,44325,0.24047436720238752
Cs,Xe,3,12307,588,0.22486105992597907
Cs,Y,54,12307,98196,0.11718029535368693
Cs,Yb,4,12307,3286,0.1455571388306169
Cs,Zn,72,12307,76233,0.1571809294080422
Cs,Zr,39,12307,106659,0.0873860979825706
Cu,Ac,20,67388,9776,0.0850351122883607
Cu,Ag,850,67388,19086,0.3708051091015396
Cu,Al,1440,67388,82361,0.3057530541206066
Cu,Am,0,67388,380,-1.0
Cu,Ar,25,67388,4079,0.15741365857529366
Cu,As,346,67388,33552,0.23041082542193345
Cu,At,2,67388,1164,0.06440159915323458
Cu,Au,478,67388,18070,0.3119186417352564
Cu,B,2605,67388,1315877,0.1204123691879671
Cu,Ba,505,67388,15764,0.3287204764355778
Cu,Be,114,67388,3233,0.30043461925862697
Cu,Bh,0,67388,74,-1.0
Cu,Bi,507,67388,15692,0.32951242615876153
Cu,Bk,1,67388,169,0.12834461749745296
Cu,Br,4043,67388,8607410,-0.013649749126103143
Cu,C,55369,67388,124377664,-0.025230383994854153
Cu,Ca,674,67388,47081,0.2701273421461634
Cu,Cd,318,67388,7961,0.3340496493843054
Cu,Ce,235,67388,8261,0.3006305411817835
Cu,Cf,0,67388,237,-1.0
Cu,Cl,10565,67388,21906474,-0.012232236056202071
Cu,Cm,1,67388,692,0.0527197822046277
Cu,Cn,0,67388,7,-1.0
Cu,Co,986,67388,45781,0.313644453317434
Cu,Cr,943,67388,27069,0.35324126558987184
Cu,Cs,145,67388,12307,0.22549519268588314
Cu,Cu,67388,67388,67388,
Cu,Db,0,67388,105,-1.0
Cu,Ds,0,67388,11,-1.0
Cu,Dy,61,67388,2319,0.2673354741648585
Cu,Er,36,67388,2201,0.22641691321545007
Cu,Es,0,67388,359,-1.0
Cu,Eu,36,67388,5611,0.1642653373386509
Cu,F,6692,67388,25344252,-0.07293465267728604
Cu,Fe,1920,67388,81651,0.3404357260950764
Cu,Fl,0,67388,8,-1.0
Cu,Fm,13,67388,2120,0.1510420296832645
Cu,Fr,0,67388,105,-1.0
Cu,Ga,391,67388,11650,0.3257586608955478
Cu,Gd,109,67388,7718,0.23387374254759777
Cu,Ge,261,67388,47164,0.17784053151288015
Cu,H,60556,67388,124461855,-0.013877612390612913
Cu,He,1,67388,415,0.08014965421374365
Cu,Hf,48,67388,22172,0.0939058242731577
Cu,Hg,149,67388,15140,0.21274836831797284
Cu,Ho,26,67388,1848,0.21183562718042775
Cu,Hs,0,67388,69,-1.0
Cu,I,2723,67388,2542800,0.0636493453143084
Cu,In,617,67388,14006,0.3601882573453065
Cu,Ir,318,67388,169603,0.09652896380187762
Cu,K,1157,67388,156190,0.2258634617792037
Cu,Kr,1,67388,166,0.12930547663871064
Cu,La,229,67388,8114,0.2994429576735786
Cu,Li,1873,67388,117297,0.30482404328008833
Cu,Lr,0,67388,861,-1.0
Cu,Lu,11,67388,2717,0.12392829847587845
Cu,Lv,0,67388,5,-1.0
Cu,Mc,0,67388,5,-1.0
Cu,Md,0,67388,96,-1.0
Cu,Mg,1014,67388,63053,0.28946789710652127
Cu,Mn,1283,67388,30915,0.3779545784339634
Cu,Mo,661,67388,20126,0.3380564329205168
Cu,Mt,0,67388,79,-1.0
Cu,N,43552,67388,110925773,-0.04025094613544883
Cu,Na,3178,67388,410484,0.25161626722880004
Cu,Nb,196,67388,6672,0.29895415633303696
Cu,Nd,108,67388,5576,0.25634847892514406
Cu,Ne,3,67388,225,0.1826950839618402
Cu,Nh,0,67388,8,-1.0
Cu,Ni,1825,67388,50498,0.37749370188656084
Cu,No,2,67388,366,0.1288669371218837
Cu,Np,8,67388,482,0.20673807798846885
Cu,O,45840,67388,109353141,-0.0322309187796381
Cu,Og,0,67388,1,-1.0
Cu,Os,89,67388,8718,0.20759069285978543
Cu,P,6196,67388,2503338,0.15348206315306645
Cu,Pa,0,67388,263,-1.0
Cu,Pb,599,67388,18301,0.3350567959191467
Cu,Pd,560,67388,48856,0.24800740993345943
Cu,Pm,10,67388,410,0.23312222219419668
Cu,Po,5,67388,1385,0.11146043618652762
Cu,Pr,47,67388,3784,0.2118891007103236
Cu,Pt,695,67388,143559,0.1811845827752881
Cu,Pu,10,67388,577,0.21220863451595792
Cu,Ra,2,67388,277,0.1443909710643448
Cu,Rb,52,67388,11197,0.14637558735604964
Cu,Re,79,67388,10228,0.18631199233834997
Cu,Rf,3,67388,5242,0.0032188437687054048
Cu,Rg,0,67388,9,-1.0
Cu,Rh,64,67388,14946,0.14287010824029914
Cu,Rn,0,67388,138,-1.0
Cu,Ru,228,67388,39255,0.17968273778186122
Cu,S,17712,67388,36318993,-0.01168849348348432
Cu,Sb,308,67388,19105,0.2629427807573802
Cu,Sc,48,67388,3525,0.2184171963543669
Cu,Se,859,67388,120337,0.21708704316074903
Cu,Sg,0,67388,137,-1.0
Cu,Si,2419,67388,1825174,0.08260664016078295
Cu,Sm,89,67388,3363,0.274900145681071
Cu,Sn,1025,67388,109311,0.2436612259051358
Cu,Sr,251,67388,8295,0.3068494819688124
Cu,Ta,104,67388,5739,0.250902098874664
Cu,Tb,50,67388,3117,0.23014599004914926
Cu,Tc,20,67388,3663,0.14778106434454438
Cu,Te,166,67388,20569,0.19978188114157494
Cu,Th,25,67388,1733,0.2129198754381497
Cu,Ti,749,67388,77983,0.23929902933150712
Cu,Tl,64,67388,6312,0.20239309938586625
Cu,Tm,8,67388,1275,0.14800056398970687
Cu,Ts,0,67388,3,-1.0
Cu,U,89,67388,21879,0.1425720285431259
Cu,V,349,67388,39871,0.2177456231835721
Cu,W,364,67388,44325,0.21345676825957555
Cu,Xe,3,67388,588,0.12793331873240668
Cu,Y,252,67388,98196,0.11875576081923876
Cu,Yb,32,67388,3286,0.19048824021458657
Cu,Zn,2382,67388,76233,0.3733564269247456
Cu,Zr,387,67388,106659,0.15008099050937806
Db,Ac,0,105,9776,-1.0
Db,Ag,0,105,19086,-1.0
Db,Al,0,105,82361,-1.0
Db,Am,0,105,380,-1.0
Db,Ar,0,105,4079,-1.0
Db,As,0,105,33552,-1.0
Db,At,0,105,1164,-1.0
Db,Au,0,105,18070,-1.0
Db,B,1,105,1315877,-0.005549263767969133
Db,Ba,3,105,15764,0.308957092838322
Db,Be,0,105,3233,-1.0
Db,Bh,0,105,74,-1.0
Db,Bi,0,105,15692,-1.0
Db,Bk,0,105,169,-1.0
Db,Br,2,105,8607410,-0.07178840200081327
Db,C,90,105,124377664,-0.01078097712329904
Db,Ca,3,105,47081,0.24658418174312383
Db,Cd,0,105,7961,-1.0
Db,Ce,0,105,8261,-1.0
Db,Cf,0,105,237,-1.0
Db,Cl,35,105,21906474,0.042401069780968616
Db,Cm,0,105,692,-1.0
Db,Cn,0,105,7,-1.0
Db,Co,0,105,45781,-1.0
Db,Cr,0,105,27069,-1.0
Db,Cs,0,105,12307,-1.0
Db,Cu,0,105,67388,-1.0
Db,Db,105,105,105,
Db,Ds,0,105,11,-1.0
Db,Dy,0,105,2319,-1.0
Db,Er,0,105,2201,-1.0
Db,Es,0,105,359,-1.0
Db,Eu,0,105,5611,-1.0
Db,F,4,105,25344252,-0.09708892407368408
Db,Fe,0,105,81651,-1.0
Db,Fl,0,105,8,-1.0
Db,Fm,0,105,2120,-1.0
Db,Fr,0,105,105,-1.0
Db,Ga,0,105,11650,-1.0
Db,Gd,0,105,7718,-1.0
Db,Ge,0,105,47164,-1.0
Db,H,90,105,124461855,-0.010828829630880069
Db,He,0,105,415,-1.0
Db,Hf,0,105,22172,-1.0
Db,Hg,0,105,15140,-1.0
Db,Ho,0,105,1848,-1.0
Db,Hs,0,105,69,-1.0
Db,I,0,105,2542800,-1.0
Db,In,0,105,14006,-1.0
Db,Ir,0,105,169603,-1.0
Db,K,0,105,156190,-1.0
Db,Kr,0,105,166,-1.0
Db,La,0,105,8114,-1.0
Db,Li,2,105,117297,0.16755952274060223
Db,Lr,0,105,861,-1.0
Db,Lu,0,105,2717,-1.0
Db,Lv,0,105,5,-1.0
Db,Mc,0,105,5,-1.0
Db,Md,0,105,96,-1.0
Db,Mg,0,105,63053,-1.0
Db,Mn,0,105,30915,-1.0
Db,Mo,0,105,20126,-1.0
Db,Mt,0,105,79,-1.0
Db,N,61,105,110925773,-0.029383020466610617
Db,Na,5,105,410484,0.15682599090047264
Db,Nb,0,105,6672,-1.0
Db,Nd,0,105,5576,-1.0
Db,Ne,0,105,225,-1.0
Db,Nh,0,105,8,-1.0
Db,Ni,0,105,50498,-1.0
Db,No,0,105,366,-1.0
Db,Np,0,105,482,-1.0
Db,O,76,105,109353141,-0.013472375986951725
Db,Og,0,105,1,-1.0
Db,Os,0,105,8718,-1.0
Db,P,15,105,2503338,0.12311246833954195
Db,Pa,0,105,263,-1.0
Db,Pb,0,105,18301,-1.0
Db,Pd,0,105,48856,-1.0
Db,Pm,0,105,410,-1.0
Db,Po,0,105,1385,-1.0
Db,Pr,0,105,3784,-1.0
Db,Pt,0,105,143559,-1.0
Db,Pu,0,105,577,-1.0
Db,Ra,0,105,277,-1.0
Db,Rb,0,105,11197,-1.0
Db,Re,0,105,10228,-1.0
Db,Rf,0,105,5242,-1.0
Db,Rg,0,105,9,-1.0
Db,Rh,0,105,14946,-1.0
Db,Rn,0,105,138,-1.0
Db,Ru,0,105,39255,-1.0
Db,S,19,105,36318993,-0.030379514659030972
Db,Sb,0,105,19105,-1.0
Db,Sc,0,105,3525,-1.0
Db,Se,0,105,120337,-1.0
Db,Sg,0,105,137,-1.0
Db,Si,0,105,1825174,-1.0
Db,Sm,0,105,3363,-1.0
Db,Sn,0,105,109311,-1.0
Db,Sr,0,105,8295,-1.0
Db,Ta,0,105,5739,-1.0
Db,Tb,0,105,3117,-1.0
Db,Tc,0,105,3663,-1.0
Db,Te,0,105,20569,-1.0
Db,Th,0,105,1733,-1.0
Db,Ti,0,105,77983,-1.0
Db,Tl,0,105,6312,-1.0
Db,Tm,0,105,1275,-1.0
Db,Ts,0,105,3,-1.0
Db,U,1,105,21879,0.21422617729193655
Db,V,0,105,39871,-1.0
Db,W,0,105,44325,-1.0
Db,Xe,0,105,588,-1.0
Db,Y,1,105,98196,0.1336792205240301
Db,Yb,0,105,3286,-1.0
Db,Zn,0,105,76233,-1.0
Db,Zr,0,105,106659,-1.0
Ds,Ac,0,11,9776,-1.0
Ds,Ag,0,11,19086,-1.0
Ds,Al,0,11,82361,-1.0
Ds,Am,0,11,380,-1.0
Ds,Ar,0,11,4079,-1.0
Ds,As,0,11,33552,-1.0
Ds,At,0,11,1164,-1.0
Ds,Au,0,11,18070,-1.0
Ds,B,0,11,1315877,-1.0
Ds,Ba,0,11,15764,-1.0
Ds,Be,0,11,3233,-1.0
Ds,Bh,0,11,74,-1.0
Ds,Bi,0,11,15692,-1.0
Ds,Bk,0,11,169,-1.0
Ds,Br,0,11,8607410,-1.0
Ds,C,3,11,124377664,-0.07397041282087204
Ds,Ca,0,11,47081,-1.0
Ds,Cd,0,11,7961,-1.0
Ds,Ce,0,11,8261,-1.0
Ds,Cf,0,11,237,-1.0
Ds,Cl,1,11,21906474,-0.03538820494105085
Ds,Cm,0,11,692,-1.0
Ds,Cn,0,11,7,-1.0
Ds,Co,0,11,45781,-1.0
Ds,Cr,0,11,27069,-1.0
Ds,Cs,0,11,12307,-1.0
Ds,Cu,0,11,67388,-1.0
Ds,Db,0,11,105,-1.0
Ds,Ds,11,11,11,
Ds,Dy,0,11,2319,-1.0
Ds,Er,0,11,2201,-1.0
Ds,Es,0,11,359,-1.0
Ds,Eu,0,11,5611,-1.0
Ds,F,0,11,25344252,-1.0
Ds,Fe,0,11,81651,-1.0
Ds,Fl,0,11,8,-1.0
Ds,Fm,0,11,2120,-1.0
Ds,Fr,0,11,105,-1.0
Ds,Ga,0,11,11650,-1.0
Ds,Gd,0,11,7718,-1.0
Ds,Ge,0,11,47164,-1.0
Ds,H,3,11,124461855,-0.07400898722112233
Ds,He,0,11,415,-1.0
Ds,Hf,0,11,22172,-1.0
Ds,Hg,0,11,15140,-1.0
Ds,Ho,0,11,1848,-1.0
Ds,Hs,0,11,69,-1.0
Ds,I,0,11,2542800,-1.0
Ds,In,0,11,14006,-1.0
Ds,Ir,0,11,169603,-1.0
Ds,K,0,11,156190,-1.0
Ds,Kr,0,11,166,-1.0
Ds,La,0,11,8114,-1.0
Ds,Li,0,11,117297,-1.0
Ds,Lr,0,11,861,-1.0
Ds,Lu,0,11,2717,-1.0
Ds,Lv,0,11,5,-1.0
Ds,Mc,0,11,5,-1.0
Ds,Md,0,11,96,-1.0
Ds,Mg,0,11,63053,-1.0
Ds,Mn,0,11,30915,-1.0
Ds,Mo,0,11,20126,-1.0
Ds,Mt,0,11,79,-1.0
Ds,N,2,11,110925773,-0.08851355243646471
Ds,Na,0,11,410484,-1.0
Ds,Nb,0,11,6672,-1.0
Ds,Nd,0,11,5576,-1.0
Ds,Ne,0,11,225,-1.0
Ds,Nh,0,11,8,-1.0
Ds,Ni,0,11,50498,-1.0
Ds,No,0,11,366,-1.0
Ds,Np,0,11,482,-1.0
Ds,O,3,11,109353141,-0.06663141356294212
Ds,Og,0,11,1,-1.0
Ds,Os,0,11,8718,-1.0
Ds,P,0,11,2503338,-1.0
Ds,Pa,0,11,263,-1.0
Ds,Pb,0,11,18301,-1.0
Ds,Pd,0,11,48856,-1.0
Ds,Pm,0,11,410,-1.0
Ds,Po,0,11,1385,-1.0
Ds,Pr,0,11,3784,-1.0
Ds,Pt,0,11,143559,-1.0
Ds,Pu,0,11,577,-1.0
Ds,Ra,0,11,277,-1.0
Ds,Rb,0,11,11197,-1.0
Ds,Re,0,11,10228,-1.0
Ds,Rf,0,11,5242,-1.0
Ds,Rg,0,11,9,-1.0
Ds,Rh,0,11,14946,-1.0
Ds,Rn,0,11,138,-1.0
Ds,Ru,0,11,39255,-1.0
Ds,S,1,11,36318993,-0.06250967281962844
Ds,Sb,0,11,19105,-1.0
Ds,Sc,0,11,3525,-1.0
Ds,Se,0,11,120337,-1.0
Ds,Sg,0,11,137,-1.0
Ds,Si,0,11,1825174,-1.0
Ds,Sm,0,11,3363,-1.0
Ds,Sn,0,11,109311,-1.0
Ds,Sr,0,11,8295,-1.0
Ds,Ta,0,11,5739,-1.0
Ds,Tb,0,11,3117,-1.0
Ds,Tc,0,11,3663,-1.0
Ds,Te,1,11,20569,0.3385685047045173
Ds,Th,0,11,1733,-1.0
Ds,Ti,0,11,77983,-1.0
Ds,Tl,0,11,6312,-1.0
Ds,Tm,0,11,1275,-1.0
Ds,Ts,0,11,3,-1.0
Ds,U,0,11,21879,-1.0
Ds,V,0,11,39871,-1.0
Ds,W,0,11,44325,-1.0
Ds,Xe,0,11,588,-1.0
Ds,Y,0,11,98196,-1.0
Ds,Yb,0,11,3286,-1.0
Ds,Zn,0,11,76233,-1.0
Ds,Zr,0,11,106659,-1.0
Dy,Ac,0,2319,9776,-1.0
Dy,Ag,13,2319,19086,0.22393468056908894
Dy,Al,68,2319,82361,0.26296896474325093
Dy,Am,0,2319,380,-1.0
Dy,Ar,0,2319,4079,-1.0
Dy,As,3,2319,33552,0.08946581493547105
Dy,At,0,2319,1164,-1.0
Dy,Au,11,2319,18070,0.21471442259541199
Dy,B,64,2319,1315877,0.06632606538189423
Dy,Ba,15,2319,15764,0.24692998593273469
Dy,Be,2,2319,3233,0.19521634686047926
Dy,Bh,0,2319,74,-1.0
Dy,Bi,14,2319,15692,0.24183973983439677
Dy,Bk,2,2319,169,0.35965628738480776
Dy,Br,38,2319,8607410,-0.09590823525721633
Dy,C,1454,2319,124377664,-0.040949023009329205
Dy,Ca,22,2319,47081,0.20727748823576098
Dy,Cd,10,2319,7961,0.2577996274743333
Dy,Ce,15,2319,8261,0.28748758266184726
Dy,Cf,0,2319,237,-1.0
Dy,Cl,189,2319,21906474,-0.05738609837204206
Dy,Cm,0,2319,692,-1.0
Dy,Cn,0,2319,7,-1.0
Dy,Co,64,2319,45781,0.2982326157635079
Dy,Cr,27,2319,27069,0.25945995155130386
Dy,Cs,15,2319,12307,0.2624680948196037
Dy,Cu,61,2319,67388,0.2673354741648585
Dy,Db,0,2319,105,-1.0
Dy,Ds,0,2319,11,-1.0
Dy,Dy,2319,2319,2319,
Dy,Er,58,2319,2201,0.49762502258951274
Dy,Es,0,2319,359,-1.0
Dy,Eu,73,2319,5611,0.4564169557320248
Dy,F,227,2319,25344252,-0.05534911311959983
Dy,Fe,88,2319,81651,0.28657155522967315
Dy,Fl,0,2319,8,-1.0
Dy,Fm,0,2319,2120,-1.0
Dy,Fr,0,2319,105,-1.0
Dy,Ga,18,2319,11650,0.280565507892232
Dy,Gd,56,2319,7718,0.4081839771296807
Dy,Ge,9,2319,47164,0.14154573053865263
Dy,H,1745,2319,124461855,-0.02535412658473191
Dy,He,0,2319,415,-1.0
Dy,Hf,17,2319,22172,0.235224541889346
Dy,Hg,6,2319,15140,0.18151503014093692
Dy,Ho,80,2319,1848,0.5436620683466645
Dy,Hs,0,2319,69,-1.0
Dy,I,33,2319,2542800,-0.023813162055391347
Dy,In,19,2319,14006,0.2732424751599032
Dy,Ir,23,2319,169603,0.1280822478253744
Dy,K,14,2319,156190,0.0982328482862679
Dy,Kr,0,2319,166,-1.0
Dy,La,27,2319,8114,0.33797556264384987
Dy,Li,30,2319,117297,0.17194808762105335
Dy,Lr,0,2319,861,-1.0
Dy,Lu,16,2319,2717,0.36280356789576695
Dy,Lv,0,2319,5,-1.0
Dy,Mc,0,2319,5,-1.0
Dy,Md,0,2319,96,-1.0
Dy,Mg,32,2319,63053,0.2178379487893549
Dy,Mn,28,2319,30915,0.2537735861318551
Dy,Mo,22,2319,20126,0.26193246272029486
Dy,Mt,0,2319,79,-1.0
Dy,N,970,2319,110925773,-0.06421991283835342
Dy,Na,34,2319,410484,0.09877550311747856
Dy,Nb,8,2319,6672,0.25151773955072443
Dy,Nd,68,2319,5576,0.44968525491573635
Dy,Ne,0,2319,225,-1.0
Dy,Nh,0,2319,8,-1.0
Dy,Ni,79,2319,50498,0.3105160178361629
Dy,No,0,2319,366,-1.0
Dy,Np,3,2319,482,0.3313382814663303
Dy,O,1618,2319,109353141,-0.020397587719347913
Dy,Og,0,2319,1,-1.0
Dy,Os,5,2319,8718,0.2012750474540142
Dy,P,113,2319,2503338,0.06367315982968683
Dy,Pa,2,2319,263,0.3350145194531471
Dy,Pb,5,2319,18301,0.15773317043891133
Dy,Pd,9,2319,48856,0.13940222600653007
Dy,Pm,11,2319,410,0.44779548238662087
Dy,Po,0,2319,1385,-1.0
Dy,Pr,29,2319,3784,0.39417973530867595
Dy,Pt,20,2319,143559,0.12866080075013941
Dy,Pu,3,2319,577,0.32108295338462806
Dy,Ra,0,2319,277,-1.0
Dy,Rb,6,2319,11197,0.1994210433897636
Dy,Re,25,2319,10228,0.31628463278081187
Dy,Rf,1,2319,5242,0.12484532020910855
Dy,Rg,0,2319,9,-1.0
Dy,Rh,7,2319,14946,0.19319710819280053
Dy,Rn,0,2319,138,-1.0
Dy,Ru,8,2319,39255,0.14451035056956157
Dy,S,182,2319,36318993,-0.09765939235580362
Dy,Sb,11,2319,19105,0.211285362789779
Dy,Sc,22,2319,3525,0.37397035012724134
Dy,Se,17,2319,120337,0.1282193100466103
Dy,Sg,0,2319,137,-1.0
Dy,Si,67,2319,1825174,0.04704599223748474
Dy,Sm,36,2319,3363,0.4220340025505128
Dy,Sn,17,2319,109311,0.13429871575381216
Dy,Sr,22,2319,8295,0.3189349466988016
Dy,Ta,7,2319,5739,0.25053046233955895
Dy,Tb,113,2319,3117,0.5444062517754505
Dy,Tc,2,2319,3663,0.1882586770331221
Dy,Te,4,2319,20569,0.13598952338463446
Dy,Th,8,2319,1733,0.33291730519546675
Dy,Ti,33,2319,77983,0.20627957428286892
Dy,Tl,5,2319,6312,0.22023667428484356
Dy,Tm,38,2319,1275,0.49180514083283366
Dy,Ts,0,2319,3,-1.0
Dy,U,8,2319,21879,0.17980703087259156
Dy,V,14,2319,39871,0.18356397631745938
Dy,W,12,2319,44325,0.1657159032051092
Dy,Xe,2,2319,588,0.29018498705461326
Dy,Y,46,2319,98196,0.21776842649230344
Dy,Yb,38,2319,3286,0.4287025484722659
Dy,Zn,52,2319,76233,0.24516745646962793
Dy,Zr,28,2319,106659,0.17287675115990603
Er,Ac,0,2201,9776,-1.0
Er,Ag,8,2201,19086,0.1912070310753205
Er,Al,85,2201,82361,0.28649695581159224
Er,Am,0,2201,380,-1.0
Er,Ar,1,2201,4079,0.1411042705134301
Er,As,4,2201,33552,0.11065736363856922
Er,At,0,2201,1164,-1.0
Er,Au,3,2201,18070,0.12772089742681128
Er,B,52,2201,1315877,0.05480835288636741
Er,Ba,14,2201,15764,0.24481736674924376
Er,Be,3,2201,3233,0.22581976758749073
Er,Bh,0,2201,74,-1.0
Er,Bi,34,2201,15692,0.3181993700831968
Er,Bk,0,2201,169,-1.0
Er,Br,30,2201,8607410,-0.10650534365148573
Er,C,1215,2201,124377664,-0.05134911869871246
Er,Ca,16,2201,47081,0.18633981929110138
Er,Cd,4,2201,7961,0.19403060780627454
Er,Ce,41,2201,8261,0.37771500232655275
Er,Cf,0,2201,237,-1.0
Er,Cl,155,2201,21906474,-0.06729384664079151
Er,Cm,2,2201,692,0.28402059337216556
Er,Cn,0,2201,7,-1.0
Er,Co,23,2201,45781,0.2159127605663143
Er,Cr,20,2201,27069,0.23863862792667948
Er,Cs,2,2201,12307,0.12364417128060474
Er,Cu,36,2201,67388,0.22641691321545007
Er,Db,0,2201,105,-1.0
Er,Ds,0,2201,11,-1.0
Er,Dy,58,2201,2319,0.49762502258951274
Er,Er,2201,2201,2201,
Er,Es,0,2201,359,-1.0
Er,Eu,31,2201,5611,0.37782208974316445
Er,F,225,2201,25344252,-0.05203218754551814
Er,Fe,34,2201,81651,0.20907642358786016
Er,Fl,0,2201,8,-1.0
Er,Fm,0,2201,2120,-1.0
Er,Fr,0,2201,105,-1.0
Er,Ga,21,2201,11650,0.29657115867996375
Er,Gd,50,2201,7718,0.4008944832949897
Er,Ge,26,2201,47164,0.2236691388283796
Er,H,1581,2201,124461855,-0.02925403405493701
Er,He,0,2201,415,-1.0
Er,Hf,18,2201,22172,0.24302304814607223
Er,Hg,1,2201,15140,0.07074746338405533
Er,Ho,86,2201,1848,0.5552129475443381
Er,Hs,0,2201,69,-1.0
Er,I,26,2201,2542800,-0.035547938102779675
Er,In,18,2201,14006,0.27218747473091426
Er,Ir,3,2201,169603,0.0000719734919732998
Er,K,16,2201,156190,0.11076584017492579
Er,Kr,0,2201,166,-1.0
Er,La,37,2201,8114,0.3694996564057244
Er,Li,35,2201,117297,0.1873858068492873
Er,Lr,0,2201,861,-1.0
Er,Lu,35,2201,2717,0.4369804160999995
Er,Lv,0,2201,5,-1.0
Er,Mc,0,2201,5,-1.0
Er,Md,3,2201,96,0.4263005266052488
Er,Mg,35,2201,63053,0.22853436010390699
Er,Mn,16,2201,30915,0.21284785405942067
Er,Mo,22,2201,20126,0.2652910457843578
Er,Mt,0,2201,79,-1.0
Er,N,650,2201,110925773,-0.0907245448159457
Er,Na,23,2201,410484,0.07444469855753258
Er,Nb,14,2201,6672,0.2985504854939601
Er,Nd,37,2201,5576,0.3944583322082614
Er,Ne,0,2201,225,-1.0
Er,Nh,0,2201,8,-1.0
Er,Ni,37,2201,50498,0.24785031597864146
Er,No,2,2201,366,0.3195105876984019
Er,Np,2,2201,482,0.30417070573167854
Er,O,1376,2201,109353141,-0.02972691732708904
Er,Og,0,2201,1,-1.0
Er,Os,3,2201,8718,0.169270694694975
Er,P,109,2201,2503338,0.06466888412869098
Er,Pa,0,2201,263,-1.0
Er,Pb,6,2201,18301,0.17336065624113786
Er,Pd,6,2201,48856,0.11508214185507487
Er,Pm,10,2201,410,0.4425460231331726
Er,Po,1,2201,1385,0.1990506671401432
Er,Pr,19,2201,3784,0.35994738459515246
Er,Pt,8,2201,143559,0.0693677779620798
Er,Pu,3,2201,577,0.32406006498365275
Er,Ra,0,2201,277,-1.0
Er,Rb,7,2201,11197,0.21362416894450473
Er,Re,10,2201,10228,0.24565916881495573
Er,Rf,0,2201,5242,-1.0
Er,Rg,0,2201,9,-1.0
Er,Rh,6,2201,14946,0.18538004725736282
Er,Rn,0,2201,138,-1.0
Er,Ru,10,2201,39255,0.16333856332461816
Er,S,183,2201,36318993,-0.09340294081559943
Er,Sb,11,2201,19105,0.21450061984883426
Er,Sc,41,2201,3525,0.43477050150084373
Er,Se,17,2201,120337,0.1315231121296629
Er,Sg,0,2201,137,-1.0
Er,Si,147,2201,1825174,0.11114296666731129
Er,Sm,29,2201,3363,0.40532160862956423
Er,Sn,13,2201,109311,0.11861858588898466
Er,Sr,6,2201,8295,0.2203256638921223
Er,Ta,6,2201,5739,0.24218885429195652
Er,Tb,42,2201,3117,0.44534456953162305
Er,Tc,0,2201,3663,-1.0
Er,Te,15,2201,20569,0.23350885282143885
Er,Th,8,2201,1733,0.336070735978926
Er,Ti,39,2201,77983,0.22322146321598238
Er,Tl,4,2201,6312,0.20748249292984985
Er,Tm,76,2201,1275,0.5677156920679177
Er,Ts,0,2201,3,-1.0
Er,U,8,2201,21879,0.18296046165605084
Er,V,27,2201,39871,0.2376259692130222
Er,W,15,2201,44325,0.185320270296577
Er,Xe,0,2201,588,-1.0
Er,Y,125,2201,98196,0.30968657821435236
Er,Yb,117,2201,3286,0.5482358206506364
Er,Zn,35,2201,76233,0.21595123317805642
Er,Zr,44,2201,106659,0.2120752997823157
Es,Ac,2,359,9776,0.23750936107170373
Es,Ag,0,359,19086,-1.0
Es,Al,0,359,82361,-1.0
Es,Am,0,359,380,-1.0
Es,Ar,0,359,4079,-1.0
Es,As,1,359,33552,0.1253375582524458
Es,At,0,359,1164,-1.0
Es,Au,0,359,18070,-1.0
Es,B,11,359,1315877,0.06557383199274763
Es,Ba,0,359,15764,-1.0
Es,Be,0,359,3233,-1.0
Es,Bh,0,359,74,-1.0
Es,Bi,0,359,15692,-1.0
Es,Bk,0,359,169,-1.0
Es,Br,14,359,8607410,-0.03573833129264642
Es,C,315,359,124377664,-0.010013212406878955
Es,Ca,0,359,47081,-1.0
Es,Cd,0,359,7961,-1.0
Es,Ce,1,359,8261,0.20052590323143482
Es,Cf,0,359,237,-1.0
Es,Cl,44,359,21906474,-0.02429214748904614
Es,Cm,1,359,692,0.3335540180402244
Es,Cn,0,359,7,-1.0
Es,Co,1,359,45781,0.108665680731077
Es,Cr,1,359,27069,0.13685586151409398
Es,Cs,4,359,12307,0.27387945728807234
Es,Cu,0,359,67388,-1.0
Es,Db,0,359,105,-1.0
Es,Ds,0,359,11,-1.0
Es,Dy,0,359,2319,-1.0
Es,Er,0,359,2201,-1.0
Es,Es,359,359,359,
Es,Eu,0,359,5611,-1.0
Es,F,92,359,25344252,0.01635674542451089
Es,Fe,0,359,81651,-1.0
Es,Fl,0,359,8,-1.0
Es,Fm,1,359,2120,0.27349214052710275
Es,Fr,0,359,105,-1.0
Es,Ga,0,359,11650,-1.0
Es,Gd,0,359,7718,-1.0
Es,Ge,1,359,47164,0.10706906695562042
Es,H,322,359,124461855,-0.008374615444866947
Es,He,0,359,415,-1.0
Es,Hf,0,359,22172,-1.0
Es,Hg,0,359,15140,-1.0
Es,Ho,0,359,1848,-1.0
Es,Hs,0,359,69,-1.0
Es,I,9,359,2542800,0.0125071443086497
Es,In,0,359,14006,-1.0
Es,Ir,0,359,169603,-1.0
Es,K,2,359,156190,0.08310565935132339
Es,Kr,0,359,166,-1.0
Es,La,4,359,8114,0.2980229300445934
Es,Li,0,359,117297,-1.0
Es,Lr,0,359,861,-1.0
Es,Lu,0,359,2717,-1.0
Es,Lv,0,359,5,-1.0
Es,Mc,0,359,5,-1.0
Es,Md,0,359,96,-1.0
Es,Mg,0,359,63053,-1.0
Es,Mn,0,359,30915,-1.0
Es,Mo,1,359,20126,0.15275544172356745
Es,Mt,0,359,79,-1.0
Es,N,262,359,110925773,-0.015209134345459174
Es,Na,1,359,410484,-0.009006265078319807
Es,Nb,0,359,6672,-1.0
Es,Nd,0,359,5576,-1.0
Es,Ne,0,359,225,-1.0
Es,Nh,0,359,8,-1.0
Es,Ni,0,359,50498,-1.0
Es,No,0,359,366,-1.0
Es,Np,0,359,482,-1.0
Es,O,223,359,109353141,-0.026124172236507755
Es,Og,0,359,1,-1.0
Es,Os,0,359,8718,-1.0
Es,P,21,359,2503338,0.0685173609105851
Es,Pa,0,359,263,-1.0
Es,Pb,0,359,18301,-1.0
Es,Pd,0,359,48856,-1.0
Es,Pm,0,359,410,-1.0
Es,Po,0,359,1385,-1.0
Es,Pr,0,359,3784,-1.0
Es,Pt,0,359,143559,-1.0
Es,Pu,0,359,577,-1.0
Es,Ra,0,359,277,-1.0
Es,Rb,1,359,11197,0.18421197920931273
Es,Re,0,359,10228,-1.0
Es,Rf,1,359,5242,0.22492662931453572
Es,Rg,0,359,9,-1.0
Es,Rh,0,359,14946,-1.0
Es,Rn,0,359,138,-1.0
Es,Ru,4,359,39255,0.20665478048557862
Es,S,46,359,36318993,-0.05549590561944577
Es,Sb,0,359,19105,-1.0
Es,Sc,0,359,3525,-1.0
Es,Se,7,359,120337,0.18000223177554334
Es,Sg,0,359,137,-1.0
Es,Si,4,359,1825174,-0.015861660338405206
Es,Sm,0,359,3363,-1.0
Es,Sn,0,359,109311,-1.0
Es,Sr,0,359,8295,-1.0
Es,Ta,0,359,5739,-1.0
Es,Tb,0,359,3117,-1.0
Es,Tc,0,359,3663,-1.0
Es,Te,1,359,20569,0.15158741844646198
Es,Th,0,359,1733,-1.0
Es,Ti,0,359,77983,-1.0
Es,Tl,0,359,6312,-1.0
Es,Tm,0,359,1275,-1.0
Es,Ts,0,359,3,-1.0
Es,U,1,359,21879,0.14827516420182305
Es,V,1,359,39871,0.11608070019525074
Es,W,1,359,44325,0.1103995531402635
Es,Xe,0,359,588,-1.0
Es,Y,2,359,98196,0.108965009412018
Es,Yb,0,359,3286,-1.0
Es,Zn,0,359,76233,-1.0
Es,Zr,0,359,106659,-1.0
Eu,Ac,0,5611,9776,-1.0
Eu,Ag,3,5611,19086,0.0712550664710491
Eu,Al,77,5611,82361,0.2121455344099523
Eu,Am,4,5611,380,0.31610620509625914
Eu,Ar,2,5611,4079,0.13303268016863767
Eu,As,5,5611,33552,0.07026177423128373
Eu,At,0,5611,1164,-1.0
Eu,Au,6,5611,18070,0.11857242183632079
Eu,B,182,5611,1315877,0.08350681847847694
Eu,Ba,83,5611,15764,0.33479877971220195
Eu,Be,7,5611,3233,0.23197847585917464
Eu,Bh,0,5611,74,-1.0
Eu,Bi,10,5611,15692,0.1621823986712406
Eu,Bk,0,5611,169,-1.0
Eu,Br,91,5611,8607410,-0.102566114300902
Eu,C,4267,5611,124377664,-0.026465825163274403
Eu,Ca,60,5611,47081,0.22980374327522596
Eu,Cd,15,5611,7961,0.23435073752975571
Eu,Ce,67,5611,8261,0.35976017646682745
Eu,Cf,0,5611,237,-1.0
Eu,Cl,310,5611,21906474,-0.08971444443804653
Eu,Cm,0,5611,692,-1.0
Eu,Cn,0,5611,7,-1.0
Eu,Co,26,5611,45781,0.16476719423363695
Eu,Cr,22,5611,27069,0.18604769065547155
Eu,Cs,14,5611,12307,0.20180530250795953
Eu,Cu,36,5611,67388,0.1642653373386509
Eu,Db,0,5611,105,-1.0
Eu,Ds,0,5611,11,-1.0
Eu,Dy,73,5611,2319,0.4564169557320248
Eu,Er,31,5611,2201,0.37782208974316445
Eu,Es,0,5611,359,-1.0
Eu,Eu,5611,5611,5611,
Eu,F,1549,5611,25344252,0.027033782909271387
Eu,Fe,32,5611,81651,0.14257688845559094
Eu,Fl,0,5611,8,-1.0
Eu,Fm,0,5611,2120,-1.0
Eu,Fr,0,5611,105,-1.0
Eu,Ga,33,5611,11650,0.2734738468594263
Eu,Gd,125,5611,7718,0.4260757716604011
Eu,Ge,10,5611,47164,0.09482511089325076
Eu,H,4769,5611,124461855,-0.01588583452457094
Eu,He,0,5611,415,-1.0
Eu,Hf,9,5611,22172,0.1337132289070983
Eu,Hg,4,5611,15140,0.102539884177135
Eu,Ho,28,5611,1848,0.3800802974038121
Eu,Hs,0,5611,69,-1.0
Eu,I,80,5611,2542800,-0.02515697983972273
Eu,In,14,5611,14006,0.1937236976980145
Eu,Ir,56,5611,169603,0.13630927690418518
Eu,K,35,5611,156190,0.10636716563326222
Eu,Kr,2,5611,166,0.3114218548689638
Eu,La,59,5611,8114,0.34912047929259293
Eu,Li,44,5611,117297,0.14268477234256785
Eu,Lr,0,5611,861,-1.0
Eu,Lu,13,5611,2717,0.29023608985546906
Eu,Lv,0,5611,5,-1.0
Eu,Mc,0,5611,5,-1.0
Eu,Md,0,5611,96,-1.0
Eu,Mg,71,5611,63053,0.2238858417138047
Eu,Mn,32,5611,30915,0.2065785719798238
Eu,Mo,8,5611,20126,0.13149631792460617
Eu,Mt,0,5611,79,-1.0
Eu,N,2685,5611,110925773,-0.057783286082449224
Eu,Na,127,5611,410484,0.13968507780032136
Eu,Nb,8,5611,6672,0.19816419707772875
Eu,Nd,55,5611,5576,0.36828274667475225
Eu,Ne,1,5611,225,0.24634211854027738
Eu,Nh,0,5611,8,-1.0
Eu,Ni,41,5611,50498,0.1937388235421876
Eu,No,0,5611,366,-1.0
Eu,Np,3,5611,482,0.2809679194534478
Eu,O,4519,5611,109353141,-0.008411005662055474
Eu,Og,0,5611,1,-1.0
Eu,Os,4,5611,8718,0.13452914806533278
Eu,P,840,5611,2503338,0.16866490083648325
Eu,Pa,0,5611,263,-1.0
Eu,Pb,13,5611,18301,0.17158239673046
Eu,Pd,9,5611,48856,0.08566651335100077
Eu,Pm,15,5611,410,0.4205208887823061
Eu,Po,0,5611,1385,-1.0
Eu,Pr,34,5611,3784,0.3503911571316825
Eu,Pt,30,5611,143559,0.1007094297366486
Eu,Pu,4,5611,577,0.2918993408217308
Eu,Ra,0,5611,277,-1.0
Eu,Rb,16,5611,11197,0.21787550363553407
Eu,Re,5,5611,10228,0.1400146238302597
Eu,Rf,0,5611,5242,-1.0
Eu,Rg,0,5611,9,-1.0
Eu,Rh,9,5611,14946,0.15769785019037535
Eu,Rn,0,5611,138,-1.0
Eu,Ru,9,5611,39255,0.09897273890817262
Eu,S,994,5611,36318993,-0.04242900079539652
Eu,Sb,18,5611,19105,0.19305930557734038
Eu,Sc,11,5611,3525,0.2609371963063761
Eu,Se,20,5611,120337,0.08346093219475229
Eu,Sg,0,5611,137,-1.0
Eu,Si,147,5611,1825174,0.04258543790506464
Eu,Sm,92,5611,3363,0.45395316026474125
Eu,Sn,15,5611,109311,0.06992925737308166
Eu,Sr,128,5611,8295,0.4232998287491245
Eu,Ta,3,5611,5739,0.1397578330784172
Eu,Tb,128,5611,3117,0.4942851952507844
Eu,Tc,0,5611,3663,-1.0
Eu,Te,7,5611,20569,0.12114191478971625
Eu,Th,4,5611,1733,0.22816039273681546
Eu,Ti,35,5611,77983,0.15241117250352873
Eu,Tl,3,5611,6312,0.1343326800531235
Eu,Tm,16,5611,1275,0.35479933343778686
Eu,Ts,0,5611,3,-1.0
Eu,U,5,5611,21879,0.09536698316598655
Eu,V,37,5611,39871,0.20130669796228404
Eu,W,20,5611,44325,0.14729985882954322
Eu,Xe,0,5611,588,-1.0
Eu,Y,141,5611,98196,0.25285899015759916
Eu,Yb,28,5611,3286,0.3424820027639683
Eu,Zn,52,5611,76233,0.18501526807296229
Eu,Zr,19,5611,106659,0.08760750711841145
F,Ac,749,25344252,9776,-0.08122549540146146
F,Ag,2525,25344252,19086,-0.03981326405619968
F,Al,8223,25344252,82361,-0.07393704877130218
F,Am,22,25344252,380,-0.08081668478570425
F,Ar,569,25344252,4079,-0.03067958387456278
F,As,4360,25344252,33552,-0.043678415593869827
F,At,298,25344252,1164,0.01776547706668865
F,Au,1678,25344252,18070,-0.06992133121304808
F,B,307853,25344252,1315877,0.02329346247146152
F,Ba,819,25344252,15764,-0.11438804720934831
F,Be,424,25344252,3233,-0.0348636954593455
F,Bh,7,25344252,74,-0.04586413415882292
F,Bi,1209,25344252,15692,-0.08411056627575435
F,Bk,8,25344252,169,-0.0880368696332286
F,Br,1759791,25344252,8607410,0.0011836423403208617
F,C,25327714,25344252,124377664,0.0006572731595118513
F,Ca,3037,25344252,47081,-0.10812830072925862
F,Cd,373,25344252,7961,-0.11543880793120032
F,Ce,598,25344252,8261,-0.08436715275095512
F,Cf,45,25344252,237,-0.004646604597275884
F,Cl,4874045,25344252,21906474,0.027648806201226415
F,Cm,214,25344252,692,0.03155363896474055
F,Cn,0,25344252,7,-1.0
F,Co,2918,25344252,45781,-0.10884574416794247
F,Cr,1425,25344252,27069,-0.11879722650481248
F,Cs,3607,25344252,12307,0.03494566154945479
F,Cu,6692,25344252,67388,-0.07293465267728604
F,Db,4,25344252,105,-0.09708892407368408
F,Ds,0,25344252,11,-1.0
F,Dy,227,25344252,2319,-0.05534911311959983
F,Er,225,25344252,2201,-0.05203218754551814
F,Es,92,25344252,359,0.01635674542451089
F,Eu,1549,25344252,5611,0.027033782909271387
F,F,25344252,25344252,25344252,
F,Fe,6191,25344252,81651,-0.09958816117519681
F,Fl,0,25344252,8,-1.0
F,Fm,330,25344252,2120,-0.02083942182097624
F,Fr,5,25344252,105,-0.08525886954522577
F,Ga,843,25344252,11650,-0.08683313671269476
F,Gd,360,25344252,7718,-0.1154685944561255
F,Ge,5620,25344252,47164,-0.05344841719961007
F,H,25310016,25344252,124461855,-0.0002061436962119246
F,He,35,25344252,415,-0.05836586955249532
F,Hf,2146,25344252,22172,-0.0677128646863408
F,Hg,945,25344252,15140,-0.10021250269632163
F,Ho,175,25344252,1848,-0.05673917404458972
F,Hs,11,25344252,69,-0.015006227132103589
F,I,496334,25344252,2542800,-0.007474670758172019
F,In,1060,25344252,14006,-0.08469276040101817
F,Ir,31522,25344252,169603,-0.01090354663662001
F,K,37012,25344252,156190,0.01879441251197477
F,Kr,18,25344252,166,-0.03994533763980917
F,La,507,25344252,8114,-0.09509850342774302
F,Li,21602,25344252,117297,-0.011484162833952509
F,Lr,179,25344252,861,0.0016176007980642983
F,Lu,220,25344252,2717,-0.06953967803566098
F,Lv,0,25344252,5,-1.0
F,Mc,0,25344252,5,-1.0
F,Md,16,25344252,96,-0.01255921655572705
F,Mg,7289,25344252,63053,-0.0579842915447143
F,Mn,2468,25344252,30915,-0.08637279054474656
F,Mo,1333,25344252,20126,-0.09804072133701475
F,Mt,0,25344252,79,-1.0
F,N,23130199,25344252,110925773,0.014697178042862377
F,Na,48619,25344252,410484,-0.06890920332029671
F,Nb,496,25344252,6672,-0.08095801586738098
F,Nd,386,25344252,5576,-0.08497792071185421
F,Ne,19,25344252,225,-0.05601335590327043
F,Nh,0,25344252,8,-1.0
F,Ni,3341,25344252,50498,-0.10670139528969717
F,No,44,25344252,366,-0.03540394597293253
F,Np,41,25344252,482,-0.05841118823824785
F,O,22252948,25344252,109353141,0.00021046932531209445
F,Og,0,25344252,1,-1.0
F,Os,1762,25344252,8718,-0.0005794031739040614
F,P,347549,25344252,2503338,-0.06494601234203443
F,Pa,26,25344252,263,-0.046909797022011465
F,Pb,1108,25344252,18301,-0.10420512016660886
F,Pd,7784,25344252,48856,-0.025239511982429925
F,Pm,34,25344252,410,-0.059369847344376975
F,Po,117,25344252,1385,-0.06332239691065453
F,Pr,434,25344252,3784,-0.04559557589043773
F,Pt,12752,25344252,143559,-0.09019041840505483
F,Pu,51,25344252,577,-0.05667024916520682
F,Ra,11,25344252,277,-0.100577981040959
F,Rb,1237,25344252,11197,-0.052993192097381146
F,Re,906,25344252,10228,-0.07026792465834496
F,Rf,1120,25344252,5242,0.0042253380847148215
F,Rg,0,25344252,9,-1.0
F,Rh,2917,25344252,14946,-0.0038845086959443938
F,Rn,6,25344252,138,-0.09158077229993807
F,Ru,5972,25344252,39255,-0.029211271714127084
F,S,7067743,25344252,36318993,-0.01544847661916175
F,Sb,4117,25344252,19105,0.005587044077595564
F,Sc,505,25344252,3525,-0.028238360399666596
F,Se,10435,25344252,120337,-0.09082821696780743
F,Sg,17,25344252,137,-0.03127013757478099
F,Si,222746,25344252,1825174,-0.08075683821424734
F,Sm,231,25344252,3363,-0.08226178163140027
F,Sn,10205,25344252,109311,-0.08276907482286255
F,Sr,485,25344252,8295,-0.10009235238584452
F,Ta,382,25344252,5739,-0.08799836437190171
F,Tb,276,25344252,3117,-0.06388221585025516
F,Tc,174,25344252,3663,-0.10788965212630922
F,Te,1634,25344252,20569,-0.08364212352532562
F,Th,120,25344252,1733,-0.07779136752430847
F,Ti,5867,25344252,77983,-0.09983273550416315
F,Tl,1239,25344252,6312,-0.0030974123159104457
F,Tm,126,25344252,1275,-0.05229903625733444
F,Ts,0,25344252,3,-1.0
F,U,4216,25344252,21879,-0.005262338743099722
F,V,4474,25344252,39871,-0.05812654804624392
F,W,3848,25344252,44325,-0.08199387710895059
F,Xe,146,25344252,588,0.014597002871077938
F,Y,9646,25344252,98196,-0.07689981103826436
F,Yb,460,25344252,3286,-0.0298760996390536
F,Zn,6518,25344252,76233,-0.08792228239145546
F,Zr,7840,25344252,106659,-0.1052280331870061
Fe,Ac,8,81651,9776,0.013409717084364135
Fe,Ag,273,81651,19086,0.236595091396211
Fe,Al,1795,81651,82361,0.3143423150335031
Fe,Am,2,81651,380,0.1160781651319239
Fe,Ar,36,81651,4079,0.172692638355167
Fe,As,342,81651,33552,0.2143012796102651
Fe,At,0,81651,1164,-1.0
Fe,Au,316,81651,18070,0.25487860581500404
Fe,B,3074,81651,1315877,0.11979914041813118
Fe,Ba,313,81651,15764,0.2645381950152675
Fe,Be,48,81651,3233,0.21127285370518656
Fe,Bh,0,81651,74,-1.0
Fe,Bi,445,81651,15692,0.30037903570327323
Fe,Bk,1,81651,169,0.11804517456662422
Fe,Br,2796,81651,8607410,-0.06556676705785133
Fe,C,67578,81651,124377664,-0.024931422783888702
Fe,Ca,1155,81651,47081,0.3125943007321465
Fe,Cd,151,81651,7961,0.24702569786852235
Fe,Ce,283,81651,8261,0.30445890253750657
Fe,Cf,0,81651,237,-1.0
Fe,Cl,12315,81651,21906474,-0.01663374925095149
Fe,Cm,0,81651,692,-1.0
Fe,Cn,0,81651,7,-1.0
Fe,Co,1905,81651,45781,0.3743529786523043
Fe,Cr,1241,81651,27069,0.368837681708183
Fe,Cs,101,81651,12307,0.18021008076061604
Fe,Cu,1920,81651,67388,0.3404357260950764
Fe,Db,0,81651,105,-1.0
Fe,Ds,0,81651,11,-1.0
Fe,Dy,88,81651,2319,0.28657155522967315
Fe,Er,34,81651,2201,0.20907642358786016
Fe,Es,0,81651,359,-1.0
Fe,Eu,32,81651,5611,0.14257688845559094
Fe,F,6191,81651,25344252,-0.09958816117519681
Fe,Fe,81651,81651,81651,
Fe,Fl,0,81651,8,-1.0
Fe,Fm,7,81651,2120,0.09686127584516412
Fe,Fr,0,81651,105,-1.0
Fe,Ga,149,81651,11650,0.2178850614776373
Fe,Gd,113,81651,7718,0.22327093688499286
Fe,Ge,147,81651,47164,0.11423872777050594
Fe,H,73637,81651,124461855,-0.01375952964535349
Fe,He,9,81651,415,0.21280813146446795
Fe,Hf,79,81651,22172,0.11864451871207804
Fe,Hg,152,81651,15140,0.20042434672595252
Fe,Ho,40,81651,1848,0.23391017413649534
Fe,Hs,0,81651,69,-1.0
Fe,I,1413,81651,2542800,-0.01448857577023297
Fe,In,142,81651,14006,0.2001438441424016
Fe,Ir,110,81651,169603,-0.0007468862581552298
Fe,K,1680,81651,156190,0.2495138461644473
Fe,Kr,2,81651,166,0.16222324001847618
Fe,La,289,81651,8114,0.3079521647343949
Fe,Li,1265,81651,117297,0.243586566075751
Fe,Lr,0,81651,861,-1.0
Fe,Lu,16,81651,2717,0.13836882462849798
Fe,Lv,0,81651,5,-1.0
Fe,Mc,0,81651,5,-1.0
Fe,Md,1,81651,96,0.14838500027505547
Fe,Mg,1391,81651,63053,0.30837907237688805
Fe,Mn,2382,81651,30915,0.43875693056863696
Fe,Mo,967,81651,20126,0.36500359403199917
Fe,Mt,0,81651,79,-1.0
Fe,N,40104,81651,110925773,-0.07397020998031875
Fe,Na,2648,81651,410484,0.21254736419500334
Fe,Nb,302,81651,6672,0.3275360432618444
Fe,Nd,267,81651,5576,0.32875598759521535
Fe,Ne,2,81651,225,0.14527856538562278
Fe,Nh,0,81651,8,-1.0
Fe,Ni,2460,81651,50498,0.397738750029345
Fe,No,4,81651,366,0.16308947452676026
Fe,Np,18,81651,482,0.2566799960644223
Fe,O,51614,81651,109353141,-0.042139137949378465
Fe,Og,0,81651,1,-1.0
Fe,Os,65,81651,8718,0.16808663949153732
Fe,P,14369,81651,2503338,0.2393126555265065
Fe,Pa,3,81651,263,0.16285456927811476
Fe,Pb,388,81651,18301,0.2741914471692713
Fe,Pd,1138,81651,48856,0.3077275961973443
Fe,Pm,5,81651,410,0.1716627393976944
Fe,Po,8,81651,1385,0.13141101327553598
Fe,Pr,82,81651,3784,0.24578837829846328
Fe,Pt,295,81651,143559,0.08822268725667723
Fe,Pu,9,81651,577,0.192765708305797
Fe,Ra,6,81651,277,0.20761544692019804
Fe,Rb,67,81651,11197,0.1532030752932963
Fe,Re,77,81651,10228,0.17075549331626452
Fe,Rf,1,81651,5242,-0.06620704945188967
Fe,Rg,0,81651,9,-1.0
Fe,Rh,233,81651,14946,0.2402793481067048
Fe,Rn,1,81651,138,0.1289163781616872
Fe,Ru,413,81651,39255,0.22001413820412064
Fe,S,11883,81651,36318993,-0.07503655743766341
Fe,Sb,326,81651,19105,0.2535870628436588
Fe,Sc,51,81651,3525,0.21038650941331877
Fe,Se,591,81651,120337,0.16429845687604128
Fe,Sg,0,81651,137,-1.0
Fe,Si,4109,81651,1825174,0.1195853529477242
Fe,Sm,95,81651,3363,0.2671756754975601
Fe,Sn,601,81651,109311,0.1737442469062158
Fe,Sr,295,81651,8295,0.30832385538116236
Fe,Ta,142,81651,5739,0.26534077504098097
Fe,Tb,75,81651,3117,0.25156560942954304
Fe,Tc,19,81651,3663,0.1317987073762249
Fe,Te,113,81651,20569,0.15281743341755014
Fe,Th,38,81651,1733,0.23397407122845248
Fe,Ti,996,81651,77983,0.25303561566937693
Fe,Tl,29,81651,6312,0.12750483950167713
Fe,Tm,17,81651,1275,0.19059749763258654
Fe,Ts,0,81651,3,-1.0
Fe,U,91,81651,21879,0.1307815528906856
Fe,V,677,81651,39871,0.268467174332254
Fe,W,498,81651,44325,0.22861101878196105
Fe,Xe,1,81651,588,0.05115716066166724
Fe,Y,236,81651,98196,0.09861608858884657
Fe,Yb,22,81651,3286,0.14945440389514575
Fe,Zn,1508,81651,76233,0.30094643002088806
Fe,Zr,509,81651,106659,0.16000693064593804
Fl,Ac,0,8,9776,-1.0
Fl,Ag,0,8,19086,-1.0
Fl,Al,0,8,82361,-1.0
Fl,Am,0,8,380,-1.0
Fl,Ar,0,8,4079,-1.0
Fl,As,0,8,33552,-1.0
Fl,At,0,8,1164,-1.0
Fl,Au,0,8,18070,-1.0
Fl,B,0,8,1315877,-1.0
Fl,Ba,0,8,15764,-1.0
Fl,Be,0,8,3233,-1.0
Fl,Bh,0,8,74,-1.0
Fl,Bi,0,8,15692,-1.0
Fl,Bk,0,8,169,-1.0
Fl,Br,0,8,8607410,-1.0
Fl,C,0,8,124377664,-1.0
Fl,Ca,0,8,47081,-1.0
Fl,Cd,0,8,7961,-1.0
Fl,Ce,0,8,8261,-1.0
Fl,Cf,0,8,237,-1.0
Fl,Cl,0,8,21906474,-1.0
Fl,Cm,0,8,692,-1.0
Fl,Cn,0,8,7,-1.0
Fl,Co,0,8,45781,-1.0
Fl,Cr,0,8,27069,-1.0
Fl,Cs,0,8,12307,-1.0
Fl,Cu,0,8,67388,-1.0
Fl,Db,0,8,105,-1.0
Fl,Ds,0,8,11,-1.0
Fl,Dy,0,8,2319,-1.0
Fl,Er,0,8,2201,-1.0
Fl,Es,0,8,359,-1.0
Fl,Eu,0,8,5611,-1.0
Fl,F,0,8,25344252,-1.0
Fl,Fe,0,8,81651,-1.0
Fl,Fl,8,8,8,
Fl,Fm,0,8,2120,-1.0
Fl,Fr,0,8,105,-1.0
Fl,Ga,0,8,11650,-1.0
Fl,Gd,0,8,7718,-1.0
Fl,Ge,0,8,47164,-1.0
Fl,H,0,8,124461855,-1.0
Fl,He,0,8,415,-1.0
Fl,Hf,0,8,22172,-1.0
Fl,Hg,0,8,15140,-1.0
Fl,Ho,0,8,1848,-1.0
Fl,Hs,0,8,69,-1.0
Fl,I,0,8,2542800,-1.0
Fl,In,0,8,14006,-1.0
Fl,Ir,0,8,169603,-1.0
Fl,K,0,8,156190,-1.0
Fl,Kr,0,8,166,-1.0
Fl,La,0,8,8114,-1.0
Fl,Li,0,8,117297,-1.0
Fl,Lr,0,8,861,-1.0
Fl,Lu,0,8,2717,-1.0
Fl,Lv,0,8,5,-1.0
Fl,Mc,0,8,5,-1.0
Fl,Md,0,8,96,-1.0
Fl,Mg,0,8,63053,-1.0
Fl,Mn,0,8,30915,-1.0
Fl,Mo,0,8,20126,-1.0
Fl,Mt,0,8,79,-1.0
Fl,N,0,8,110925773,-1.0
Fl,Na,0,8,410484,-1.0
Fl,Nb,0,8,6672,-1.0
Fl,Nd,0,8,5576,-1.0
Fl,Ne,0,8,225,-1.0
Fl,Nh,0,8,8,-1.0
Fl,Ni,0,8,50498,-1.0
Fl,No,0,8,366,-1.0
Fl,Np,0,8,482,-1.0
Fl,O,0,8,109353141,-1.0
Fl,Og,0,8,1,-1.0
Fl,Os,0,8,8718,-1.0
Fl,P,0,8,2503338,-1.0
Fl,Pa,0,8,263,-1.0
Fl,Pb,0,8,18301,-1.0
Fl,Pd,0,8,48856,-1.0
Fl,Pm,0,8,410,-1.0
Fl,Po,0,8,1385,-1.0
Fl,Pr,0,8,3784,-1.0
Fl,Pt,0,8,143559,-1.0
Fl,Pu,0,8,577,-1.0
Fl,Ra,0,8,277,-1.0
Fl,Rb,0,8,11197,-1.0
Fl,Re,0,8,10228,-1.0
Fl,Rf,0,8,5242,-1.0
Fl,Rg,0,8,9,-1.0
Fl,Rh,0,8,14946,-1.0
Fl,Rn,0,8,138,-1.0
Fl,Ru,0,8,39255,-1.0
Fl,S,0,8,36318993,-1.0
Fl,Sb,0,8,19105,-1.0
Fl,Sc,0,8,3525,-1.0
Fl,Se,0,8,120337,-1.0
Fl,Sg,0,8,137,-1.0
Fl,Si,0,8,1825174,-1.0
Fl,Sm,0,8,3363,-1.0
Fl,Sn,0,8,109311,-1.0
Fl,Sr,0,8,8295,-1.0
Fl,Ta,0,8,5739,-1.0
Fl,Tb,0,8,3117,-1.0
Fl,Tc,0,8,3663,-1.0
Fl,Te,0,8,20569,-1.0
Fl,Th,0,8,1733,-1.0
Fl,Ti,0,8,77983,-1.0
Fl,Tl,0,8,6312,-1.0
Fl,Tm,0,8,1275,-1.0
Fl,Ts,0,8,3,-1.0
Fl,U,0,8,21879,-1.0
Fl,V,0,8,39871,-1.0
Fl,W,0,8,44325,-1.0
Fl,Xe,0,8,588,-1.0
Fl,Y,0,8,98196,-1.0
Fl,Yb,0,8,3286,-1.0
Fl,Zn,0,8,76233,-1.0
Fl,Zr,0,8,106659,-1.0
Fm,Ac,0,2120,9776,-1.0
Fm,Ag,0,2120,19086,-1.0
Fm,Al,1,2120,82361,-0.01810600763760641
Fm,Am,2,2120,380,0.31950823607689005
Fm,Ar,0,2120,4079,-1.0
Fm,As,1,2120,33552,0.030069414597347868
Fm,At,0,2120,1164,-1.0
Fm,Au,1,2120,18070,0.0632682168165028
Fm,B,55,2120,1315877,0.06141383581367826
Fm,Ba,1,2120,15764,0.07059226946029215
Fm,Be,0,2120,3233,-1.0
Fm,Bh,0,2120,74,-1.0
Fm,Bi,0,2120,15692,-1.0
Fm,Bk,0,2120,169,-1.0
Fm,Br,57,2120,8607410,-0.06464958106358415
Fm,C,2086,2120,124377664,-0.001315556146572398
Fm,Ca,0,2120,47081,-1.0
Fm,Cd,0,2120,7961,-1.0
Fm,Ce,0,2120,8261,-1.0
Fm,Cf,0,2120,237,-1.0
Fm,Cl,160,2120,21906474,-0.06234684014856279
Fm,Cm,1,2120,692,0.23828587438512644
Fm,Cn,0,2120,7,-1.0
Fm,Co,0,2120,45781,-1.0
Fm,Cr,0,2120,27069,-1.0
Fm,Cs,9,2120,12307,0.2287047506730866
Fm,Cu,13,2120,67388,0.1510420296832645
Fm,Db,0,2120,105,-1.0
Fm,Ds,0,2120,11,-1.0
Fm,Dy,0,2120,2319,-1.0
Fm,Er,0,2120,2201,-1.0
Fm,Es,1,2120,359,0.27349214052710275
Fm,Eu,0,2120,5611,-1.0
Fm,F,330,2120,25344252,-0.02083942182097624
Fm,Fe,7,2120,81651,0.09686127584516412
Fm,Fl,0,2120,8,-1.0
Fm,Fm,2120,2120,2120,
Fm,Fr,0,2120,105,-1.0
Fm,Ga,2,2120,11650,0.1287901987175579
Fm,Gd,0,2120,7718,-1.0
Fm,Ge,0,2120,47164,-1.0
Fm,H,2090,2120,124461855,-0.0012031003858127116
Fm,He,0,2120,415,-1.0
Fm,Hf,0,2120,22172,-1.0
Fm,Hg,0,2120,15140,-1.0
Fm,Ho,0,2120,1848,-1.0
Fm,Hs,0,2120,69,-1.0
Fm,I,9,2120,2542800,-0.09549113253038109
Fm,In,0,2120,14006,-1.0
Fm,Ir,2,2120,169603,-0.02043232612752498
Fm,K,6,2120,156190,0.0483294906568407
Fm,Kr,0,2120,166,-1.0
Fm,La,0,2120,8114,-1.0
Fm,Li,1,2120,117297,-0.03707526969038111
Fm,Lr,0,2120,861,-1.0
Fm,Lu,0,2120,2717,-1.0
Fm,Lv,0,2120,5,-1.0
Fm,Mc,0,2120,5,-1.0
Fm,Md,0,2120,96,-1.0
Fm,Mg,0,2120,63053,-1.0
Fm,Mn,0,2120,30915,-1.0
Fm,Mo,0,2120,20126,-1.0
Fm,Mt,0,2120,79,-1.0
Fm,N,2008,2120,110925773,0.005607679697570695
Fm,Na,4,2120,410484,-0.032307203479758594
Fm,Nb,1,2120,6672,0.11671805312586898
Fm,Nd,2,2120,5576,0.16984545392000533
Fm,Ne,0,2120,225,-1.0
Fm,Nh,0,2120,8,-1.0
Fm,Ni,0,2120,50498,-1.0
Fm,No,0,2120,366,-1.0
Fm,Np,0,2120,482,-1.0
Fm,O,2027,2120,109353141,0.0077615701421436725
Fm,Og,0,2120,1,-1.0
Fm,Os,0,2120,8718,-1.0
Fm,P,196,2120,2503338,0.11422638374083273
Fm,Pa,0,2120,263,-1.0
Fm,Pb,4,2120,18301,0.1479604575013007
Fm,Pd,11,2120,48856,0.15900277434817534
Fm,Pm,0,2120,410,-1.0
Fm,Po,0,2120,1385,-1.0
Fm,Pr,1,2120,3784,0.14714304219354665
Fm,Pt,0,2120,143559,-1.0
Fm,Pu,0,2120,577,-1.0
Fm,Ra,0,2120,277,-1.0
Fm,Rb,0,2120,11197,-1.0
Fm,Re,2,2120,10228,0.13604346243094498
Fm,Rf,0,2120,5242,-1.0
Fm,Rg,0,2120,9,-1.0
Fm,Rh,0,2120,14946,-1.0
Fm,Rn,0,2120,138,-1.0
Fm,Ru,3,2120,39255,0.08563143545866682
Fm,S,378,2120,36318993,-0.0386911297190115
Fm,Sb,2,2120,19105,0.101229421630387
Fm,Sc,0,2120,3525,-1.0
Fm,Se,1,2120,120337,-0.03844792143693049
Fm,Sg,0,2120,137,-1.0
Fm,Si,20,2120,1825174,-0.028130236151448672
Fm,Sm,0,2120,3363,-1.0
Fm,Sn,0,2120,109311,-1.0
Fm,Sr,0,2120,8295,-1.0
Fm,Ta,3,2120,5739,0.1952427986102979
Fm,Tb,0,2120,3117,-1.0
Fm,Tc,0,2120,3663,-1.0
Fm,Te,0,2120,20569,-1.0
Fm,Th,0,2120,1733,-1.0
Fm,Ti,4,2120,77983,0.06395007731110254
Fm,Tl,0,2120,6312,-1.0
Fm,Tm,0,2120,1275,-1.0
Fm,Ts,0,2120,3,-1.0
Fm,U,3,2120,21879,0.11895455670439228
Fm,V,0,2120,39871,-1.0
Fm,W,4,2120,44325,0.09669229288311745
Fm,Xe,0,2120,588,-1.0
Fm,Y,9,2120,98196,0.10240429962724922
Fm,Yb,0,2120,3286,-1.0
Fm,Zn,0,2120,76233,-1.0
Fm,Zr,0,2120,106659,-1.0
Fr,Ac,0,105,9776,-1.0
Fr,Ag,0,105,19086,-1.0
Fr,Al,0,105,82361,-1.0
Fr,Am,0,105,380,-1.0
Fr,Ar,0,105,4079,-1.0
Fr,As,0,105,33552,-1.0
Fr,At,0,105,1164,-1.0
Fr,Au,0,105,18070,-1.0
Fr,B,3,105,1315877,0.05673101984365429
Fr,Ba,0,105,15764,-1.0
Fr,Be,1,105,3233,0.31680461590901615
Fr,Bh,0,105,74,-1.0
Fr,Bi,0,105,15692,-1.0
Fr,Bk,0,105,169,-1.0
Fr,Br,1,105,8607410,-0.10630389846428062
Fr,C,47,105,124377664,-0.0542320473832109
Fr,Ca,4,105,47081,0.26736863521139037
Fr,Cd,0,105,7961,-1.0
Fr,Ce,0,105,8261,-1.0
Fr,Cf,0,105,237,-1.0
Fr,Cl,4,105,21906474,-0.08864057976086429
Fr,Cm,0,105,692,-1.0
Fr,Cn,0,105,7,-1.0
Fr,Co,3,105,45781,0.24818037893978864
Fr,Cr,0,105,27069,-1.0
Fr,Cs,3,105,12307,0.3230696097453381
Fr,Cu,0,105,67388,-1.0
Fr,Db,0,105,105,-1.0
Fr,Ds,0,105,11,-1.0
Fr,Dy,0,105,2319,-1.0
Fr,Er,0,105,2201,-1.0
Fr,Es,0,105,359,-1.0
Fr,Eu,0,105,5611,-1.0
Fr,F,5,105,25344252,-0.08525886954522577
Fr,Fe,0,105,81651,-1.0
Fr,Fl,0,105,8,-1.0
Fr,Fm,0,105,2120,-1.0
Fr,Fr,105,105,105,
Fr,Ga,0,105,11650,-1.0
Fr,Gd,0,105,7718,-1.0
Fr,Ge,2,105,47164,0.21832336642554645
Fr,H,64,105,124461855,-0.03411586889249195
Fr,He,0,105,415,-1.0
Fr,Hf,0,105,22172,-1.0
Fr,Hg,0,105,15140,-1.0
Fr,Ho,0,105,1848,-1.0
Fr,Hs,0,105,69,-1.0
Fr,I,1,105,2542800,-0.040889587528167
Fr,In,0,105,14006,-1.0
Fr,Ir,0,105,169603,-1.0
Fr,K,2,105,156190,0.15160377089600358
Fr,Kr,0,105,166,-1.0
Fr,La,0,105,8114,-1.0
Fr,Li,0,105,117297,-1.0
Fr,Lr,0,105,861,-1.0
Fr,Lu,0,105,2717,-1.0
Fr,Lv,0,105,5,-1.0
Fr,Mc,0,105,5,-1.0
Fr,Md,0,105,96,-1.0
Fr,Mg,0,105,63053,-1.0
Fr,Mn,0,105,30915,-1.0
Fr,Mo,1,105,20126,0.21870645481368095
Fr,Mt,0,105,79,-1.0
Fr,N,7,105,110925773,-0.1552529221750791
Fr,Na,0,105,410484,-1.0
Fr,Nb,0,105,6672,-1.0
Fr,Nd,0,105,5576,-1.0
Fr,Ne,0,105,225,-1.0
Fr,Nh,0,105,8,-1.0
Fr,Ni,0,105,50498,-1.0
Fr,No,0,105,366,-1.0
Fr,Np,0,105,482,-1.0
Fr,O,57,105,109353141,-0.032914517850504976
Fr,Og,0,105,1,-1.0
Fr,Os,0,105,8718,-1.0
Fr,P,3,105,2503338,0.020069032423687502
Fr,Pa,0,105,263,-1.0
Fr,Pb,0,105,18301,-1.0
Fr,Pd,0,105,48856,-1.0
Fr,Pm,0,105,410,-1.0
Fr,Po,0,105,1385,-1.0
Fr,Pr,1,105,3784,0.3083621989387581
Fr,Pt,0,105,143559,-1.0
Fr,Pu,0,105,577,-1.0
Fr,Ra,0,105,277,-1.0
Fr,Rb,0,105,11197,-1.0
Fr,Re,0,105,10228,-1.0
Fr,Rf,0,105,5242,-1.0
Fr,Rg,0,105,9,-1.0
Fr,Rh,0,105,14946,-1.0
Fr,Rn,0,105,138,-1.0
Fr,Ru,0,105,39255,-1.0
Fr,S,20,105,36318993,-0.027200501404035904
Fr,Sb,0,105,19105,-1.0
Fr,Sc,0,105,3525,-1.0
Fr,Se,0,105,120337,-1.0
Fr,Sg,0,105,137,-1.0
Fr,Si,1,105,1825174,-0.02310090570955724
Fr,Sm,0,105,3363,-1.0
Fr,Sn,0,105,109311,-1.0
Fr,Sr,0,105,8295,-1.0
Fr,Ta,0,105,5739,-1.0
Fr,Tb,0,105,3117,-1.0
Fr,Tc,0,105,3663,-1.0
Fr,Te,0,105,20569,-1.0
Fr,Th,1,105,1733,0.35025626060027426
Fr,Ti,0,105,77983,-1.0
Fr,Tl,0,105,6312,-1.0
Fr,Tm,0,105,1275,-1.0
Fr,Ts,0,105,3,-1.0
Fr,U,0,105,21879,-1.0
Fr,V,0,105,39871,-1.0
Fr,W,0,105,44325,-1.0
Fr,Xe,0,105,588,-1.0
Fr,Y,0,105,98196,-1.0
Fr,Yb,0,105,3286,-1.0
Fr,Zn,0,105,76233,-1.0
Fr,Zr,0,105,106659,-1.0
Ga,Ac,7,11650,9776,0.1219372284912009
Ga,Ag,136,11650,19086,0.3156653967222971
Ga,Al,691,11650,82361,0.37155825460877867
Ga,Am,2,11650,380,0.22457017072543262
Ga,Ar,3,11650,4079,0.11757416744483597
Ga,As,256,11650,33552,0.33613423005229137
Ga,At,0,11650,1164,-1.0
Ga,Au,63,11650,18070,0.24960326282636952
Ga,B,227,11650,1315877,0.046339815136573766
Ga,Ba,82,11650,15764,0.282335201677501
Ga,Be,56,11650,3233,0.3572762709755141
Ga,Bh,0,11650,74,-1.0
Ga,Bi,111,11650,15692,0.3105372616044442
Ga,Bk,0,11650,169,-1.0
Ga,Br,305,11650,8607410,-0.07510325434513165
Ga,C,7805,11650,124377664,-0.041211119775357845
Ga,Ca,111,11650,47081,0.2316686756728332
Ga,Cd,156,11650,7961,0.39328560854435257
Ga,Ce,23,11650,8261,0.21887496758610386
Ga,Cf,1,11650,237,0.20436172234561092
Ga,Cl,1179,11650,21906474,-0.047751900242431616
Ga,Cm,0,11650,692,-1.0
Ga,Cn,0,11650,7,-1.0
Ga,Co,88,11650,45781,0.21345351064328455
Ga,Cr,57,11650,27069,0.21335038840514922
Ga,Cs,31,11650,12307,0.21658668139394785
Ga,Cu,391,11650,67388,0.3257586608955478
Ga,Db,0,11650,105,-1.0
Ga,Ds,0,11650,11,-1.0
Ga,Dy,18,11650,2319,0.280565507892232
Ga,Er,21,11650,2201,0.29657115867996375
Ga,Es,0,11650,359,-1.0
Ga,Eu,33,11650,5611,0.2734738468594263
Ga,F,843,11650,25344252,-0.08683313671269476
Ga,Fe,149,11650,81651,0.2178850614776373
Ga,Fl,0,11650,8,-1.0
Ga,Fm,2,11650,2120,0.1287901987175579
Ga,Fr,0,11650,105,-1.0
Ga,Ga,11650,11650,11650,
Ga,Gd,108,11650,7718,0.3588012675991227
Ga,Ge,294,11650,47164,0.3241244364514881
Ga,H,10103,11650,124461855,-0.015016071718007448
Ga,He,0,11650,415,-1.0
Ga,Hf,28,11650,22172,0.17004407588269868
Ga,Hg,45,11650,15140,0.23318516430232752
Ga,Ho,13,11650,1848,0.26876546254274547
Ga,Hs,0,11650,69,-1.0
Ga,I,327,11650,2542800,0.024796976616700703
Ga,In,1019,11650,14006,0.5682800516642367
Ga,Ir,55,11650,169603,0.08498408311137867
Ga,K,80,11650,156190,0.11927404391826832
Ga,Kr,0,11650,166,-1.0
Ga,La,137,11650,8114,0.37870970628399375
Ga,Li,155,11650,117297,0.1947790847609466
Ga,Lr,0,11650,861,-1.0
Ga,Lu,38,11650,2717,0.33378603345591945
Ga,Lv,0,11650,5,-1.0
Ga,Mc,0,11650,5,-1.0
Ga,Md,0,11650,96,-1.0
Ga,Mg,139,11650,63053,0.23057062322962701
Ga,Mn,90,11650,30915,0.24314770731304816
Ga,Mo,45,11650,20126,0.2139944707746192
Ga,Mt,0,11650,79,-1.0
Ga,N,4614,11650,110925773,-0.07938798559462738
Ga,Na,149,11650,410484,0.09946225404171688
Ga,Nb,64,11650,6672,0.31976188708885567
Ga,Nd,59,11650,5576,0.3247121815873409
Ga,Ne,1,11650,225,0.20714918227647974
Ga,Nh,0,11650,8,-1.0
Ga,Ni,90,11650,50498,0.2084470618225742
Ga,No,0,11650,366,-1.0
Ga,Np,4,11650,482,0.25998375873610957
Ga,O,6179,11650,109353141,-0.050820114088351125
Ga,Og,0,11650,1,-1.0
Ga,Os,7,11650,8718,0.12879815307642514
Ga,P,560,11650,2503338,0.07084393450036182
Ga,Pa,0,11650,263,-1.0
Ga,Pb,97,11650,18301,0.28704128045860183
Ga,Pd,48,11650,48856,0.15925162423507175
Ga,Pm,4,11650,410,0.2693604085779995
Ga,Po,4,11650,1385,0.19880972930497987
Ga,Pr,18,11650,3784,0.2494772171605396
Ga,Pt,56,11650,143559,0.09772864635782576
Ga,Pu,10,11650,577,0.3196371063489064
Ga,Ra,8,11650,277,0.3461665322679565
Ga,Rb,19,11650,11197,0.18466437460449836
Ga,Re,23,11650,10228,0.20509987070868513
Ga,Rf,0,11650,5242,-1.0
Ga,Rg,0,11650,9,-1.0
Ga,Rh,36,11650,14946,0.21576598857648777
Ga,Rn,0,11650,138,-1.0
Ga,Ru,34,11650,39255,0.14727885348519068
Ga,S,1482,11650,36318993,-0.07312847961000007
Ga,Sb,143,11650,19105,0.32042043348746096
Ga,Sc,85,11650,3525,0.39107855700562505
Ga,Se,382,11650,120337,0.27765337151658287
Ga,Sg,0,11650,137,-1.0
Ga,Si,536,11650,1825174,0.09261758766938959
Ga,Sm,23,11650,3363,0.2768375578893378
Ga,Sn,308,11650,109311,0.26378813045545907
Ga,Sr,109,11650,8295,0.3545304763502909
Ga,Ta,52,11650,5739,0.31136121968498015
Ga,Tb,38,11650,3117,0.32463165388873494
Ga,Tc,8,11650,3663,0.19025771084039333
Ga,Te,81,11650,20569,0.26255498680238737
Ga,Th,12,11650,1733,0.2664563313679825
Ga,Ti,114,11650,77983,0.19773861709750004
Ga,Tl,43,11650,6312,0.28821613535124235
Ga,Tm,8,11650,1275,0.25398154845602755
Ga,Ts,0,11650,3,-1.0
Ga,U,11,11650,21879,0.10355979881982903
Ga,V,63,11650,39871,0.19501442412351855
Ga,W,26,11650,44325,0.11937406568971388
Ga,Xe,1,11650,588,0.1556148970826629
Ga,Y,103,11650,98196,0.17260557105563887
Ga,Yb,23,11650,3286,0.2783314214913791
Ga,Zn,497,11650,76233,0.34141983128430836
Ga,Zr,136,11650,106659,0.19032324780561405
Gd,Ac,9,7718,9776,0.16412520615656895
Gd,Ag,17,7718,19086,0.16863867687717085
Gd,Al,151,7718,82361,0.2486656438857702
Gd,Am,0,7718,380,-1.0
Gd,Ar,0,7718,4079,-1.0
Gd,As,17,7718,33552,0.13295005900124754
Gd,At,0,7718,1164,-1.0
Gd,Au,15,7718,18070,0.16289139233102076
Gd,B,216,7718,1315877,0.07346161143349872
Gd,Ba,71,7718,15764,0.2981264439099675
Gd,Be,3,7718,3233,0.15429718584914487
Gd,Bh,0,7718,74,-1.0
Gd,Bi,26,7718,15692,0.21364708548110356
Gd,Bk,0,7718,169,-1.0
Gd,Br,98,7718,8607410,-0.12051767234302097
Gd,C,5931,7718,124377664,-0.026290915126263043
Gd,Ca,74,7718,47081,0.22555505297424575
Gd,Cd,12,7718,7961,0.1975670375825845
Gd,Ce,101,7718,8261,0.37681901188954436
Gd,Cf,0,7718,237,-1.0
Gd,Cl,454,7718,21906474,-0.08744090116831424
Gd,Cm,0,7718,692,-1.0
Gd,Cn,0,7718,7,-1.0
Gd,Co,90,7718,45781,0.24450006118669743
Gd,Cr,22,7718,27069,0.16554371950404806
Gd,Cs,6,7718,12307,0.12244561722379513
Gd,Cu,109,7718,67388,0.23387374254759777
Gd,Db,0,7718,105,-1.0
Gd,Ds,0,7718,11,-1.0
Gd,Dy,56,7718,2319,0.4081839771296807
Gd,Er,50,7718,2201,0.4008944832949897
Gd,Es,0,7718,359,-1.0
Gd,Eu,125,7718,5611,0.4260757716604011
Gd,F,360,7718,25344252,-0.1154685944561255
Gd,Fe,113,7718,81651,0.22327093688499286
Gd,Fl,0,7718,8,-1.0
Gd,Fm,0,7718,2120,-1.0
Gd,Fr,0,7718,105,-1.0
Gd,Ga,108,7718,11650,0.3588012675991227
Gd,Gd,7718,7718,7718,
Gd,Ge,41,7718,47164,0.17695553690918361
Gd,H,6652,7718,124461855,-0.015004737127918489
Gd,He,1,7718,415,0.19639695750200464
Gd,Hf,21,7718,22172,0.17486262943573622
Gd,Hg,3,7718,15140,0.06628346309807981
Gd,Ho,44,7718,1848,0.4006068461901908
Gd,Hs,0,7718,69,-1.0
Gd,I,83,7718,2542800,-0.045051831525748695
Gd,In,31,7718,14006,0.2351598219982399
Gd,Ir,14,7718,169603,0.017939853730834617
Gd,K,59,7718,156190,0.12414557385606334
Gd,Kr,0,7718,166,-1.0
Gd,La,99,7718,8114,0.37613675233273414
Gd,Li,42,7718,117297,0.11772419870178598
Gd,Lr,0,7718,861,-1.0
Gd,Lu,68,7718,2717,0.4161594930019385
Gd,Lv,0,7718,5,-1.0
Gd,Mc,0,7718,5,-1.0
Gd,Md,1,7718,96,0.2749317464941452
Gd,Mg,106,7718,63053,0.23616716614818706
Gd,Mn,72,7718,30915,0.25250107458144
Gd,Mo,18,7718,20126,0.1695110554746176
Gd,Mt,0,7718,79,-1.0
Gd,N,5176,7718,110925773,-0.028086891594572675
Gd,Na,385,7718,410484,0.21418077955311707
Gd,Nb,6,7718,6672,0.1587834870794605
Gd,Nd,56,7718,5576,0.34815491595020726
Gd,Ne,0,7718,225,-1.0
Gd,Nh,0,7718,8,-1.0
Gd,Ni,97,7718,50498,0.24415526149945557
Gd,No,0,7718,366,-1.0
Gd,Np,3,7718,482,0.2627928113270091
Gd,O,6466,7718,109353141,-0.004718886805864709
Gd,Og,0,7718,1,-1.0
Gd,Os,5,7718,8718,0.13067364478163357
Gd,P,538,7718,2503338,0.10070252058831818
Gd,Pa,0,7718,263,-1.0
Gd,Pb,8,7718,18301,0.11798455766039595
Gd,Pd,11,7718,48856,0.07945047544274182
Gd,Pm,15,7718,410,0.4005098013937183
Gd,Po,1,7718,1385,0.131743393357798
Gd,Pr,31,7718,3784,0.32122171747776834
Gd,Pt,57,7718,143559,0.12726663493179421
Gd,Pu,6,7718,577,0.3040660305050976
Gd,Ra,0,7718,277,-1.0
Gd,Rb,3,7718,11197,0.08348194250403103
Gd,Re,8,7718,10228,0.15311670132967956
Gd,Rf,1,7718,5242,0.060339696767200066
Gd,Rg,0,7718,9,-1.0
Gd,Rh,10,7718,14946,0.14564917280756867
Gd,Rn,0,7718,138,-1.0
Gd,Ru,9,7718,39255,0.07958331328689751
Gd,S,1094,7718,36318993,-0.06192878174109729
Gd,Sb,15,7718,19105,0.1593955796024994
Gd,Sc,52,7718,3525,0.3725728576523822
Gd,Se,15,7718,120337,0.04388652315664818
Gd,Sg,0,7718,137,-1.0
Gd,Si,239,7718,1825174,0.05685932946311023
Gd,Sm,71,7718,3363,0.4055761034235049
Gd,Sn,32,7718,109311,0.10234114330755048
Gd,Sr,61,7718,8295,0.3287543155446794
Gd,Ta,15,7718,5739,0.23488068221700764
Gd,Tb,113,7718,3117,0.45798300340308357
Gd,Tc,5,7718,3663,0.1815868340790217
Gd,Te,6,7718,20569,0.09196168438800348
Gd,Th,5,7718,1733,0.22553165780225257
Gd,Ti,38,7718,77983,0.13747715954157783
Gd,Tl,7,7718,6312,0.17280562734521204
Gd,Tm,29,7718,1275,0.38667747951904724
Gd,Ts,0,7718,3,-1.0
Gd,U,24,7718,21879,0.18586888526727546
Gd,V,40,7718,39871,0.1862467861507171
Gd,W,32,7718,44325,0.16182452029203306
Gd,Xe,0,7718,588,-1.0
Gd,Y,244,7718,98196,0.2808770822979537
Gd,Yb,51,7718,3286,0.37553414295481696
Gd,Zn,68,7718,76233,0.18495082145169991
Gd,Zr,62,7718,106659,0.15426881222838196
Ge,Ac,1,47164,9776,-0.07019857267474006
Ge,Ag,125,47164,19086,0.20639335234863115
Ge,Al,252,47164,82361,0.1593846453351549
Ge,Am,0,47164,380,-1.0
Ge,Ar,5,47164,4079,0.06899014026041865
Ge,As,196,47164,33552,0.2047840216524922
Ge,At,1,47164,1164,0.043964903707315636
Ge,Au,126,47164,18070,0.21105240438123424
Ge,B,873,47164,1315877,0.04727336179296806
Ge,Ba,89,47164,15764,0.190949606492083
Ge,Be,15,47164,3233,0.1572906945830821
Ge,Bh,0,47164,74,-1.0
Ge,Bi,196,47164,15692,0.26165587106829813
Ge,Bk,0,47164,169,-1.0
Ge,Br,1009,47164,8607410,-0.09999064535174022
Ge,C,43085,47164,124377664,-0.011136830529253417
Ge,Ca,91,47164,47081,0.11538706607227871
Ge,Cd,178,47164,7961,0.3030460239671082
Ge,Ce,33,47164,8261,0.15559624546495313
Ge,Cf,0,47164,237,-1.0
Ge,Cl,3876,47164,21906474,-0.0732885745831634
Ge,Cm,0,47164,692,-1.0
Ge,Cn,0,47164,7,-1.0
Ge,Co,129,47164,45781,0.14566254474780146
Ge,Cr,91,47164,27069,0.15455855575554978
Ge,Cs,38,47164,12307,0.13989315299437377
Ge,Cu,261,47164,67388,0.17784053151288015
Ge,Db,0,47164,105,-1.0
Ge,Ds,0,47164,11,-1.0
Ge,Dy,9,47164,2319,0.14154573053865263
Ge,Er,26,47164,2201,0.2236691388283796
Ge,Es,1,47164,359,0.10706906695562042
Ge,Eu,10,47164,5611,0.09482511089325076
Ge,F,5620,47164,25344252,-0.05344841719961007
Ge,Fe,147,47164,81651,0.11423872777050594
Ge,Fl,0,47164,8,-1.0
Ge,Fm,0,47164,2120,-1.0
Ge,Fr,2,47164,105,0.21832336642554645
Ge,Ga,294,47164,11650,0.3241244364514881
Ge,Gd,41,47164,7718,0.17695553690918361
Ge,Ge,47164,47164,47164,
Ge,H,45391,47164,124461855,-0.004710327321191003
Ge,He,4,47164,415,0.18761550538469574
Ge,Hf,597,47164,22172,0.34816002867277773
Ge,Hg,47,47164,15140,0.1422680262282285
Ge,Ho,10,47164,1848,0.16280335316423955
Ge,Hs,0,47164,69,-1.0
Ge,I,386,47164,2542800,-0.07203894994506085
Ge,In,243,47164,14006,0.29092797015683036
Ge,Ir,12712,47164,169603,0.5754189091084508
Ge,K,148,47164,156190,0.06725126999143753
Ge,Kr,0,47164,166,-1.0
Ge,La,59,47164,8114,0.2029347636316495
Ge,Li,479,47164,117297,0.19074624816568095
Ge,Lr,1,47164,861,0.060140574395752384
Ge,Lu,17,47164,2717,0.17745428430832436
Ge,Lv,0,47164,5,-1.0
Ge,Mc,0,47164,5,-1.0
Ge,Md,0,47164,96,-1.0
Ge,Mg,144,47164,63053,0.13146559075636582
Ge,Mn,114,47164,30915,0.1637150285912863
Ge,Mo,88,47164,20126,0.1727516765183741
Ge,Mt,0,47164,79,-1.0
Ge,N,27003,47164,110925773,-0.05233265536674752
Ge,Na,188,47164,410484,0.014211825317723107
Ge,Nb,55,47164,6672,0.21053529923160824
Ge,Nd,14,47164,5576,0.11823767258021599
Ge,Ne,1,47164,225,0.13213390739532926
Ge,Nh,0,47164,8,-1.0
Ge,Ni,179,47164,50498,0.16626917294531915
Ge,No,0,47164,366,-1.0
Ge,Np,3,47164,482,0.15960709679972424
Ge,O,24232,47164,109353141,-0.0626694335978735
Ge,Og,0,47164,1,-1.0
Ge,Os,19,47164,8718,0.11152078397553468
Ge,P,1593,47164,2503338,0.046097298489796594
Ge,Pa,0,47164,263,-1.0
Ge,Pb,150,47164,18301,0.22561219741106925
Ge,Pd,117,47164,48856,0.13291833095146027
Ge,Pm,0,47164,410,-1.0
Ge,Po,5,47164,1385,0.1324124694057272
Ge,Pr,11,47164,3784,0.12550333514390488
Ge,Pt,602,47164,143559,0.19647457413023653
Ge,Pu,5,47164,577,0.18382508531259625
Ge,Ra,1,47164,277,0.1209798752885182
Ge,Rb,40,47164,11197,0.1501255460290823
Ge,Re,35,47164,10228,0.14594521691097723
Ge,Rf,0,47164,5242,-1.0
Ge,Rg,0,47164,9,-1.0
Ge,Rh,30,47164,14946,0.10946312248873379
Ge,Rn,0,47164,138,-1.0
Ge,Ru,24,47164,39255,0.031001923341352617
Ge,S,7085,47164,36318993,-0.06782435533787508
Ge,Sb,270,47164,19105,0.2775519580979563
Ge,Sc,35,47164,3525,0.21656076606686123
Ge,Se,709,47164,120337,0.22729355597760492
Ge,Sg,0,47164,137,-1.0
Ge,Si,5566,47164,1825174,0.20830390066045762
Ge,Sm,17,47164,3363,0.16396021279859463
Ge,Sn,747,47164,109311,0.24061436893086138
Ge,Sr,54,47164,8295,0.19415849574067873
Ge,Ta,41,47164,5739,0.19680353440703394
Ge,Tb,13,47164,3117,0.14926176205116903
Ge,Tc,16,47164,3663,0.15412820837168317
Ge,Te,463,47164,20569,0.3267533352915678
Ge,Th,7,47164,1733,0.1418089970372487
Ge,Ti,267,47164,77983,0.16870462097075983
Ge,Tl,31,47164,6312,0.16854098481680313
Ge,Tm,12,47164,1275,0.1988998744767379
Ge,Ts,0,47164,3,-1.0
Ge,U,15,47164,21879,0.03727695952246185
Ge,V,68,47164,39871,0.1043788508292749
Ge,W,122,47164,44325,0.14337889369910845
Ge,Xe,0,47164,588,-1.0
Ge,Y,74,47164,98196,0.04802376735357648
Ge,Yb,23,47164,3286,0.18814624196114527
Ge,Zn,335,47164,76233,0.19114694711609956
Ge,Zr,1306,47164,106659,0.30320400002733977
H,Ac,9684,124461855,9776,-0.0008911327371182765
H,Ag,15702,124461855,19086,-0.021622008803307818
H,Al,76273,124461855,82361,-0.010241297748122406
H,Am,265,124461855,380,-0.027518845915901587
H,Ar,3779,124461855,4079,-0.007244730759813563
H,As,32160,124461855,33552,-0.005004788475922741
H,At,1094,124461855,1164,-0.005239094688422528
H,Au,15942,124461855,18070,-0.01386381747321074
H,B,1307425,124461855,1315877,-0.0011895233758530532
H,Ba,12906,124461855,15764,-0.021690625719036655
H,Be,2781,124461855,3233,-0.013966123827151532
H,Bh,58,124461855,74,-0.01663905274832487
H,Bi,13168,124461855,15692,-0.01904297270600615
H,Bk,121,124461855,169,-0.024058589309320522
H,Br,8600376,124461855,8607410,0.0000769330443346853
H,C,124330564,124461855,124377664,0.31003165783338094
H,Ca,42508,124461855,47081,-0.012671044787804207
H,Cd,6100,124461855,7961,-0.026726076641984328
H,Ce,5919,124461855,8261,-0.03338703637302773
H,Cf,190,124461855,237,-0.01642682839276542
H,Cl,21886637,124461855,21906474,0.00006742043496447943
H,Cm,624,124461855,692,-0.008391443827742491
H,Cn,0,124461855,7,-1.0
H,Co,40391,124461855,45781,-0.015463820465784537
H,Cr,22965,124461855,27069,-0.019002014919858895
H,Cs,11097,124461855,12307,-0.01098746277170056
H,Cu,60556,124461855,67388,-0.013877612390612913
H,Db,90,124461855,105,-0.010828829630880069
H,Ds,3,124461855,11,-0.07400898722112233
H,Dy,1745,124461855,2319,-0.02535412658473191
H,Er,1581,124461855,2201,-0.02925403405493701
H,Es,322,124461855,359,-0.008374615444866947
H,Eu,4769,124461855,5611,-0.01588583452457094
H,F,25310016,124461855,25344252,-0.0002061436962119246
H,Fe,73637,124461855,81651,-0.01375952964535349
H,Fl,0,124461855,8,-1.0
H,Fm,2090,124461855,2120,-0.0012031003858127116
H,Fr,64,124461855,105,-0.03411586889249195
H,Ga,10103,124461855,11650,-0.015016071718007448
H,Gd,6652,124461855,7718,-0.015004737127918489
H,Ge,45391,124461855,47164,-0.004710327321191003
H,H,124461855,124461855,124461855,
H,He,285,124461855,415,-0.02885470271455779
H,Hf,21130,124461855,22172,-0.00542648570284759
H,Hg,13632,124461855,15140,-0.011391777023006356
H,Ho,1383,124461855,1848,-0.02531666302153403
H,Hs,58,124461855,69,-0.01184082526962505
H,I,2536634,124461855,2542800,-0.0003607007134269616
H,In,11830,124461855,14006,-0.018119349554211975
H,Ir,168237,124461855,169603,-0.0010690305329668622
H,K,149862,124461855,156190,-0.005999519754113927
H,Kr,66,124461855,166,-0.06375459206639962
H,La,5652,124461855,8114,-0.03605306050083901
H,Li,111890,124461855,117297,-0.006581328201772817
H,Lr,838,124461855,861,-0.0021875960903906346
H,Lu,2262,124461855,2717,-0.016695395346245513
H,Lv,0,124461855,5,-1.0
H,Mc,0,124461855,5,-1.0
H,Md,66,124461855,96,-0.025857961445775755
H,Mg,58666,124461855,63053,-0.009279842140049403
H,Mn,25915,124461855,30915,-0.02068851970242998
H,Mo,16365,124461855,20126,-0.023031199801875738
H,Mt,67,124461855,79,-0.011342050944546265
H,N,110902560,124461855,110925773,0.00699410641321234
H,Na,403126,124461855,410484,-0.002976280175245617
H,Nb,4408,124461855,6672,-0.04034159511018763
H,Nd,4355,124461855,5576,-0.023985283953300518
H,Ne,135,124461855,225,-0.03711633363833408
H,Nh,0,124461855,8,-1.0
H,Ni,44385,124461855,50498,-0.016122286850036464
H,No,318,124461855,366,-0.010836584524175947
H,Np,369,124461855,482,-0.020905717617604364
H,O,109291364,124461855,109353141,0.003496847167730596
H,Og,0,124461855,1,-1.0
H,Os,8017,124461855,8718,-0.008579477738462881
H,P,2494649,124461855,2503338,-0.0006274319843278776
H,Pa,209,124461855,263,-0.017205080799224684
H,Pb,15378,124461855,18301,-0.01922196327593713
H,Pd,47085,124461855,48856,-0.004555300893767088
H,Pm,262,124461855,410,-0.03417862733303606
H,Po,1255,124461855,1385,-0.00847769901508706
H,Pr,2985,124461855,3784,-0.02219708218667966
H,Pt,141218,124461855,143559,-0.0022732282593875414
H,Pu,314,124461855,577,-0.04711965602419586
H,Ra,177,124461855,277,-0.03318715516915904
H,Rb,10363,124461855,11197,-0.008130355724102872
H,Re,9226,124461855,10228,-0.010733144424915698
H,Rf,5118,124461855,5242,-0.0022689247248102655
H,Rg,1,124461855,9,-0.1178185933494136
H,Rh,13748,124461855,14946,-0.00905708932140649
H,Rn,83,124461855,138,-0.035677180072196966
H,Ru,37356,124461855,39255,-0.005986240924625564
H,S,36299205,124461855,36318993,0.0003877699716432022
H,Sb,16878,124461855,19105,-0.013800281275218833
H,Sc,2748,124461855,3525,-0.023128714582621536
H,Se,117649,124461855,120337,-0.0030964975941485326
H,Sg,119,124461855,137,-0.010088024355796608
H,Si,1818349,124461855,1825174,-0.0006442210880673015
H,Sm,2592,124461855,3363,-0.024060490359709363
H,Sn,105723,124461855,109311,-0.004574600292651592
H,Sr,6059,124461855,8295,-0.03152528577505565
H,Ta,3981,124461855,5739,-0.035235254266789015
H,Tb,2325,124461855,3117,-0.02682764419590979
H,Tc,3396,124461855,3663,-0.007103686458403424
H,Te,19319,124461855,20569,-0.007030895296240607
H,Th,1192,124461855,1733,-0.03229155992614391
H,Ti,72229,124461855,77983,-0.010147146031414292
H,Tl,5638,124461855,6312,-0.011186365781673209
H,Tm,887,124461855,1275,-0.03052752911246253
H,Ts,0,124461855,3,-1.0
H,U,20768,124461855,21879,-0.005872927499582748
H,V,36811,124461855,39871,-0.009699706813319811
H,W,41224,124461855,44325,-0.008922786651829974
H,Xe,402,124461855,588,-0.02999440332559135
H,Y,95877,124461855,98196,-0.003190667476006484
H,Yb,2574,124461855,3286,-0.02254376345157729
H,Zn,70169,124461855,76233,-0.010941731632213627
H,Zr,102737,124461855,106659,-0.005132141133869746
He,Ac,0,415,9776,-1.0
He,Ag,1,415,19086,0.1478253948175126
He,Al,8,415,82361,0.20365981049789925
He,Am,0,415,380,-1.0
He,Ar,29,415,4079,0.5019199992470882
He,As,1,415,33552,0.11756116411958543
He,At,0,415,1164,-1.0
He,Au,1,415,18070,0.1507599663387404
He,B,14,415,1315877,0.07257442664536547
He,Ba,2,415,15764,0.20281045875652257
He,Be,1,415,3233,0.2430772086860423
He,Bh,0,415,74,-1.0
He,Bi,2,415,15692,0.2030655282703819
He,Bk,0,415,169,-1.0
He,Br,9,415,8607410,-0.0704636130171117
He,C,214,415,124377664,-0.049764571383459695
He,Ca,1,415,47081,0.09938716406411177
He,Cd,3,415,7961,0.26955753444548985
He,Ce,0,415,8261,-1.0
He,Cf,0,415,237,-1.0
He,Cl,24,415,21906474,-0.07191501476227044
He,Cm,0,415,692,-1.0
He,Cn,0,415,7,-1.0
He,Co,2,415,45781,0.14340680481604803
He,Cr,2,415,27069,0.17268572044242927
He,Cs,2,415,12307,0.21660414743757037
He,Cu,1,415,67388,0.08014965421374365
He,Db,0,415,105,-1.0
He,Ds,0,415,11,-1.0
He,Dy,0,415,2319,-1.0
He,Er,0,415,2201,-1.0
He,Es,0,415,359,-1.0
He,Eu,0,415,5611,-1.0
He,F,35,415,25344252,-0.05836586955249532
He,Fe,9,415,81651,0.21280813146446795
He,Fl,0,415,8,-1.0
He,Fm,0,415,2120,-1.0
He,Fr,0,415,105,-1.0
He,Ga,0,415,11650,-1.0
He,Gd,1,415,7718,0.19639695750200464
He,Ge,4,415,47164,0.18761550538469574
He,H,285,415,124461855,-0.02885470271455779
He,He,415,415,415,
He,Hf,27,415,22172,0.384595811248257
He,Hg,22,415,15140,0.39089392738940454
He,Ho,1,415,1848,0.27308206554358094
He,Hs,0,415,69,-1.0
He,I,5,415,2542800,-0.03094833074280896
He,In,1,415,14006,0.16442734885752014
He,Ir,0,415,169603,-1.0
He,K,2,415,156190,0.07502893258443896
He,Kr,12,415,166,0.6180616671173828
He,La,2,415,8114,0.23981517353005036
He,Li,15,415,117297,0.22895617064753931
He,Lr,0,415,861,-1.0
He,Lu,0,415,2717,-1.0
He,Lv,0,415,5,-1.0
He,Mc,0,415,5,-1.0
He,Md,0,415,96,-1.0
He,Mg,3,415,63053,0.15158749843033742
He,Mn,0,415,30915,-1.0
He,Mo,1,415,20126,0.14497904759070707
He,Mt,0,415,79,-1.0
He,N,97,415,110925773,-0.09508198831382199
He,Na,8,415,410484,0.10667194421953943
He,Nb,1,415,6672,0.20420980264810656
He,Nd,1,415,5576,0.21383656553315414
He,Ne,21,415,225,0.6566215435098433
He,Nh,0,415,8,-1.0
He,Ni,3,415,50498,0.16424528626397336
He,No,0,415,366,-1.0
He,Np,0,415,482,-1.0
He,O,170,415,109353141,-0.056427623177696846
He,Og,0,415,1,-1.0
He,Os,0,415,8718,-1.0
He,P,11,415,2503338,0.017054753935329854
He,Pa,0,415,263,-1.0
He,Pb,1,415,18301,0.15007851594599758
He,Pd,0,415,48856,-1.0
He,Pm,0,415,410,-1.0
He,Po,0,415,1385,-1.0
He,Pr,0,415,3784,-1.0
He,Pt,1,415,143559,0.0395778991839449
He,Pu,1,415,577,0.33552754300831966
He,Ra,0,415,277,-1.0
He,Rb,1,415,11197,0.17643558507645238
He,Re,1,415,10228,0.18129149921095628
He,Rf,0,415,5242,-1.0
He,Rg,0,415,9,-1.0
He,Rh,1,415,14946,0.16094258282932822
He,Rn,2,415,138,0.4668171776767584
He,Ru,1,415,39255,0.10913960502688434
He,S,38,415,36318993,-0.07718555017922783
He,Sb,0,415,19105,-1.0
He,Sc,0,415,3525,-1.0
He,Se,5,415,120337,0.14817843430853508
He,Sg,0,415,137,-1.0
He,Si,21,415,1825174,0.07948129194287427
He,Sm,1,415,3363,0.24096230489350817
He,Sn,4,415,109311,0.13889900408709255
He,Sr,1,415,8295,0.19252916786402482
He,Ta,1,415,5739,0.2122908315345185
He,Tb,0,415,3117,-1.0
He,Tc,0,415,3663,-1.0
He,Te,0,415,20569,-1.0
He,Th,3,415,1733,0.356475075075515
He,Ti,6,415,77983,0.18634993462161215
He,Tl,0,415,6312,-1.0
He,Tm,0,415,1275,-1.0
He,Ts,0,415,3,-1.0
He,U,4,415,21879,0.23213231261522113
He,V,4,415,39871,0.19735117963124882
He,W,1,415,44325,0.10262315900740315
He,Xe,14,415,588,0.554610403488985
He,Y,0,415,98196,-1.0
He,Yb,1,415,3286,0.24220488809094487
He,Zn,1,415,76233,0.0735335623325845
He,Zr,3,415,106659,0.12162149900986632
Hf,Ac,4,22172,9776,0.04825227133001755
Hf,Ag,21,22172,19086,0.11680933349088339
Hf,Al,193,22172,82361,0.1926895420855183
Hf,Am,0,22172,380,-1.0
Hf,Ar,1,22172,4079,0.01718515165419031
Hf,As,11,22172,33552,0.03761649154525598
Hf,At,0,22172,1164,-1.0
Hf,Au,22,22172,18070,0.12366846269979957
Hf,B,136,22172,1315877,-0.03958452305999607
Hf,Ba,43,22172,15764,0.1834533522629279
Hf,Be,9,22172,3233,0.1672416675043249
Hf,Bh,0,22172,74,-1.0
Hf,Bi,36,22172,15692,0.16979197474785027
Hf,Bk,0,22172,169,-1.0
Hf,Br,573,22172,8607410,-0.08001049577151526
Hf,C,20467,22172,124377664,-0.008987475106605221
Hf,Ca,25,22172,47081,0.07088722922011306
Hf,Cd,9,22172,7961,0.11243857702086367
Hf,Ce,40,22172,8261,0.22094720411415572
Hf,Cf,1,22172,237,0.16983888706681038
Hf,Cl,7740,22172,21906474,0.07080168274818846
Hf,Cm,1,22172,692,0.11235524041599411
Hf,Cn,0,22172,7,-1.0
Hf,Co,64,22172,45781,0.14233227426170508
Hf,Cr,89,22172,27069,0.2060811723057481
Hf,Cs,13,22172,12307,0.1107874795879535
Hf,Cu,48,22172,67388,0.0939058242731577
Hf,Db,0,22172,105,-1.0
Hf,Ds,0,22172,11,-1.0
Hf,Dy,17,22172,2319,0.235224541889346
Hf,Er,18,22172,2201,0.24302304814607223
Hf,Es,0,22172,359,-1.0
Hf,Eu,9,22172,5611,0.1337132289070983
Hf,F,2146,22172,25344252,-0.0677128646863408
Hf,Fe,79,22172,81651,0.11864451871207804
Hf,Fl,0,22172,8,-1.0
Hf,Fm,0,22172,2120,-1.0
Hf,Fr,0,22172,105,-1.0
Hf,Ga,28,22172,11650,0.17004407588269868
Hf,Gd,21,22172,7718,0.17486262943573622
Hf,Ge,597,22172,47164,0.34816002867277773
Hf,H,21130,22172,124461855,-0.00542648570284759
Hf,He,27,22172,415,0.384595811248257
Hf,Hf,22172,22172,22172,
Hf,Hg,65,22172,15140,0.22004750405691723
Hf,Ho,16,22172,1848,0.2448128704923036
Hf,Hs,0,22172,69,-1.0
Hf,I,202,22172,2542800,-0.06049693353860886
Hf,In,58,22172,14006,0.2158525388452057
Hf,Ir,26,22172,169603,-0.009697529151344867
Hf,K,32,22172,156190,0.009282162665882282
Hf,Kr,1,22172,166,0.188940934850077
Hf,La,80,22172,8114,0.28156020021300315
Hf,Li,32,22172,117297,0.028153191546998864
Hf,Lr,0,22172,861,-1.0
Hf,Lu,17,22172,2717,0.22520435660509522
Hf,Lv,0,22172,5,-1.0
Hf,Mc,0,22172,5,-1.0
Hf,Md,2,22172,96,0.26537271520538175
Hf,Mg,56,22172,63053,0.1099930447371629
Hf,Mn,26,22172,30915,0.10096237241767132
Hf,Mo,70,22172,20126,0.20654997022519356
Hf,Mt,0,22172,79,-1.0
Hf,N,6405,22172,110925773,-0.11397574017626319
Hf,Na,48,22172,410484,-0.028433492600327327
Hf,Nb,110,22172,6672,0.32487344596459017
Hf,Nd,22,22172,5576,0.19928389362471052
Hf,Ne,2,22172,225,0.21791442698730568
Hf,Nh,0,22172,8,-1.0
Hf,Ni,63,22172,50498,0.13432708411684627
Hf,No,0,22172,366,-1.0
Hf,Np,0,22172,482,-1.0
Hf,O,6245,22172,109353141,-0.114797441528448
Hf,Og,0,22172,1,-1.0
Hf,Os,13,22172,8718,0.13223480985270525
Hf,P,1036,22172,2503338,0.0721471082683374
Hf,Pa,0,22172,263,-1.0
Hf,Pb,32,22172,18301,0.1505768035591233
Hf,Pd,17,22172,48856,0.04241885459718862
Hf,Pm,2,22172,410,0.184480211982775
Hf,Po,3,22172,1385,0.1424646954214522
Hf,Pr,16,22172,3784,0.1996477461539926
Hf,Pt,37,22172,143559,0.024642285018238688
Hf,Pu,1,22172,577,0.12210515951694971
Hf,Ra,0,22172,277,-1.0
Hf,Rb,22,22172,11197,0.1544480703500445
Hf,Re,48,22172,10228,0.22155803628671444
Hf,Rf,0,22172,5242,-1.0
Hf,Rg,0,22172,9,-1.0
Hf,Rh,21,22172,14946,0.13248714897647285
Hf,Rn,0,22172,138,-1.0
Hf,Ru,16,22172,39255,0.052224921429139176
Hf,S,840,22172,36318993,-0.17136806022816287
Hf,Sb,17,22172,19105,0.1018171038424613
Hf,Sc,24,22172,3525,0.2356909000727513
Hf,Se,28,22172,120337,0.017513382802175154
Hf,Sg,0,22172,137,-1.0
Hf,Si,5243,22172,1825174,0.27604633027784103
Hf,Sm,8,22172,3363,0.1565597507352543
Hf,Sn,96,22172,109311,0.11340739169866143
Hf,Sr,28,22172,8295,0.19223155740779352
Hf,Ta,135,22172,5739,0.35559448208805805
Hf,Tb,15,22172,3117,0.206959045979722
Hf,Tc,5,22172,3663,0.11962517155978859
Hf,Te,20,22172,20569,0.10854337225026585
Hf,Th,14,22172,1733,0.23844023114750879
Hf,Ti,293,22172,77983,0.23532323959933857
Hf,Tl,10,22172,6312,0.13381881032019396
Hf,Tm,5,22172,1275,0.18159043553528204
Hf,Ts,0,22172,3,-1.0
Hf,U,14,22172,21879,0.07997526777138649
Hf,V,49,22172,39871,0.13101911585215328
Hf,W,86,22172,44325,0.168402609090379
Hf,Xe,0,22172,588,-1.0
Hf,Y,54,22172,98196,0.07700283522635884
Hf,Yb,11,22172,3286,0.18066132750554326
Hf,Zn,64,22172,76233,0.10712045215877597
Hf,Zr,1009,22172,106659,0.3389058438689905
Hg,Ac,20,15140,9776,0.18047427671684427
Hg,Ag,114,15140,19086,0.28012312078761914
Hg,Al,67,15140,82361,0.13170433944444504
Hg,Am,0,15140,380,-1.0
Hg,Ar,7,15140,4079,0.1585984024634324
Hg,As,116,15140,33552,0.24110245034769118
Hg,At,1,15140,1164,0.10492295890074102
Hg,Au,39,15140,18070,0.19209429580111287
Hg,B,147,15140,1315877,-0.006164337395162796
Hg,Ba,72,15140,15764,0.2524821144213622
Hg,Be,15,15140,3233,0.2286098137315414
Hg,Bh,0,15140,74,-1.0
Hg,Bi,47,15140,15692,0.21667310959680536
Hg,Bk,0,15140,169,-1.0
Hg,Br,1109,15140,8607410,0.005031892149473685
Hg,C,13253,15140,124377664,-0.014364722998609043
Hg,Ca,75,15140,47081,0.17966157585317596
Hg,Cd,250,15140,7961,0.423397971925697
Hg,Ce,7,15140,8261,0.11632767913047394
Hg,Cf,0,15140,237,-1.0
Hg,Cl,3658,15140,21906474,0.030454273499531684
Hg,Cm,0,15140,692,-1.0
Hg,Cn,0,15140,7,-1.0
Hg,Co,62,15140,45781,0.16611873731396176
Hg,Cr,104,15140,27069,0.2467597095313383
Hg,Cs,23,15140,12307,0.1762658108964058
Hg,Cu,149,15140,67388,0.21274836831797284
Hg,Db,0,15140,105,-1.0
Hg,Ds,0,15140,11,-1.0
Hg,Dy,6,15140,2319,0.18151503014093692
Hg,Er,1,15140,2201,0.07074746338405533
Hg,Es,0,15140,359,-1.0
Hg,Eu,4,15140,5611,0.102539884177135
Hg,F,945,15140,25344252,-0.10021250269632163
Hg,Fe,152,15140,81651,0.20042434672595252
Hg,Fl,0,15140,8,-1.0
Hg,Fm,0,15140,2120,-1.0
Hg,Fr,0,15140,105,-1.0
Hg,Ga,45,15140,11650,0.23318516430232752
Hg,Gd,3,15140,7718,0.06628346309807981
Hg,Ge,47,15140,47164,0.1422680262282285
Hg,H,13632,15140,124461855,-0.011391777023006356
Hg,He,22,15140,415,0.39089392738940454
Hg,Hf,65,15140,22172,0.22004750405691723
Hg,Hg,15140,15140,15140,
Hg,Ho,11,15140,1848,0.2395838402055671
Hg,Hs,0,15140,69,-1.0
Hg,I,647,15140,2542800,0.06073274729557269
Hg,In,98,15140,14006,0.288367186909187
Hg,Ir,12,15140,169603,-0.033478833818575617
Hg,K,121,15140,156190,0.13379805098688227
Hg,Kr,2,15140,166,0.2561151211095425
Hg,La,10,15140,8114,0.14179726653478184
Hg,Li,57,15140,117297,0.09494954958025084
Hg,Lr,0,15140,861,-1.0
Hg,Lu,7,15140,2717,0.18293698936163044
Hg,Lv,0,15140,5,-1.0
Hg,Mc,0,15140,5,-1.0
Hg,Md,0,15140,96,-1.0
Hg,Mg,38,15140,63053,0.10673188149633617
Hg,Mn,48,15140,30915,0.17249539345679246
Hg,Mo,19,15140,20126,0.1306126665105003
Hg,Mt,0,15140,79,-1.0
Hg,N,5409,15140,110925773,-0.09090501184515759
Hg,Na,588,15140,410484,0.20116693053820547
Hg,Nb,8,15140,6672,0.13822785221059458
Hg,Nd,5,15140,5576,0.11735290393223952
Hg,Ne,5,15140,225,0.3058391126436867
Hg,Nh,0,15140,8,-1.0
Hg,Ni,60,15140,50498,0.15674848883448614
Hg,No,0,15140,366,-1.0
Hg,Np,0,15140,482,-1.0
Hg,O,10402,15140,109353141,-0.026079000189171114
Hg,Og,0,15140,1,-1.0
Hg,Os,13,15140,8718,0.15596582896546776
Hg,P,538,15140,2503338,0.04615684417172299
Hg,Pa,0,15140,263,-1.0
Hg,Pb,158,15140,18301,0.3139888810548303
Hg,Pd,24,15140,48856,0.09033860914520553
Hg,Pm,0,15140,410,-1.0
Hg,Po,5,15140,1385,0.19913105875029827
Hg,Pr,1,15140,3784,0.04167802381548976
Hg,Pt,37,15140,143559,0.050024836759680634
Hg,Pu,1,15140,577,0.14257077510802516
Hg,Ra,0,15140,277,-1.0
Hg,Rb,13,15140,11197,0.14039836737586547
Hg,Re,9,15140,10228,0.1204002075252596
Hg,Rf,0,15140,5242,-1.0
Hg,Rg,0,15140,9,-1.0
Hg,Rh,11,15140,14946,0.11088924252796853
Hg,Rn,0,15140,138,-1.0
Hg,Ru,20,15140,39255,0.09161738149399971
Hg,S,2933,15140,36318993,-0.03834496737546842
Hg,Sb,48,15140,19105,0.20508261007978984
Hg,Sc,13,15140,3525,0.2122940740607786
Hg,Se,219,15140,120337,0.20423844268946162
Hg,Sg,0,15140,137,-1.0
Hg,Si,464,15140,1825174,0.05904783101666305
Hg,Sm,5,15140,3363,0.14704202474340547
Hg,Sn,104,15140,109311,0.147031666251442
Hg,Sr,26,15140,8295,0.2112881041720401
Hg,Ta,10,15140,5739,0.16299368525545727
Hg,Tb,8,15140,3117,0.18418186825390262
Hg,Tc,5,15140,3663,0.14202478713105574
Hg,Te,121,15140,20569,0.28022823039473216
Hg,Th,3,15140,1733,0.15143384507793617
Hg,Ti,34,15140,77983,0.0845267513249964
Hg,Tl,52,15140,6312,0.28704406827815676
Hg,Tm,6,15140,1275,0.2170184973373115
Hg,Ts,0,15140,3,-1.0
Hg,U,13,15140,21879,0.09872763238138808
Hg,V,17,15140,39871,0.07940918238412892
Hg,W,25,15140,44325,0.09953594369473812
Hg,Xe,3,15140,588,0.21305094832011934
Hg,Y,11,15140,98196,-0.005010761101530592
Hg,Yb,1,15140,3286,0.04924812019065035
Hg,Zn,205,15140,76233,0.2325430755335721
Hg,Zr,14,15140,106659,0.0048184762782082086
Ho,Ac,0,1848,9776,-1.0
Ho,Ag,1,1848,19086,0.06769996444461356
Ho,Al,35,1848,82361,0.22241388149104296
Ho,Am,0,1848,380,-1.0
Ho,Ar,0,1848,4079,-1.0
Ho,As,4,1848,33552,0.12078866137986358
Ho,At,0,1848,1164,-1.0
Ho,Au,3,1848,18070,0.13768604501997453
Ho,B,61,1848,1315877,0.07842811135318208
Ho,Ba,15,1848,15764,0.26117962218793167
Ho,Be,3,1848,3233,0.235784915180654
Ho,Bh,0,1848,74,-1.0
Ho,Bi,12,1848,15692,0.24404340833158825
Ho,Bk,0,1848,169,-1.0
Ho,Br,43,1848,8607410,-0.07313903945774126
Ho,C,1147,1848,124377664,-0.04098564335210823
Ho,Ca,10,1848,47081,0.16291116150786752
Ho,Cd,5,1848,7961,0.21993898635157325
Ho,Ce,20,1848,8261,0.3256740185342271
Ho,Cf,0,1848,237,-1.0
Ho,Cl,162,1848,21906474,-0.05135585466164469
Ho,Cm,0,1848,692,-1.0
Ho,Cn,0,1848,7,-1.0
Ho,Co,21,1848,45781,0.22002881851231262
Ho,Cr,20,1848,27069,0.24981216934582762
Ho,Cs,3,1848,12307,0.1595813040354487
Ho,Cu,26,1848,67388,0.21183562718042775
Ho,Db,0,1848,105,-1.0
Ho,Ds,0,1848,11,-1.0
Ho,Dy,80,1848,2319,0.5436620683466645
Ho,Er,86,1848,2201,0.5552129475443381
Ho,Es,0,1848,359,-1.0
Ho,Eu,28,1848,5611,0.3800802974038121
Ho,F,175,1848,25344252,-0.05673917404458972
Ho,Fe,40,1848,81651,0.23391017413649534
Ho,Fl,0,1848,8,-1.0
Ho,Fm,0,1848,2120,-1.0
Ho,Fr,0,1848,105,-1.0
Ho,Ga,13,1848,11650,0.26876546254274547
Ho,Gd,44,1848,7718,0.4006068461901908
Ho,Ge,10,1848,47164,0.16280335316423955
Ho,H,1383,1848,124461855,-0.02531666302153403
Ho,He,1,1848,415,0.27308206554358094
Ho,Hf,16,1848,22172,0.2448128704923036
Ho,Hg,11,1848,15140,0.2395838402055671
Ho,Ho,1848,1848,1848,
Ho,Hs,0,1848,69,-1.0
Ho,I,28,1848,2542800,-0.019459871045704267
Ho,In,26,1848,14006,0.3139638661881818
Ho,Ir,1,1848,169603,-0.04949117625656252
Ho,K,11,1848,156190,0.09590440828460713
Ho,Kr,0,1848,166,-1.0
Ho,La,17,1848,8114,0.31318028490985583
Ho,Li,35,1848,117297,0.19897385363880052
Ho,Lr,0,1848,861,-1.0
Ho,Lu,29,1848,2717,0.4307329164209599
Ho,Lv,0,1848,5,-1.0
Ho,Mc,0,1848,5,-1.0
Ho,Md,0,1848,96,-1.0
Ho,Mg,17,1848,63053,0.18346919425019376
Ho,Mn,15,1848,30915,0.21890669770941232
Ho,Mo,10,1848,20126,0.2149285270919135
Ho,Mt,0,1848,79,-1.0
Ho,N,661,1848,110925773,-0.07507703765844893
Ho,Na,12,1848,410484,0.0419970224663422
Ho,Nb,6,1848,6672,0.2436235666345113
Ho,Nd,31,1848,5576,0.38972914047181384
Ho,Ne,0,1848,225,-1.0
Ho,Nh,0,1848,8,-1.0
Ho,Ni,30,1848,50498,0.242148492520357
Ho,No,2,1848,366,0.3292506039170857
Ho,Np,2,1848,482,0.3139107219503624
Ho,O,1142,1848,109353141,-0.030248530634155935
Ho,Og,0,1848,1,-1.0
Ho,Os,2,1848,8718,0.1525946928693521
Ho,P,73,1848,2503338,0.04710760695354666
Ho,Pa,0,1848,263,-1.0
Ho,Pb,6,1848,18301,0.1837357632850751
Ho,Pd,5,1848,48856,0.11340898563564905
Ho,Pm,12,1848,410,0.46964587401580954
Ho,Po,0,1848,1385,-1.0
Ho,Pr,27,1848,3784,0.4024826332053807
Ho,Pt,2,1848,143559,-0.0034924536998541538
Ho,Pu,2,1848,577,0.30388708096463
Ho,Ra,0,1848,277,-1.0
Ho,Rb,10,1848,11197,0.2508183847559374
Ho,Re,1,1848,10228,0.10116606883805723
Ho,Rf,0,1848,5242,-1.0
Ho,Rg,0,1848,9,-1.0
Ho,Rh,7,1848,14946,0.20679622250508986
Ho,Rn,0,1848,138,-1.0
Ho,Ru,4,1848,39255,0.11169047087494255
Ho,S,160,1848,36318993,-0.08949293311359569
Ho,Sb,7,1848,19105,0.1920905069559323
Ho,Sc,26,1848,3525,0.4036509175899228
Ho,Se,6,1848,120337,0.07195668159853244
Ho,Sg,0,1848,137,-1.0
Ho,Si,47,1848,1825174,0.03729689844899659
Ho,Sm,25,1848,3363,0.40313183028368105
Ho,Sn,13,1848,109311,0.12949270609571714
Ho,Sr,10,1848,8295,0.2691801130870323
Ho,Ta,8,1848,5739,0.27432220090464793
Ho,Tb,51,1848,3117,0.47630787296277116
Ho,Tc,0,1848,3663,-1.0
Ho,Te,3,1848,20569,0.13030190589119023
Ho,Th,9,1848,1733,0.35627191977807804
Ho,Ti,18,1848,77983,0.17427119385422335
Ho,Tl,3,1848,6312,0.19764530125819388
Ho,Tm,72,1848,1275,0.5739846027050729
Ho,Ts,0,1848,3,-1.0
Ho,U,7,1848,21879,0.18396949741404348
Ho,V,14,1848,39871,0.1977521730316498
Ho,W,11,1848,44325,0.17344873213108794
Ho,Xe,0,1848,588,-1.0
Ho,Y,81,1848,98196,0.2820706527040622
Ho,Yb,49,1848,3286,0.4687234680549763
Ho,Zn,15,1848,76233,0.16225809208431938
Ho,Zr,20,1848,106659,0.16216339141668917
Hs,Ac,0,69,9776,-1.0
Hs,Ag,0,69,19086,-1.0
Hs,Al,0,69,82361,-1.0
Hs,Am,0,69,380,-1.0
Hs,Ar,0,69,4079,-1.0
Hs,As,0,69,33552,-1.0
Hs,At,0,69,1164,-1.0
Hs,Au,0,69,18070,-1.0
Hs,B,3,69,1315877,0.08066533419744998
Hs,Ba,0,69,15764,-1.0
Hs,Be,0,69,3233,-1.0
Hs,Bh,0,69,74,-1.0
Hs,Bi,0,69,15692,-1.0
Hs,Bk,0,69,169,-1.0
Hs,Br,1,69,8607410,-0.08378019462348443
Hs,C,57,69,124377664,-0.0129717834248896
Hs,Ca,0,69,47081,-1.0
Hs,Cd,0,69,7961,-1.0
Hs,Ce,1,69,8261,0.2890006201623445
Hs,Cf,0,69,237,-1.0
Hs,Cl,11,69,21906474,-0.006031715029723704
Hs,Cm,0,69,692,-1.0
Hs,Cn,0,69,7,-1.0
Hs,Co,0,69,45781,-1.0
Hs,Cr,0,69,27069,-1.0
Hs,Cs,0,69,12307,-1.0
Hs,Cu,0,69,67388,-1.0
Hs,Db,0,69,105,-1.0
Hs,Ds,0,69,11,-1.0
Hs,Dy,0,69,2319,-1.0
Hs,Er,0,69,2201,-1.0
Hs,Es,0,69,359,-1.0
Hs,Eu,0,69,5611,-1.0
Hs,F,11,69,25344252,-0.015006227132103589
Hs,Fe,0,69,81651,-1.0
Hs,Fl,0,69,8,-1.0
Hs,Fm,0,69,2120,-1.0
Hs,Fr,0,69,105,-1.0
Hs,Ga,0,69,11650,-1.0
Hs,Gd,0,69,7718,-1.0
Hs,Ge,0,69,47164,-1.0
Hs,H,58,69,124461855,-0.01184082526962505
Hs,He,0,69,415,-1.0
Hs,Hf,0,69,22172,-1.0
Hs,Hg,0,69,15140,-1.0
Hs,Ho,0,69,1848,-1.0
Hs,Hs,69,69,69,
Hs,I,2,69,2542800,0.01954587268236787
Hs,In,0,69,14006,-1.0
Hs,Ir,0,69,169603,-1.0
Hs,K,0,69,156190,-1.0
Hs,Kr,0,69,166,-1.0
Hs,La,0,69,8114,-1.0
Hs,Li,0,69,117297,-1.0
Hs,Lr,0,69,861,-1.0
Hs,Lu,0,69,2717,-1.0
Hs,Lv,0,69,5,-1.0
Hs,Mc,0,69,5,-1.0
Hs,Md,0,69,96,-1.0
Hs,Mg,0,69,63053,-1.0
Hs,Mn,0,69,30915,-1.0
Hs,Mo,0,69,20126,-1.0
Hs,Mt,0,69,79,-1.0
Hs,N,42,69,110925773,-0.02551695352050144
Hs,Na,1,69,410484,0.0794684518525899
Hs,Nb,0,69,6672,-1.0
Hs,Nd,0,69,5576,-1.0
Hs,Ne,0,69,225,-1.0
Hs,Nh,0,69,8,-1.0
Hs,Ni,0,69,50498,-1.0
Hs,No,0,69,366,-1.0
Hs,Np,0,69,482,-1.0
Hs,O,41,69,109353141,-0.026133546581247474
Hs,Og,0,69,1,-1.0
Hs,Os,0,69,8718,-1.0
Hs,P,3,69,2503338,0.044003346777483195
Hs,Pa,0,69,263,-1.0
Hs,Pb,0,69,18301,-1.0
Hs,Pd,0,69,48856,-1.0
Hs,Pm,0,69,410,-1.0
Hs,Po,0,69,1385,-1.0
Hs,Pr,0,69,3784,-1.0
Hs,Pt,0,69,143559,-1.0
Hs,Pu,0,69,577,-1.0
Hs,Ra,0,69,277,-1.0
Hs,Rb,0,69,11197,-1.0
Hs,Re,0,69,10228,-1.0
Hs,Rf,0,69,5242,-1.0
Hs,Rg,0,69,9,-1.0
Hs,Rh,0,69,14946,-1.0
Hs,Rn,1,69,138,0.5085247738590223
Hs,Ru,0,69,39255,-1.0
Hs,S,16,69,36318993,-0.014421283963873583
Hs,Sb,0,69,19105,-1.0
Hs,Sc,1,69,3525,0.3346895072572061
Hs,Se,0,69,120337,-1.0
Hs,Sg,0,69,137,-1.0
Hs,Si,0,69,1825174,-1.0
Hs,Sm,0,69,3363,-1.0
Hs,Sn,0,69,109311,-1.0
Hs,Sr,0,69,8295,-1.0
Hs,Ta,0,69,5739,-1.0
Hs,Tb,0,69,3117,-1.0
Hs,Tc,0,69,3663,-1.0
Hs,Te,0,69,20569,-1.0
Hs,Th,0,69,1733,-1.0
Hs,Ti,0,69,77983,-1.0
Hs,Tl,0,69,6312,-1.0
Hs,Tm,0,69,1275,-1.0
Hs,Ts,0,69,3,-1.0
Hs,U,0,69,21879,-1.0
Hs,V,1,69,39871,0.20455541712616043
Hs,W,0,69,44325,-1.0
Hs,Xe,0,69,588,-1.0
Hs,Y,0,69,98196,-1.0
Hs,Yb,0,69,3286,-1.0
Hs,Zn,0,69,76233,-1.0
Hs,Zr,0,69,106659,-1.0
I,Ac,248,2542800,9776,0.016568749885998758
I,Ag,992,2542800,19086,0.0796171128628584
I,Al,2256,2542800,82361,0.026946880029338295
I,Am,10,2542800,380,0.015557062864528117
I,Ar,181,2542800,4079,0.05777744789443172
I,As,946,2542800,33552,0.02741258028526856
I,At,82,2542800,1164,0.08703628417802951
I,Au,266,2542800,18070,-0.025025236478748082
I,B,36395,2542800,1315877,0.037345351228953536
I,Ba,192,2542800,15764,-0.03857361357271438
I,Be,52,2542800,3233,-0.016213542467046347
I,Bh,3,2542800,74,0.039123642631754794
I,Bi,455,2542800,15692,0.028046417439924573
I,Bk,4,2542800,169,0.008586428642179823
I,Br,172902,2542800,8607410,-0.002415958758551
I,C,2534288,2542800,124377664,-0.00042444032134807835
I,Ca,505,2542800,47081,-0.05181306741278882
I,Cd,163,2542800,7961,0.00023599290884919824
I,Ce,135,2542800,8261,-0.01618240436188621
I,Cf,4,2542800,237,-0.01101231648730058
I,Cl,340123,2542800,21906474,-0.0463241971684188
I,Cm,16,2542800,692,0.007862354890849844
I,Cn,0,2542800,7,-1.0
I,Co,676,2542800,45781,-0.026696275335227962
I,Cr,217,2542800,27069,-0.0704710140945926
I,Cs,903,2542800,12307,0.10811797223006366
I,Cu,2723,2542800,67388,0.0636493453143084
I,Db,0,2542800,105,-1.0
I,Ds,0,2542800,11,-1.0
I,Dy,33,2542800,2319,-0.023813162055391347
I,Er,26,2542800,2201,-0.035547938102779675
I,Es,9,2542800,359,0.0125071443086497
I,Eu,80,2542800,5611,-0.02515697983972273
I,F,496334,2542800,25344252,-0.007474670758172019
I,Fe,1413,2542800,81651,-0.01448857577023297
I,Fl,0,2542800,8,-1.0
I,Fm,9,2542800,2120,-0.09549113253038109
I,Fr,1,2542800,105,-0.040889587528167
I,Ga,327,2542800,11650,0.024796976616700703
I,Gd,83,2542800,7718,-0.045051831525748695
I,Ge,386,2542800,47164,-0.07203894994506085
I,H,2536634,2542800,124461855,-0.0003607007134269616
I,He,5,2542800,415,-0.03094833074280896
I,Hf,202,2542800,22172,-0.06049693353860886
I,Hg,647,2542800,15140,0.06073274729557269
I,Ho,28,2542800,1848,-0.019459871045704267
I,Hs,2,2542800,69,0.01954587268236787
I,I,2542800,2542800,2542800,
I,In,328,2542800,14006,0.01070472505619213
I,Ir,433,2542800,169603,-0.16537431746412126
I,K,6029,2542800,156190,0.0641356661261303
I,Kr,2,2542800,166,-0.029368286225271868
I,La,59,2542800,8114,-0.07086812258463138
I,Li,4097,2542800,117297,0.052051467860031855
I,Lr,57,2542800,861,0.08061071251756761
I,Lu,119,2542800,2717,0.05508794211985483
I,Lv,0,2542800,5,-1.0
I,Mc,0,2542800,5,-1.0
I,Md,1,2542800,96,-0.0360822057590003
I,Mg,2664,2542800,63053,0.06766606562731188
I,Mn,575,2542800,30915,-0.007558917967720386
I,Mo,243,2542800,20126,-0.03992780668463156
I,Mt,0,2542800,79,-1.0
I,N,2231635,2542800,110925773,-0.00357262392475847
I,Na,10476,2542800,410484,0.02381862556590291
I,Nb,54,2542800,6672,-0.06312876919077776
I,Nd,98,2542800,5576,-0.010636557467598277
I,Ne,1,2542800,225,-0.08177576017857167
I,Nh,0,2542800,8,-1.0
I,Ni,657,2542800,50498,-0.03704878982523702
I,No,6,2542800,366,-0.013004935957082468
I,Np,21,2542800,482,0.048623650376092564
I,O,2043855,2542800,109353141,-0.02140733395537749
I,Og,0,2542800,1,-1.0
I,Os,306,2542800,8718,0.04197559786172257
I,P,45602,2542800,2503338,-0.014365550242925552
I,Pa,3,2542800,263,-0.03316541608453324
I,Pb,781,2542800,18301,0.06157123569299209
I,Pd,2715,2542800,48856,0.09331774968441478
I,Pm,10,2542800,410,0.010906178479397123
I,Po,76,2542800,1385,0.06911589159839836
I,Pr,56,2542800,3784,-0.021992788789418165
I,Pt,1847,2542800,143559,-0.041498141189182006
I,Pu,7,2542800,577,-0.031158264428908705
I,Ra,1,2542800,277,-0.09292979228538274
I,Rb,221,2542800,11197,-0.002528385698730765
I,Re,229,2542800,10228,0.007011102822434446
I,Rf,127,2542800,5242,0.012429765545073617
I,Rg,0,2542800,9,-1.0
I,Rh,323,2542800,14946,0.004447680342706248
I,Rn,1,2542800,138,-0.05555082787236858
I,Ru,766,2542800,39255,-0.003741476636484764
I,S,613829,2542800,36318993,-0.035501768700755366
I,Sb,752,2542800,19105,0.05465124953593094
I,Sc,72,2542800,3525,0.00005479351368683242
I,Se,2224,2542800,120337,-0.009075994839119245
I,Sg,5,2542800,137,0.034126615189651086
I,Si,38852,2542800,1825174,0.005213117760398123
I,Sm,218,2542800,3363,0.08718012095807502
I,Sn,3247,2542800,109311,0.03555560971622444
I,Sr,107,2542800,8295,-0.03284882887983471
I,Ta,47,2542800,5739,-0.06173848662860782
I,Tb,47,2542800,3117,-0.02046748791047931
I,Tc,43,2542800,3663,-0.03717108872024057
I,Te,819,2542800,20569,0.056006974131391
I,Th,45,2542800,1733,0.016233783506244215
I,Ti,691,2542800,77983,-0.06894088233307383
I,Tl,350,2542800,6312,0.07819081752630296
I,Tm,39,2542800,1275,0.02701593138865766
I,Ts,0,2542800,3,-1.0
I,U,1120,2542800,21879,0.07913955729314898
I,V,7778,2542800,39871,0.23316755089728425
I,W,941,2542800,44325,0.0033404291614755593
I,Xe,27,2542800,588,0.0528434419318494
I,Y,2670,2542800,98196,0.026683811576009252
I,Yb,83,2542800,3286,0.014989140935879925
I,Zn,3910,2542800,76233,0.08886857118043313
I,Zr,860,2542800,106659,-0.07814997355055373
In,Ac,4,14006,9776,0.07487439189718008
In,Ag,313,14006,19086,0.38643224096858847
In,Al,500,14006,82361,0.3210250153650026
In,Am,0,14006,380,-1.0
In,Ar,3,14006,4079,0.10707476821348376
In,As,147,14006,33552,0.2683403536691123
In,At,0,14006,1164,-1.0
In,Au,135,14006,18070,0.3055318119723069
In,B,188,14006,1315877,0.01788409142010293
In,Ba,58,14006,15764,0.23924755023440897
In,Be,14,14006,3233,0.22817792355236155
In,Bh,0,14006,74,-1.0
In,Bi,253,14006,15692,0.37886020793945957
In,Bk,0,14006,169,-1.0
In,Br,528,14006,8607410,-0.04896325283128357
In,C,9122,14006,124377664,-0.044853275431925244
In,Ca,78,14006,47081,0.18835123803557335
In,Cd,286,14006,7961,0.44414151875427815
In,Ce,70,14006,8261,0.30033872394340116
In,Cf,0,14006,237,-1.0
In,Cl,1590,14006,21906474,-0.03882419250040334
In,Cm,0,14006,692,-1.0
In,Cn,0,14006,7,-1.0
In,Co,110,14006,45781,0.21966544531386123
In,Cr,65,14006,27069,0.21163444827093314
In,Cs,43,14006,12307,0.23096254364972105
In,Cu,617,14006,67388,0.3601882573453065
In,Db,0,14006,105,-1.0
In,Ds,0,14006,11,-1.0
In,Dy,19,14006,2319,0.2732424751599032
In,Er,18,14006,2201,0.27218747473091426
In,Es,0,14006,359,-1.0
In,Eu,14,14006,5611,0.1937236976980145
In,F,1060,14006,25344252,-0.08469276040101817
In,Fe,142,14006,81651,0.2001438441424016
In,Fl,0,14006,8,-1.0
In,Fm,0,14006,2120,-1.0
In,Fr,0,14006,105,-1.0
In,Ga,1019,14006,11650,0.5682800516642367
In,Gd,31,14006,7718,0.2351598219982399
In,Ge,243,14006,47164,0.29092797015683036
In,H,11830,14006,124461855,-0.018119349554211975
In,He,1,14006,415,0.16442734885752014
In,Hf,58,14006,22172,0.2158525388452057
In,Hg,98,14006,15140,0.288367186909187
In,Ho,26,14006,1848,0.3139638661881818
In,Hs,0,14006,69,-1.0
In,I,328,14006,2542800,0.01070472505619213
In,In,14006,14006,14006,
In,Ir,34,14006,169603,0.03827115127055591
In,K,82,14006,156190,0.10827616020382606
In,Kr,0,14006,166,-1.0
In,La,45,14006,8114,0.26281800035839853
In,Li,132,14006,117297,0.16744253782526416
In,Lr,0,14006,861,-1.0
In,Lu,14,14006,2717,0.23904455682286008
In,Lv,0,14006,5,-1.0
In,Mc,0,14006,5,-1.0
In,Md,0,14006,96,-1.0
In,Mg,143,14006,63053,0.2196574134579994
In,Mn,84,14006,30915,0.22415028648444407
In,Mo,71,14006,20126,0.23968835938178182
In,Mt,0,14006,79,-1.0
In,N,5167,14006,110925773,-0.08731317695571707
In,Na,182,14006,410484,0.10212508574610725
In,Nb,59,14006,6672,0.2997428942937336
In,Nd,41,14006,5576,0.2800728876679862
In,Ne,1,14006,225,0.1972685834300893
In,Nh,0,14006,8,-1.0
In,Ni,135,14006,50498,0.23071118555336437
In,No,0,14006,366,-1.0
In,Np,1,14006,482,0.15639830840450727
In,O,8127,14006,109353141,-0.04294166126545458
In,Og,0,14006,1,-1.0
In,Os,10,14006,8718,0.14216790976150653
In,P,571,14006,2503338,0.05755611169436405
In,Pa,0,14006,263,-1.0
In,Pb,189,14006,18301,0.33736847310686996
In,Pd,54,14006,48856,0.15600012817409747
In,Pm,4,14006,410,0.2586859515543499
In,Po,3,14006,1385,0.16865022144872976
In,Pr,21,14006,3784,0.2500176203090688
In,Pt,59,14006,143559,0.08901520328746053
In,Pu,2,14006,577,0.1910360032526317
In,Ra,1,14006,277,0.18611455132327825
In,Rb,16,14006,11197,0.16022740289114037
In,Re,21,14006,10228,0.18626109745285938
In,Rf,0,14006,5242,-1.0
In,Rg,0,14006,9,-1.0
In,Rh,16,14006,14946,0.14202732514312613
In,Rn,0,14006,138,-1.0
In,Ru,29,14006,39255,0.12327142239928829
In,S,2084,14006,36318993,-0.061146131640621916
In,Sb,240,14006,19105,0.3583786823451189
In,Sc,51,14006,3525,0.3302453256265986
In,Se,452,14006,120337,0.28011211672738456
In,Sg,0,14006,137,-1.0
In,Si,412,14006,1825174,0.055242195020392765
In,Sm,28,14006,3363,0.2812134414077616
In,Sn,933,14006,109311,0.3668613745088738
In,Sr,39,14006,8295,0.2492790628267763
In,Ta,70,14006,5739,0.32564859816994085
In,Tb,24,14006,3117,0.2733532859049167
In,Tc,7,14006,3663,0.1697052011350256
In,Te,128,14006,20569,0.29109627867440396
In,Th,17,14006,1733,0.2827105473883427
In,Ti,186,14006,77983,0.22771831071933793
In,Tl,62,14006,6312,0.30800631737012046
In,Tm,18,14006,1275,0.30685160383147286
In,Ts,0,14006,3,-1.0
In,U,15,14006,21879,0.11348260135403349
In,V,72,14006,39871,0.19330125808665014
In,W,88,14006,44325,0.2027314023768901
In,Xe,3,14006,588,0.2174891418277101
In,Y,77,14006,98196,0.13586162250699274
In,Yb,25,14006,3286,0.2733001659347963
In,Zn,898,14006,76233,0.3928859538005914
In,Zr,218,14006,106659,0.21879802311233018
Ir,Ac,3,169603,9776,-0.08492548039434482
Ir,Ag,106,169603,19086,0.1005964533850408
Ir,Al,433,169603,82361,0.10749481101732632
Ir,Am,0,169603,380,-1.0
Ir,Ar,13,169603,4079,0.05291624747514164
Ir,As,33,169603,33552,-0.02146238105908603
Ir,At,0,169603,1164,-1.0
Ir,Au,88,169603,18070,0.08999704282952546
Ir,B,5056,169603,1315877,0.10261210665496764
Ir,Ba,17,169603,15764,-0.014737061856978912
Ir,Be,25,169603,3233,0.11263558574790067
Ir,Bh,0,169603,74,-1.0
Ir,Bi,136,169603,15692,0.13483991510989032
Ir,Bk,0,169603,169,-1.0
Ir,Br,1768,169603,8607410,-0.16941901751107633
Ir,C,167601,169603,124377664,-0.0015389650110742429
Ir,Ca,14,169603,47081,-0.09506936445376268
Ir,Cd,11,169603,7961,0.0009175061388830893
Ir,Ce,42,169603,8261,0.08841831283344688
Ir,Cf,1,169603,237,0.06068802875803688
Ir,Cl,2849,169603,21906474,-0.2197542490708922
Ir,Cm,0,169603,692,-1.0
Ir,Cn,0,169603,7,-1.0
Ir,Co,127,169603,45781,0.0515991696854111
Ir,Cr,34,169603,27069,-0.005323915009565923
Ir,Cs,39,169603,12307,0.05641698078038376
Ir,Cu,318,169603,67388,0.09652896380187762
Ir,Db,0,169603,105,-1.0
Ir,Ds,0,169603,11,-1.0
Ir,Dy,23,169603,2319,0.1280822478253744
Ir,Er,3,169603,2201,0.0000719734919732998
Ir,Es,0,169603,359,-1.0
Ir,Eu,56,169603,5611,0.13630927690418518
Ir,F,31522,169603,25344252,-0.01090354663662001
Ir,Fe,110,169603,81651,-0.0007468862581552298
Ir,Fl,0,169603,8,-1.0
Ir,Fm,2,169603,2120,-0.02043232612752498
Ir,Fr,0,169603,105,-1.0
Ir,Ga,55,169603,11650,0.08498408311137867
Ir,Gd,14,169603,7718,0.017939853730834617
Ir,Ge,12712,169603,47164,0.5754189091084508
Ir,H,168237,169603,124461855,-0.0010690305329668622
Ir,He,0,169603,415,-1.0
Ir,Hf,26,169603,22172,-0.009697529151344867
Ir,Hg,12,169603,15140,-0.033478833818575617
Ir,Ho,1,169603,1848,-0.04949117625656252
Ir,Hs,0,169603,69,-1.0
Ir,I,433,169603,2542800,-0.16537431746412126
Ir,In,34,169603,14006,0.03827115127055591
Ir,Ir,169603,169603,169603,
Ir,K,271,169603,156190,0.01860714571241819
Ir,Kr,0,169603,166,-1.0
Ir,La,30,169603,8114,0.06556509461063321
Ir,Li,158,169603,117297,-0.000777148907760897
Ir,Lr,0,169603,861,-1.0
Ir,Lu,5,169603,2717,0.017701248625122176
Ir,Lv,0,169603,5,-1.0
Ir,Mc,0,169603,5,-1.0
Ir,Md,2,169603,96,0.15200633435212468
Ir,Mg,34,169603,63053,-0.06127050951810554
Ir,Mn,72,169603,30915,0.03738454875971439
Ir,Mo,61,169603,20126,0.0550889329411649
Ir,Mt,0,169603,79,-1.0
Ir,N,164437,169603,110925773,0.012854464959583006
Ir,Na,201,169603,410484,-0.07666285424241903
Ir,Nb,33,169603,6672,0.08519200959227419
Ir,Nd,8,169603,5576,0.0031720092485937675
Ir,Ne,0,169603,225,-1.0
Ir,Nh,0,169603,8,-1.0
Ir,Ni,128,169603,50498,0.045085286617516526
Ir,No,0,169603,366,-1.0
Ir,Np,0,169603,482,-1.0
Ir,O,115610,169603,109353141,-0.036204216831910344
Ir,Og,0,169603,1,-1.0
Ir,Os,443,169603,8718,0.2884954635140178
Ir,P,5438,169603,2503338,0.04655158034087725
Ir,Pa,1,169603,263,0.055103752233543676
Ir,Pb,18,169603,18301,-0.020636098408054394
Ir,Pd,267,169603,48856,0.1064815175501061
Ir,Pm,1,169603,410,0.031284523103187724
Ir,Po,3,169603,1385,0.02647795659668664
Ir,Pr,13,169603,3784,0.05758607537329002
Ir,Pt,3677,169603,143559,0.28134966191981253
Ir,Pu,3,169603,577,0.07639342279191165
Ir,Ra,1,169603,277,0.05232145658209464
Ir,Rb,22,169603,11197,0.02359939917481164
Ir,Re,186,169603,10228,0.19323302013547466
Ir,Rf,0,169603,5242,-1.0
Ir,Rg,0,169603,9,-1.0
Ir,Rh,427,169603,14946,0.2418915355936942
Ir,Rn,0,169603,138,-1.0
Ir,Ru,394,169603,39255,0.15775469206526038
Ir,S,33850,169603,36318993,-0.04613898435783659
Ir,Sb,88,169603,19105,0.08606452820361732
Ir,Sc,13,169603,3525,0.061996566235627215
Ir,Se,1026,169603,120337,0.15671578647644743
Ir,Sg,0,169603,137,-1.0
Ir,Si,29897,169603,1825174,0.2984569919930475
Ir,Sm,9,169603,3363,0.04110810263056726
Ir,Sn,119,169603,109311,-0.016124728843045624
Ir,Sr,20,169603,8295,0.036538747007576325
Ir,Ta,145,169603,5739,0.21377735192719788
Ir,Tb,27,169603,3117,0.12059723514654937
Ir,Tc,7,169603,3663,0.020317304242415082
Ir,Te,149,169603,20569,0.1225910352851854
Ir,Th,16,169603,1733,0.12063924227994938
Ir,Ti,133,169603,77983,0.016393987358136224
Ir,Tl,11,169603,6312,0.015207182479152512
Ir,Tm,0,169603,1275,-1.0
Ir,Ts,0,169603,3,-1.0
Ir,U,12,169603,21879,-0.056268852344384016
Ir,V,112,169603,39871,0.052033466320147215
Ir,W,64,169603,44325,0.004066960515982727
Ir,Xe,0,169603,588,-1.0
Ir,Y,631,169603,98196,0.12727577581966562
Ir,Yb,4,169603,3286,-0.00648041292502893
Ir,Zn,115,169603,76233,0.007390810688661278
Ir,Zr,63,169603,106659,-0.05759240507111366
K,Ac,54,156190,9776,0.10121816534764591
K,Ag,326,156190,19086,0.20320255167677914
K,Al,1545,156190,82361,0.23948268532724115
K,Am,1,156190,380,0.03978069130151259
K,Ar,49,156190,4079,0.1532281319707036
K,As,175,156190,33552,0.10579292986643825
K,At,4,156190,1164,0.05844252504741704
K,Au,362,156190,18070,0.21737897391698696
K,B,22315,156190,1315877,0.30190662013431346
K,Ba,304,156190,15764,0.21149433031316522
K,Be,72,156190,3233,0.20030851725917412
K,Bh,2,156190,74,0.17109938210935152
K,Bi,322,156190,15692,0.21726673423477255
K,Bk,0,156190,169,-1.0
K,Br,14276,156190,8607410,0.03084631954220798
K,C,143041,156190,124377664,-0.01273952019195756
K,Ca,1531,156190,47081,0.2879452920027836
K,Cd,114,156190,7961,0.1751679001209483
K,Ce,177,156190,8261,0.21081941051372968
K,Cf,1,156190,237,0.06510781637072924
K,Cl,25132,156190,21906474,-0.01042364636290561
K,Cm,10,156190,692,0.14963346002291575
K,Cn,0,156190,7,-1.0
K,Co,556,156190,45781,0.1843256302339939
K,Cr,609,156190,27069,0.23611462240142456
K,Cs,489,156190,12307,0.27764268928236074
K,Cu,1157,156190,67388,0.2258634617792037
K,Db,0,156190,105,-1.0
K,Ds,0,156190,11,-1.0
K,Dy,14,156190,2319,0.0982328482862679
K,Er,16,156190,2201,0.11076584017492579
K,Es,2,156190,359,0.08310565935132339
K,Eu,35,156190,5611,0.10636716563326222
K,F,37012,156190,25344252,0.01879441251197477
K,Fe,1680,156190,81651,0.2495138461644473
K,Fl,0,156190,8,-1.0
K,Fm,6,156190,2120,0.0483294906568407
K,Fr,2,156190,105,0.15160377089600358
K,Ga,80,156190,11650,0.11927404391826832
K,Gd,59,156190,7718,0.12414557385606334
K,Ge,148,156190,47164,0.06725126999143753
K,H,149862,156190,124461855,-0.005999519754113927
K,He,2,156190,415,0.07502893258443896
K,Hf,32,156190,22172,0.009282162665882282
K,Hg,121,156190,15140,0.13379805098688227
K,Ho,11,156190,1848,0.09590440828460713
K,Hs,0,156190,69,-1.0
K,I,6029,156190,2542800,0.0641356661261303
K,In,82,156190,14006,0.10827616020382606
K,Ir,271,156190,169603,0.01860714571241819
K,K,156190,156190,156190,
K,Kr,3,156190,166,0.1521115664443296
K,La,105,156190,8114,0.16689711638551535
K,Li,2934,156190,117297,0.28089776389070303
K,Lr,0,156190,861,-1.0
K,Lu,34,156190,2717,0.15222675647404085
K,Lv,0,156190,5,-1.0
K,Mc,0,156190,5,-1.0
K,Md,0,156190,96,-1.0
K,Mg,1884,156190,63053,0.28570297714899606
K,Mn,909,156190,30915,0.26674016938133743
K,Mo,256,156190,20126,0.17694167835113123
K,Mt,2,156190,79,0.1674563580062428
K,N,90483,156190,110925773,-0.05945944383823697
K,Na,9422,156190,410484,0.30637487646433165
K,Nb,219,156190,6672,0.2463955674961047
K,Nd,31,156190,5576,0.09794892354976467
K,Ne,2,156190,225,0.1091385306575287
K,Nh,0,156190,8,-1.0
K,Ni,454,156190,50498,0.15732663804534994
K,No,2,156190,366,0.0820296839938234
K,Np,9,156190,482,0.1642604353661909
K,O,135299,156190,109353141,-0.0019260810107600646
K,Og,0,156190,1,-1.0
K,Os,243,156190,8718,0.23591006313308047
K,P,14617,156190,2503338,0.1699899154523188
K,Pa,0,156190,263,-1.0
K,Pb,214,156190,18301,0.1682142441618807
K,Pd,1591,156190,48856,0.28905485767862016
K,Pm,1,156190,410,0.035704310715880094
K,Po,9,156190,1385,0.10006950279570447
K,Pr,17,156190,3784,0.08074619744766985
K,Pt,728,156190,143559,0.1159732205277457
K,Pu,5,156190,577,0.11351590575625271
K,Ra,3,156190,277,0.12292264664607447
K,Rb,159,156190,11197,0.17884423532855562
K,Re,109,156190,10228,0.15342602920755982
K,Rf,9,156190,5242,0.019124541596086262
K,Rg,0,156190,9,-1.0
K,Rh,164,156190,14946,0.16021160915543628
K,Rn,7,156190,138,0.2216498708532511
K,Ru,348,156190,39255,0.15295764451415375
K,S,53926,156190,36318993,0.021848620720953102
K,Sb,371,156190,19105,0.21535130227276192
K,Sc,37,156190,3525,0.1413866371810081
K,Se,608,156190,120337,0.11396461071384667
K,Sg,1,156190,137,0.09451036694257833
K,Si,4860,156190,1825174,0.07420525226090555
K,Sm,48,156190,3363,0.164686990449528
K,Sn,541,156190,109311,0.11121396784409188
K,Sr,203,156190,8295,0.22296311230700974
K,Ta,115,156190,5739,0.19945855034531612
K,Tb,35,156190,3117,0.14533638987131106
K,Tc,10,156190,3663,0.04763461580630303
K,Te,85,156190,20569,0.08401361915197754
K,Th,32,156190,1733,0.17725648207718384
K,Ti,650,156190,77983,0.1557463989045442
K,Tl,32,156190,6312,0.09207586573169256
K,Tm,11,156190,1275,0.11875524076618979
K,Ts,0,156190,3,-1.0
K,U,405,156190,21879,0.21305566880857793
K,V,784,156190,39871,0.22984974421659027
K,W,584,156190,44325,0.19170173016841796
K,Xe,4,156190,588,0.09802066542325706
K,Y,571,156190,98196,0.12481534537060614
K,Yb,38,156190,3286,0.14809519906081775
K,Zn,851,156190,76233,0.18383594464644828
K,Zr,296,156190,106659,0.06136380210556803
Kr,Ac,0,166,9776,-1.0
Kr,Ag,0,166,19086,-1.0
Kr,Al,3,166,82361,0.18859338620330382
Kr,Am,0,166,380,-1.0
Kr,Ar,20,166,4079,0.5248178297080256
Kr,As,0,166,33552,-1.0
Kr,At,0,166,1164,-1.0
Kr,Au,1,166,18070,0.19991578876370739
Kr,B,3,166,1315877,0.030620570208757355
Kr,Ba,1,166,15764,0.20723984140749674
Kr,Be,0,166,3233,-1.0
Kr,Bh,0,166,74,-1.0
Kr,Bi,1,166,15692,0.2074854261757199
Kr,Bk,0,166,169,-1.0
Kr,Br,2,166,8607410,-0.09730896760643475
Kr,C,47,166,124377664,-0.08519996503502224
Kr,Ca,1,166,47081,0.1485429864890788
Kr,Cd,1,166,7961,0.24388977185046112
Kr,Ce,0,166,8261,-1.0
Kr,Cf,0,166,237,-1.0
Kr,Cl,9,166,21906474,-0.07155025671575312
Kr,Cm,0,166,692,-1.0
Kr,Cn,0,166,7,-1.0
Kr,Co,1,166,45781,0.15004510902318366
Kr,Cr,1,166,27069,0.17823528980620065
Kr,Cs,0,166,12307,-1.0
Kr,Cu,1,166,67388,0.12930547663871064
Kr,Db,0,166,105,-1.0
Kr,Ds,0,166,11,-1.0
Kr,Dy,0,166,2319,-1.0
Kr,Er,0,166,2201,-1.0
Kr,Es,0,166,359,-1.0
Kr,Eu,2,166,5611,0.3114218548689638
Kr,F,18,166,25344252,-0.03994533763980917
Kr,Fe,2,166,81651,0.16222324001847618
Kr,Fl,0,166,8,-1.0
Kr,Fm,0,166,2120,-1.0
Kr,Fr,0,166,105,-1.0
Kr,Ga,0,166,11650,-1.0
Kr,Gd,0,166,7718,-1.0
Kr,Ge,0,166,47164,-1.0
Kr,H,66,166,124461855,-0.06375459206639962
Kr,He,12,166,415,0.6180616671173828
Kr,Hf,1,166,22172,0.188940934850077
Kr,Hg,2,166,15140,0.2561151211095425
Kr,Ho,0,166,1848,-1.0
Kr,Hs,0,166,69,-1.0
Kr,I,2,166,2542800,-0.029368286225271868
Kr,In,0,166,14006,-1.0
Kr,Ir,0,166,169603,-1.0
Kr,K,3,166,156190,0.1521115664443296
Kr,Kr,166,166,166,
Kr,La,1,166,8114,0.24286853792758914
Kr,Li,1,166,117297,0.09957230225682348
Kr,Lr,0,166,861,-1.0
Kr,Lu,0,166,2717,-1.0
Kr,Lv,0,166,5,-1.0
Kr,Mc,0,166,5,-1.0
Kr,Md,0,166,96,-1.0
Kr,Mg,0,166,63053,-1.0
Kr,Mn,0,166,30915,-1.0
Kr,Mo,0,166,20126,-1.0
Kr,Mt,0,166,79,-1.0
Kr,N,21,166,110925773,-0.12511559447043416
Kr,Na,3,166,410484,0.09702844582899467
Kr,Nb,0,166,6672,-1.0
Kr,Nd,0,166,5576,-1.0
Kr,Ne,12,166,225,0.6559542318099127
Kr,Nh,0,166,8,-1.0
Kr,Ni,2,166,50498,0.18899707432758048
Kr,No,0,166,366,-1.0
Kr,Np,0,166,482,-1.0
Kr,O,31,166,109353141,-0.10176936911616777
Kr,Og,0,166,1,-1.0
Kr,Os,0,166,8718,-1.0
Kr,P,2,166,2503338,-0.028496805837101312
Kr,Pa,0,166,263,-1.0
Kr,Pb,1,166,18301,0.19923433837096458
Kr,Pd,0,166,48856,-1.0
Kr,Pm,0,166,410,-1.0
Kr,Po,0,166,1385,-1.0
Kr,Pr,0,166,3784,-1.0
Kr,Pt,1,166,143559,0.0887337216089119
Kr,Pu,0,166,577,-1.0
Kr,Ra,0,166,277,-1.0
Kr,Rb,1,166,11197,0.22559140750141937
Kr,Re,0,166,10228,-1.0
Kr,Rf,0,166,5242,-1.0
Kr,Rg,0,166,9,-1.0
Kr,Rh,0,166,14946,-1.0
Kr,Rn,3,166,138,0.5529556307613968
Kr,Ru,0,166,39255,-1.0
Kr,S,3,166,36318993,-0.15851706823379402
Kr,Sb,0,166,19105,-1.0
Kr,Sc,0,166,3525,-1.0
Kr,Se,0,166,120337,-1.0
Kr,Sg,0,166,137,-1.0
Kr,Si,1,166,1825174,-0.0476724905075641
Kr,Sm,0,166,3363,-1.0
Kr,Sn,0,166,109311,-1.0
Kr,Sr,0,166,8295,-1.0
Kr,Ta,0,166,5739,-1.0
Kr,Tb,0,166,3117,-1.0
Kr,Tc,0,166,3663,-1.0
Kr,Te,0,166,20569,-1.0
Kr,Th,0,166,1733,-1.0
Kr,Ti,1,166,77983,0.12147180077743232
Kr,Tl,0,166,6312,-1.0
Kr,Tm,0,166,1275,-1.0
Kr,Ts,0,166,3,-1.0
Kr,U,0,166,21879,-1.0
Kr,V,1,166,39871,0.1574601284873574
Kr,W,1,166,44325,0.15177898143237015
Kr,Xe,19,166,588,0.643233739726298
Kr,Y,0,166,98196,-1.0
Kr,Yb,0,166,3286,-1.0
Kr,Zn,1,166,76233,0.12268938475755149
Kr,Zr,0,166,106659,-1.0
La,Ac,6,8114,9776,0.13314088245287256
La,Ag,79,8114,19086,0.29093262572860973
La,Al,436,8114,82361,0.35007561603014803
La,Am,0,8114,380,-1.0
La,Ar,4,8114,4079,0.15717146760222367
La,As,26,8114,33552,0.1609908533208619
La,At,0,8114,1164,-1.0
La,Au,31,8114,18070,0.21511562521637514
La,B,291,8114,1315877,0.09427595918189659
La,Ba,224,8114,15764,0.4070900834536542
La,Be,11,8114,3233,0.24355134589255728
La,Bh,0,8114,74,-1.0
La,Bi,115,8114,15692,0.33990704290740553
La,Bk,0,8114,169,-1.0
La,Br,114,8114,8607410,-0.11455052137517072
La,C,3892,8114,124377664,-0.0706553122694582
La,Ca,268,8114,47081,0.3425827191850617
La,Cd,17,8114,7961,0.22078950169961611
La,Ce,553,8114,8261,0.5626892802930862
La,Cf,3,8114,237,0.3004083199541866
La,Cl,442,8114,21906474,-0.09337598652500764
La,Cm,6,8114,692,0.2903095757788285
La,Cn,0,8114,7,-1.0
La,Co,263,8114,45781,0.3427905164748637
La,Cr,136,8114,27069,0.31656000952456037
La,Cs,35,8114,12307,0.2503523407695441
La,Cu,229,8114,67388,0.2994429576735786
La,Db,0,8114,105,-1.0
La,Ds,0,8114,11,-1.0
La,Dy,27,8114,2319,0.33797556264384987
La,Er,37,8114,2201,0.3694996564057244
La,Es,4,8114,359,0.2980229300445934
La,Eu,59,8114,5611,0.34912047929259293
La,F,507,8114,25344252,-0.09509850342774302
La,Fe,289,8114,81651,0.3079521647343949
La,Fl,0,8114,8,-1.0
La,Fm,0,8114,2120,-1.0
La,Fr,0,8114,105,-1.0
La,Ga,137,8114,11650,0.37870970628399375
La,Gd,99,8114,7718,0.37613675233273414
La,Ge,59,8114,47164,0.2029347636316495
La,H,5652,8114,124461855,-0.03605306050083901
La,He,2,8114,415,0.23981517353005036
La,Hf,80,8114,22172,0.28156020021300315
La,Hg,10,8114,15140,0.14179726653478184
La,Ho,17,8114,1848,0.31318028490985583
La,Hs,0,8114,69,-1.0
La,I,59,8114,2542800,-0.07086812258463138
La,In,45,8114,14006,0.26281800035839853
La,Ir,30,8114,169603,0.06556509461063321
La,K,105,8114,156190,0.16689711638551535
La,Kr,1,8114,166,0.24286853792758914
La,La,8114,8114,8114,
La,Li,345,8114,117297,0.29774713915598416
La,Lr,3,8114,861,0.22686823379148421
La,Lu,37,8114,2717,0.3554862218528734
La,Lv,0,8114,5,-1.0
La,Mc,0,8114,5,-1.0
La,Md,1,8114,96,0.27224750449476265
La,Mg,230,8114,63053,0.30490810750272695
La,Mn,391,8114,30915,0.4157962545168639
La,Mo,111,8114,20126,0.3186381667147647
La,Mt,0,8114,79,-1.0
La,N,1830,8114,110925773,-0.12338756339925577
La,Na,170,8114,410484,0.13698107033104492
La,Nb,101,8114,6672,0.38848285982412817
La,Nd,201,8114,5576,0.4735815184231139
La,Ne,0,8114,225,-1.0
La,Nh,0,8114,8,-1.0
La,Ni,264,8114,50498,0.3356744392376803
La,No,0,8114,366,-1.0
La,Np,0,8114,482,-1.0
La,O,5241,8114,109353141,-0.03043177442929154
La,Og,0,8114,1,-1.0
La,Os,10,8114,8718,0.17558060310093562
La,P,490,8114,2503338,0.08841758789624345
La,Pa,8,8114,263,0.3711394447932913
La,Pb,145,8114,18301,0.35138173871027206
La,Pd,53,8114,48856,0.19173824126159933
La,Pm,6,8114,410,0.32137586044420674
La,Po,3,8114,1385,0.1997696668207862
La,Pr,134,8114,3784,0.45831552479391496
La,Pt,43,8114,143559,0.10255066792983868
La,Pu,1,8114,577,0.17603276259446182
La,Ra,1,8114,277,0.21539991796838026
La,Rb,27,8114,11197,0.2353661783029973
La,Re,27,8114,10228,0.24126507827731777
La,Rf,0,8114,5242,-1.0
La,Rg,0,8114,9,-1.0
La,Rh,22,8114,14946,0.20052298468173074
La,Rn,0,8114,138,-1.0
La,Ru,63,8114,39255,0.22103879243341473
La,S,612,8114,36318993,-0.11059835945747665
La,Sb,57,8114,19105,0.26199948468341905
La,Sc,90,8114,3525,0.42228113749823526
La,Se,30,8114,120337,0.08808341690019032
La,Sg,0,8114,137,-1.0
La,Si,447,8114,1825174,0.1056438191851391
La,Sm,63,8114,3363,0.39053440393853206
La,Sn,94,8114,109311,0.18305211413368422
La,Sr,474,8114,8295,0.5430570582831056
La,Ta,115,8114,5739,0.4122944161367942
La,Tb,76,8114,3117,0.41407245239925733
La,Tc,4,8114,3663,0.1634058415760249
La,Te,26,8114,20569,0.19280059855827011
La,Th,12,8114,1733,0.28884575821889513
La,Ti,341,8114,77983,0.32843609228883885
La,Tl,23,8114,6312,0.2595590500023608
La,Tm,16,8114,1275,0.3315535997309954
La,Ts,0,8114,3,-1.0
La,U,5,8114,21879,0.07370883345116984
La,V,61,8114,39871,0.21725603459061754
La,W,82,8114,44325,0.23511631942093386
La,Xe,7,8114,588,0.3119788946032694
La,Y,247,8114,98196,0.27825863265768924
La,Yb,39,8114,3286,0.34755505668841397
La,Zn,175,8114,76233,0.26435811177661217
La,Zr,427,8114,106659,0.3272934552466261
Li,Ac,29,117297,9776,0.07514312199599796
Li,Ag,249,117297,19086,0.2003196723238141
Li,Al,6181,117297,82361,0.44176219532864
Li,Am,1,117297,380,0.055143129404340165
Li,Ar,67,117297,4079,0.19805941154139364
Li,As,212,117297,33552,0.14331607418615575
Li,At,1,117297,1164,-0.004911289283587972
Li,Au,111,117297,18070,0.13463426990810903
Li,B,10622,117297,1315877,0.2293246058029082
Li,Ba,290,117297,15764,0.22916853652994768
Li,Be,96,117297,3233,0.24518369357595657
Li,Bh,0,117297,74,-1.0
Li,Bi,212,117297,15692,0.20052387992402818
Li,Bk,8,117297,169,0.23655514529383492
Li,Br,11518,117297,8607410,0.03785185839460805
Li,C,106245,117297,124377664,-0.013762721704473282
Li,Ca,575,117297,47081,0.20859350621854664
Li,Cd,74,117297,7961,0.1597202170881103
Li,Ce,146,117297,8261,0.21471700045230774
Li,Cf,2,117297,237,0.12219916789622905
Li,Cl,20690,117297,21906474,0.0003655675999470986
Li,Cm,0,117297,692,-1.0
Li,Cn,0,117297,7,-1.0
Li,Co,1067,117297,45781,0.2750317559851384
Li,Cr,355,117297,27069,0.2062935670475678
Li,Cs,398,117297,12307,0.2794827288833359
Li,Cu,1873,117297,67388,0.30482404328008833
Li,Db,2,117297,105,0.16755952274060223
Li,Ds,0,117297,11,-1.0
Li,Dy,30,117297,2319,0.17194808762105335
Li,Er,35,117297,2201,0.1873858068492873
Li,Es,0,117297,359,-1.0
Li,Eu,44,117297,5611,0.14268477234256785
Li,F,21602,117297,25344252,-0.011484162833952509
Li,Fe,1265,117297,81651,0.243586566075751
Li,Fl,0,117297,8,-1.0
Li,Fm,1,117297,2120,-0.03707526969038111
Li,Fr,0,117297,105,-1.0
Li,Ga,155,117297,11650,0.1947790847609466
Li,Gd,42,117297,7718,0.11772419870178598
Li,Ge,479,117297,47164,0.19074624816568095
Li,H,111890,117297,124461855,-0.006581328201772817
Li,He,15,117297,415,0.22895617064753931
Li,Hf,32,117297,22172,0.028153191546998864
Li,Hg,57,117297,15140,0.09494954958025084
Li,Ho,35,117297,1848,0.19897385363880052
Li,Hs,0,117297,69,-1.0
Li,I,4097,117297,2542800,0.052051467860031855
Li,In,132,117297,14006,0.16744253782526416
Li,Ir,158,117297,169603,-0.000777148907760897
Li,K,2934,117297,156190,0.28089776389070303
Li,Kr,1,117297,166,0.09957230225682348
Li,La,345,117297,8114,0.29774713915598416
Li,Li,117297,117297,117297,
Li,Lr,13,117297,861,0.1726172739040177
Li,Lu,53,117297,2717,0.20661397837726778
Li,Lv,0,117297,5,-1.0
Li,Mc,0,117297,5,-1.0
Li,Md,1,117297,96,0.12895126882399705
Li,Mg,2194,117297,63053,0.3297526582085824
Li,Mn,1675,117297,30915,0.3612956256482026
Li,Mo,193,117297,20126,0.17349515933999218
Li,Mt,1,117297,79,0.1394069965981875
Li,N,63553,117297,110925773,-0.06551643346044392
Li,Na,4917,117297,410484,0.2508294237904612
Li,Nb,312,117297,6672,0.3028019215755741
Li,Nd,100,117297,5576,0.2099704755035105
Li,Ne,2,117297,225,0.12509428250212737
Li,Nh,0,117297,8,-1.0
Li,Ni,1181,117297,50498,0.2777434533302904
Li,No,0,117297,366,-1.0
Li,Np,2,117297,482,0.08264555387169874
Li,O,92454,117297,109353141,-0.014926027643946009
Li,Og,0,117297,1,-1.0
Li,Os,29,117297,8718,0.08264255037915315
Li,P,14924,117297,2503338,0.20439627250615647
Li,Pa,0,117297,263,-1.0
Li,Pb,190,117297,18301,0.17921977537481867
Li,Pd,678,117297,48856,0.2219699502088324
Li,Pm,1,117297,410,0.05106674881870767
Li,Po,9,117297,1385,0.11748473499712322
Li,Pr,35,117297,3784,0.15146514366056893
Li,Pt,160,117297,143559,0.012439111350665511
Li,Pu,2,117297,577,0.07262191288596635
Li,Ra,5,117297,277,0.17341744396287456
Li,Rb,145,117297,11197,0.19185009233442862
Li,Re,24,117297,10228,0.05906155538689658
Li,Rf,10,117297,5242,0.0432242341374053
Li,Rg,0,117297,9,-1.0
Li,Rh,92,117297,14946,0.13299044940076024
Li,Rn,0,117297,138,-1.0
Li,Ru,208,117297,39255,0.12987846419242827
Li,S,29320,117297,36318993,-0.018404154210519146
Li,Sb,192,117297,19105,0.17692983084761277
Li,Sc,74,117297,3525,0.21654552350495399
Li,Se,527,117297,120337,0.12423635338524168
Li,Sg,2,117297,137,0.15273727632553735
Li,Si,9442,117297,1825174,0.17958219275906578
Li,Sm,66,117297,3363,0.21016955138886617
Li,Sn,887,117297,109311,0.18172765882092395
Li,Sr,224,117297,8295,0.253710416540888
Li,Ta,183,117297,5739,0.26226656069755705
Li,Tb,26,117297,3117,0.14182011000295447
Li,Tc,13,117297,3663,0.08254631366928118
Li,Te,191,117297,20569,0.17095587522682176
Li,Th,16,117297,1733,0.1438779948669802
Li,Ti,979,117297,77983,0.22038061767571582
Li,Tl,42,117297,6312,0.13121842957013766
Li,Tm,21,117297,1275,0.18350138582282977
Li,Ts,0,117297,3,-1.0
Li,U,256,117297,21879,0.19243184754832504
Li,V,623,117297,39871,0.23015022760866735
Li,W,214,117297,44325,0.12314840032082179
Li,Xe,3,117297,588,0.0963380204003737
Li,Y,357,117297,98196,0.1058610877060318
Li,Yb,61,117297,3286,0.20520207034833457
Li,Zn,1141,117297,76233,0.2384457862622175
Li,Zr,502,117297,106659,0.12955122202192598
Lr,Ac,0,861,9776,-1.0
Lr,Ag,0,861,19086,-1.0
Lr,Al,4,861,82361,0.11300791808016658
Lr,Am,0,861,380,-1.0
Lr,Ar,0,861,4079,-1.0
Lr,As,0,861,33552,-1.0
Lr,At,0,861,1164,-1.0
Lr,Au,0,861,18070,-1.0
Lr,B,11,861,1315877,0.011717301505642073
Lr,Ba,0,861,15764,-1.0
Lr,Be,0,861,3233,-1.0
Lr,Bh,0,861,74,-1.0
Lr,Bi,0,861,15692,-1.0
Lr,Bk,0,861,169,-1.0
Lr,Br,22,861,8607410,-0.0639669207712927
Lr,C,835,861,124377664,-0.002431181781620336
Lr,Ca,0,861,47081,-1.0
Lr,Cd,0,861,7961,-1.0
Lr,Ce,0,861,8261,-1.0
Lr,Cf,0,861,237,-1.0
Lr,Cl,42,861,21906474,-0.08603612477980561
Lr,Cm,0,861,692,-1.0
Lr,Cn,0,861,7,-1.0
Lr,Co,0,861,45781,-1.0
Lr,Cr,0,861,27069,-1.0
Lr,Cs,0,861,12307,-1.0
Lr,Cu,0,861,67388,-1.0
Lr,Db,0,861,105,-1.0
Lr,Ds,0,861,11,-1.0
Lr,Dy,0,861,2319,-1.0
Lr,Er,0,861,2201,-1.0
Lr,Es,0,861,359,-1.0
Lr,Eu,0,861,5611,-1.0
Lr,F,179,861,25344252,0.0016176007980642983
Lr,Fe,0,861,81651,-1.0
Lr,Fl,0,861,8,-1.0
Lr,Fm,0,861,2120,-1.0
Lr,Fr,0,861,105,-1.0
Lr,Ga,0,861,11650,-1.0
Lr,Gd,0,861,7718,-1.0
Lr,Ge,1,861,47164,0.060140574395752384
Lr,H,838,861,124461855,-0.0021875960903906346
Lr,He,0,861,415,-1.0
Lr,Hf,0,861,22172,-1.0
Lr,Hg,0,861,15140,-1.0
Lr,Ho,0,861,1848,-1.0
Lr,Hs,0,861,69,-1.0
Lr,I,57,861,2542800,0.08061071251756761
Lr,In,0,861,14006,-1.0
Lr,Ir,0,861,169603,-1.0
Lr,K,0,861,156190,-1.0
Lr,Kr,0,861,166,-1.0
Lr,La,3,861,8114,0.22686823379148421
Lr,Li,13,861,117297,0.1726172739040177
Lr,Lr,861,861,861,
Lr,Lu,0,861,2717,-1.0
Lr,Lv,0,861,5,-1.0
Lr,Mc,0,861,5,-1.0
Lr,Md,0,861,96,-1.0
Lr,Mg,0,861,63053,-1.0
Lr,Mn,2,861,30915,0.1246192035453792
Lr,Mo,0,861,20126,-1.0
Lr,Mt,0,861,79,-1.0
Lr,N,753,861,110925773,-0.00148696470341795
Lr,Na,0,861,410484,-1.0
Lr,Nb,0,861,6672,-1.0
Lr,Nd,0,861,5576,-1.0
Lr,Ne,0,861,225,-1.0
Lr,Nh,0,861,8,-1.0
Lr,Ni,0,861,50498,-1.0
Lr,No,0,861,366,-1.0
Lr,Np,0,861,482,-1.0
Lr,O,557,861,109353141,-0.024767823838092937
Lr,Og,0,861,1,-1.0
Lr,Os,0,861,8718,-1.0
Lr,P,7,861,2503338,-0.05419630761850526
Lr,Pa,0,861,263,-1.0
Lr,Pb,0,861,18301,-1.0
Lr,Pd,1,861,48856,0.058249732211335205
Lr,Pm,0,861,410,-1.0
Lr,Po,0,861,1385,-1.0
Lr,Pr,2,861,3784,0.24165350974577995
Lr,Pt,2,861,143559,0.03906331201904427
Lr,Pu,0,861,577,-1.0
Lr,Ra,0,861,277,-1.0
Lr,Rb,2,861,11197,0.1812065876834037
Lr,Re,0,861,10228,-1.0
Lr,Rf,0,861,5242,-1.0
Lr,Rg,0,861,9,-1.0
Lr,Rh,0,861,14946,-1.0
Lr,Rn,0,861,138,-1.0
Lr,Ru,0,861,39255,-1.0
Lr,S,108,861,36318993,-0.06041390965224102
Lr,Sb,0,861,19105,-1.0
Lr,Sc,0,861,3525,-1.0
Lr,Se,0,861,120337,-1.0
Lr,Sg,0,861,137,-1.0
Lr,Si,8,861,1825174,-0.027492500043405785
Lr,Sm,0,861,3363,-1.0
Lr,Sn,0,861,109311,-1.0
Lr,Sr,1,861,8295,0.1533770694370171
Lr,Ta,0,861,5739,-1.0
Lr,Tb,0,861,3117,-1.0
Lr,Tc,0,861,3663,-1.0
Lr,Te,0,861,20569,-1.0
Lr,Th,0,861,1733,-1.0
Lr,Ti,0,861,77983,-1.0
Lr,Tl,0,861,6312,-1.0
Lr,Tm,0,861,1275,-1.0
Lr,Ts,0,861,3,-1.0
Lr,U,2,861,21879,0.14388185455792307
Lr,V,0,861,39871,-1.0
Lr,W,0,861,44325,-1.0
Lr,Xe,0,861,588,-1.0
Lr,Y,2,861,98196,0.06022408842575022
Lr,Yb,0,861,3286,-1.0
Lr,Zn,0,861,76233,-1.0
Lr,Zr,0,861,106659,-1.0
Lu,Ac,6,2717,9776,0.19807514190733444
Lu,Ag,2,2717,19086,0.08746043907030947
Lu,Al,80,2717,82361,0.2662557109595644
Lu,Am,1,2717,380,0.2571320340115379
Lu,Ar,0,2717,4079,-1.0
Lu,As,7,2717,33552,0.13527156849583477
Lu,At,0,2717,1164,-1.0
Lu,Au,5,2717,18070,0.1491788365839175
Lu,B,157,2717,1315877,0.12510640289761132
Lu,Ba,11,2717,15764,0.21336808789184464
Lu,Be,1,2717,3233,0.1422750972086165
Lu,Bh,0,2717,74,-1.0
Lu,Bi,16,2717,15692,0.24230812550290617
Lu,Bk,0,2717,169,-1.0
Lu,Br,25,2717,8607410,-0.13072581875958678
Lu,C,1951,2717,124377664,-0.029778871073071065
Lu,Ca,29,2717,47081,0.21874344061427217
Lu,Cd,3,2717,7961,0.1624424062818361
Lu,Ce,35,2717,8261,0.3493027478989098
Lu,Cf,0,2717,237,-1.0
Lu,Cl,152,2717,21906474,-0.0841001720317316
Lu,Cm,0,2717,692,-1.0
Lu,Cn,0,2717,7,-1.0
Lu,Co,6,2717,45781,0.10644005943412448
Lu,Cr,15,2717,27069,0.20305405135818738
Lu,Cs,4,2717,12307,0.1565771955681258
Lu,Cu,11,2717,67388,0.12392829847587845
Lu,Db,0,2717,105,-1.0
Lu,Ds,0,2717,11,-1.0
Lu,Dy,16,2717,2319,0.36280356789576695
Lu,Er,35,2717,2201,0.4369804160999995
Lu,Es,0,2717,359,-1.0
Lu,Eu,13,2717,5611,0.29023608985546906
Lu,F,220,2717,25344252,-0.06953967803566098
Lu,Fe,16,2717,81651,0.13836882462849798
Lu,Fl,0,2717,8,-1.0
Lu,Fm,0,2717,2120,-1.0
Lu,Fr,0,2717,105,-1.0
Lu,Ga,38,2717,11650,0.33378603345591945
Lu,Gd,68,2717,7718,0.4161594930019385
Lu,Ge,17,2717,47164,0.17745428430832436
Lu,H,2262,2717,124461855,-0.016695395346245513
Lu,He,0,2717,415,-1.0
Lu,Hf,17,2717,22172,0.22520435660509522
Lu,Hg,7,2717,15140,0.18293698936163044
Lu,Ho,29,2717,1848,0.4307329164209599
Lu,Hs,0,2717,69,-1.0
Lu,I,119,2717,2542800,0.05508794211985483
Lu,In,14,2717,14006,0.23904455682286008
Lu,Ir,5,2717,169603,0.017701248625122176
Lu,K,34,2717,156190,0.15222675647404085
Lu,Kr,0,2717,166,-1.0
Lu,La,37,2717,8114,0.3554862218528734
Lu,Li,53,2717,117297,0.20661397837726778
Lu,Lr,0,2717,861,-1.0
Lu,Lu,2717,2717,2717,
Lu,Lv,0,2717,5,-1.0
Lu,Mc,0,2717,5,-1.0
Lu,Md,2,2717,96,0.38234250222082633
Lu,Mg,14,2717,63053,0.14502261404449693
Lu,Mn,15,2717,30915,0.1947155932096171
Lu,Mo,8,2717,20126,0.17528574004868358
Lu,Mt,0,2717,79,-1.0
Lu,N,1547,2717,110925773,-0.039574303661435654
Lu,Na,23,2717,410484,0.06086095134282167
Lu,Nb,13,2717,6672,0.2794625645054744
Lu,Nd,13,2717,5576,0.29062533129362417
Lu,Ne,0,2717,225,-1.0
Lu,Nh,0,2717,8,-1.0
Lu,Ni,22,2717,50498,0.19258527180139628
Lu,No,1,2717,366,0.25914581329802766
Lu,Np,0,2717,482,-1.0
Lu,O,2033,2717,109353141,-0.014476272184811019
Lu,Og,0,2717,1,-1.0
Lu,Os,4,2717,8718,0.17655943638734567
Lu,P,122,2717,2503338,0.05811687754235168
Lu,Pa,1,2717,263,0.27687488255626136
Lu,Pb,8,2717,18301,0.18102550716335603
Lu,Pd,14,2717,48856,0.1609647965848795
Lu,Pm,1,2717,410,0.2530556534259054
Lu,Po,0,2717,1385,-1.0
Lu,Pr,9,2717,3784,0.28534020913474517
Lu,Pt,9,2717,143559,0.06421898780309172
Lu,Pu,0,2717,577,-1.0
Lu,Ra,0,2717,277,-1.0
Lu,Rb,8,2717,11197,0.21069201906104862
Lu,Re,6,2717,10228,0.19539253389329356
Lu,Rf,0,2717,5242,-1.0
Lu,Rg,0,2717,9,-1.0
Lu,Rh,6,2717,14946,0.17287964020681149
Lu,Rn,0,2717,138,-1.0
Lu,Ru,4,2717,39255,0.0893525187656321
Lu,S,311,2717,36318993,-0.07246166008540872
Lu,Sb,5,2717,19105,0.14590852566807128
Lu,Sc,49,2717,3525,0.4378303466049903
Lu,Se,5,2717,120337,0.03785052671063312
Lu,Sg,0,2717,137,-1.0
Lu,Si,305,2717,1825174,0.15761148979043793
Lu,Sm,15,2717,3363,0.33395365755274714
Lu,Sn,7,2717,109311,0.064524204849177
Lu,Sr,11,2717,8295,0.25289836277767286
Lu,Ta,14,2717,5739,0.29480196610321835
Lu,Tb,23,2717,3117,0.37562739641960535
Lu,Tc,2,2717,3663,0.1794333097379813
Lu,Te,3,2717,20569,0.10833028928466339
Lu,Th,3,2717,1733,0.24935994691186125
Lu,Ti,22,2717,77983,0.1646385605993265
Lu,Tl,1,2717,6312,0.10638330787663741
Lu,Tm,25,2717,1275,0.4410306688379929
Lu,Ts,0,2717,3,-1.0
Lu,U,3,2717,21879,0.10481059577105518
Lu,V,8,2717,39871,0.13400604955997733
Lu,W,14,2717,44325,0.1670472570866671
Lu,Xe,0,2717,588,-1.0
Lu,Y,128,2717,98196,0.29666447463558665
Lu,Yb,41,2717,3286,0.4253642257337929
Lu,Zn,8,2717,76233,0.09486942638513389
Lu,Zr,22,2717,106659,0.14449989601475619
Lv,Ac,0,5,9776,-1.0
Lv,Ag,0,5,19086,-1.0
Lv,Al,0,5,82361,-1.0
Lv,Am,0,5,380,-1.0
Lv,Ar,0,5,4079,-1.0
Lv,As,0,5,33552,-1.0
Lv,At,0,5,1164,-1.0
Lv,Au,0,5,18070,-1.0
Lv,B,0,5,1315877,-1.0
Lv,Ba,0,5,15764,-1.0
Lv,Be,0,5,3233,-1.0
Lv,Bh,0,5,74,-1.0
Lv,Bi,0,5,15692,-1.0
Lv,Bk,0,5,169,-1.0
Lv,Br,0,5,8607410,-1.0
Lv,C,0,5,124377664,-1.0
Lv,Ca,0,5,47081,-1.0
Lv,Cd,0,5,7961,-1.0
Lv,Ce,0,5,8261,-1.0
Lv,Cf,0,5,237,-1.0
Lv,Cl,0,5,21906474,-1.0
Lv,Cm,0,5,692,-1.0
Lv,Cn,0,5,7,-1.0
Lv,Co,0,5,45781,-1.0
Lv,Cr,0,5,27069,-1.0
Lv,Cs,0,5,12307,-1.0
Lv,Cu,0,5,67388,-1.0
Lv,Db,0,5,105,-1.0
Lv,Ds,0,5,11,-1.0
Lv,Dy,0,5,2319,-1.0
Lv,Er,0,5,2201,-1.0
Lv,Es,0,5,359,-1.0
Lv,Eu,0,5,5611,-1.0
Lv,F,0,5,25344252,-1.0
Lv,Fe,0,5,81651,-1.0
Lv,Fl,0,5,8,-1.0
Lv,Fm,0,5,2120,-1.0
Lv,Fr,0,5,105,-1.0
Lv,Ga,0,5,11650,-1.0
Lv,Gd,0,5,7718,-1.0
Lv,Ge,0,5,47164,-1.0
Lv,H,0,5,124461855,-1.0
Lv,He,0,5,415,-1.0
Lv,Hf,0,5,22172,-1.0
Lv,Hg,0,5,15140,-1.0
Lv,Ho,0,5,1848,-1.0
Lv,Hs,0,5,69,-1.0
Lv,I,0,5,2542800,-1.0
Lv,In,0,5,14006,-1.0
Lv,Ir,0,5,169603,-1.0
Lv,K,0,5,156190,-1.0
Lv,Kr,0,5,166,-1.0
Lv,La,0,5,8114,-1.0
Lv,Li,0,5,117297,-1.0
Lv,Lr,0,5,861,-1.0
Lv,Lu,0,5,2717,-1.0
Lv,Lv,5,5,5,
Lv,Mc,0,5,5,-1.0
Lv,Md,0,5,96,-1.0
Lv,Mg,0,5,63053,-1.0
Lv,Mn,0,5,30915,-1.0
Lv,Mo,0,5,20126,-1.0
Lv,Mt,0,5,79,-1.0
Lv,N,0,5,110925773,-1.0
Lv,Na,0,5,410484,-1.0
Lv,Nb,0,5,6672,-1.0
Lv,Nd,0,5,5576,-1.0
Lv,Ne,0,5,225,-1.0
Lv,Nh,0,5,8,-1.0
Lv,Ni,0,5,50498,-1.0
Lv,No,0,5,366,-1.0
Lv,Np,0,5,482,-1.0
Lv,O,0,5,109353141,-1.0
Lv,Og,0,5,1,-1.0
Lv,Os,0,5,8718,-1.0
Lv,P,0,5,2503338,-1.0
Lv,Pa,0,5,263,-1.0
Lv,Pb,0,5,18301,-1.0
Lv,Pd,0,5,48856,-1.0
Lv,Pm,0,5,410,-1.0
Lv,Po,0,5,1385,-1.0
Lv,Pr,0,5,3784,-1.0
Lv,Pt,0,5,143559,-1.0
Lv,Pu,0,5,577,-1.0
Lv,Ra,0,5,277,-1.0
Lv,Rb,0,5,11197,-1.0
Lv,Re,0,5,10228,-1.0
Lv,Rf,0,5,5242,-1.0
Lv,Rg,0,5,9,-1.0
Lv,Rh,0,5,14946,-1.0
Lv,Rn,0,5,138,-1.0
Lv,Ru,0,5,39255,-1.0
Lv,S,0,5,36318993,-1.0
Lv,Sb,0,5,19105,-1.0
Lv,Sc,0,5,3525,-1.0
Lv,Se,0,5,120337,-1.0
Lv,Sg,0,5,137,-1.0
Lv,Si,0,5,1825174,-1.0
Lv,Sm,0,5,3363,-1.0
Lv,Sn,0,5,109311,-1.0
Lv,Sr,0,5,8295,-1.0
Lv,Ta,0,5,5739,-1.0
Lv,Tb,0,5,3117,-1.0
Lv,Tc,0,5,3663,-1.0
Lv,Te,0,5,20569,-1.0
Lv,Th,0,5,1733,-1.0
Lv,Ti,0,5,77983,-1.0
Lv,Tl,0,5,6312,-1.0
Lv,Tm,0,5,1275,-1.0
Lv,Ts,0,5,3,-1.0
Lv,U,0,5,21879,-1.0
Lv,V,0,5,39871,-1.0
Lv,W,0,5,44325,-1.0
Lv,Xe,0,5,588,-1.0
Lv,Y,0,5,98196,-1.0
Lv,Yb,0,5,3286,-1.0
Lv,Zn,0,5,76233,-1.0
Lv,Zr,0,5,106659,-1.0
Mc,Ac,0,5,9776,-1.0
Mc,Ag,0,5,19086,-1.0
Mc,Al,0,5,82361,-1.0
Mc,Am,0,5,380,-1.0
Mc,Ar,0,5,4079,-1.0
Mc,As,0,5,33552,-1.0
Mc,At,0,5,1164,-1.0
Mc,Au,0,5,18070,-1.0
Mc,B,0,5,1315877,-1.0
Mc,Ba,0,5,15764,-1.0
Mc,Be,0,5,3233,-1.0
Mc,Bh,0,5,74,-1.0
Mc,Bi,0,5,15692,-1.0
Mc,Bk,0,5,169,-1.0
Mc,Br,0,5,8607410,-1.0
Mc,C,0,5,124377664,-1.0
Mc,Ca,0,5,47081,-1.0
Mc,Cd,0,5,7961,-1.0
Mc,Ce,0,5,8261,-1.0
Mc,Cf,0,5,237,-1.0
Mc,Cl,0,5,21906474,-1.0
Mc,Cm,0,5,692,-1.0
Mc,Cn,0,5,7,-1.0
Mc,Co,0,5,45781,-1.0
Mc,Cr,0,5,27069,-1.0
Mc,Cs,0,5,12307,-1.0
Mc,Cu,0,5,67388,-1.0
Mc,Db,0,5,105,-1.0
Mc,Ds,0,5,11,-1.0
Mc,Dy,0,5,2319,-1.0
Mc,Er,0,5,2201,-1.0
Mc,Es,0,5,359,-1.0
Mc,Eu,0,5,5611,-1.0
Mc,F,0,5,25344252,-1.0
Mc,Fe,0,5,81651,-1.0
Mc,Fl,0,5,8,-1.0
Mc,Fm,0,5,2120,-1.0
Mc,Fr,0,5,105,-1.0
Mc,Ga,0,5,11650,-1.0
Mc,Gd,0,5,7718,-1.0
Mc,Ge,0,5,47164,-1.0
Mc,H,0,5,124461855,-1.0
Mc,He,0,5,415,-1.0
Mc,Hf,0,5,22172,-1.0
Mc,Hg,0,5,15140,-1.0
Mc,Ho,0,5,1848,-1.0
Mc,Hs,0,5,69,-1.0
Mc,I,0,5,2542800,-1.0
Mc,In,0,5,14006,-1.0
Mc,Ir,0,5,169603,-1.0
Mc,K,0,5,156190,-1.0
Mc,Kr,0,5,166,-1.0
Mc,La,0,5,8114,-1.0
Mc,Li,0,5,117297,-1.0
Mc,Lr,0,5,861,-1.0
Mc,Lu,0,5,2717,-1.0
Mc,Lv,0,5,5,-1.0
Mc,Mc,5,5,5,
Mc,Md,0,5,96,-1.0
Mc,Mg,0,5,63053,-1.0
Mc,Mn,0,5,30915,-1.0
Mc,Mo,0,5,20126,-1.0
Mc,Mt,0,5,79,-1.0
Mc,N,0,5,110925773,-1.0
Mc,Na,0,5,410484,-1.0
Mc,Nb,0,5,6672,-1.0
Mc,Nd,0,5,5576,-1.0
Mc,Ne,0,5,225,-1.0
Mc,Nh,0,5,8,-1.0
Mc,Ni,0,5,50498,-1.0
Mc,No,0,5,366,-1.0
Mc,Np,0,5,482,-1.0
Mc,O,0,5,109353141,-1.0
Mc,Og,0,5,1,-1.0
Mc,Os,0,5,8718,-1.0
Mc,P,0,5,2503338,-1.0
Mc,Pa,0,5,263,-1.0
Mc,Pb,0,5,18301,-1.0
Mc,Pd,0,5,48856,-1.0
Mc,Pm,0,5,410,-1.0
Mc,Po,0,5,1385,-1.0
Mc,Pr,0,5,3784,-1.0
Mc,Pt,0,5,143559,-1.0
Mc,Pu,0,5,577,-1.0
Mc,Ra,0,5,277,-1.0
Mc,Rb,0,5,11197,-1.0
Mc,Re,0,5,10228,-1.0
Mc,Rf,0,5,5242,-1.0
Mc,Rg,0,5,9,-1.0
Mc,Rh,0,5,14946,-1.0
Mc,Rn,0,5,138,-1.0
Mc,Ru,0,5,39255,-1.0
Mc,S,0,5,36318993,-1.0
Mc,Sb,0,5,19105,-1.0
Mc,Sc,0,5,3525,-1.0
Mc,Se,0,5,120337,-1.0
Mc,Sg,0,5,137,-1.0
Mc,Si,0,5,1825174,-1.0
Mc,Sm,0,5,3363,-1.0
Mc,Sn,0,5,109311,-1.0
Mc,Sr,0,5,8295,-1.0
Mc,Ta,0,5,5739,-1.0
Mc,Tb,0,5,3117,-1.0
Mc,Tc,0,5,3663,-1.0
Mc,Te,0,5,20569,-1.0
Mc,Th,0,5,1733,-1.0
Mc,Ti,0,5,77983,-1.0
Mc,Tl,0,5,6312,-1.0
Mc,Tm,0,5,1275,-1.0
Mc,Ts,0,5,3,-1.0
Mc,U,0,5,21879,-1.0
Mc,V,0,5,39871,-1.0
Mc,W,0,5,44325,-1.0
Mc,Xe,0,5,588,-1.0
Mc,Y,0,5,98196,-1.0
Mc,Yb,0,5,3286,-1.0
Mc,Zn,0,5,76233,-1.0
Mc,Zr,0,5,106659,-1.0
Md,Ac,0,96,9776,-1.0
Md,Ag,0,96,19086,-1.0
Md,Al,0,96,82361,-1.0
Md,Am,0,96,380,-1.0
Md,Ar,0,96,4079,-1.0
Md,As,0,96,33552,-1.0
Md,At,0,96,1164,-1.0
Md,Au,0,96,18070,-1.0
Md,B,2,96,1315877,0.037850532110081166
Md,Ba,1,96,15764,0.2366188079746703
Md,Be,0,96,3233,-1.0
Md,Bh,0,96,74,-1.0
Md,Bi,0,96,15692,-1.0
Md,Bk,0,96,169,-1.0
Md,Br,1,96,8607410,-0.10149651669511392
Md,C,61,96,124377664,-0.031093259464397525
Md,Ca,0,96,47081,-1.0
Md,Cd,0,96,7961,-1.0
Md,Ce,0,96,8261,-1.0
Md,Cf,0,96,237,-1.0
Md,Cl,4,96,21906474,-0.08344694819166107
Md,Cm,0,96,692,-1.0
Md,Cn,0,96,7,-1.0
Md,Co,0,96,45781,-1.0
Md,Cr,0,96,27069,-1.0
Md,Cs,0,96,12307,-1.0
Md,Cu,0,96,67388,-1.0
Md,Db,0,96,105,-1.0
Md,Ds,0,96,11,-1.0
Md,Dy,0,96,2319,-1.0
Md,Er,3,96,2201,0.4263005266052488
Md,Es,0,96,359,-1.0
Md,Eu,0,96,5611,-1.0
Md,F,16,96,25344252,-0.01255921655572705
Md,Fe,1,96,81651,0.14838500027505547
Md,Fl,0,96,8,-1.0
Md,Fm,0,96,2120,-1.0
Md,Fr,0,96,105,-1.0
Md,Ga,0,96,11650,-1.0
Md,Gd,1,96,7718,0.2749317464941452
Md,Ge,0,96,47164,-1.0
Md,H,66,96,124461855,-0.025857961445775755
Md,He,0,96,415,-1.0
Md,Hf,2,96,22172,0.26537271520538175
Md,Hg,0,96,15140,-1.0
Md,Ho,0,96,1848,-1.0
Md,Hs,0,96,69,-1.0
Md,I,1,96,2542800,-0.0360822057590003
Md,In,0,96,14006,-1.0
Md,Ir,2,96,169603,0.15200633435212468
Md,K,0,96,156190,-1.0
Md,Kr,0,96,166,-1.0
Md,La,1,96,8114,0.27224750449476265
Md,Li,1,96,117297,0.12895126882399705
Md,Lr,0,96,861,-1.0
Md,Lu,2,96,2717,0.38234250222082633
Md,Lv,0,96,5,-1.0
Md,Mc,0,96,5,-1.0
Md,Md,96,96,96,
Md,Mg,2,96,63053,0.207138863246919
Md,Mn,2,96,30915,0.24685128405592835
Md,Mo,4,96,20126,0.32181723693958014
Md,Mt,0,96,79,-1.0
Md,N,42,96,110925773,-0.047676566582212095
Md,Na,2,96,410484,0.10275812926731817
Md,Nb,0,96,6672,-1.0
Md,Nd,1,96,5576,0.2923713545252947
Md,Ne,0,96,225,-1.0
Md,Nh,0,96,8,-1.0
Md,Ni,0,96,50498,-1.0
Md,No,0,96,366,-1.0
Md,Np,0,96,482,-1.0
Md,O,40,96,109353141,-0.04982918612741889
Md,Og,0,96,1,-1.0
Md,Os,0,96,8718,-1.0
Md,P,2,96,2503338,0.0020168077481213373
Md,Pa,0,96,263,-1.0
Md,Pb,0,96,18301,-1.0
Md,Pd,2,96,48856,0.22135254587920666
Md,Pm,0,96,410,-1.0
Md,Po,0,96,1385,-1.0
Md,Pr,0,96,3784,-1.0
Md,Pt,0,96,143559,-1.0
Md,Pu,0,96,577,-1.0
Md,Ra,0,96,277,-1.0
Md,Rb,0,96,11197,-1.0
Md,Re,1,96,10228,0.25982628820309683
Md,Rf,1,96,5242,0.2956850241738159
Md,Rg,0,96,9,-1.0
Md,Rh,0,96,14946,-1.0
Md,Rn,0,96,138,-1.0
Md,Ru,1,96,39255,0.1876743940190249
Md,S,11,96,36318993,-0.05748889316829531
Md,Sb,0,96,19105,-1.0
Md,Sc,0,96,3525,-1.0
Md,Se,0,96,120337,-1.0
Md,Sg,0,96,137,-1.0
Md,Si,0,96,1825174,-1.0
Md,Sm,0,96,3363,-1.0
Md,Sn,0,96,109311,-1.0
Md,Sr,0,96,8295,-1.0
Md,Ta,0,96,5739,-1.0
Md,Tb,0,96,3117,-1.0
Md,Tc,0,96,3663,-1.0
Md,Te,0,96,20569,-1.0
Md,Th,0,96,1733,-1.0
Md,Ti,0,96,77983,-1.0
Md,Tl,0,96,6312,-1.0
Md,Tm,0,96,1275,-1.0
Md,Ts,0,96,3,-1.0
Md,U,0,96,21879,-1.0
Md,V,0,96,39871,-1.0
Md,W,0,96,44325,-1.0
Md,Xe,0,96,588,-1.0
Md,Y,1,96,98196,0.13848660229319684
Md,Yb,0,96,3286,-1.0
Md,Zn,0,96,76233,-1.0
Md,Zr,0,96,106659,-1.0
Mg,Ac,12,63053,9776,0.05484300407842389
Mg,Ag,212,63053,19086,0.2325120752454677
Mg,Al,3054,63053,82361,0.40448479821365285
Mg,Am,0,63053,380,-1.0
Mg,Ar,26,63053,4079,0.1646872726786441
Mg,As,87,63053,33552,0.11526643494207782
Mg,At,0,63053,1164,-1.0
Mg,Au,96,63053,18070,0.16702977043478304
Mg,B,2769,63053,1315877,0.13300270161061836
Mg,Ba,549,63053,15764,0.34311282057841397
Mg,Be,94,63053,3233,0.2873563634812675
Mg,Bh,0,63053,74,-1.0
Mg,Bi,156,63053,15692,0.21910253689836412
Mg,Bk,1,63053,169,0.1319116462851094
Mg,Br,17480,63053,8607410,0.156619086918551
Mg,C,51422,63053,124377664,-0.02594856452904823
Mg,Ca,2740,63053,47081,0.4424214658236318
Mg,Cd,103,63053,7961,0.23141985946105056
Mg,Ce,286,63053,8261,0.3254248978162448
Mg,Cf,0,63053,237,-1.0
Mg,Cl,14872,63053,21906474,0.032518012063929284
Mg,Cm,1,63053,692,0.05628681099228418
Mg,Cn,0,63053,7,-1.0
Mg,Co,421,63053,45781,0.23018205141165665
Mg,Cr,379,63053,27069,0.26137091300703835
Mg,Cs,112,63053,12307,0.20753989447210727
Mg,Cu,1014,63053,67388,0.28946789710652127
Mg,Db,0,63053,105,-1.0
Mg,Ds,0,63053,11,-1.0
Mg,Dy,32,63053,2319,0.2178379487893549
Mg,Er,35,63053,2201,0.22853436010390699
Mg,Es,0,63053,359,-1.0
Mg,Eu,71,63053,5611,0.2238858417138047
Mg,F,7289,63053,25344252,-0.0579842915447143
Mg,Fe,1391,63053,81651,0.30837907237688805
Mg,Fl,0,63053,8,-1.0
Mg,Fm,0,63053,2120,-1.0
Mg,Fr,0,63053,105,-1.0
Mg,Ga,139,63053,11650,0.23057062322962701
Mg,Gd,106,63053,7718,0.23616716614818706
Mg,Ge,144,63053,47164,0.13146559075636582
Mg,H,58666,63053,124461855,-0.009279842140049403
Mg,He,3,63053,415,0.15158749843033742
Mg,Hf,56,63053,22172,0.1099930447371629
Mg,Hg,38,63053,15140,0.10673188149633617
Mg,Ho,17,63053,1848,0.18346919425019376
Mg,Hs,0,63053,69,-1.0
Mg,I,2664,63053,2542800,0.06766606562731188
Mg,In,143,63053,14006,0.2196574134579994
Mg,Ir,34,63053,169603,-0.06127050951810554
Mg,K,1884,63053,156190,0.28570297714899606
Mg,Kr,0,63053,166,-1.0
Mg,La,230,63053,8114,0.30490810750272695
Mg,Li,2194,63053,117297,0.3297526582085824
Mg,Lr,0,63053,861,-1.0
Mg,Lu,14,63053,2717,0.14502261404449693
Mg,Lv,0,63053,5,-1.0
Mg,Mc,0,63053,5,-1.0
Mg,Md,2,63053,96,0.207138863246919
Mg,Mg,63053,63053,63053,
Mg,Mn,1103,63053,30915,0.3657660491913167
Mg,Mo,245,63053,20126,0.24204475342218587
Mg,Mt,0,63053,79,-1.0
Mg,N,21852,63053,110925773,-0.10909678924660354
Mg,Na,2796,63053,410484,0.24285427936831486
Mg,Nb,179,63053,6672,0.2951363654200924
Mg,Nd,96,63053,5576,0.2505596078195204
Mg,Ne,2,63053,225,0.15968057502884292
Mg,Nh,0,63053,8,-1.0
Mg,Ni,722,63053,50498,0.27707725301256175
Mg,No,1,63053,366,0.09045711186037354
Mg,Np,0,63053,482,-1.0
Mg,O,45690,63053,109353141,-0.024226854094442155
Mg,Og,0,63053,1,-1.0
Mg,Os,16,63053,8718,0.08118541881379783
Mg,P,4969,63053,2503338,0.13491607958450583
Mg,Pa,0,63053,263,-1.0
Mg,Pb,255,63053,18301,0.25309462337133404
Mg,Pd,266,63053,48856,0.18194526053599835
Mg,Pm,3,63053,410,0.15227849234749377
Mg,Po,3,63053,1385,0.08288482238476058
Mg,Pr,33,63053,3784,0.18797992326141344
Mg,Pt,88,63053,143559,0.013530671144136853
Mg,Pu,2,63053,577,0.1072082054126819
Mg,Ra,2,63053,277,0.14809576230759874
Mg,Rb,52,63053,11197,0.15090210436574972
Mg,Re,27,63053,10228,0.10764335941570555
Mg,Rf,4,63053,5242,0.02379925886140216
Mg,Rg,0,63053,9,-1.0
Mg,Rh,28,63053,14946,0.085496443250344
Mg,Rn,0,63053,138,-1.0
Mg,Ru,52,63053,39255,0.06550430790475144
Mg,S,10007,63053,36318993,-0.0644795164270537
Mg,Sb,119,63053,19105,0.18109415501703813
Mg,Sc,87,63053,3525,0.2742276808920156
Mg,Se,294,63053,120337,0.12150468022401673
Mg,Sg,0,63053,137,-1.0
Mg,Si,5597,63053,1825174,0.17997041002631903
Mg,Sm,31,63053,3363,0.19085206069640623
Mg,Sn,462,63053,109311,0.1697257179899213
Mg,Sr,437,63053,8295,0.3698332218526665
Mg,Ta,88,63053,5739,0.2408424354391072
Mg,Tb,40,63053,3117,0.21623396180819815
Mg,Tc,7,63053,3663,0.07958697304282045
Mg,Te,62,63053,20569,0.1229481926545447
Mg,Th,18,63053,1733,0.19184340592462815
Mg,Ti,960,63053,77983,0.2710716631961462
Mg,Tl,16,63053,6312,0.10153696932761985
Mg,Tm,11,63053,1275,0.1746019317700636
Mg,Ts,0,63053,3,-1.0
Mg,U,65,63053,21879,0.122348195725627
Mg,V,252,63053,39871,0.19257163173502487
Mg,W,155,63053,44325,0.14215692872362934
Mg,Xe,2,63053,588,0.10615598078556512
Mg,Y,235,63053,98196,0.11787216864346128
Mg,Yb,34,63053,3286,0.1996626900355393
Mg,Zn,1848,63053,76233,0.3479831968954454
Mg,Zr,467,63053,106659,0.17269922139247515
Mn,Ac,16,30915,9776,0.11888365993903068
Mn,Ag,148,30915,19086,0.25228741796346926
Mn,Al,1125,30915,82361,0.34508903039391065
Mn,Am,0,30915,380,-1.0
Mn,Ar,4,30915,4079,0.07964555855732539
Mn,As,107,30915,33552,0.18281553641967718
Mn,At,0,30915,1164,-1.0
Mn,Au,103,30915,18070,0.2237827152762547
Mn,B,937,30915,1315877,0.08935574174257364
Mn,Ba,251,30915,15764,0.3173068730636049
Mn,Be,41,30915,3233,0.2635461130919036
Mn,Bh,0,30915,74,-1.0
Mn,Bi,206,30915,15692,0.2981002331663235
Mn,Bk,0,30915,169,-1.0
Mn,Br,1343,30915,8607410,-0.04056144124261831
Mn,C,21225,30915,124377664,-0.043141190107501476
Mn,Ca,756,30915,47081,0.3471347117106158
Mn,Cd,105,30915,7961,0.28407150164982553
Mn,Ce,300,30915,8261,0.38541500673456963
Mn,Cf,0,30915,237,-1.0
Mn,Cl,5402,30915,21906474,-0.0006203437080848262
Mn,Cm,1,30915,692,0.0945225276500594
Mn,Cn,0,30915,7,-1.0
Mn,Co,1645,30915,45781,0.4428474348424289
Mn,Cr,796,30915,27069,0.39921556791619045
Mn,Cs,105,30915,12307,0.2529263744026667
Mn,Cu,1283,30915,67388,0.3779545784339634
Mn,Db,0,30915,105,-1.0
Mn,Ds,0,30915,11,-1.0
Mn,Dy,28,30915,2319,0.2537735861318551
Mn,Er,16,30915,2201,0.21284785405942067
Mn,Es,0,30915,359,-1.0
Mn,Eu,32,30915,5611,0.2065785719798238
Mn,F,2468,30915,25344252,-0.08637279054474656
Mn,Fe,2382,30915,81651,0.43875693056863696
Mn,Fl,0,30915,8,-1.0
Mn,Fm,0,30915,2120,-1.0
Mn,Fr,0,30915,105,-1.0
Mn,Ga,90,30915,11650,0.24314770731304816
Mn,Gd,72,30915,7718,0.25250107458144
Mn,Ge,114,30915,47164,0.1637150285912863
Mn,H,25915,30915,124461855,-0.02068851970242998
Mn,He,0,30915,415,-1.0
Mn,Hf,26,30915,22172,0.10096237241767132
Mn,Hg,48,30915,15140,0.17249539345679246
Mn,Ho,15,30915,1848,0.21890669770941232
Mn,Hs,0,30915,69,-1.0
Mn,I,575,30915,2542800,-0.007558917967720386
Mn,In,84,30915,14006,0.22415028648444407
Mn,Ir,72,30915,169603,0.03738454875971439
Mn,K,909,30915,156190,0.26674016938133743
Mn,Kr,0,30915,166,-1.0
Mn,La,391,30915,8114,0.4157962545168639
Mn,Li,1675,30915,117297,0.3612956256482026
Mn,Lr,2,30915,861,0.1246192035453792
Mn,Lu,15,30915,2717,0.1947155932096171
Mn,Lv,0,30915,5,-1.0
Mn,Mc,0,30915,5,-1.0
Mn,Md,2,30915,96,0.24685128405592835
Mn,Mg,1103,30915,63053,0.3657660491913167
Mn,Mn,30915,30915,30915,
Mn,Mo,496,30915,20126,0.36982147762496315
Mn,Mt,0,30915,79,-1.0
Mn,N,15013,30915,110925773,-0.06717343935187553
Mn,Na,1297,30915,410484,0.221765401289727
Mn,Nb,173,30915,6672,0.34470747226518766
Mn,Nd,70,30915,5576,0.2726371762310565
Mn,Ne,0,30915,225,-1.0
Mn,Nh,0,30915,8,-1.0
Mn,Ni,1987,30915,50498,0.4586419398648705
Mn,No,1,30915,366,0.12869282851814878
Mn,Np,4,30915,482,0.20342169643182823
Mn,O,21932,30915,109353141,-0.024622197634373903
Mn,Og,0,30915,1,-1.0
Mn,Os,52,30915,8718,0.21645940602544644
Mn,P,2902,30915,2503338,0.14451125164045872
Mn,Pa,1,30915,263,0.14642189777638248
Mn,Pb,230,30915,18301,0.297285994151809
Mn,Pd,120,30915,48856,0.1654795848947835
Mn,Pm,9,30915,410,0.2726095957909499
Mn,Po,4,30915,1385,0.1422476670006985
Mn,Pr,75,30915,3784,0.3058349297784488
Mn,Pt,115,30915,143559,0.08434086525510634
Mn,Pu,3,30915,577,0.17343062489138264
Mn,Ra,5,30915,277,0.2517135057909726
Mn,Rb,34,30915,11197,0.1657051097784085
Mn,Re,53,30915,10228,0.20715023063265567
Mn,Rf,2,30915,5242,0.02397146053125616
Mn,Rg,0,30915,9,-1.0
Mn,Rh,55,30915,14946,0.18428440006815489
Mn,Rn,1,30915,138,0.18101856653794762
Mn,Ru,132,30915,39255,0.18945740778734466
Mn,S,4386,30915,36318993,-0.0702279024684658
Mn,Sb,207,30915,19105,0.2837843705384766
Mn,Sc,65,30915,3525,0.2978186366311096
Mn,Se,219,30915,120337,0.1503650442429435
Mn,Sg,0,30915,137,-1.0
Mn,Si,1358,30915,1825174,0.096100576696287
Mn,Sm,35,30915,3363,0.24767980046860497
Mn,Sn,306,30915,109311,0.18759609929647683
Mn,Sr,328,30915,8295,0.3947175708860795
Mn,Ta,71,30915,5739,0.2718887048336763
Mn,Tb,36,30915,3117,0.2550591298229165
Mn,Tc,14,30915,3663,0.17089397702193
Mn,Te,81,30915,20569,0.1940494711070479
Mn,Th,13,30915,1733,0.21205303587842037
Mn,Ti,713,30915,77983,0.29879513871647256
Mn,Tl,14,30915,6312,0.13688648235721554
Mn,Tm,13,30915,1275,0.2311445872796593
Mn,Ts,0,30915,3,-1.0
Mn,U,46,30915,21879,0.14426888554943088
Mn,V,399,30915,39871,0.29222402254389757
Mn,W,249,30915,44325,0.23772506051407027
Mn,Xe,0,30915,588,-1.0
Mn,Y,150,30915,98196,0.13334295114179723
Mn,Yb,28,30915,3286,0.23100591683793825
Mn,Zn,1338,30915,76233,0.3722309037432094
Mn,Zr,297,30915,106659,0.1867547283926192
Mo,Ac,2,20126,9776,0.013162181253467721
Mo,Ag,129,20126,19086,0.27094862376482404
Mo,Al,602,20126,82361,0.3114435913132527
Mo,Am,2,20126,380,0.19410855721402237
Mo,Ar,16,20126,4079,0.20101827723660928
Mo,As,83,20126,33552,0.191872670201263
Mo,At,1,20126,1164,0.08965127847526264
Mo,Au,134,20126,18070,0.27844590553507864
Mo,B,708,20126,1315877,0.09961802934275694
Mo,Ba,58,20126,15764,0.21438304654343515
Mo,Be,22,20126,3233,0.24056363145972764
Mo,Bh,0,20126,74,-1.0
Mo,Bi,307,20126,15692,0.37144367229588326
Mo,Bk,0,20126,169,-1.0
Mo,Br,760,20126,8607410,-0.050307282602770634
Mo,C,12947,20126,124377664,-0.047912416336068506
Mo,Ca,158,20126,47081,0.2234312365445958
Mo,Cd,55,20126,7961,0.2566621498172747
Mo,Ce,163,20126,8261,0.35471259714309034
Mo,Cf,0,20126,237,-1.0
Mo,Cl,1604,20126,21906474,-0.07027107016321547
Mo,Cm,2,20126,692,0.1607101164777796
Mo,Cn,0,20126,7,-1.0
Mo,Co,733,20126,45781,0.38164399961902457
Mo,Cr,680,20126,27069,0.416449106036877
Mo,Cs,50,20126,12307,0.21895390367797662
Mo,Cu,661,20126,67388,0.3380564329205168
Mo,Db,0,20126,105,-1.0
Mo,Ds,0,20126,11,-1.0
Mo,Dy,22,20126,2319,0.26193246272029486
Mo,Er,22,20126,2201,0.2652910457843578
Mo,Es,1,20126,359,0.15275544172356745
Mo,Eu,8,20126,5611,0.13149631792460617
Mo,F,1333,20126,25344252,-0.09804072133701475
Mo,Fe,967,20126,81651,0.36500359403199917
Mo,Fl,0,20126,8,-1.0
Mo,Fm,0,20126,2120,-1.0
Mo,Fr,1,20126,105,0.21870645481368095
Mo,Ga,45,20126,11650,0.2139944707746192
Mo,Gd,18,20126,7718,0.1695110554746176
Mo,Ge,88,20126,47164,0.1727516765183741
Mo,H,16365,20126,124461855,-0.023031199801875738
Mo,He,1,20126,415,0.14497904759070707
Mo,Hf,70,20126,22172,0.20654997022519356
Mo,Hg,19,20126,15140,0.1306126665105003
Mo,Ho,10,20126,1848,0.2149285270919135
Mo,Hs,0,20126,69,-1.0
Mo,I,243,20126,2542800,-0.03992780668463156
Mo,In,71,20126,14006,0.23968835938178182
Mo,Ir,61,20126,169603,0.0550889329411649
Mo,K,256,20126,156190,0.17694167835113123
Mo,Kr,0,20126,166,-1.0
Mo,La,111,20126,8114,0.3186381667147647
Mo,Li,193,20126,117297,0.17349515933999218
Mo,Lr,0,20126,861,-1.0
Mo,Lu,8,20126,2717,0.17528574004868358
Mo,Lv,0,20126,5,-1.0
Mo,Mc,0,20126,5,-1.0
Mo,Md,4,20126,96,0.32181723693958014
Mo,Mg,245,20126,63053,0.24204475342218587
Mo,Mn,496,20126,30915,0.36982147762496315
Mo,Mo,20126,20126,20126,
Mo,Mt,0,20126,79,-1.0
Mo,N,8112,20126,110925773,-0.08221508733373162
Mo,Na,382,20126,410484,0.1379344716121453
Mo,Nb,382,20126,6672,0.46242291623602155
Mo,Nd,47,20126,5576,0.2673822067104648
Mo,Ne,0,20126,225,-1.0
Mo,Nh,0,20126,8,-1.0
Mo,Ni,1047,20126,50498,0.4154037173829051
Mo,No,2,20126,366,0.19620011080401598
Mo,Np,2,20126,482,0.18086022883729264
Mo,O,12960,20126,109353141,-0.03377034670080359
Mo,Og,0,20126,1,-1.0
Mo,Os,23,20126,8718,0.18014236287191113
Mo,P,3167,20126,2503338,0.1945341264082197
Mo,Pa,0,20126,263,-1.0
Mo,Pb,135,20126,18301,0.27821311917651836
Mo,Pd,116,20126,48856,0.1935431716359067
Mo,Pm,0,20126,410,-1.0
Mo,Po,4,20126,1385,0.16712439436967155
Mo,Pr,13,20126,3784,0.19017522067945278
Mo,Pt,137,20126,143559,0.1294586965922046
Mo,Pu,7,20126,577,0.2586960578895397
Mo,Ra,1,20126,277,0.1666662500564652
Mo,Rb,28,20126,11197,0.17895935455213655
Mo,Re,122,20126,10228,0.310909422637901
Mo,Rf,1,20126,5242,0.008921786855902501
Mo,Rg,0,20126,9,-1.0
Mo,Rh,77,20126,14946,0.24217931383207603
Mo,Rn,0,20126,138,-1.0
Mo,Ru,115,20126,39255,0.2085453727623226
Mo,S,4526,20126,36318993,-0.025383337167255885
Mo,Sb,171,20126,19105,0.2974118276303084
Mo,Sc,33,20126,3525,0.2680685593995626
Mo,Se,242,20126,120337,0.19173731353323045
Mo,Sg,0,20126,137,-1.0
Mo,Si,1029,20126,1825174,0.10679270135486706
Mo,Sm,21,20126,3363,0.23433550196930233
Mo,Sn,212,20126,109311,0.18709795033942772
Mo,Sr,74,20126,8295,0.27980546901943626
Mo,Ta,168,20126,5739,0.38469000126088904
Mo,Tb,13,20126,3117,0.20223765363802013
Mo,Tc,21,20126,3663,0.22885659757291552
Mo,Te,112,20126,20569,0.25267311579359714
Mo,Th,17,20126,1733,0.25977644411722717
Mo,Ti,529,20126,77983,0.3021540133030597
Mo,Tl,17,20126,6312,0.17800429058850334
Mo,Tm,3,20126,1275,0.1527014125775407
Mo,Ts,0,20126,3,-1.0
Mo,U,71,20126,21879,0.20866554544189111
Mo,V,664,20126,39871,0.38177788594195483
Mo,W,1176,20126,44325,0.4408854572892572
Mo,Xe,1,20126,588,0.1262859969694594
Mo,Y,73,20126,98196,0.1063760347398413
Mo,Yb,9,20126,3286,0.17214075453247268
Mo,Zn,433,20126,76233,0.2832148947706203
Mo,Zr,277,20126,106659,0.21337435795357057
Mt,Ac,0,79,9776,-1.0
Mt,Ag,0,79,19086,-1.0
Mt,Al,0,79,82361,-1.0
Mt,Am,0,79,380,-1.0
Mt,Ar,0,79,4079,-1.0
Mt,As,0,79,33552,-1.0
Mt,At,0,79,1164,-1.0
Mt,Au,0,79,18070,-1.0
Mt,B,0,79,1315877,-1.0
Mt,Ba,0,79,15764,-1.0
Mt,Be,0,79,3233,-1.0
Mt,Bh,0,79,74,-1.0
Mt,Bi,0,79,15692,-1.0
Mt,Bk,0,79,169,-1.0
Mt,Br,2,79,8607410,-0.05593581489057404
Mt,C,65,79,124377664,-0.013366429523111501
Mt,Ca,0,79,47081,-1.0
Mt,Cd,0,79,7961,-1.0
Mt,Ce,0,79,8261,-1.0
Mt,Cf,0,79,237,-1.0
Mt,Cl,4,79,21906474,-0.07215115342135235
Mt,Cm,0,79,692,-1.0
Mt,Cn,0,79,7,-1.0
Mt,Co,0,79,45781,-1.0
Mt,Cr,0,79,27069,-1.0
Mt,Cs,0,79,12307,-1.0
Mt,Cu,0,79,67388,-1.0
Mt,Db,0,79,105,-1.0
Mt,Ds,0,79,11,-1.0
Mt,Dy,0,79,2319,-1.0
Mt,Er,0,79,2201,-1.0
Mt,Es,0,79,359,-1.0
Mt,Eu,0,79,5611,-1.0
Mt,F,0,79,25344252,-1.0
Mt,Fe,0,79,81651,-1.0
Mt,Fl,0,79,8,-1.0
Mt,Fm,0,79,2120,-1.0
Mt,Fr,0,79,105,-1.0
Mt,Ga,0,79,11650,-1.0
Mt,Gd,0,79,7718,-1.0
Mt,Ge,0,79,47164,-1.0
Mt,H,67,79,124461855,-0.011342050944546265
Mt,He,0,79,415,-1.0
Mt,Hf,0,79,22172,-1.0
Mt,Hg,0,79,15140,-1.0
Mt,Ho,0,79,1848,-1.0
Mt,Hs,0,79,69,-1.0
Mt,I,0,79,2542800,-1.0
Mt,In,0,79,14006,-1.0
Mt,Ir,0,79,169603,-1.0
Mt,K,2,79,156190,0.1674563580062428
Mt,Kr,0,79,166,-1.0
Mt,La,0,79,8114,-1.0
Mt,Li,1,79,117297,0.1394069965981875
Mt,Lr,0,79,861,-1.0
Mt,Lu,0,79,2717,-1.0
Mt,Lv,0,79,5,-1.0
Mt,Mc,0,79,5,-1.0
Mt,Md,0,79,96,-1.0
Mt,Mg,0,79,63053,-1.0
Mt,Mn,0,79,30915,-1.0
Mt,Mo,0,79,20126,-1.0
Mt,Mt,79,79,79,
Mt,N,44,79,110925773,-0.03157553596366485
Mt,Na,0,79,410484,-1.0
Mt,Nb,0,79,6672,-1.0
Mt,Nd,0,79,5576,-1.0
Mt,Ne,0,79,225,-1.0
Mt,Nh,0,79,8,-1.0
Mt,Ni,0,79,50498,-1.0
Mt,No,0,79,366,-1.0
Mt,Np,0,79,482,-1.0
Mt,O,50,79,109353141,-0.022200809062066756
Mt,Og,0,79,1,-1.0
Mt,Os,0,79,8718,-1.0
Mt,P,1,79,2503338,-0.024787403546231712
Mt,Pa,0,79,263,-1.0
Mt,Pb,0,79,18301,-1.0
Mt,Pd,0,79,48856,-1.0
Mt,Pm,0,79,410,-1.0
Mt,Po,0,79,1385,-1.0
Mt,Pr,0,79,3784,-1.0
Mt,Pt,2,79,143559,0.1721549316602315
Mt,Pu,0,79,577,-1.0
Mt,Ra,0,79,277,-1.0
Mt,Rb,0,79,11197,-1.0
Mt,Re,0,79,10228,-1.0
Mt,Rf,0,79,5242,-1.0
Mt,Rg,0,79,9,-1.0
Mt,Rh,1,79,14946,0.24993309959565926
Mt,Rn,0,79,138,-1.0
Mt,Ru,0,79,39255,-1.0
Mt,S,38,79,36318993,0.03338143918170882
Mt,Sb,0,79,19105,-1.0
Mt,Sc,0,79,3525,-1.0
Mt,Se,0,79,120337,-1.0
Mt,Sg,0,79,137,-1.0
Mt,Si,2,79,1825174,0.030480566170577757
Mt,Sm,0,79,3363,-1.0
Mt,Sn,0,79,109311,-1.0
Mt,Sr,0,79,8295,-1.0
Mt,Ta,0,79,5739,-1.0
Mt,Tb,0,79,3117,-1.0
Mt,Tc,0,79,3663,-1.0
Mt,Te,0,79,20569,-1.0
Mt,Th,0,79,1733,-1.0
Mt,Ti,0,79,77983,-1.0
Mt,Tl,0,79,6312,-1.0
Mt,Tm,0,79,1275,-1.0
Mt,Ts,0,79,3,-1.0
Mt,U,4,79,21879,0.32827278562729895
Mt,V,0,79,39871,-1.0
Mt,W,2,79,44325,0.23763506664845285
Mt,Xe,0,79,588,-1.0
Mt,Y,2,79,98196,0.19331570806693743
Mt,Yb,0,79,3286,-1.0
Mt,Zn,0,79,76233,-1.0
Mt,Zr,0,79,106659,-1.0
N,Ac,6754,110925773,9776,-0.025821387539284757
N,Ag,8559,110925773,19086,-0.07154446251893576
N,Al,27850,110925773,82361,-0.11517061655627252
N,Am,152,110925773,380,-0.058761102832607784
N,Ar,2146,110925773,4079,-0.04796031984293491
N,As,17582,110925773,33552,-0.05978631426576215
N,At,838,110925773,1164,-0.017837696648911282
N,Au,8704,110925773,18070,-0.06419788044560676
N,B,1003826,110925773,1315877,-0.03205080265038621
N,Ba,2999,110925773,15764,-0.14512096592410545
N,Be,1434,110925773,3233,-0.06127000956346881
N,Bh,36,110925773,74,-0.040139760622937594
N,Bi,4004,110925773,15692,-0.12079627847779055
N,Bk,97,110925773,169,-0.031212290434052423
N,Br,7527966,110925773,8607410,-0.006355963703894699
N,C,110890006,110925773,124377664,0.011824588273392186
N,Ca,14149,110925773,47081,-0.119569344924105
N,Cd,2590,110925773,7961,-0.09337949510330504
N,Ce,2203,110925773,8261,-0.11016805499511585
N,Cf,116,110925773,237,-0.04308426581227961
N,Cl,20277317,110925773,21906474,0.021416389860742725
N,Cm,431,110925773,692,-0.028416142597913585
N,Cn,0,110925773,7,-1.0
N,Co,27856,110925773,45781,-0.04528572652552542
N,Cr,11876,110925773,27069,-0.07644077063619073
N,Cs,7507,110925773,12307,-0.03891873397127788
N,Cu,43552,110925773,67388,-0.04025094613544883
N,Db,61,110925773,105,-0.029383020466610617
N,Ds,2,110925773,11,-0.08851355243646471
N,Dy,970,110925773,2319,-0.06421991283835342
N,Er,650,110925773,2201,-0.0907245448159457
N,Es,262,110925773,359,-0.015209134345459174
N,Eu,2685,110925773,5611,-0.057783286082449224
N,F,23130199,110925773,25344252,0.014697178042862377
N,Fe,40104,110925773,81651,-0.07397020998031875
N,Fl,0,110925773,8,-1.0
N,Fm,2008,110925773,2120,0.005607679697570695
N,Fr,7,110925773,105,-0.1552529221750791
N,Ga,4614,110925773,11650,-0.07938798559462738
N,Gd,5176,110925773,7718,-0.028086891594572675
N,Ge,27003,110925773,47164,-0.05233265536674752
N,H,110902560,110925773,124461855,0.00699410641321234
N,He,97,110925773,415,-0.09508198831382199
N,Hf,6405,110925773,22172,-0.11397574017626319
N,Hg,5409,110925773,15140,-0.09090501184515759
N,Ho,661,110925773,1848,-0.07507703765844893
N,Hs,42,110925773,69,-0.02551695352050144
N,I,2231635,110925773,2542800,-0.00357262392475847
N,In,5167,110925773,14006,-0.08731317695571707
N,Ir,164437,110925773,169603,0.012854464959583006
N,K,90483,110925773,156190,-0.05945944383823697
N,Kr,21,110925773,166,-0.12511559447043416
N,La,1830,110925773,8114,-0.12338756339925577
N,Li,63553,110925773,117297,-0.06551643346044392
N,Lr,753,110925773,861,-0.00148696470341795
N,Lu,1547,110925773,2717,-0.039574303661435654
N,Lv,0,110925773,5,-1.0
N,Mc,0,110925773,5,-1.0
N,Md,42,110925773,96,-0.047676566582212095
N,Mg,21852,110925773,63053,-0.10909678924660354
N,Mn,15013,110925773,30915,-0.06717343935187553
N,Mo,8112,110925773,20126,-0.08221508733373162
N,Mt,44,110925773,79,-0.03157553596366485
N,N,110925773,110925773,110925773,
N,Na,264424,110925773,410484,-0.05257678175400956
N,Nb,1453,110925773,6672,-0.1239642396598041
N,Nd,1502,110925773,5576,-0.10555491757662916
N,Ne,61,110925773,225,-0.08183711061289238
N,Nh,0,110925773,8,-1.0
N,Ni,28970,110925773,50498,-0.052532219732923026
N,No,179,110925773,366,-0.0445313133150494
N,Np,259,110925773,482,-0.03859417803810386
N,O,97586320,110925773,109353141,0.009480976299333605
N,Og,0,110925773,1,-1.0
N,Os,5974,110925773,8718,-0.026325029315668696
N,P,1601273,110925773,2503338,-0.07594118380073006
N,Pa,113,110925773,263,-0.05236810145352757
N,Pb,5771,110925773,18301,-0.10400362192224483
N,Pd,34693,110925773,48856,-0.027629051951490607
N,Pm,125,110925773,410,-0.07758942904147918
N,Po,652,110925773,1385,-0.052403293244720435
N,Pr,1534,110925773,3784,-0.06959299072686843
N,Pt,133175,110925773,143559,0.0060047482299435675
N,Pu,134,110925773,577,-0.09778587284457711
N,Ra,80,110925773,277,-0.07895845655986544
N,Rb,6550,110925773,11197,-0.04262724983220463
N,Re,6496,110925773,10228,-0.03425220495544886
N,Rf,2501,110925773,5242,-0.057678089474340596
N,Rg,1,110925773,9,-0.11164183771291364
N,Rh,6808,110925773,14946,-0.06828385075634744
N,Rn,36,110925773,138,-0.0815283512076241
N,Ru,26522,110925773,39255,-0.03263742849584761
N,S,33991401,110925773,36318993,0.038438212150480565
N,Sb,5027,110925773,19105,-0.12047548724541082
N,Sc,1070,110925773,3525,-0.09224599976634733
N,Se,71912,110925773,120337,-0.05346303989624586
N,Sg,28,110925773,137,-0.09613167106631883
N,Si,1001259,110925773,1825174,-0.10038962861729867
N,Sm,1018,110925773,3363,-0.09209031377182053
N,Sn,41426,110925773,109311,-0.10664765630743182
N,Sr,1495,110925773,8295,-0.14097737420020032
N,Ta,1580,110925773,5739,-0.10409420691456503
N,Tb,1314,110925773,3117,-0.06524025477782622
N,Tc,2843,110925773,3663,-0.012842673283101883
N,Te,6609,110925773,20569,-0.1035306540760143
N,Th,407,110925773,1733,-0.10549908538159412
N,Ti,24475,110925773,77983,-0.12216310634924885
N,Tl,3259,110925773,6312,-0.05163989352802812
N,Tm,411,110925773,1275,-0.08049056200918532
N,Ts,0,110925773,3,-1.0
N,U,15076,110925773,21879,-0.028411447370114
N,V,23047,110925773,39871,-0.050254828525646514
N,W,25958,110925773,44325,-0.04942107934017746
N,Xe,177,110925773,588,-0.08053959677688827
N,Y,63485,110925773,98196,-0.04220544760951015
N,Yb,1315,110925773,3286,-0.06978595442643865
N,Zn,37554,110925773,76233,-0.07300524061583999
N,Zr,18240,110925773,106659,-0.18686471728252824
Na,Ac,210,410484,9776,0.14103683472509865
Na,Ag,522,410484,19086,0.17091343214181384
Na,Al,3279,410484,82361,0.23630258349170277
Na,Am,1,410484,380,-0.012056009638696462
Na,Ar,101,410484,4079,0.1438071202097323
Na,As,845,410484,33552,0.1709009423053464
Na,At,11,410484,1164,0.06487360406351335
Na,Au,521,410484,18070,0.17514900872732897
Na,B,21848,410484,1315877,0.18699890879662182
Na,Ba,464,410484,15764,0.17517820962105315
Na,Be,86,410484,3233,0.14722930909347978
Na,Bh,2,410484,74,0.11726069250106493
Na,Bi,317,410484,15692,0.14077691219847274
Na,Bk,0,410484,169,-1.0
Na,Br,23450,410484,8607410,-0.02215778647188825
Na,C,391677,410484,124377664,-0.007843959948131009
Na,Ca,3020,410484,47081,0.27935283647299713
Na,Cd,82,410484,7961,0.0800804458853001
Na,Ce,225,410484,8261,0.15972256373690585
Na,Cf,1,410484,237,0.013271115430520205
Na,Cl,65498,410484,21906474,-0.012856599568708922
Na,Cm,3,410484,692,0.01564635616268487
Na,Cn,0,410484,7,-1.0
Na,Co,1331,410484,45781,0.190227243073654
Na,Cr,2084,410484,27069,0.28652489208239423
Na,Cs,748,410484,12307,0.24244271543636098
Na,Cu,3178,410484,67388,0.25161626722880004
Na,Db,5,410484,105,0.15682599090047264
Na,Ds,0,410484,11,-1.0
Na,Dy,34,410484,2319,0.09877550311747856
Na,Er,23,410484,2201,0.07444469855753258
Na,Es,1,410484,359,-0.009006265078319807
Na,Eu,127,410484,5611,0.13968507780032136
Na,F,48619,410484,25344252,-0.06890920332029671
Na,Fe,2648,410484,81651,0.21254736419500334
Na,Fl,0,410484,8,-1.0
Na,Fm,4,410484,2120,-0.032307203479758594
Na,Fr,0,410484,105,-1.0
Na,Ga,149,410484,11650,0.09946225404171688
Na,Gd,385,410484,7718,0.21418077955311707
Na,Ge,188,410484,47164,0.014211825317723107
Na,H,403126,410484,124461855,-0.002976280175245617
Na,He,8,410484,415,0.10667194421953943
Na,Hf,48,410484,22172,-0.028433492600327327
Na,Hg,588,410484,15140,0.20116693053820547
Na,Ho,12,410484,1848,0.0419970224663422
Na,Hs,1,410484,69,0.0794684518525899
Na,I,10476,410484,2542800,0.02381862556590291
Na,In,182,410484,14006,0.10212508574610725
Na,Ir,201,410484,169603,-0.07666285424241903
Na,K,9422,410484,156190,0.30637487646433165
Na,Kr,3,410484,166,0.09702844582899467
Na,La,170,410484,8114,0.13698107033104492
Na,Li,4917,410484,117297,0.2508294237904612
Na,Lr,0,410484,861,-1.0
Na,Lu,23,410484,2717,0.06086095134282167
Na,Lv,0,410484,5,-1.0
Na,Mc,0,410484,5,-1.0
Na,Md,2,410484,96,0.10275812926731817
Na,Mg,2796,410484,63053,0.24285427936831486
Na,Mn,1297,410484,30915,0.221765401289727
Na,Mo,382,410484,20126,0.1379344716121453
Na,Mt,0,410484,79,-1.0
Na,N,264424,410484,110925773,-0.05257678175400956
Na,Na,410484,410484,410484,
Na,Nb,189,410484,6672,0.16057520989227014
Na,Nd,40,410484,5576,0.05204061906030684
Na,Ne,14,410484,225,0.18363292160660408
Na,Nh,0,410484,8,-1.0
Na,Ni,907,410484,50498,0.14335065557600943
Na,No,9,410484,366,0.12224012312483798
Na,Np,4,410484,482,0.05353994871507819
Na,O,391311,410484,109353141,0.014333117080133517
Na,Og,0,410484,1,-1.0
Na,Os,172,410484,8718,0.13264544845000206
Na,P,51035,410484,2503338,0.2336551264029212
Na,Pa,1,410484,263,0.007686838906026995
Na,Pb,383,410484,18301,0.1456580735190122
Na,Pd,1651,410484,48856,0.2072711756260579
Na,Pm,0,410484,410,-1.0
Na,Po,11,410484,1385,0.054171044980834804
Na,Pr,30,410484,3784,0.05762070460977156
Na,Pt,448,410484,143559,-0.004329009789914165
Na,Pu,2,410484,577,0.002827471433081089
Na,Ra,1,410484,277,0.00490454325457797
Na,Rb,109,410484,11197,0.0776667248088781
Na,Re,62,410484,10228,0.04200882715414788
Na,Rf,21,410484,5242,0.012535568589876013
Na,Rg,0,410484,9,-1.0
Na,Rh,171,410484,14946,0.09222293619221617
Na,Rn,8,410484,138,0.173154569195299
Na,Ru,414,410484,39255,0.09223173874671312
Na,S,206703,410484,36318993,0.08539063133721381
Na,Sb,615,410484,19105,0.18654344546205834
Na,Sc,107,410484,3525,0.15898345882537174
Na,Se,1185,410484,120337,0.09468858675908573
Na,Sg,0,410484,137,-1.0
Na,Si,8383,410484,1825174,0.03458216432502526
Na,Sm,56,410484,3363,0.1108575902934819
Na,Sn,1027,410484,109311,0.08951593614008181
Na,Sr,265,410484,8295,0.17393742126054088
Na,Ta,99,410484,5739,0.11786911333648663
Na,Tb,30,410484,3117,0.07034505525010556
Na,Tc,166,410484,3663,0.19376738475216107
Na,Te,198,410484,20569,0.0802985403350073
Na,Th,53,410484,1733,0.15188049138667423
Na,Ti,804,410484,77983,0.09545646933511114
Na,Tl,45,410484,6312,0.05203600985609484
Na,Tm,13,410484,1275,0.07027357321163664
Na,Ts,0,410484,3,-1.0
Na,U,426,410484,21879,0.1411555995868152
Na,V,922,410484,39871,0.1649385067518896
Na,W,514,410484,44325,0.10149447500942518
Na,Xe,9,410484,588,0.09340811430740004
Na,Y,504,410484,98196,0.035698007551488546
Na,Yb,66,410484,3286,0.12509061479066436
Na,Zn,1724,410484,76233,0.1721729581556084
Na,Zr,523,410484,106659,0.03211628443526207
Nb,Ac,5,6672,9776,0.13249942575569829
Nb,Ag,56,6672,19086,0.2739274544651588
Nb,Al,338,6672,82361,0.33852475431898493
Nb,Am,0,6672,380,-1.0
Nb,Ar,4,6672,4079,0.16851194476863673
Nb,As,16,6672,33552,0.13779951698198165
Nb,At,0,6672,1164,-1.0
Nb,Au,41,6672,18070,0.25098355810969725
Nb,B,205,6672,1315877,0.08018414130155986
Nb,Ba,156,6672,15764,0.3840301664500716
Nb,Be,34,6672,3233,0.3493444868076341
Nb,Bh,0,6672,74,-1.0
Nb,Bi,173,6672,15692,0.3949839114876441
Nb,Bk,1,6672,169,0.2524047659318159
Nb,Br,83,6672,8607410,-0.12055072389620079
Nb,C,2912,6672,124377664,-0.0775866944184822
Nb,Ca,99,6672,47081,0.26132041063396466
Nb,Cd,21,6672,7961,0.24987612099898057
Nb,Ce,63,6672,8261,0.34204012254879246
Nb,Cf,0,6672,237,-1.0
Nb,Cl,625,6672,21906474,-0.05160159842612593
Nb,Cm,0,6672,692,-1.0
Nb,Cn,0,6672,7,-1.0
Nb,Co,173,6672,45781,0.3155964300592199
Nb,Cr,253,6672,27069,0.3938389109742173
Nb,Cs,27,6672,12307,0.24195796595968438
Nb,Cu,196,6672,67388,0.29895415633303696
Nb,Db,0,6672,105,-1.0
Nb,Ds,0,6672,11,-1.0
Nb,Dy,8,6672,2319,0.25151773955072443
Nb,Er,14,6672,2201,0.2985504854939601
Nb,Es,0,6672,359,-1.0
Nb,Eu,8,6672,5611,0.19816419707772875
Nb,F,496,6672,25344252,-0.08095801586738098
Nb,Fe,302,6672,81651,0.3275360432618444
Nb,Fl,0,6672,8,-1.0
Nb,Fm,1,6672,2120,0.11671805312586898
Nb,Fr,0,6672,105,-1.0
Nb,Ga,64,6672,11650,0.31976188708885567
Nb,Gd,6,6672,7718,0.1587834870794605
Nb,Ge,55,6672,47164,0.21053529923160824
Nb,H,4408,6672,124461855,-0.04034159511018763
Nb,He,1,6672,415,0.20420980264810656
Nb,Hf,110,6672,22172,0.32487344596459017
Nb,Hg,8,6672,15140,0.13822785221059458
Nb,Ho,6,6672,1848,0.2436235666345113
Nb,Hs,0,6672,69,-1.0
Nb,I,54,6672,2542800,-0.06312876919077776
Nb,In,59,6672,14006,0.2997428942937336
Nb,Ir,33,6672,169603,0.08519200959227419
Nb,K,219,6672,156190,0.2463955674961047
Nb,Kr,0,6672,166,-1.0
Nb,La,101,6672,8114,0.38848285982412817
Nb,Li,312,6672,117297,0.3028019215755741
Nb,Lr,0,6672,861,-1.0
Nb,Lu,13,6672,2717,0.2794625645054744
Nb,Lv,0,6672,5,-1.0
Nb,Mc,0,6672,5,-1.0
Nb,Md,0,6672,96,-1.0
Nb,Mg,179,6672,63053,0.2951363654200924
Nb,Mn,173,6672,30915,0.34470747226518766
Nb,Mo,382,6672,20126,0.46242291623602155
Nb,Mt,0,6672,79,-1.0
Nb,N,1453,6672,110925773,-0.1239642396598041
Nb,Na,189,6672,410484,0.16057520989227014
Nb,Nb,6672,6672,6672,
Nb,Nd,39,6672,5576,0.32531228507451404
Nb,Ne,5,6672,225,0.35395231833944224
Nb,Nh,0,6672,8,-1.0
Nb,Ni,301,6672,50498,0.36434897630580865
Nb,No,0,6672,366,-1.0
Nb,Np,2,6672,482,0.24237853881766772
Nb,O,3572,6672,109353141,-0.04726294808780405
Nb,Og,0,6672,1,-1.0
Nb,Os,11,6672,8718,0.1945255616015668
Nb,P,284,6672,2503338,0.057783422567480085
Nb,Pa,0,6672,263,-1.0
Nb,Pb,274,6672,18301,0.43241729624712977
Nb,Pd,24,6672,48856,0.1433327358955674
Nb,Pm,1,6672,410,0.20486007163495776
Nb,Po,4,6672,1385,0.2311140532120098
Nb,Pr,8,6672,3784,0.2219517177064391
Nb,Pt,31,6672,143559,0.09169366490636845
Nb,Pu,2,6672,577,0.23235489783193536
Nb,Ra,2,6672,277,0.2732424547268522
Nb,Rb,31,6672,11197,0.25945695864474294
Nb,Re,51,6672,10228,0.3082391446556287
Nb,Rf,0,6672,5242,-1.0
Nb,Rg,0,6672,9,-1.0
Nb,Rh,22,6672,14946,0.2131067602514264
Nb,Rn,0,6672,138,-1.0
Nb,Ru,34,6672,39255,0.18415725450238685
Nb,S,280,6672,36318993,-0.14902675108556057
Nb,Sb,84,6672,19105,0.3102081321016369
Nb,Sc,45,6672,3525,0.3690125817173202
Nb,Se,62,6672,120337,0.15598972461325988
Nb,Sg,0,6672,137,-1.0
Nb,Si,417,6672,1825174,0.11507154883279455
Nb,Sm,6,6672,3363,0.20808807456264866
Nb,Sn,171,6672,109311,0.24998903388240054
Nb,Sr,147,6672,8295,0.42504320743142904
Nb,Ta,500,6672,5739,0.5950805247763664
Nb,Tb,9,6672,3117,0.24249720792635943
Nb,Tc,13,6672,3663,0.26087822198281474
Nb,Te,54,6672,20569,0.2656580389621671
Nb,Th,15,6672,1733,0.319178062624318
Nb,Ti,750,6672,77983,0.43182084874510207
Nb,Tl,19,6672,6312,0.25669374780544124
Nb,Tm,5,6672,1275,0.2521032568023048
Nb,Ts,0,6672,3,-1.0
Nb,U,40,6672,21879,0.23612471863808912
Nb,V,237,6672,39871,0.35752692374168465
Nb,W,270,6672,44325,0.36297620014989174
Nb,Xe,0,6672,588,-1.0
Nb,Y,81,6672,98196,0.1919535578982155
Nb,Yb,24,6672,3286,0.31789763847226576
Nb,Zn,142,6672,76233,0.2593505068448455
Nb,Zr,407,6672,106659,0.33774333345131385
Nd,Ac,1,5576,9776,0.044345320035654
Nd,Ag,24,5576,19086,0.2157254027223382
Nd,Al,164,5576,82361,0.2802893918780247
Nd,Am,0,5576,380,-1.0
Nd,Ar,2,5576,4079,0.13338132611410622
Nd,As,5,5576,33552,0.0706291776932949
Nd,At,0,5576,1164,-1.0
Nd,Au,14,5576,18070,0.1781932543436366
Nd,B,283,5576,1315877,0.12079481766625431
Nd,Ba,89,5576,15764,0.3418240275294161
Nd,Be,5,5576,3233,0.20800648422008705
Nd,Bh,0,5576,74,-1.0
Nd,Bi,40,5576,15692,0.27035666717029105
Nd,Bk,0,5576,169,-1.0
Nd,Br,110,5576,8607410,-0.0899098157903431
Nd,C,3626,5576,124377664,-0.0410393639844755
Nd,Ca,51,5576,47081,0.216640852803805
Nd,Cd,14,5576,7961,0.2294196849233313
Nd,Ce,198,5576,8261,0.47057721795922036
Nd,Cf,0,5576,237,-1.0
Nd,Cl,679,5576,21906474,-0.03031090969571906
Nd,Cm,5,5576,692,0.2985220858787828
Nd,Cn,0,5576,7,-1.0
Nd,Co,80,5576,45781,0.2570190859386023
Nd,Cr,56,5576,27069,0.2622966656258211
Nd,Cs,9,5576,12307,0.16989325375652906
Nd,Cu,108,5576,67388,0.25634847892514406
Nd,Db,0,5576,105,-1.0
Nd,Ds,0,5576,11,-1.0
Nd,Dy,68,5576,2319,0.44968525491573635
Nd,Er,37,5576,2201,0.3944583322082614
Nd,Es,0,5576,359,-1.0
Nd,Eu,55,5576,5611,0.36828274667475225
Nd,F,386,5576,25344252,-0.08497792071185421
Nd,Fe,267,5576,81651,0.32875598759521535
Nd,Fl,0,5576,8,-1.0
Nd,Fm,2,5576,2120,0.16984545392000533
Nd,Fr,0,5576,105,-1.0
Nd,Ga,59,5576,11650,0.3247121815873409
Nd,Gd,56,5576,7718,0.34815491595020726
Nd,Ge,14,5576,47164,0.11823767258021599
Nd,H,4355,5576,124461855,-0.023985283953300518
Nd,He,1,5576,415,0.21383656553315414
Nd,Hf,22,5576,22172,0.19928389362471052
Nd,Hg,5,5576,15140,0.11735290393223952
Nd,Ho,31,5576,1848,0.38972914047181384
Nd,Hs,0,5576,69,-1.0
Nd,I,98,5576,2542800,-0.010636557467598277
Nd,In,41,5576,14006,0.2800728876679862
Nd,Ir,8,5576,169603,0.0031720092485937675
Nd,K,31,5576,156190,0.09794892354976467
Nd,Kr,0,5576,166,-1.0
Nd,La,201,5576,8114,0.4735815184231139
Nd,Li,100,5576,117297,0.2099704755035105
Nd,Lr,0,5576,861,-1.0
Nd,Lu,13,5576,2717,0.29062533129362417
Nd,Lv,0,5576,5,-1.0
Nd,Mc,0,5576,5,-1.0
Nd,Md,1,5576,96,0.2923713545252947
Nd,Mg,96,5576,63053,0.2505596078195204
Nd,Mn,70,5576,30915,0.2726371762310565
Nd,Mo,47,5576,20126,0.2673822067104648
Nd,Mt,0,5576,79,-1.0
Nd,N,1502,5576,110925773,-0.10555491757662916
Nd,Na,40,5576,410484,0.05204061906030684
Nd,Nb,39,5576,6672,0.32531228507451404
Nd,Nd,5576,5576,5576,
Nd,Ne,7,5576,225,0.3919894372782843
Nd,Nh,0,5576,8,-1.0
Nd,Ni,99,5576,50498,0.26910827569813034
Nd,No,0,5576,366,-1.0
Nd,Np,2,5576,482,0.25237709755115034
Nd,O,3402,5576,109353141,-0.03460733106702015
Nd,Og,0,5576,1,-1.0
Nd,Os,4,5576,8718,0.13489180001585638
Nd,P,930,5576,2503338,0.179270868647118
Nd,Pa,1,5576,263,0.2383060636503613
Nd,Pb,25,5576,18301,0.22166689871719297
Nd,Pd,17,5576,48856,0.129742865556134
Nd,Pm,13,5576,410,0.40826500693000695
Nd,Po,0,5576,1385,-1.0
Nd,Pr,196,5576,3784,0.5278897587400733
Nd,Pt,18,5576,143559,0.0654073596266156
Nd,Pu,8,5576,577,0.3463482682503689
Nd,Ra,0,5576,277,-1.0
Nd,Rb,19,5576,11197,0.2316081877492168
Nd,Re,15,5576,10228,0.21901620640060818
Nd,Rf,0,5576,5242,-1.0
Nd,Rg,0,5576,9,-1.0
Nd,Rh,5,5576,14946,0.11811013900179133
Nd,Rn,0,5576,138,-1.0
Nd,Ru,21,5576,39255,0.15907878510783705
Nd,S,323,5576,36318993,-0.12562450151730536
Nd,Sb,13,5576,19105,0.16929712391191623
Nd,Sc,38,5576,3525,0.3655452874631983
Nd,Se,9,5576,120337,0.03122724627294432
Nd,Sg,0,5576,137,-1.0
Nd,Si,212,5576,1825174,0.07179390985131873
Nd,Sm,105,5576,3363,0.4681402563433942
Nd,Sn,35,5576,109311,0.13043935753622501
Nd,Sr,50,5576,8295,0.3328864139592025
Nd,Ta,15,5576,5739,0.255284507095104
Nd,Tb,43,5576,3117,0.3851570464081559
Nd,Tc,0,5576,3663,-1.0
Nd,Te,5,5576,20569,0.09935964878656987
Nd,Th,9,5576,1733,0.2891097849226197
Nd,Ti,106,5576,77983,0.2442209417372591
Nd,Tl,6,5576,6312,0.18136974059156705
Nd,Tm,19,5576,1275,0.37003114180774505
Nd,Ts,0,5576,3,-1.0
Nd,U,18,5576,21879,0.1848486018157101
Nd,V,44,5576,39871,0.21573890088241163
Nd,W,20,5576,44325,0.1476998181134752
Nd,Xe,0,5576,588,-1.0
Nd,Y,146,5576,98196,0.25651393581794046
Nd,Yb,55,5576,3286,0.4048474039317666
Nd,Zn,79,5576,76233,0.22017976752390064
Nd,Zr,108,5576,106659,0.2234528884934897
Ne,Ac,0,225,9776,-1.0
Ne,Ag,2,225,19086,0.22626523365972176
Ne,Al,2,225,82361,0.14479615768387513
Ne,Am,0,225,380,-1.0
Ne,Ar,23,225,4079,0.5189486981792567
Ne,As,0,225,33552,-1.0
Ne,At,0,225,1164,-1.0
Ne,Au,4,225,18070,0.2786978146454488
Ne,B,2,225,1315877,-0.009607756107994908
Ne,Ba,2,225,15764,0.2369200568296123
Ne,Be,1,225,3233,0.2759184432586114
Ne,Bh,0,225,74,-1.0
Ne,Bi,0,225,15692,-1.0
Ne,Bk,0,225,169,-1.0
Ne,Br,3,225,8607410,-0.093780442761418
Ne,C,95,225,124377664,-0.061087857687216786
Ne,Ca,6,225,47081,0.25263365819011335
Ne,Cd,3,225,7961,0.30445554400832686
Ne,Ce,1,225,8261,0.22559074367114368
Ne,Cf,0,225,237,-1.0
Ne,Cl,14,225,21906474,-0.06491918758685317
Ne,Cm,0,225,692,-1.0
Ne,Cn,0,225,7,-1.0
Ne,Co,0,225,45781,-1.0
Ne,Cr,0,225,27069,-1.0
Ne,Cs,1,225,12307,0.20420602469243673
Ne,Cu,3,225,67388,0.1826950839618402
Ne,Db,0,225,105,-1.0
Ne,Ds,0,225,11,-1.0
Ne,Dy,0,225,2319,-1.0
Ne,Er,0,225,2201,-1.0
Ne,Es,0,225,359,-1.0
Ne,Eu,1,225,5611,0.24634211854027738
Ne,F,19,225,25344252,-0.05601335590327043
Ne,Fe,2,225,81651,0.14527856538562278
Ne,Fl,0,225,8,-1.0
Ne,Fm,0,225,2120,-1.0
Ne,Fr,0,225,105,-1.0
Ne,Ga,1,225,11650,0.20714918227647974
Ne,Gd,0,225,7718,-1.0
Ne,Ge,1,225,47164,0.13213390739532926
Ne,H,135,225,124461855,-0.03711633363833408
Ne,He,21,225,415,0.6566215435098433
Ne,Hf,2,225,22172,0.21791442698730568
Ne,Hg,5,225,15140,0.3058391126436867
Ne,Ho,0,225,1848,-1.0
Ne,Hs,0,225,69,-1.0
Ne,I,1,225,2542800,-0.08177576017857167
Ne,In,1,225,14006,0.1972685834300893
Ne,Ir,0,225,169603,-1.0
Ne,K,2,225,156190,0.1091385306575287
Ne,Kr,12,225,166,0.6559542318099127
Ne,La,0,225,8114,-1.0
Ne,Li,2,225,117297,0.12509428250212737
Ne,Lr,0,225,861,-1.0
Ne,Lu,0,225,2717,-1.0
Ne,Lv,0,225,5,-1.0
Ne,Mc,0,225,5,-1.0
Ne,Md,0,225,96,-1.0
Ne,Mg,2,225,63053,0.15968057502884292
Ne,Mn,0,225,30915,-1.0
Ne,Mo,0,225,20126,-1.0
Ne,Mt,0,225,79,-1.0
Ne,N,61,225,110925773,-0.08183711061289238
Ne,Na,14,225,410484,0.18363292160660408
Ne,Nb,5,225,6672,0.35395231833944224
Ne,Nd,7,225,5576,0.3919894372782843
Ne,Ne,225,225,225,
Ne,Nh,0,225,8,-1.0
Ne,Ni,0,225,50498,-1.0
Ne,No,0,225,366,-1.0
Ne,Np,0,225,482,-1.0
Ne,O,90,225,109353141,-0.055573587251326946
Ne,Og,0,225,1,-1.0
Ne,Os,1,225,8718,0.22270218849254883
Ne,P,9,225,2503338,0.04187245009615487
Ne,Pa,0,225,263,-1.0
Ne,Pb,1,225,18301,0.18291975051856676
Ne,Pd,1,225,48856,0.13024306521091208
Ne,Pm,0,225,410,-1.0
Ne,Po,0,225,1385,-1.0
Ne,Pr,0,225,3784,-1.0
Ne,Pt,1,225,143559,0.07241913375651408
Ne,Pu,1,225,577,0.3683687775808889
Ne,Ra,1,225,277,0.40773593295480726
Ne,Rb,0,225,11197,-1.0
Ne,Re,1,225,10228,0.21413273378352546
Ne,Rf,0,225,5242,-1.0
Ne,Rg,0,225,9,-1.0
Ne,Rh,1,225,14946,0.1937838174018974
Ne,Rn,1,225,138,0.44511489736782145
Ne,Ru,0,225,39255,-1.0
Ne,S,11,225,36318993,-0.10992817200348111
Ne,Sb,0,225,19105,-1.0
Ne,Sc,0,225,3525,-1.0
Ne,Se,0,225,120337,-1.0
Ne,Sg,0,225,137,-1.0
Ne,Si,3,225,1825174,-0.005366627793686638
Ne,Sm,1,225,3363,0.2738035394660774
Ne,Sn,4,225,109311,0.17437887251394918
Ne,Sr,1,225,8295,0.225370402436594
Ne,Ta,0,225,5739,-1.0
Ne,Tb,0,225,3117,-1.0
Ne,Tc,0,225,3663,-1.0
Ne,Te,0,225,20569,-1.0
Ne,Th,0,225,1733,-1.0
Ne,Ti,3,225,77983,0.17437080204378472
Ne,Tl,0,225,6312,-1.0
Ne,Tm,0,225,1275,-1.0
Ne,Ts,0,225,3,-1.0
Ne,U,0,225,21879,-1.0
Ne,V,0,225,39871,-1.0
Ne,W,1,225,44325,0.1354643935799723
Ne,Xe,14,225,588,0.5928680073013165
Ne,Y,1,225,98196,0.09279304787362545
Ne,Yb,0,225,3286,-1.0
Ne,Zn,0,225,76233,-1.0
Ne,Zr,1,225,106659,0.08835801653384932
Nh,Ac,0,8,9776,-1.0
Nh,Ag,0,8,19086,-1.0
Nh,Al,0,8,82361,-1.0
Nh,Am,0,8,380,-1.0
Nh,Ar,0,8,4079,-1.0
Nh,As,0,8,33552,-1.0
Nh,At,0,8,1164,-1.0
Nh,Au,0,8,18070,-1.0
Nh,B,0,8,1315877,-1.0
Nh,Ba,0,8,15764,-1.0
Nh,Be,0,8,3233,-1.0
Nh,Bh,0,8,74,-1.0
Nh,Bi,0,8,15692,-1.0
Nh,Bk,0,8,169,-1.0
Nh,Br,0,8,8607410,-1.0
Nh,C,0,8,124377664,-1.0
Nh,Ca,0,8,47081,-1.0
Nh,Cd,0,8,7961,-1.0
Nh,Ce,0,8,8261,-1.0
Nh,Cf,0,8,237,-1.0
Nh,Cl,0,8,21906474,-1.0
Nh,Cm,0,8,692,-1.0
Nh,Cn,0,8,7,-1.0
Nh,Co,0,8,45781,-1.0
Nh,Cr,0,8,27069,-1.0
Nh,Cs,0,8,12307,-1.0
Nh,Cu,0,8,67388,-1.0
Nh,Db,0,8,105,-1.0
Nh,Ds,0,8,11,-1.0
Nh,Dy,0,8,2319,-1.0
Nh,Er,0,8,2201,-1.0
Nh,Es,0,8,359,-1.0
Nh,Eu,0,8,5611,-1.0
Nh,F,0,8,25344252,-1.0
Nh,Fe,0,8,81651,-1.0
Nh,Fl,0,8,8,-1.0
Nh,Fm,0,8,2120,-1.0
Nh,Fr,0,8,105,-1.0
Nh,Ga,0,8,11650,-1.0
Nh,Gd,0,8,7718,-1.0
Nh,Ge,0,8,47164,-1.0
Nh,H,0,8,124461855,-1.0
Nh,He,0,8,415,-1.0
Nh,Hf,0,8,22172,-1.0
Nh,Hg,0,8,15140,-1.0
Nh,Ho,0,8,1848,-1.0
Nh,Hs,0,8,69,-1.0
Nh,I,0,8,2542800,-1.0
Nh,In,0,8,14006,-1.0
Nh,Ir,0,8,169603,-1.0
Nh,K,0,8,156190,-1.0
Nh,Kr,0,8,166,-1.0
Nh,La,0,8,8114,-1.0
Nh,Li,0,8,117297,-1.0
Nh,Lr,0,8,861,-1.0
Nh,Lu,0,8,2717,-1.0
Nh,Lv,0,8,5,-1.0
Nh,Mc,0,8,5,-1.0
Nh,Md,0,8,96,-1.0
Nh,Mg,0,8,63053,-1.0
Nh,Mn,0,8,30915,-1.0
Nh,Mo,0,8,20126,-1.0
Nh,Mt,0,8,79,-1.0
Nh,N,0,8,110925773,-1.0
Nh,Na,0,8,410484,-1.0
Nh,Nb,0,8,6672,-1.0
Nh,Nd,0,8,5576,-1.0
Nh,Ne,0,8,225,-1.0
Nh,Nh,8,8,8,
Nh,Ni,0,8,50498,-1.0
Nh,No,0,8,366,-1.0
Nh,Np,0,8,482,-1.0
Nh,O,0,8,109353141,-1.0
Nh,Og,0,8,1,-1.0
Nh,Os,0,8,8718,-1.0
Nh,P,0,8,2503338,-1.0
Nh,Pa,0,8,263,-1.0
Nh,Pb,0,8,18301,-1.0
Nh,Pd,0,8,48856,-1.0
Nh,Pm,0,8,410,-1.0
Nh,Po,0,8,1385,-1.0
Nh,Pr,0,8,3784,-1.0
Nh,Pt,0,8,143559,-1.0
Nh,Pu,0,8,577,-1.0
Nh,Ra,0,8,277,-1.0
Nh,Rb,0,8,11197,-1.0
Nh,Re,0,8,10228,-1.0
Nh,Rf,0,8,5242,-1.0
Nh,Rg,0,8,9,-1.0
Nh,Rh,0,8,14946,-1.0
Nh,Rn,0,8,138,-1.0
Nh,Ru,0,8,39255,-1.0
Nh,S,0,8,36318993,-1.0
Nh,Sb,0,8,19105,-1.0
Nh,Sc,0,8,3525,-1.0
Nh,Se,0,8,120337,-1.0
Nh,Sg,0,8,137,-1.0
Nh,Si,0,8,1825174,-1.0
Nh,Sm,0,8,3363,-1.0
Nh,Sn,0,8,109311,-1.0
Nh,Sr,0,8,8295,-1.0
Nh,Ta,0,8,5739,-1.0
Nh,Tb,0,8,3117,-1.0
Nh,Tc,0,8,3663,-1.0
Nh,Te,0,8,20569,-1.0
Nh,Th,0,8,1733,-1.0
Nh,Ti,0,8,77983,-1.0
Nh,Tl,0,8,6312,-1.0
Nh,Tm,0,8,1275,-1.0
Nh,Ts,0,8,3,-1.0
Nh,U,0,8,21879,-1.0
Nh,V,0,8,39871,-1.0
Nh,W,0,8,44325,-1.0
Nh,Xe,0,8,588,-1.0
Nh,Y,0,8,98196,-1.0
Nh,Yb,0,8,3286,-1.0
Nh,Zn,0,8,76233,-1.0
Nh,Zr,0,8,106659,-1.0
Ni,Ac,4,50498,9776,0.0005478483508052195
Ni,Ag,365,50498,19086,0.30249911502547244
Ni,Al,1497,50498,82361,0.33569507288413064
Ni,Am,0,50498,380,-1.0
Ni,Ar,9,50498,4079,0.1030486941644598
Ni,As,141,50498,33552,0.1708144108643601
Ni,At,0,50498,1164,-1.0
Ni,Au,351,50498,18070,0.3027933121704729
Ni,B,1386,50498,1315877,0.08372588903427106
Ni,Ba,174,50498,15764,0.24510778800823463
Ni,Be,52,50498,3233,0.25058543592927374
Ni,Bh,0,50498,74,-1.0
Ni,Bi,217,50498,15692,0.2661889789420009
Ni,Bk,0,50498,169,-1.0
Ni,Br,3167,50498,8607410,-0.00914461334676378
Ni,C,39452,50498,124377664,-0.030424232256831503
Ni,Ca,267,50498,47081,0.20213057547625685
Ni,Cd,222,50498,7961,0.3196296756442545
Ni,Ce,222,50498,8261,0.3168353389754178
Ni,Cf,0,50498,237,-1.0
Ni,Cl,6431,50498,21906474,-0.032675742120979276
Ni,Cm,1,50498,692,0.06819859004850083
Ni,Cn,0,50498,7,-1.0
Ni,Co,2827,50498,45781,0.4700202886602711
Ni,Cr,1186,50498,27069,0.40503058461030655
Ni,Cs,40,50498,12307,0.13923543532449761
Ni,Cu,1825,50498,67388,0.37749370188656084
Ni,Db,0,50498,105,-1.0
Ni,Ds,0,50498,11,-1.0
Ni,Dy,79,50498,2319,0.3105160178361629
Ni,Er,37,50498,2201,0.24785031597864146
Ni,Es,0,50498,359,-1.0
Ni,Eu,41,50498,5611,0.1937388235421876
Ni,F,3341,50498,25344252,-0.10670139528969717
Ni,Fe,2460,50498,81651,0.397738750029345
Ni,Fl,0,50498,8,-1.0
Ni,Fm,0,50498,2120,-1.0
Ni,Fr,0,50498,105,-1.0
Ni,Ga,90,50498,11650,0.2084470618225742
Ni,Gd,97,50498,7718,0.24415526149945557
Ni,Ge,179,50498,47164,0.16626917294531915
Ni,H,44385,50498,124461855,-0.016122286850036464
Ni,He,3,50498,415,0.16424528626397336
Ni,Hf,63,50498,22172,0.13432708411684627
Ni,Hg,60,50498,15140,0.15674848883448614
Ni,Ho,30,50498,1848,0.242148492520357
Ni,Hs,0,50498,69,-1.0
Ni,I,657,50498,2542800,-0.03704878982523702
Ni,In,135,50498,14006,0.23071118555336437
Ni,Ir,128,50498,169603,0.045085286617516526
Ni,K,454,50498,156190,0.15732663804534994
Ni,Kr,2,50498,166,0.18899707432758048
Ni,La,264,50498,8114,0.3356744392376803
Ni,Li,1181,50498,117297,0.2777434533302904
Ni,Lr,0,50498,861,-1.0
Ni,Lu,22,50498,2717,0.19258527180139628
Ni,Lv,0,50498,5,-1.0
Ni,Mc,0,50498,5,-1.0
Ni,Md,0,50498,96,-1.0
Ni,Mg,722,50498,63053,0.27707725301256175
Ni,Mn,1987,50498,30915,0.4586419398648705
Ni,Mo,1047,50498,20126,0.4154037173829051
Ni,Mt,0,50498,79,-1.0
Ni,N,28970,50498,110925773,-0.052532219732923026
Ni,Na,907,50498,410484,0.14335065557600943
Ni,Nb,301,50498,6672,0.36434897630580865
Ni,Nd,99,50498,5576,0.26910827569813034
Ni,Ne,0,50498,225,-1.0
Ni,Nh,0,50498,8,-1.0
Ni,Ni,50498,50498,50498,
Ni,No,7,50498,366,0.23086001211374751
Ni,Np,4,50498,482,0.17498275816608513
Ni,O,28750,50498,109353141,-0.05168960116627597
Ni,Og,0,50498,1,-1.0
Ni,Os,28,50498,8718,0.13521420057339717
Ni,P,7054,50498,2503338,0.19828430991309456
Ni,Pa,0,50498,263,-1.0
Ni,Pb,259,50498,18301,0.2715561924357388
Ni,Pd,431,50498,48856,0.24496703862806193
Ni,Pm,8,50498,410,0.23392953354358337
Ni,Po,5,50498,1385,0.12840199084738368
Ni,Pr,64,50498,3784,0.2576495214028446
Ni,Pt,317,50498,143559,0.1316016881894805
Ni,Pu,5,50498,577,0.17981460675425276
Ni,Ra,4,50498,277,0.20708655702202514
Ni,Rb,49,50498,11197,0.16132005568656352
Ni,Re,106,50498,10228,0.23190792001807578
Ni,Rf,4,50498,5242,0.03666809156957801
Ni,Rg,0,50498,9,-1.0
Ni,Rh,103,50498,14946,0.2022999908013096
Ni,Rn,1,50498,138,0.15469462893638905
Ni,Ru,196,50498,39255,0.18792440942186023
Ni,S,8220,50498,36318993,-0.06053078203784868
Ni,Sb,244,50498,19105,0.26251321037897407
Ni,Sc,48,50498,3525,0.23795316646305587
Ni,Se,290,50498,120337,0.13743900574201193
Ni,Sg,0,50498,137,-1.0
Ni,Si,1850,50498,1825174,0.08244582566449507
Ni,Sm,63,50498,3363,0.26441917087544914
Ni,Sn,518,50498,109311,0.19844683346339523
Ni,Sr,108,50498,8295,0.2485647782782753
Ni,Ta,170,50498,5739,0.31778500892924827
Ni,Tb,49,50498,3117,0.24802422486600914
Ni,Tc,10,50498,3663,0.11674607871473461
Ni,Te,60,50498,20569,0.13568146907753756
Ni,Th,18,50498,1733,0.2059411606772357
Ni,Ti,963,50498,77983,0.29027290423865304
Ni,Tl,25,50498,6312,0.14781238860903823
Ni,Tm,14,50498,1275,0.20618097723273587
Ni,Ts,0,50498,3,-1.0
Ni,U,51,50498,21879,0.11893547539441494
Ni,V,450,50498,39871,0.2654705377056982
Ni,W,654,50498,44325,0.29567503351305474
Ni,Xe,0,50498,588,-1.0
Ni,Y,183,50498,98196,0.11358827291552419
Ni,Yb,27,50498,3286,0.19611040586043257
Ni,Zn,966,50498,76233,0.2925427155880258
Ni,Zr,410,50498,106659,0.17819566682187774
No,Ac,21,366,9776,0.4228476518363124
No,Ag,1,366,19086,0.15456582367648605
No,Al,0,366,82361,-1.0
No,Am,0,366,380,-1.0
No,Ar,2,366,4079,0.28513566186098455
No,As,0,366,33552,-1.0
No,At,0,366,1164,-1.0
No,Au,0,366,18070,-1.0
No,B,16,366,1315877,0.08951849566774116
No,Ba,0,366,15764,-1.0
No,Be,1,366,3233,0.24981763754501568
No,Bh,0,366,74,-1.0
No,Bi,1,366,15692,0.16507003260972636
No,Bk,1,366,169,0.4081428880591627
No,Br,16,366,8607410,-0.02884088721339338
No,C,303,366,124377664,-0.014481593266338405
No,Ca,2,366,47081,0.14884742011722282
No,Cd,0,366,7961,-1.0
No,Ce,0,366,8261,-1.0
No,Cf,0,366,237,-1.0
No,Cl,31,366,21906474,-0.04803233209475502
No,Cm,0,366,692,-1.0
No,Cn,0,366,7,-1.0
No,Co,3,366,45781,0.17699815202420766
No,Cr,0,366,27069,-1.0
No,Cs,0,366,12307,-1.0
No,Cu,2,366,67388,0.1288669371218837
No,Db,0,366,105,-1.0
No,Ds,0,366,11,-1.0
No,Dy,0,366,2319,-1.0
No,Er,2,366,2201,0.3195105876984019
No,Es,0,366,359,-1.0
No,Eu,0,366,5611,-1.0
No,F,44,366,25344252,-0.03540394597293253
No,Fe,4,366,81651,0.16308947452676026
No,Fl,0,366,8,-1.0
No,Fm,0,366,2120,-1.0
No,Fr,0,366,105,-1.0
No,Ga,0,366,11650,-1.0
No,Gd,0,366,7718,-1.0
No,Ge,0,366,47164,-1.0
No,H,318,366,124461855,-0.010836584524175947
No,He,0,366,415,-1.0
No,Hf,0,366,22172,-1.0
No,Hg,0,366,15140,-1.0
No,Ho,2,366,1848,0.3292506039170857
No,Hs,0,366,69,-1.0
No,I,6,366,2542800,-0.013004935957082468
No,In,0,366,14006,-1.0
No,Ir,0,366,169603,-1.0
No,K,2,366,156190,0.0820296839938234
No,Kr,0,366,166,-1.0
No,La,0,366,8114,-1.0
No,Li,0,366,117297,-1.0
No,Lr,0,366,861,-1.0
No,Lu,1,366,2717,0.25914581329802766
No,Lv,0,366,5,-1.0
No,Mc,0,366,5,-1.0
No,Md,0,366,96,-1.0
No,Mg,1,366,63053,0.09045711186037354
No,Mn,1,366,30915,0.12869282851814878
No,Mo,2,366,20126,0.19620011080401598
No,Mt,0,366,79,-1.0
No,N,179,366,110925773,-0.0445313133150494
No,Na,9,366,410484,0.12224012312483798
No,Nb,0,366,6672,-1.0
No,Nd,0,366,5576,-1.0
No,Ne,0,366,225,-1.0
No,Nh,0,366,8,-1.0
No,Ni,7,366,50498,0.23086001211374751
No,No,366,366,366,
No,Np,21,366,482,0.615829154907221
No,O,188,366,109353141,-0.039969242192361025
No,Og,0,366,1,-1.0
No,Os,0,366,8718,-1.0
No,P,36,366,2503338,0.10548459557918925
No,Pa,0,366,263,-1.0
No,Pb,1,366,18301,0.156818944804971
No,Pd,2,366,48856,0.14678541099742531
No,Pm,0,366,410,-1.0
No,Po,0,366,1385,-1.0
No,Pr,0,366,3784,-1.0
No,Pt,1,366,143559,0.046318328042918334
No,Pu,2,366,577,0.39410779231229626
No,Ra,0,366,277,-1.0
No,Rb,2,366,11197,0.22887153331217153
No,Re,0,366,10228,-1.0
No,Rf,0,366,5242,-1.0
No,Rg,0,366,9,-1.0
No,Rh,0,366,14946,-1.0
No,Rn,0,366,138,-1.0
No,Ru,0,366,39255,-1.0
No,S,46,366,36318993,-0.05679965164876819
No,Sb,0,366,19105,-1.0
No,Sc,0,366,3525,-1.0
No,Se,0,366,120337,-1.0
No,Sg,0,366,137,-1.0
No,Si,8,366,1825174,0.02416237857781403
No,Sm,0,366,3363,-1.0
No,Sn,0,366,109311,-1.0
No,Sr,0,366,8295,-1.0
No,Ta,1,366,5739,0.21903126039349194
No,Tb,1,366,3117,0.25177785498544736
No,Tc,2,366,3663,0.2911292576636883
No,Te,0,366,20569,-1.0
No,Th,0,366,1733,-1.0
No,Ti,2,366,77983,0.12073071634514555
No,Tl,0,366,6312,-1.0
No,Tm,0,366,1275,-1.0
No,Ts,0,366,3,-1.0
No,U,1,366,21879,0.14723919892793613
No,V,11,366,39871,0.2796584225280263
No,W,1,366,44325,0.10936358786637661
No,Xe,0,366,588,-1.0
No,Y,1,366,98196,0.06669224216002971
No,Yb,0,366,3286,-1.0
No,Zn,0,366,76233,-1.0
No,Zr,1,366,106659,0.06225721082025359
Np,Ac,27,482,9776,0.42820920234118814
Np,Ag,0,482,19086,-1.0
Np,Al,3,482,82361,0.12782715991678867
Np,Am,5,482,380,0.4774710917409238
Np,Ar,0,482,4079,-1.0
Np,As,0,482,33552,-1.0
Np,At,0,482,1164,-1.0
Np,Au,0,482,18070,-1.0
Np,B,3,482,1315877,-0.030145656077757772
Np,Ba,0,482,15764,-1.0
Np,Be,0,482,3233,-1.0
Np,Bh,0,482,74,-1.0
Np,Bi,1,482,15692,0.15030056329774008
Np,Bk,0,482,169,-1.0
Np,Br,10,482,8607410,-0.07362980995579199
Np,C,341,482,124377664,-0.026885093824450507
Np,Ca,0,482,47081,-1.0
Np,Cd,1,482,7961,0.1867049089724813
Np,Ce,2,482,8261,0.23047563651019276
Np,Cf,0,482,237,-1.0
Np,Cl,37,482,21906474,-0.05514352330875491
Np,Cm,0,482,692,-1.0
Np,Cn,0,482,7,-1.0
Np,Co,3,482,45781,0.16130370301837654
Np,Cr,3,482,27069,0.19125937342321386
Np,Cs,0,482,12307,-1.0
Np,Cu,8,482,67388,0.20673807798846885
Np,Db,0,482,105,-1.0
Np,Ds,0,482,11,-1.0
Np,Dy,3,482,2319,0.3313382814663303
Np,Er,2,482,2201,0.30417070573167854
Np,Es,0,482,359,-1.0
Np,Eu,3,482,5611,0.2809679194534478
Np,F,41,482,25344252,-0.05841118823824785
Np,Fe,18,482,81651,0.2566799960644223
Np,Fl,0,482,8,-1.0
Np,Fm,0,482,2120,-1.0
Np,Fr,0,482,105,-1.0
Np,Ga,4,482,11650,0.25998375873610957
Np,Gd,3,482,7718,0.2627928113270091
Np,Ge,3,482,47164,0.15960709679972424
Np,H,369,482,124461855,-0.020905717617604364
Np,He,0,482,415,-1.0
Np,Hf,0,482,22172,-1.0
Np,Hg,0,482,15140,-1.0
Np,Ho,2,482,1848,0.3139107219503624
Np,Hs,0,482,69,-1.0
Np,I,21,482,2542800,0.048623650376092564
Np,In,1,482,14006,0.15639830840450727
Np,Ir,0,482,169603,-1.0
Np,K,9,482,156190,0.1642604353661909
Np,Kr,0,482,166,-1.0
Np,La,0,482,8114,-1.0
Np,Li,2,482,117297,0.08264555387169874
Np,Lr,0,482,861,-1.0
Np,Lu,0,482,2717,-1.0
Np,Lv,0,482,5,-1.0
Np,Mc,0,482,5,-1.0
Np,Md,0,482,96,-1.0
Np,Mg,0,482,63053,-1.0
Np,Mn,4,482,30915,0.20342169643182823
Np,Mo,2,482,20126,0.18086022883729264
Np,Mt,0,482,79,-1.0
Np,N,259,482,110925773,-0.03859417803810386
Np,Na,4,482,410484,0.05353994871507819
Np,Nb,2,482,6672,0.24237853881766772
Np,Nd,2,482,5576,0.25237709755115034
Np,Ne,0,482,225,-1.0
Np,Nh,0,482,8,-1.0
Np,Ni,4,482,50498,0.17498275816608513
Np,No,21,482,366,0.615829154907221
Np,Np,482,482,482,
Np,O,270,482,109353141,-0.0344332404705803
Np,Og,0,482,1,-1.0
Np,Os,1,482,8718,0.18183191346696684
Np,P,61,482,2503338,0.12666003833899364
Np,Pa,2,482,263,0.42254521811699
Np,Pb,0,482,18301,-1.0
Np,Pd,3,482,48856,0.15759783528771268
Np,Pm,3,482,410,0.4301150461328015
Np,Po,0,482,1385,-1.0
Np,Pr,2,482,3784,0.27397857340782444
Np,Pt,0,482,143559,-1.0
Np,Pu,17,482,577,0.565431722399661
Np,Ra,0,482,277,-1.0
Np,Rb,1,482,11197,0.1684065446234395
Np,Re,0,482,10228,-1.0
Np,Rf,0,482,5242,-1.0
Np,Rg,0,482,9,-1.0
Np,Rh,0,482,14946,-1.0
Np,Rn,0,482,138,-1.0
Np,Ru,1,482,39255,0.10111056457387149
Np,S,37,482,36318993,-0.08878101926719804
Np,Sb,0,482,19105,-1.0
Np,Sc,2,482,3525,0.27792907714650156
Np,Se,0,482,120337,-1.0
Np,Sg,0,482,137,-1.0
Np,Si,2,482,1825174,-0.07028598980856499
Np,Sm,3,482,3363,0.3101491893585118
Np,Sn,6,482,109311,0.15742368855393826
Np,Sr,0,482,8295,-1.0
Np,Ta,0,482,5739,-1.0
Np,Tb,3,482,3117,0.31447952655833633
Np,Tc,1,482,3663,0.22834921896986018
Np,Te,0,482,20569,-1.0
Np,Th,1,482,1733,0.2684998129242876
Np,Ti,2,482,77983,0.1053908343784222
Np,Tl,0,482,6312,-1.0
Np,Tm,2,482,1275,0.33459104818715785
Np,Ts,0,482,3,-1.0
Np,U,17,482,21879,0.3354471104756033
Np,V,2,482,39871,0.1427690696818385
Np,W,0,482,44325,-1.0
Np,Xe,0,482,588,-1.0
Np,Y,1,482,98196,0.05192277284804343
Np,Yb,0,482,3286,-1.0
Np,Zn,0,482,76233,-1.0
Np,Zr,0,482,106659,-1.0
O,Ac,9098,109353141,9776,0.006148652707491913
O,Ag,12591,109353141,19086,-0.031036863958744845
O,Al,56763,109353141,82361,-0.03142587363245733
O,Am,186,109353141,380,-0.04353290131745709
O,Ar,2551,109353141,4079,-0.031392852574434166
O,As,23743,109353141,33552,-0.02514377060839628
O,At,845,109353141,1164,-0.015951420877422164
O,Au,7847,109353141,18070,-0.07274966638700464
O,B,1024493,109353141,1315877,-0.02496768967243677
O,Ba,12748,109353141,15764,-0.00891595279926708
O,Be,2175,109353141,3233,-0.024274180055998403
O,Bh,42,109353141,74,-0.02925313442207179
O,Bi,9467,109353141,15692,-0.039525599286240234
O,Bk,52,109353141,169,-0.07135913559599144
O,Br,7126588,109353141,8607410,-0.020393918486190498
O,C,109232420,109353141,124377664,0.004525457755693341
O,Ca,41308,109353141,47081,-0.00004659781756766784
O,Cd,4969,109353141,7961,-0.03365358694625683
O,Ce,5557,109353141,8261,-0.02655766582829445
O,Cf,158,109353141,237,-0.020255292075166458
O,Cl,19198868,109353141,21906474,-0.0007971904312764202
O,Cm,474,109353141,692,-0.019867950522305267
O,Cn,0,109353141,7,-1.0
O,Co,32623,109353141,45781,-0.025268871035080076
O,Cr,19429,109353141,27069,-0.0229502745564674
O,Cs,10259,109353141,12307,-0.005483774562435849
O,Cu,45840,109353141,67388,-0.0322309187796381
O,Db,76,109353141,105,-0.013472375986951725
O,Ds,3,109353141,11,-0.06663141356294212
O,Dy,1618,109353141,2319,-0.020397587719347913
O,Er,1376,109353141,2201,-0.02972691732708904
O,Es,223,109353141,359,-0.026124172236507755
O,Eu,4519,109353141,5611,-0.008411005662055474
O,F,22252948,109353141,25344252,0.00021046932531209445
O,Fe,51614,109353141,81651,-0.042139137949378465
O,Fl,0,109353141,8,-1.0
O,Fm,2027,109353141,2120,0.0077615701421436725
O,Fr,57,109353141,105,-0.032914517850504976
O,Ga,6179,109353141,11650,-0.050820114088351125
O,Gd,6466,109353141,7718,-0.004718886805864709
O,Ge,24232,109353141,47164,-0.0626694335978735
O,H,109291364,109353141,124461855,0.003496847167730596
O,He,170,109353141,415,-0.056427623177696846
O,Hf,6245,109353141,22172,-0.114797441528448
O,Hg,10402,109353141,15140,-0.026079000189171114
O,Ho,1142,109353141,1848,-0.030248530634155935
O,Hs,41,109353141,69,-0.026133546581247474
O,I,2043855,109353141,2542800,-0.02140733395537749
O,In,8127,109353141,14006,-0.04294166126545458
O,Ir,115610,109353141,169603,-0.036204216831910344
O,K,135299,109353141,156190,-0.0019260810107600646
O,Kr,31,109353141,166,-0.10176936911616777
O,La,5241,109353141,8114,-0.03043177442929154
O,Li,92454,109353141,117297,-0.014926027643946009
O,Lr,557,109353141,861,-0.024767823838092937
O,Lu,2033,109353141,2717,-0.014476272184811019
O,Lv,0,109353141,5,-1.0
O,Mc,0,109353141,5,-1.0
O,Md,40,109353141,96,-0.04982918612741889
O,Mg,45690,109353141,63053,-0.024226854094442155
O,Mn,21932,109353141,30915,-0.024622197634373903
O,Mo,12960,109353141,20126,-0.03377034670080359
O,Mt,50,109353141,79,-0.022200809062066756
O,N,97586320,109353141,110925773,0.009480976299333605
O,Na,391311,109353141,410484,0.014333117080133517
O,Nb,3572,109353141,6672,-0.04726294808780405
O,Nd,3402,109353141,5576,-0.03460733106702015
O,Ne,90,109353141,225,-0.055573587251326946
O,Nh,0,109353141,8,-1.0
O,Ni,28750,109353141,50498,-0.05168960116627597
O,No,188,109353141,366,-0.039969242192361025
O,Np,270,109353141,482,-0.0344332404705803
O,O,109353141,109353141,109353141,
O,Og,0,109353141,1,-1.0
O,Os,5252,109353141,8718,-0.03735701641780234
O,P,2252156,109353141,2503338,0.00615552416993557
O,Pa,145,109353141,263,-0.03403008721609968
O,Pb,11496,109353141,18301,-0.036005221994451046
O,Pd,32278,109353141,48856,-0.03439547415135454
O,Pm,227,109353141,410,-0.034865441310992056
O,Po,887,109353141,1385,-0.02659062879224817
O,Pr,2675,109353141,3784,-0.02013170693394069
O,Pt,107236,109353141,143559,-0.022850650213311056
O,Pu,293,109353141,577,-0.04222333572220879
O,Ra,90,109353141,277,-0.07027701497503112
O,Rb,7530,109353141,11197,-0.02741548803782421
O,Re,6858,109353141,10228,-0.027456231142008805
O,Rf,4104,109353141,5242,-0.0110748019195581
O,Rg,1,109353141,9,-0.11087582984743104
O,Rh,8757,109353141,14946,-0.04226220985919014
O,Rn,60,109353141,138,-0.04829231493140471
O,Ru,23345,109353141,39255,-0.045355170830639904
O,S,32660900,109353141,36318993,0.01813342501112688
O,Sb,10558,109353141,19105,-0.0493420906620463
O,Sc,1975,109353141,3525,-0.040613782750972355
O,Se,77031,109353141,120337,-0.042721149223544516
O,Sg,106,109353141,137,-0.009022034492455002
O,Si,1469913,109353141,1825174,-0.019377388227141565
O,Sm,2092,109353141,3363,-0.03131274325916732
O,Sn,72443,109353141,109311,-0.03771245869554688
O,Sr,5942,109353141,8295,-0.020417305875707514
O,Ta,2817,109353141,5739,-0.05432988341713897
O,Tb,2224,109353141,3117,-0.018943995740428737
O,Tc,3230,109353141,3663,0.0004393495848421219
O,Te,11074,109353141,20569,-0.05239448423671422
O,Th,1017,109353141,1733,-0.034359816692559955
O,Ti,42748,109353141,77983,-0.05900734194031921
O,Tl,4520,109353141,6312,-0.01990368661516262
O,Tm,797,109353141,1275,-0.028379255743949647
O,Ts,0,109353141,3,-1.0
O,U,16452,109353141,21879,-0.017312414788946916
O,V,28371,109353141,39871,-0.025018656688433064
O,W,29423,109353141,44325,-0.03344894341604376
O,Xe,205,109353141,588,-0.06932797913613156
O,Y,66075,109353141,98196,-0.035234083842944276
O,Yb,2156,109353141,3286,-0.02653798580415512
O,Zn,52278,109353141,76233,-0.03173513178927523
O,Zr,30668,109353141,106659,-0.13430041126332412
Og,Ac,0,1,9776,-1.0
Og,Ag,0,1,19086,-1.0
Og,Al,0,1,82361,-1.0
Og,Am,0,1,380,-1.0
Og,Ar,0,1,4079,-1.0
Og,As,0,1,33552,-1.0
Og,At,0,1,1164,-1.0
Og,Au,0,1,18070,-1.0
Og,B,0,1,1315877,-1.0
Og,Ba,0,1,15764,-1.0
Og,Be,0,1,3233,-1.0
Og,Bh,0,1,74,-1.0
Og,Bi,0,1,15692,-1.0
Og,Bk,0,1,169,-1.0
Og,Br,0,1,8607410,-1.0
Og,C,0,1,124377664,-1.0
Og,Ca,0,1,47081,-1.0
Og,Cd,0,1,7961,-1.0
Og,Ce,0,1,8261,-1.0
Og,Cf,0,1,237,-1.0
Og,Cl,0,1,21906474,-1.0
Og,Cm,0,1,692,-1.0
Og,Cn,0,1,7,-1.0
Og,Co,0,1,45781,-1.0
Og,Cr,0,1,27069,-1.0
Og,Cs,0,1,12307,-1.0
Og,Cu,0,1,67388,-1.0
Og,Db,0,1,105,-1.0
Og,Ds,0,1,11,-1.0
Og,Dy,0,1,2319,-1.0
Og,Er,0,1,2201,-1.0
Og,Es,0,1,359,-1.0
Og,Eu,0,1,5611,-1.0
Og,F,0,1,25344252,-1.0
Og,Fe,0,1,81651,-1.0
Og,Fl,0,1,8,-1.0
Og,Fm,0,1,2120,-1.0
Og,Fr,0,1,105,-1.0
Og,Ga,0,1,11650,-1.0
Og,Gd,0,1,7718,-1.0
Og,Ge,0,1,47164,-1.0
Og,H,0,1,124461855,-1.0
Og,He,0,1,415,-1.0
Og,Hf,0,1,22172,-1.0
Og,Hg,0,1,15140,-1.0
Og,Ho,0,1,1848,-1.0
Og,Hs,0,1,69,-1.0
Og,I,0,1,2542800,-1.0
Og,In,0,1,14006,-1.0
Og,Ir,0,1,169603,-1.0
Og,K,0,1,156190,-1.0
Og,Kr,0,1,166,-1.0
Og,La,0,1,8114,-1.0
Og,Li,0,1,117297,-1.0
Og,Lr,0,1,861,-1.0
Og,Lu,0,1,2717,-1.0
Og,Lv,0,1,5,-1.0
Og,Mc,0,1,5,-1.0
Og,Md,0,1,96,-1.0
Og,Mg,0,1,63053,-1.0
Og,Mn,0,1,30915,-1.0
Og,Mo,0,1,20126,-1.0
Og,Mt,0,1,79,-1.0
Og,N,0,1,110925773,-1.0
Og,Na,0,1,410484,-1.0
Og,Nb,0,1,6672,-1.0
Og,Nd,0,1,5576,-1.0
Og,Ne,0,1,225,-1.0
Og,Nh,0,1,8,-1.0
Og,Ni,0,1,50498,-1.0
Og,No,0,1,366,-1.0
Og,Np,0,1,482,-1.0
Og,O,0,1,109353141,-1.0
Og,Og,1,1,1,
Og,Os,0,1,8718,-1.0
Og,P,0,1,2503338,-1.0
Og,Pa,0,1,263,-1.0
Og,Pb,0,1,18301,-1.0
Og,Pd,0,1,48856,-1.0
Og,Pm,0,1,410,-1.0
Og,Po,0,1,1385,-1.0
Og,Pr,0,1,3784,-1.0
Og,Pt,0,1,143559,-1.0
Og,Pu,0,1,577,-1.0
Og,Ra,0,1,277,-1.0
Og,Rb,0,1,11197,-1.0
Og,Re,0,1,10228,-1.0
Og,Rf,0,1,5242,-1.0
Og,Rg,0,1,9,-1.0
Og,Rh,0,1,14946,-1.0
Og,Rn,0,1,138,-1.0
Og,Ru,0,1,39255,-1.0
Og,S,0,1,36318993,-1.0
Og,Sb,0,1,19105,-1.0
Og,Sc,0,1,3525,-1.0
Og,Se,0,1,120337,-1.0
Og,Sg,0,1,137,-1.0
Og,Si,0,1,1825174,-1.0
Og,Sm,0,1,3363,-1.0
Og,Sn,0,1,109311,-1.0
Og,Sr,0,1,8295,-1.0
Og,Ta,0,1,5739,-1.0
Og,Tb,0,1,3117,-1.0
Og,Tc,0,1,3663,-1.0
Og,Te,0,1,20569,-1.0
Og,Th,0,1,1733,-1.0
Og,Ti,0,1,77983,-1.0
Og,Tl,0,1,6312,-1.0
Og,Tm,0,1,1275,-1.0
Og,Ts,0,1,3,-1.0
Og,U,0,1,21879,-1.0
Og,V,0,1,39871,-1.0
Og,W,0,1,44325,-1.0
Og,Xe,0,1,588,-1.0
Og,Y,0,1,98196,-1.0
Og,Yb,0,1,3286,-1.0
Og,Zn,0,1,76233,-1.0
Og,Zr,0,1,106659,-1.0
Os,Ac,5,8718,9776,0.11679461130875506
Os,Ag,35,8718,19086,0.21650550590041606
Os,Al,35,8718,82361,0.11957882291445185
Os,Am,0,8718,380,-1.0
Os,Ar,1,8718,4079,0.06726099314905995
Os,As,25,8718,33552,0.15338247656539739
Os,At,0,8718,1164,-1.0
Os,Au,32,8718,18070,0.21292643287753865
Os,B,263,8718,1315877,0.08031049715888092
Os,Ba,14,8718,15764,0.15879542249597187
Os,Be,7,8718,3233,0.2055830969395813
Os,Bh,0,8718,74,-1.0
Os,Bi,12,8718,15692,0.14802200727818463
Os,Bk,0,8718,169,-1.0
Os,Br,355,8718,8607410,-0.04140124786073678
Os,C,7714,8718,124377664,-0.0124516362814064
Os,Ca,14,8718,47081,0.09041793761376896
Os,Cd,7,8718,7961,0.15160499109011333
Os,Ce,3,8718,8261,0.0938722328041461
Os,Cf,0,8718,237,-1.0
Os,Cl,1773,8718,21906474,0.013039612643289334
Os,Cm,1,8718,692,0.16243108191086372
Os,Cn,0,8718,7,-1.0
Os,Co,37,8718,45781,0.16279068756885792
Os,Cr,22,8718,27069,0.15770844091113767
Os,Cs,51,8718,12307,0.2774744197152803
Os,Cu,89,8718,67388,0.20759069285978543
Os,Db,0,8718,105,-1.0
Os,Ds,0,8718,11,-1.0
Os,Dy,5,8718,2319,0.2012750474540142
Os,Er,3,8718,2201,0.169270694694975
Os,Es,0,8718,359,-1.0
Os,Eu,4,8718,5611,0.13452914806533278
Os,F,1762,8718,25344252,-0.0005794031739040614
Os,Fe,65,8718,81651,0.16808663949153732
Os,Fl,0,8718,8,-1.0
Os,Fm,0,8718,2120,-1.0
Os,Fr,0,8718,105,-1.0
Os,Ga,7,8718,11650,0.12879815307642514
Os,Gd,5,8718,7718,0.13067364478163357
Os,Ge,19,8718,47164,0.11152078397553468
Os,H,8017,8718,124461855,-0.008579477738462881
Os,He,0,8718,415,-1.0
Os,Hf,13,8718,22172,0.13223480985270525
Os,Hg,13,8718,15140,0.15596582896546776
Os,Ho,2,8718,1848,0.1525946928693521
Os,Hs,0,8718,69,-1.0
Os,I,306,8718,2542800,0.04197559786172257
Os,In,10,8718,14006,0.14216790976150653
Os,Ir,443,8718,169603,0.2884954635140178
Os,K,243,8718,156190,0.23591006313308047
Os,Kr,0,8718,166,-1.0
Os,La,10,8718,8114,0.17558060310093562
Os,Li,29,8718,117297,0.08264255037915315
Os,Lr,0,8718,861,-1.0
Os,Lu,4,8718,2717,0.17655943638734567
Os,Lv,0,8718,5,-1.0
Os,Mc,0,8718,5,-1.0
Os,Md,0,8718,96,-1.0
Os,Mg,16,8718,63053,0.08118541881379783
Os,Mn,52,8718,30915,0.21645940602544644
Os,Mo,23,8718,20126,0.18014236287191113
Os,Mt,0,8718,79,-1.0
Os,N,5974,8718,110925773,-0.026325029315668696
Os,Na,172,8718,410484,0.13264544845000206
Os,Nb,11,8718,6672,0.1945255616015668
Os,Nd,4,8718,5576,0.13489180001585638
Os,Ne,1,8718,225,0.22270218849254883
Os,Nh,0,8718,8,-1.0
Os,Ni,28,8718,50498,0.13521420057339717
Os,No,0,8718,366,-1.0
Os,Np,1,8718,482,0.18183191346696684
Os,O,5252,8718,109353141,-0.03735701641780234
Os,Og,0,8718,1,-1.0
Os,Os,8718,8718,8718,
Os,P,2211,8718,2503338,0.23177395908508786
Os,Pa,0,8718,263,-1.0
Os,Pb,12,8718,18301,0.13850181467596792
Os,Pd,99,8718,48856,0.2396423113127762
Os,Pm,0,8718,410,-1.0
Os,Po,4,8718,1385,0.21561234410829558
Os,Pr,3,8718,3784,0.1383806994419509
Os,Pt,373,8718,143559,0.28417940413232073
Os,Pu,2,8718,577,0.2174518812645626
Os,Ra,0,8718,277,-1.0
Os,Rb,7,8718,11197,0.1311737859373661
Os,Re,69,8718,10228,0.3171230604703568
Os,Rf,0,8718,5242,-1.0
Os,Rg,0,8718,9,-1.0
Os,Rh,138,8718,14946,0.3560375661873375
Os,Rn,0,8718,138,-1.0
Os,Ru,226,8718,39255,0.3335922431504728
Os,S,1490,8718,36318993,-0.04710887640901906
Os,Sb,19,8718,19105,0.16909439467671375
Os,Sc,5,8718,3525,0.176687998005473
Os,Se,48,8718,120337,0.1178480850013764
Os,Sg,0,8718,137,-1.0
Os,Si,196,8718,1825174,0.03205382951022701
Os,Sm,4,8718,3363,0.16419696092142208
Os,Sn,18,8718,109311,0.05433641836454849
Os,Sr,5,8718,8295,0.12644034915386565
Os,Ta,16,8718,5739,0.23222518905083223
Os,Tb,3,8718,3117,0.14943482818795636
Os,Tc,5,8718,3663,0.17443317837986805
Os,Te,13,8718,20569,0.1369030785176241
Os,Th,4,8718,1733,0.2026211090092157
Os,Ti,20,8718,77983,0.08302272839441512
Os,Tl,6,8718,6312,0.15484447579647934
Os,Tm,1,8718,1275,0.12964685300703327
Os,Ts,0,8718,3,-1.0
Os,U,22,8718,21879,0.17139775683213768
Os,V,19,8718,39871,0.12222291448658357
Os,W,79,8718,44325,0.22685952636912132
Os,Xe,0,8718,588,-1.0
Os,Y,12,8718,98196,0.034512669476464364
Os,Yb,3,8718,3286,0.14642489446477172
Os,Zn,16,8718,76233,0.06922301250069879
Os,Zr,12,8718,106659,0.029395483288335095
P,Ac,409,2503338,9776,0.05808485711181929
P,Ag,2335,2503338,19086,0.16596169995526824
P,Al,6995,2503338,82361,0.14727651833702077
P,Am,9,2503338,380,0.010001075074445634
P,Ar,553,2503338,4079,0.1548982707725449
P,As,1650,2503338,33552,0.07968981968227608
P,At,31,2503338,1164,0.01852932395421111
P,Au,6036,2503338,18070,0.28292658553351885
P,B,62166,2503338,1315877,0.11244909219245577
P,Ba,1491,2503338,15764,0.13668670333342295
P,Be,190,2503338,3233,0.08013252800391575
P,Bh,2,2503338,74,0.016519370981868082
P,Bi,978,2503338,15692,0.09629932371270618
P,Bk,3,2503338,169,-0.00706245286765086
P,Br,97632,2503338,8607410,-0.07995108724719625
P,C,2469495,2503338,124377664,-0.0030378662449411465
P,Ca,6284,2503338,47081,0.1913672007511997
P,Cd,492,2503338,7961,0.0903039181650506
P,Ce,519,2503338,8261,0.09201989842524722
P,Cf,7,2503338,237,0.02307613944126735
P,Cl,268862,2503338,21906474,-0.08030226085324141
P,Cm,19,2503338,692,0.019893513644840776
P,Cn,0,2503338,7,-1.0
P,Co,5245,2503338,45781,0.172775851023637
P,Cr,2310,2503338,27069,0.13273845050409214
P,Cs,991,2503338,12307,0.11822602151465093
P,Cu,6196,2503338,67388,0.15348206315306645
P,Db,15,2503338,105,0.12311246833954195
P,Ds,0,2503338,11,-1.0
P,Dy,113,2503338,2319,0.06367315982968683
P,Er,109,2503338,2201,0.06466888412869098
P,Es,21,2503338,359,0.0685173609105851
P,Eu,840,2503338,5611,0.16866490083648325
P,F,347549,2503338,25344252,-0.06494601234203443
P,Fe,14369,2503338,81651,0.2393126555265065
P,Fl,0,2503338,8,-1.0
P,Fm,196,2503338,2120,0.11422638374083273
P,Fr,3,2503338,105,0.020069032423687502
P,Ga,560,2503338,11650,0.07084393450036182
P,Gd,538,2503338,7718,0.10070252058831818
P,Ge,1593,2503338,47164,0.046097298489796594
P,H,2494649,2503338,124461855,-0.0006274319843278776
P,He,11,2503338,415,0.017054753935329854
P,Hf,1036,2503338,22172,0.0721471082683374
P,Hg,538,2503338,15140,0.04615684417172299
P,Ho,73,2503338,1848,0.04710760695354666
P,Hs,3,2503338,69,0.044003346777483195
P,I,45602,2503338,2542800,-0.014365550242925552
P,In,571,2503338,14006,0.05755611169436405
P,Ir,5438,2503338,169603,0.04655158034087725
P,K,14617,2503338,156190,0.1699899154523188
P,Kr,2,2503338,166,-0.028496805837101312
P,La,490,2503338,8114,0.08841758789624345
P,Li,14924,2503338,117297,0.20439627250615647
P,Lr,7,2503338,861,-0.05419630761850526
P,Lu,122,2503338,2717,0.05811687754235168
P,Lv,0,2503338,5,-1.0
P,Mc,0,2503338,5,-1.0
P,Md,2,2503338,96,0.0020168077481213373
P,Mg,4969,2503338,63053,0.13491607958450583
P,Mn,2902,2503338,30915,0.14451125164045872
P,Mo,3167,2503338,20126,0.1945341264082197
P,Mt,1,2503338,79,-0.024787403546231712
P,N,1601273,2503338,110925773,-0.07594118380073006
P,Na,51035,2503338,410484,0.2336551264029212
P,Nb,284,2503338,6672,0.057783422567480085
P,Nd,930,2503338,5576,0.179270868647118
P,Ne,9,2503338,225,0.04187245009615487
P,Nh,0,2503338,8,-1.0
P,Ni,7054,2503338,50498,0.19828430991309456
P,No,36,2503338,366,0.10548459557918925
P,Np,61,2503338,482,0.12666003833899364
P,O,2252156,2503338,109353141,0.00615552416993557
P,Og,0,2503338,1,-1.0
P,Os,2211,2503338,8718,0.23177395908508786
P,P,2503338,2503338,2503338,
P,Pa,26,2503338,263,0.10358176636775711
P,Pb,868,2503338,18301,0.07233059476402089
P,Pd,17425,2503338,48856,0.32410904212032887
P,Pm,21,2503338,410,0.06000013335650003
P,Po,71,2503338,1385,0.0651433761188456
P,Pr,229,2503338,3784,0.08348590044567328
P,Pt,5829,2503338,143559,0.07056184286942761
P,Pu,20,2503338,577,0.034854227487588034
P,Ra,4,2503338,277,-0.019144612144913153
P,Rb,397,2503338,11197,0.044872453877053166
P,Re,971,2503338,10228,0.1320194098419651
P,Rf,191,2503338,5242,0.044457793567608324
P,Rg,0,2503338,9,-1.0
P,Rh,4050,2503338,14946,0.2517568499315161
P,Rn,7,2503338,138,0.05547018988537874
P,Ru,11489,2503338,39255,0.288300171605154
P,S,432705,2503338,36318993,-0.09229527907386482
P,Sb,1430,2503338,19105,0.11561405332854352
P,Sc,196,2503338,3525,0.07617456308943645
P,Se,7213,2503338,120337,0.11202195955903102
P,Sg,0,2503338,137,-1.0
P,Si,57992,2503338,1825174,0.059729362678286546
P,Sm,159,2503338,3363,0.06305160114959188
P,Sn,4169,2503338,109311,0.06219022708560078
P,Sr,724,2503338,8295,0.1218324571659529
P,Ta,203,2503338,5739,0.0424363532338507
P,Tb,188,2503338,3117,0.08200579321200216
P,Tc,508,2503338,3663,0.15566745300285748
P,Te,694,2503338,20569,0.04284397541163906
P,Th,137,2503338,1733,0.09983337862603775
P,Ti,5709,2503338,77983,0.1294149634972265
P,Tl,831,2503338,6312,0.15773071251676754
P,Tm,80,2503338,1275,0.07986268566364248
P,Ts,0,2503338,3,-1.0
P,U,1879,2503338,21879,0.13084173199580187
P,V,4034,2503338,39871,0.15636521705927364
P,W,4097,2503338,44325,0.14784211378624854
P,Xe,18,2503338,588,0.026732567387579724
P,Y,5754,2503338,98196,0.10721624964722014
P,Yb,154,2503338,3286,0.062257414189579155
P,Zn,6314,2503338,76233,0.143212455985849
P,Zr,4394,2503338,106659,0.07003149827911762
Pa,Ac,0,263,9776,-1.0
Pa,Ag,1,263,19086,0.17229489293471972
Pa,Al,0,263,82361,-1.0
Pa,Am,0,263,380,-1.0
Pa,Ar,1,263,4079,0.2550770332627674
Pa,As,0,263,33552,-1.0
Pa,At,0,263,1164,-1.0
Pa,Au,0,263,18070,-1.0
Pa,B,18,263,1315877,0.11864874321990108
Pa,Ba,0,263,15764,-1.0
Pa,Be,0,263,3233,-1.0
Pa,Bh,0,263,74,-1.0
Pa,Bi,0,263,15692,-1.0
Pa,Bk,0,263,169,-1.0
Pa,Br,8,263,8607410,-0.04953257288979288
Pa,C,200,263,124377664,-0.02039667231043119
Pa,Ca,1,263,47081,0.12385666218131892
Pa,Cd,0,263,7961,-1.0
Pa,Ce,3,263,8261,0.2934507824308079
Pa,Cf,0,263,237,-1.0
Pa,Cl,16,263,21906474,-0.06688484780449756
Pa,Cm,0,263,692,-1.0
Pa,Cn,0,263,7,-1.0
Pa,Co,0,263,45781,-1.0
Pa,Cr,0,263,27069,-1.0
Pa,Cs,0,263,12307,-1.0
Pa,Cu,0,263,67388,-1.0
Pa,Db,0,263,105,-1.0
Pa,Ds,0,263,11,-1.0
Pa,Dy,2,263,2319,0.3350145194531471
Pa,Er,0,263,2201,-1.0
Pa,Es,0,263,359,-1.0
Pa,Eu,0,263,5611,-1.0
Pa,F,26,263,25344252,-0.046909797022011465
Pa,Fe,3,263,81651,0.16285456927811476
Pa,Fl,0,263,8,-1.0
Pa,Fm,0,263,2120,-1.0
Pa,Fr,0,263,105,-1.0
Pa,Ga,0,263,11650,-1.0
Pa,Gd,0,263,7718,-1.0
Pa,Ge,0,263,47164,-1.0
Pa,H,209,263,124461855,-0.017205080799224684
Pa,He,0,263,415,-1.0
Pa,Hf,0,263,22172,-1.0
Pa,Hg,0,263,15140,-1.0
Pa,Ho,0,263,1848,-1.0
Pa,Hs,0,263,69,-1.0
Pa,I,3,263,2542800,-0.03316541608453324
Pa,In,0,263,14006,-1.0
Pa,Ir,1,263,169603,0.055103752233543676
Pa,K,0,263,156190,-1.0
Pa,Kr,0,263,166,-1.0
Pa,La,8,263,8114,0.3711394447932913
Pa,Li,0,263,117297,-1.0
Pa,Lr,0,263,861,-1.0
Pa,Lu,1,263,2717,0.27687488255626136
Pa,Lv,0,263,5,-1.0
Pa,Mc,0,263,5,-1.0
Pa,Md,0,263,96,-1.0
Pa,Mg,0,263,63053,-1.0
Pa,Mn,1,263,30915,0.14642189777638248
Pa,Mo,0,263,20126,-1.0
Pa,Mt,0,263,79,-1.0
Pa,N,113,263,110925773,-0.05236810145352757
Pa,Na,1,263,410484,0.007686838906026995
Pa,Nb,0,263,6672,-1.0
Pa,Nd,1,263,5576,0.2383060636503613
Pa,Ne,0,263,225,-1.0
Pa,Nh,0,263,8,-1.0
Pa,Ni,0,263,50498,-1.0
Pa,No,0,263,366,-1.0
Pa,Np,2,263,482,0.42254521811699
Pa,O,145,263,109353141,-0.03403008721609968
Pa,Og,0,263,1,-1.0
Pa,Os,0,263,8718,-1.0
Pa,P,26,263,2503338,0.10358176636775711
Pa,Pa,263,263,263,
Pa,Pb,26,263,18301,0.42332465088599636
Pa,Pd,2,263,48856,0.16519919581638665
Pa,Pm,0,263,410,-1.0
Pa,Po,2,263,1385,0.36373379493742375
Pa,Pr,3,263,3784,0.3379592490686127
Pa,Pt,0,263,143559,-1.0
Pa,Pu,0,263,577,-1.0
Pa,Ra,1,263,277,0.3993641964994452
Pa,Rb,5,263,11197,0.31439057288112676
Pa,Re,0,263,10228,-1.0
Pa,Rf,0,263,5242,-1.0
Pa,Rg,0,263,9,-1.0
Pa,Rh,2,263,14946,0.23119395961575354
Pa,Rn,0,263,138,-1.0
Pa,Ru,0,263,39255,-1.0
Pa,S,33,263,36318993,-0.055663193422464306
Pa,Sb,0,263,19105,-1.0
Pa,Sc,0,263,3525,-1.0
Pa,Se,0,263,120337,-1.0
Pa,Sg,0,263,137,-1.0
Pa,Si,2,263,1825174,-0.0365323230228803
Pa,Sm,0,263,3363,-1.0
Pa,Sn,0,263,109311,-1.0
Pa,Sr,0,263,8295,-1.0
Pa,Ta,6,263,5739,0.3682818925063674
Pa,Tb,0,263,3117,-1.0
Pa,Tc,0,263,3663,-1.0
Pa,Te,0,263,20569,-1.0
Pa,Th,1,263,1733,0.30099835149450754
Pa,Ti,0,263,77983,-1.0
Pa,Tl,2,263,6312,0.2792227437996396
Pa,Tm,0,263,1275,-1.0
Pa,Ts,0,263,3,-1.0
Pa,U,0,263,21879,-1.0
Pa,V,3,263,39871,0.20371696025732797
Pa,W,1,263,44325,0.1270926571246103
Pa,Xe,0,263,588,-1.0
Pa,Y,4,263,98196,0.17154930224626425
Pa,Yb,0,263,3286,-1.0
Pa,Zn,0,263,76233,-1.0
Pa,Zr,0,263,106659,-1.0
Pb,Ac,8,18301,9776,0.10371163734107895
Pb,Ag,259,18301,19086,0.3459218748916953
Pb,Al,313,18301,82361,0.2522936811185672
Pb,Am,0,18301,380,-1.0
Pb,Ar,4,18301,4079,0.11003147182163465
Pb,As,248,18301,33552,0.29849683228486473
Pb,At,0,18301,1164,-1.0
Pb,Au,126,18301,18070,0.27963092976677206
Pb,B,480,18301,1315877,0.07296163483517831
Pb,Ba,257,18301,15764,0.3597318479274672
Pb,Be,17,18301,3233,0.22634258626355805
Pb,Bh,0,18301,74,-1.0
Pb,Bi,458,18301,15692,0.42288054033245936
Pb,Bk,2,18301,169,0.24455207881579513
Pb,Br,724,18301,8607410,-0.04624523213279207
Pb,C,12547,18301,124377664,-0.04083039799550042
Pb,Ca,418,18301,47081,0.3253995949006464
Pb,Cd,339,18301,7961,0.4424283190259289
Pb,Ce,37,18301,8261,0.22738034305407237
Pb,Cf,0,18301,237,-1.0
Pb,Cl,1418,18301,21906474,-0.07198715880126848
Pb,Cm,1,18301,692,0.12264864393688164
Pb,Cn,0,18301,7,-1.0
Pb,Co,126,18301,45781,0.21228819277055083
Pb,Cr,263,18301,27069,0.320761407733285
Pb,Cs,160,18301,12307,0.3304794448592132
Pb,Cu,599,18301,67388,0.3350567959191467
Pb,Db,0,18301,105,-1.0
Pb,Ds,0,18301,11,-1.0
Pb,Dy,5,18301,2319,0.15773317043891133
Pb,Er,6,18301,2201,0.17336065624113786
Pb,Es,0,18301,359,-1.0
Pb,Eu,13,18301,5611,0.17158239673046
Pb,F,1108,18301,25344252,-0.10420512016660886
Pb,Fe,388,18301,81651,0.2741914471692713
Pb,Fl,0,18301,8,-1.0
Pb,Fm,4,18301,2120,0.1479604575013007
Pb,Fr,0,18301,105,-1.0
Pb,Ga,97,18301,11650,0.28704128045860183
Pb,Gd,8,18301,7718,0.11798455766039595
Pb,Ge,150,18301,47164,0.22561219741106925
Pb,H,15378,18301,124461855,-0.01922196327593713
Pb,He,1,18301,415,0.15007851594599758
Pb,Hf,32,18301,22172,0.1505768035591233
Pb,Hg,158,18301,15140,0.3139888810548303
Pb,Ho,6,18301,1848,0.1837357632850751
Pb,Hs,0,18301,69,-1.0
Pb,I,781,18301,2542800,0.06157123569299209
Pb,In,189,18301,14006,0.33736847310686996
Pb,Ir,18,18301,169603,-0.020636098408054394
Pb,K,214,18301,156190,0.1682142441618807
Pb,Kr,1,18301,166,0.19923433837096458
Pb,La,145,18301,8114,0.35138173871027206
Pb,Li,190,18301,117297,0.17921977537481867
Pb,Lr,0,18301,861,-1.0
Pb,Lu,8,18301,2717,0.18102550716335603
Pb,Lv,0,18301,5,-1.0
Pb,Mc,0,18301,5,-1.0
Pb,Md,0,18301,96,-1.0
Pb,Mg,255,18301,63053,0.25309462337133404
Pb,Mn,230,18301,30915,0.297285994151809
Pb,Mo,135,18301,20126,0.27821311917651836
Pb,Mt,0,18301,79,-1.0
Pb,N,5771,18301,110925773,-0.10400362192224483
Pb,Na,383,18301,410484,0.1456580735190122
Pb,Nb,274,18301,6672,0.43241729624712977
Pb,Nd,25,18301,5576,0.22166689871719297
Pb,Ne,1,18301,225,0.18291975051856676
Pb,Nh,0,18301,8,-1.0
Pb,Ni,259,18301,50498,0.2715561924357388
Pb,No,1,18301,366,0.156818944804971
Pb,Np,0,18301,482,-1.0
Pb,O,11496,18301,109353141,-0.036005221994451046
Pb,Og,0,18301,1,-1.0
Pb,Os,12,18301,8718,0.13850181467596792
Pb,P,868,18301,2503338,0.07233059476402089
Pb,Pa,26,18301,263,0.42332465088599636
Pb,Pb,18301,18301,18301,
Pb,Pd,67,18301,48856,0.15474555929760841
Pb,Pm,0,18301,410,-1.0
Pb,Po,5,18301,1385,0.18799757298400774
Pb,Pr,8,18301,3784,0.1610236056679889
Pb,Pt,49,18301,143559,0.05716708897895863
Pb,Pu,2,18301,577,0.17613300311271746
Pb,Ra,2,18301,277,0.21702056000763428
Pb,Rb,33,18301,11197,0.19802716635128964
Pb,Re,22,18301,10228,0.1726088811318698
Pb,Rf,0,18301,5242,-1.0
Pb,Rg,0,18301,9,-1.0
Pb,Rh,22,18301,14946,0.14821485702937742
Pb,Rn,1,18301,138,0.20914468282476986
Pb,Ru,51,18301,39255,0.14819885419192866
Pb,S,2730,18301,36318993,-0.06244805256596283
Pb,Sb,334,18301,19105,0.3725240971325068
Pb,Sc,57,18301,3525,0.32205812494196184
Pb,Se,208,18301,120337,0.18531982635364755
Pb,Sg,0,18301,137,-1.0
Pb,Si,756,18301,1825174,0.08629995985827742
Pb,Sm,9,18301,3363,0.17651301303393194
Pb,Sn,593,18301,109311,0.2944891406860574
Pb,Sr,171,18301,8295,0.36625862750093713
Pb,Ta,82,18301,5739,0.32159343318939076
Pb,Tb,5,18301,3117,0.14036875902857268
Pb,Tc,7,18301,3663,0.15368388123310983
Pb,Te,175,18301,20569,0.3012128116393026
Pb,Th,16,18301,1733,0.26095387059916547
Pb,Ti,527,18301,77983,0.30943777464778155
Pb,Tl,45,18301,6312,0.26171703937608953
Pb,Tm,5,18301,1275,0.19285656534025863
Pb,Ts,0,18301,3,-1.0
Pb,U,51,18301,21879,0.18794072517438917
Pb,V,94,18301,39871,0.19689759550089656
Pb,W,143,18301,44325,0.22586876249206803
Pb,Xe,1,18301,588,0.1313854653247499
Pb,Y,40,18301,98196,0.06821859154315392
Pb,Yb,14,18301,3286,0.21044640803530074
Pb,Zn,686,18301,76233,0.33982386985554036
Pb,Zr,359,18301,106659,0.2454888001080156
Pd,Ac,42,48856,9776,0.16063251951793783
Pd,Ag,222,48856,19086,0.2560737683892865
Pd,Al,303,48856,82361,0.17318795252046543
Pd,Am,4,48856,380,0.1906791561372331
Pd,Ar,37,48856,4079,0.2090014487692237
Pd,As,106,48856,33552,0.14927909275020423
Pd,At,0,48856,1164,-1.0
Pd,Au,240,48856,18070,0.2676716903220827
Pd,B,6479,48856,1315877,0.25650383474054483
Pd,Ba,49,48856,15764,0.14036728211848445
Pd,Be,30,48856,3233,0.2076161479477647
Pd,Bh,0,48856,74,-1.0
Pd,Bi,72,48856,15692,0.1712394293151714
Pd,Bk,0,48856,169,-1.0
Pd,Br,7894,48856,8607410,0.08789214693339886
Pd,C,45812,48856,124377664,-0.007919756036061465
Pd,Ca,46,48856,47081,0.06163406937917954
Pd,Cd,26,48856,7961,0.13779918423080345
Pd,Ce,51,48856,8261,0.18740091800781683
Pd,Cf,1,48856,237,0.12745560528004327
Pd,Cl,14880,48856,21906474,0.060820958318768964
Pd,Cm,1,48856,692,0.06997195862922698
Pd,Cn,0,48856,7,-1.0
Pd,Co,234,48856,45781,0.19473310371167646
Pd,Cr,104,48856,27069,0.16305543328356492
Pd,Cs,312,48856,12307,0.32323865992097806
Pd,Cu,560,48856,67388,0.24800740993345943
Pd,Db,0,48856,105,-1.0
Pd,Ds,0,48856,11,-1.0
Pd,Dy,9,48856,2319,0.13940222600653007
Pd,Er,6,48856,2201,0.11508214185507487
Pd,Es,0,48856,359,-1.0
Pd,Eu,9,48856,5611,0.08566651335100077
Pd,F,7784,48856,25344252,-0.025239511982429925
Pd,Fe,1138,48856,81651,0.3077275961973443
Pd,Fl,0,48856,8,-1.0
Pd,Fm,11,48856,2120,0.15900277434817534
Pd,Fr,0,48856,105,-1.0
Pd,Ga,48,48856,11650,0.15925162423507175
Pd,Gd,11,48856,7718,0.07945047544274182
Pd,Ge,117,48856,47164,0.13291833095146027
Pd,H,47085,48856,124461855,-0.004555300893767088
Pd,He,0,48856,415,-1.0
Pd,Hf,17,48856,22172,0.04241885459718862
Pd,Hg,24,48856,15140,0.09033860914520553
Pd,Ho,5,48856,1848,0.11340898563564905
Pd,Hs,0,48856,69,-1.0
Pd,I,2715,48856,2542800,0.09331774968441478
Pd,In,54,48856,14006,0.15600012817409747
Pd,Ir,267,48856,169603,0.1064815175501061
Pd,K,1591,48856,156190,0.28905485767862016
Pd,Kr,0,48856,166,-1.0
Pd,La,53,48856,8114,0.19173824126159933
Pd,Li,678,48856,117297,0.2219699502088324
Pd,Lr,1,48856,861,0.058249732211335205
Pd,Lu,14,48856,2717,0.1609647965848795
Pd,Lv,0,48856,5,-1.0
Pd,Mc,0,48856,5,-1.0
Pd,Md,2,48856,96,0.22135254587920666
Pd,Mg,266,48856,63053,0.18194526053599835
Pd,Mn,120,48856,30915,0.1654795848947835
Pd,Mo,116,48856,20126,0.1935431716359067
Pd,Mt,0,48856,79,-1.0
Pd,N,34693,48856,110925773,-0.027629051951490607
Pd,Na,1651,48856,410484,0.2072711756260579
Pd,Nb,24,48856,6672,0.1433327358955674
Pd,Nd,17,48856,5576,0.129742865556134
Pd,Ne,1,48856,225,0.13024306521091208
Pd,Nh,0,48856,8,-1.0
Pd,Ni,431,48856,50498,0.24496703862806193
Pd,No,2,48856,366,0.14678541099742531
Pd,Np,3,48856,482,0.15759783528771268
Pd,O,32278,48856,109353141,-0.03439547415135454
Pd,Og,0,48856,1,-1.0
Pd,Os,99,48856,8718,0.2396423113127762
Pd,P,17425,48856,2503338,0.32410904212032887
Pd,Pa,2,48856,263,0.16519919581638665
Pd,Pb,67,48856,18301,0.15474555929760841
Pd,Pd,48856,48856,48856,
Pd,Pm,0,48856,410,-1.0
Pd,Po,5,48856,1385,0.13034294269892494
Pd,Pr,21,48856,3784,0.16990794234152518
Pd,Pt,1961,48856,143559,0.3210512018787183
Pd,Pu,1,48856,577,0.07972187773018259
Pd,Ra,0,48856,277,-1.0
Pd,Rb,21,48856,11197,0.10034757450375091
Pd,Re,71,48856,10228,0.1998696238420997
Pd,Rf,1,48856,5242,-0.038655430096461676
Pd,Rg,0,48856,9,-1.0
Pd,Rh,230,48856,14946,0.2779620335828397
Pd,Rn,0,48856,138,-1.0
Pd,Ru,201,48856,39255,0.19264657856148487
Pd,S,9385,48856,36318993,-0.04393275626909155
Pd,Sb,128,48856,19105,0.20584000401314928
Pd,Sc,16,48856,3525,0.1543270836174893
Pd,Se,136,48856,120337,0.07710616433837333
Pd,Sg,0,48856,137,-1.0
Pd,Si,2313,48856,1825174,0.1076730604844981
Pd,Sm,8,48856,3363,0.10885474502437503
Pd,Sn,1232,48856,109311,0.29141807712220336
Pd,Sr,19,48856,8295,0.11244398333417652
Pd,Ta,50,48856,5739,0.21053611687674276
Pd,Tb,6,48856,3117,0.09443024117868547
Pd,Tc,9,48856,3663,0.11160086068857622
Pd,Te,48,48856,20569,0.12076112872860555
Pd,Th,5,48856,1733,0.11718149480291323
Pd,Ti,158,48856,77983,0.12094984241757606
Pd,Tl,14,48856,6312,0.10828688933975893
Pd,Tm,2,48856,1275,0.07724502588655452
Pd,Ts,0,48856,3,-1.0
Pd,U,112,48856,21879,0.1845360276502757
Pd,V,111,48856,39871,0.1406952726205678
Pd,W,119,48856,44325,0.13878241734266863
Pd,Xe,1,48856,588,0.07870878001709523
Pd,Y,142,48856,98196,0.09536243316878713
Pd,Yb,10,48856,3286,0.1254171799009327
Pd,Zn,486,48856,76233,0.22390290911982733
Pd,Zr,76,48856,106659,0.0417365586192356
Pm,Ac,0,410,9776,-1.0
Pm,Ag,0,410,19086,-1.0
Pm,Al,6,410,82361,0.1838275071593642
Pm,Am,2,410,380,0.411054393333933
Pm,Ar,0,410,4079,-1.0
Pm,As,2,410,33552,0.16139795109445468
Pm,At,0,410,1164,-1.0
Pm,Au,0,410,18070,-1.0
Pm,B,11,410,1315877,0.05739567933439489
Pm,Ba,3,410,15764,0.23130329260271584
Pm,Be,2,410,3233,0.29176155915022006
Pm,Bh,0,410,74,-1.0
Pm,Bi,0,410,15692,-1.0
Pm,Bk,0,410,169,-1.0
Pm,Br,8,410,8607410,-0.07634258886281613
Pm,C,210,410,124377664,-0.05020148974849842
Pm,Ca,0,410,47081,-1.0
Pm,Cd,0,410,7961,-1.0
Pm,Ce,7,410,8261,0.3325013771836512
Pm,Cf,0,410,237,-1.0
Pm,Cl,19,410,21906474,-0.08495603467610219
Pm,Cm,0,410,692,-1.0
Pm,Cn,0,410,7,-1.0
Pm,Co,7,410,45781,0.22993401020584245
Pm,Cr,7,410,27069,0.2614100129722326
Pm,Cs,1,410,12307,0.17201505910671874
Pm,Cu,10,410,67388,0.23312222219419668
Pm,Db,0,410,105,-1.0
Pm,Ds,0,410,11,-1.0
Pm,Dy,11,410,2319,0.44779548238662087
Pm,Er,10,410,2201,0.4425460231331726
Pm,Es,0,410,359,-1.0
Pm,Eu,15,410,5611,0.4205208887823061
Pm,F,34,410,25344252,-0.059369847344376975
Pm,Fe,5,410,81651,0.1716627393976944
Pm,Fl,0,410,8,-1.0
Pm,Fm,0,410,2120,-1.0
Pm,Fr,0,410,105,-1.0
Pm,Ga,4,410,11650,0.2693604085779995
Pm,Gd,15,410,7718,0.4005098013937183
Pm,Ge,0,410,47164,-1.0
Pm,H,262,410,124461855,-0.03417862733303606
Pm,He,0,410,415,-1.0
Pm,Hf,2,410,22172,0.184480211982775
Pm,Hg,0,410,15140,-1.0
Pm,Ho,12,410,1848,0.46964587401580954
Pm,Hs,0,410,69,-1.0
Pm,I,10,410,2542800,0.010906178479397123
Pm,In,4,410,14006,0.2586859515543499
Pm,Ir,1,410,169603,0.031284523103187724
Pm,K,1,410,156190,0.035704310715880094
Pm,Kr,0,410,166,-1.0
Pm,La,6,410,8114,0.32137586044420674
Pm,Li,1,410,117297,0.05106674881870767
Pm,Lr,0,410,861,-1.0
Pm,Lu,1,410,2717,0.2530556534259054
Pm,Lv,0,410,5,-1.0
Pm,Mc,0,410,5,-1.0
Pm,Md,0,410,96,-1.0
Pm,Mg,3,410,63053,0.15227849234749377
Pm,Mn,9,410,30915,0.2726095957909499
Pm,Mo,0,410,20126,-1.0
Pm,Mt,0,410,79,-1.0
Pm,N,125,410,110925773,-0.07758942904147918
Pm,Na,0,410,410484,-1.0
Pm,Nb,1,410,6672,0.20486007163495776
Pm,Nd,13,410,5576,0.40826500693000695
Pm,Ne,0,410,225,-1.0
Pm,Nh,0,410,8,-1.0
Pm,Ni,8,410,50498,0.23392953354358337
Pm,No,0,410,366,-1.0
Pm,Np,3,410,482,0.4301150461328015
Pm,O,227,410,109353141,-0.034865441310992056
Pm,Og,0,410,1,-1.0
Pm,Os,0,410,8718,-1.0
Pm,P,21,410,2503338,0.06000013335650003
Pm,Pa,0,410,263,-1.0
Pm,Pb,0,410,18301,-1.0
Pm,Pd,0,410,48856,-1.0
Pm,Pm,410,410,410,
Pm,Po,1,410,1385,0.2892042007591245
Pm,Pr,12,410,3784,0.42528500178513967
Pm,Pt,2,410,143559,0.0804028893069867
Pm,Pu,5,410,577,0.4624465699727298
Pm,Ra,0,410,277,-1.0
Pm,Rb,0,410,11197,-1.0
Pm,Re,0,410,10228,-1.0
Pm,Rf,0,410,5242,-1.0
Pm,Rg,0,410,9,-1.0
Pm,Rh,2,410,14946,0.2064548064559668
Pm,Rn,0,410,138,-1.0
Pm,Ru,2,410,39255,0.15265114240898764
Pm,S,48,410,36318993,-0.06176816227753461
Pm,Sb,0,410,19105,-1.0
Pm,Sc,7,410,3525,0.38351571964780196
Pm,Se,2,410,120337,0.09023440247682335
Pm,Sg,0,410,137,-1.0
Pm,Si,4,410,1825174,-0.023560335064382168
Pm,Sm,19,410,3363,0.47452736440614995
Pm,Sn,1,410,109311,0.054849481275287576
Pm,Sr,0,410,8295,-1.0
Pm,Ta,0,410,5739,-1.0
Pm,Tb,14,410,3117,0.4511338241025699
Pm,Tc,0,410,3663,-1.0
Pm,Te,0,410,20569,-1.0
Pm,Th,0,410,1733,-1.0
Pm,Ti,4,410,77983,0.15917387934782926
Pm,Tl,1,410,6312,0.20783568834091434
Pm,Tm,10,410,1275,0.4759630486864823
Pm,Ts,0,410,3,-1.0
Pm,U,3,410,21879,0.21261671785186528
Pm,V,6,410,39871,0.22688481209553615
Pm,W,3,410,44325,0.17236903976583418
Pm,Xe,1,410,588,0.3351647142820835
Pm,Y,5,410,98196,0.1608289431418062
Pm,Yb,6,410,3286,0.37502486590638884
Pm,Zn,1,410,76233,0.07418383131943568
Pm,Zr,1,410,106659,0.056167050948131333
Po,Ac,2,1385,9776,0.16228208056791413
Po,Ag,6,1385,19086,0.19836023750908618
Po,Al,5,1385,82361,0.09967933450688485
Po,Am,0,1385,380,-1.0
Po,Ar,0,1385,4079,-1.0
Po,As,4,1385,33552,0.137503616991503
Po,At,1,1385,1164,0.23322616265682888
Po,Au,4,1385,18070,0.17336978189045274
Po,B,27,1385,1315877,0.039942176509199984
Po,Ba,4,1385,15764,0.18128228662832466
Po,Be,5,1385,3233,0.2897846390381458
Po,Bh,0,1385,74,-1.0
Po,Bi,9,1385,15692,0.23981766796315743
Po,Bk,0,1385,169,-1.0
Po,Br,55,1385,8607410,-0.03784020037495666
Po,C,1143,1385,124377664,-0.016410199014036515
Po,Ca,7,1385,47081,0.15534121275224083
Po,Cd,4,1385,7961,0.22087686115920835
Po,Ce,4,1385,8261,0.2187329806804012
Po,Cf,0,1385,237,-1.0
Po,Cl,117,1385,21906474,-0.05281901188394422
Po,Cm,0,1385,692,-1.0
Po,Cn,0,1385,7,-1.0
Po,Co,6,1385,45781,0.14643277392423226
Po,Cr,5,1385,27069,0.16501411504110577
Po,Cs,3,1385,12307,0.17602213954699877
Po,Cu,5,1385,67388,0.11146043618652762
Po,Db,0,1385,105,-1.0
Po,Ds,0,1385,11,-1.0
Po,Dy,0,1385,2319,-1.0
Po,Er,1,1385,2201,0.1990506671401432
Po,Es,0,1385,359,-1.0
Po,Eu,0,1385,5611,-1.0
Po,F,117,1385,25344252,-0.06332239691065453
Po,Fe,8,1385,81651,0.13141101327553598
Po,Fl,0,1385,8,-1.0
Po,Fm,0,1385,2120,-1.0
Po,Fr,0,1385,105,-1.0
Po,Ga,4,1385,11650,0.19880972930497987
Po,Gd,1,1385,7718,0.131743393357798
Po,Ge,5,1385,47164,0.1324124694057272
Po,H,1255,1385,124461855,-0.00847769901508706
Po,He,0,1385,415,-1.0
Po,Hf,3,1385,22172,0.1424646954214522
Po,Hg,5,1385,15140,0.19913105875029827
Po,Ho,0,1385,1848,-1.0
Po,Hs,0,1385,69,-1.0
Po,I,76,1385,2542800,0.06911589159839836
Po,In,3,1385,14006,0.16865022144872976
Po,Ir,3,1385,169603,0.02647795659668664
Po,K,9,1385,156190,0.10006950279570447
Po,Kr,0,1385,166,-1.0
Po,La,3,1385,8114,0.1997696668207862
Po,Li,9,1385,117297,0.11748473499712322
Po,Lr,0,1385,861,-1.0
Po,Lu,0,1385,2717,-1.0
Po,Lv,0,1385,5,-1.0
Po,Mc,0,1385,5,-1.0
Po,Md,0,1385,96,-1.0
Po,Mg,3,1385,63053,0.08288482238476058
Po,Mn,4,1385,30915,0.1422476670006985
Po,Mo,4,1385,20126,0.16712439436967155
Po,Mt,0,1385,79,-1.0
Po,N,652,1385,110925773,-0.052403293244720435
Po,Na,11,1385,410484,0.054171044980834804
Po,Nb,4,1385,6672,0.2311140532120098
Po,Nd,0,1385,5576,-1.0
Po,Ne,0,1385,225,-1.0
Po,Nh,0,1385,8,-1.0
Po,Ni,5,1385,50498,0.12840199084738368
Po,No,0,1385,366,-1.0
Po,Np,0,1385,482,-1.0
Po,O,887,1385,109353141,-0.02659062879224817
Po,Og,0,1385,1,-1.0
Po,Os,4,1385,8718,0.21561234410829558
Po,P,71,1385,2503338,0.0651433761188456
Po,Pa,2,1385,263,0.36373379493742375
Po,Pb,5,1385,18301,0.18799757298400774
Po,Pd,5,1385,48856,0.13034294269892494
Po,Pm,1,1385,410,0.2892042007591245
Po,Po,1385,1385,1385,
Po,Pr,2,1385,3784,0.2151671502282582
Po,Pt,4,1385,143559,0.053254775088213434
Po,Pu,2,1385,577,0.31995648716600666
Po,Ra,0,1385,277,-1.0
Po,Rb,3,1385,11197,0.18141050734709027
Po,Re,4,1385,10228,0.20635437529186104
Po,Rf,11,1385,5242,0.3226393756593239
Po,Rg,0,1385,9,-1.0
Po,Rh,3,1385,14946,0.1649472121143101
Po,Rn,1,1385,138,0.3476200986510456
Po,Ru,4,1385,39255,0.12840542648658199
Po,S,172,1385,36318993,-0.06323848305404631
Po,Sb,6,1385,19105,0.19830118283072645
Po,Sc,3,1385,3525,0.24729641947691555
Po,Se,10,1385,120337,0.12312508885336819
Po,Sg,0,1385,137,-1.0
Po,Si,48,1385,1825174,0.05830275498296265
Po,Sm,0,1385,3363,-1.0
Po,Sn,4,1385,109311,0.06905083975895306
Po,Sr,4,1385,8295,0.21849493609673737
Po,Ta,3,1385,5739,0.2195112897950377
Po,Tb,4,1385,3117,0.2752219781437855
Po,Tc,5,1385,3663,0.2824526392964988
Po,Te,7,1385,20569,0.2049430779857217
Po,Th,0,1385,1733,-1.0
Po,Ti,5,1385,77983,0.102886478221683
Po,Tl,3,1385,6312,0.21408613676974397
Po,Tm,1,1385,1275,0.22833983085932694
Po,Ts,0,1385,3,-1.0
Po,U,3,1385,21879,0.14322304788913212
Po,V,4,1385,39871,0.12750301530310937
Po,W,3,1385,44325,0.102975369803101
Po,Xe,0,1385,588,-1.0
Po,Y,8,1385,98196,0.1202697539783252
Po,Yb,0,1385,3286,-1.0
Po,Zn,4,1385,76233,0.0899386110200899
Po,Zr,3,1385,106659,0.05291882296428949
Pr,Ac,18,3784,9776,0.2606120731454747
Pr,Ag,8,3784,19086,0.15848757844757586
Pr,Al,64,3784,82361,0.22387033920114963
Pr,Am,0,3784,380,-1.0
Pr,Ar,3,3784,4079,0.18167915030015758
Pr,As,3,3784,33552,0.06155293128147162
Pr,At,0,3784,1164,-1.0
Pr,Au,9,3784,18070,0.17011249940672737
Pr,B,106,3784,1315877,0.06978713053547851
Pr,Ba,41,3784,15764,0.29812391444464303
Pr,Be,2,3784,3233,0.16793406760084123
Pr,Bh,0,3784,74,-1.0
Pr,Bi,8,3784,15692,0.17031071544932053
Pr,Bk,0,3784,169,-1.0
Pr,Br,93,3784,8607410,-0.07325937671414168
Pr,C,2588,3784,124377664,-0.035076997290338835
Pr,Ca,35,3784,47081,0.2119774714018335
Pr,Cd,5,3784,7961,0.17785844644924867
Pr,Ce,159,3784,8261,0.4753739925424075
Pr,Cf,0,3784,237,-1.0
Pr,Cl,389,3784,21906474,-0.042338035624351684
Pr,Cm,0,3784,692,-1.0
Pr,Cn,0,3784,7,-1.0
Pr,Co,65,3784,45781,0.2657763167718577
Pr,Cr,17,3784,27069,0.19162420126067967
Pr,Cs,9,3784,12307,0.1934706270825419
Pr,Cu,47,3784,67388,0.2118891007103236
Pr,Db,0,3784,105,-1.0
Pr,Ds,0,3784,11,-1.0
Pr,Dy,29,3784,2319,0.39417973530867595
Pr,Er,19,3784,2201,0.35994738459515246
Pr,Es,0,3784,359,-1.0
Pr,Eu,34,3784,5611,0.3503911571316825
Pr,F,434,3784,25344252,-0.04559557589043773
Pr,Fe,82,3784,81651,0.24578837829846328
Pr,Fl,0,3784,8,-1.0
Pr,Fm,1,3784,2120,0.14714304219354665
Pr,Fr,1,3784,105,0.3083621989387581
Pr,Ga,18,3784,11650,0.2494772171605396
Pr,Gd,31,3784,7718,0.32122171747776834
Pr,Ge,11,3784,47164,0.12550333514390488
Pr,H,2985,3784,124461855,-0.02219708218667966
Pr,He,0,3784,415,-1.0
Pr,Hf,16,3784,22172,0.1996477461539926
Pr,Hg,1,3784,15140,0.04167802381548976
Pr,Ho,27,3784,1848,0.4024826332053807
Pr,Hs,0,3784,69,-1.0
Pr,I,56,3784,2542800,-0.021992788789418165
Pr,In,21,3784,14006,0.2500176203090688
Pr,Ir,13,3784,169603,0.05758607537329002
Pr,K,17,3784,156190,0.08074619744766985
Pr,Kr,0,3784,166,-1.0
Pr,La,134,3784,8114,0.45831552479391496
Pr,Li,35,3784,117297,0.15146514366056893
Pr,Lr,2,3784,861,0.24165350974577995
Pr,Lu,9,3784,2717,0.28534020913474517
Pr,Lv,0,3784,5,-1.0
Pr,Mc,0,3784,5,-1.0
Pr,Md,0,3784,96,-1.0
Pr,Mg,33,3784,63053,0.18797992326141344
Pr,Mn,75,3784,30915,0.3058349297784488
Pr,Mo,13,3784,20126,0.19017522067945278
Pr,Mt,0,3784,79,-1.0
Pr,N,1534,3784,110925773,-0.06959299072686843
Pr,Na,30,3784,410484,0.05762070460977156
Pr,Nb,8,3784,6672,0.2219517177064391
Pr,Nd,196,3784,5576,0.5278897587400733
Pr,Ne,0,3784,225,-1.0
Pr,Nh,0,3784,8,-1.0
Pr,Ni,64,3784,50498,0.2576495214028446
Pr,No,0,3784,366,-1.0
Pr,Np,2,3784,482,0.27397857340782444
Pr,O,2675,3784,109353141,-0.02013170693394069
Pr,Og,0,3784,1,-1.0
Pr,Os,3,3784,8718,0.1383806994419509
Pr,P,229,3784,2503338,0.08348590044567328
Pr,Pa,3,3784,263,0.3379592490686127
Pr,Pb,8,3784,18301,0.1610236056679889
Pr,Pd,21,3784,48856,0.16990794234152518
Pr,Pm,12,3784,410,0.42528500178513967
Pr,Po,2,3784,1385,0.2151671502282582
Pr,Pr,3784,3784,3784,
Pr,Pt,16,3784,143559,0.08193143508590478
Pr,Pu,2,3784,577,0.263954932422092
Pr,Ra,0,3784,277,-1.0
Pr,Rb,9,3784,11197,0.1992190031556376
Pr,Re,3,3784,10228,0.1292745584495052
Pr,Rf,2,3784,5242,0.1410057667316569
Pr,Rg,0,3784,9,-1.0
Pr,Rh,4,3784,14946,0.12611924086291135
Pr,Rn,0,3784,138,-1.0
Pr,Ru,33,3784,39255,0.21927258178728934
Pr,S,441,3784,36318993,-0.07304396032185786
Pr,Sb,13,3784,19105,0.1934138234978688
Pr,Sc,22,3784,3525,0.3424808559678034
Pr,Se,9,3784,120337,0.054804619598957154
Pr,Sg,0,3784,137,-1.0
Pr,Si,120,3784,1825174,0.055749632900139935
Pr,Sm,50,3784,3363,0.4205062417887238
Pr,Sn,19,3784,109311,0.11114120303044168
Pr,Sr,53,3784,8295,0.36460749163931383
Pr,Ta,6,3784,5739,0.21002806546864655
Pr,Tb,33,3784,3117,0.3865469850135263
Pr,Tc,0,3784,3663,-1.0
Pr,Te,3,3784,20569,0.08944676304500285
Pr,Th,0,3784,1733,-1.0
Pr,Ti,54,3784,77983,0.21340637923297498
Pr,Tl,2,3784,6312,0.13065609909047401
Pr,Tm,10,3784,1275,0.33993741204666467
Pr,Ts,0,3784,3,-1.0
Pr,U,5,3784,21879,0.11849804448045602
Pr,V,24,3784,39871,0.19315436908243167
Pr,W,10,3784,44325,0.12273738879350538
Pr,Xe,0,3784,588,-1.0
Pr,Y,50,3784,98196,0.1914177568476589
Pr,Yb,30,3784,3286,0.37441049393140247
Pr,Zn,27,3784,76233,0.16007376273072005
Pr,Zr,93,3784,106659,0.23796564401390988
Pt,Ac,5,143559,9776,-0.04769018700978818
Pt,Ag,224,143559,19086,0.1754469103097174
Pt,Al,237,143559,82361,0.06948008190942583
Pt,Am,2,143559,380,0.0846367040578185
Pt,Ar,24,143559,4079,0.10544740767264214
Pt,As,128,143559,33552,0.08682669815454575
Pt,At,3,143559,1164,0.045891571933892907
Pt,Au,278,143559,18070,0.19915945046581338
Pt,B,6813,143559,1315877,0.15310922725238507
Pt,Ba,62,143559,15764,0.08458955298305085
Pt,Be,11,143559,3233,0.06666165731794102
Pt,Bh,0,143559,74,-1.0
Pt,Bi,133,143559,15692,0.14512347555737481
Pt,Bk,1,143559,169,0.0877728624676542
Pt,Br,1990,143559,8607410,-0.14542909404771237
Pt,C,139533,143559,124377664,-0.003936300744061229
Pt,Ca,33,143559,47081,-0.03282387390472924
Pt,Cd,26,143559,7961,0.06772778138923516
Pt,Ce,39,143559,8261,0.09416405642132558
Pt,Cf,0,143559,237,-1.0
Pt,Cl,11808,143559,21906474,-0.08200869203323075
Pt,Cm,0,143559,692,-1.0
Pt,Cn,0,143559,7,-1.0
Pt,Co,350,143559,45781,0.14804033549595344
Pt,Cr,194,143559,27069,0.13667762004137787
Pt,Cs,27,143559,12307,0.041965316951222215
Pt,Cu,695,143559,67388,0.1811845827752881
Pt,Db,0,143559,105,-1.0
Pt,Ds,0,143559,11,-1.0
Pt,Dy,20,143559,2319,0.12866080075013941
Pt,Er,8,143559,2201,0.0693677779620798
Pt,Es,0,143559,359,-1.0
Pt,Eu,30,143559,5611,0.1007094297366486
Pt,F,12752,143559,25344252,-0.09019041840505483
Pt,Fe,295,143559,81651,0.08822268725667723
Pt,Fl,0,143559,8,-1.0
Pt,Fm,0,143559,2120,-1.0
Pt,Fr,0,143559,105,-1.0
Pt,Ga,56,143559,11650,0.09772864635782576
Pt,Gd,57,143559,7718,0.12726663493179421
Pt,Ge,602,143559,47164,0.19647457413023653
Pt,H,141218,143559,124461855,-0.0022732282593875414
Pt,He,1,143559,415,0.0395778991839449
Pt,Hf,37,143559,22172,0.024642285018238688
Pt,Hg,37,143559,15140,0.050024836759680634
Pt,Ho,2,143559,1848,-0.0034924536998541538
Pt,Hs,0,143559,69,-1.0
Pt,I,1847,143559,2542800,-0.041498141189182006
Pt,In,59,143559,14006,0.08901520328746053
Pt,Ir,3677,143559,169603,0.28134966191981253
Pt,K,728,143559,156190,0.1159732205277457
Pt,Kr,1,143559,166,0.0887337216089119
Pt,La,43,143559,8114,0.10255066792983868
Pt,Li,160,143559,117297,0.012439111350665511
Pt,Lr,2,143559,861,0.03906331201904427
Pt,Lu,9,143559,2717,0.06421898780309172
Pt,Lv,0,143559,5,-1.0
Pt,Mc,0,143559,5,-1.0
Pt,Md,0,143559,96,-1.0
Pt,Mg,88,143559,63053,0.013530671144136853
Pt,Mn,115,143559,30915,0.08434086525510634
Pt,Mo,137,143559,20126,0.1294586965922046
Pt,Mt,2,143559,79,0.1721549316602315
Pt,N,133175,143559,110925773,0.0060047482299435675
Pt,Na,448,143559,410484,-0.004329009789914165
Pt,Nb,31,143559,6672,0.09169366490636845
Pt,Nd,18,143559,5576,0.0654073596266156
Pt,Ne,1,143559,225,0.07241913375651408
Pt,Nh,0,143559,8,-1.0
Pt,Ni,317,143559,50498,0.1316016881894805
Pt,No,1,143559,366,0.046318328042918334
Pt,Np,0,143559,482,-1.0
Pt,O,107236,143559,109353141,-0.022850650213311056
Pt,Og,0,143559,1,-1.0
Pt,Os,373,143559,8718,0.28417940413232073
Pt,P,5829,143559,2503338,0.07056184286942761
Pt,Pa,0,143559,263,-1.0
Pt,Pb,49,143559,18301,0.05716708897895863
Pt,Pd,1961,143559,48856,0.3210512018787183
Pt,Pm,2,143559,410,0.0804028893069867
Pt,Po,4,143559,1385,0.053254775088213434
Pt,Pr,16,143559,3784,0.08193143508590478
Pt,Pt,143559,143559,143559,
Pt,Pu,5,143559,577,0.11846726758743643
Pt,Ra,3,143559,277,0.12772982344004416
Pt,Rb,23,143559,11197,0.03728624712550921
Pt,Re,228,143559,10228,0.22424123271772267
Pt,Rf,2,143559,5242,-0.061584430995078765
Pt,Rg,0,143559,9,-1.0
Pt,Rh,337,143559,14946,0.23196655176885106
Pt,Rn,0,143559,138,-1.0
Pt,Ru,381,143559,39255,0.16782498245299748
Pt,S,14072,143559,36318993,-0.11991709952927758
Pt,Sb,75,143559,19105,0.08558336706398766
Pt,Sc,8,143559,3525,0.04092951748555165
Pt,Se,648,143559,120337,0.12672937130790218
Pt,Sg,0,143559,137,-1.0
Pt,Si,8040,143559,1825174,0.13899063787515328
Pt,Sm,7,143559,3363,0.03542177015847408
Pt,Sn,254,143559,109311,0.0535299530515741
Pt,Sr,22,143559,8295,0.053613711893217474
Pt,Ta,94,143559,5739,0.18828412584806553
Pt,Tb,27,143559,3117,0.13146185634830712
Pt,Tc,5,143559,3663,0.009948380061324825
Pt,Te,187,143559,20569,0.15404090754825878
Pt,Th,10,143559,1733,0.09860525117983249
Pt,Ti,207,143559,77983,0.06270784234627574
Pt,Tl,14,143559,6312,0.040926295584811534
Pt,Tm,2,143559,1275,0.01718787253694129
Pt,Ts,0,143559,3,-1.0
Pt,U,55,143559,21879,0.05330907108398436
Pt,V,81,143559,39871,0.03980576664329424
Pt,W,150,143559,44325,0.07904408682877456
Pt,Xe,3,143559,588,0.08482064305383724
Pt,Y,293,143559,98196,0.0734148954801404
Pt,Yb,11,143559,3286,0.06566055632019513
Pt,Zn,179,143559,76233,0.05291458811237275
Pt,Zr,107,143559,106659,-0.00991799472191382
Pu,Ac,2,577,9776,0.211069862761748
Pu,Ag,1,577,19086,0.13014544190935226
Pu,Al,14,577,82361,0.22515928300102153
Pu,Am,7,577,380,0.4964730094513607
Pu,Ar,0,577,4079,-1.0
Pu,As,1,577,33552,0.09988121121142514
Pu,At,0,577,1164,-1.0
Pu,Au,2,577,18070,0.17684077184631497
Pu,B,2,577,1315877,-0.06208012572415592
Pu,Ba,2,577,15764,0.18444768721345128
Pu,Be,4,577,3233,0.32385197972870317
Pu,Bh,0,577,74,-1.0
Pu,Bi,3,577,15692,0.2120860540425601
Pu,Bk,0,577,169,-1.0
Pu,Br,7,577,8607410,-0.10419720830212564
Pu,C,216,577,124377664,-0.0739423419699101
Pu,Ca,1,577,47081,0.08170721115595146
Pu,Cd,3,577,7961,0.25077032459513804
Pu,Ce,9,577,8261,0.3320873312490383
Pu,Cf,0,577,237,-1.0
Pu,Cl,41,577,21906474,-0.060697548022792376
Pu,Cm,18,577,692,0.5481516296744631
Pu,Cn,0,577,7,-1.0
Pu,Co,9,577,45781,0.22795235643515946
Pu,Cr,4,577,27069,0.2006950730199723
Pu,Cs,3,577,12307,0.2259376057422238
Pu,Cu,10,577,67388,0.21220863451595792
Pu,Db,0,577,105,-1.0
Pu,Ds,0,577,11,-1.0
Pu,Dy,3,577,2319,0.32108295338462806
Pu,Er,3,577,2201,0.32406006498365275
Pu,Es,0,577,359,-1.0
Pu,Eu,4,577,5611,0.2918993408217308
Pu,F,51,577,25344252,-0.05667024916520682
Pu,Fe,9,577,81651,0.192765708305797
Pu,Fl,0,577,8,-1.0
Pu,Fm,0,577,2120,-1.0
Pu,Fr,0,577,105,-1.0
Pu,Ga,10,577,11650,0.3196371063489064
Pu,Gd,6,577,7718,0.3040660305050976
Pu,Ge,5,577,47164,0.18382508531259625
Pu,H,314,577,124461855,-0.04711965602419586
Pu,He,1,577,415,0.33552754300831966
Pu,Hf,1,577,22172,0.12210515951694971
Pu,Hg,1,577,15140,0.14257077510802516
Pu,Ho,2,577,1848,0.30388708096463
Pu,Hs,0,577,69,-1.0
Pu,I,7,577,2542800,-0.031158264428908705
Pu,In,2,577,14006,0.1910360032526317
Pu,Ir,3,577,169603,0.07639342279191165
Pu,K,5,577,156190,0.11351590575625271
Pu,Kr,0,577,166,-1.0
Pu,La,1,577,8114,0.17603276259446182
Pu,Li,2,577,117297,0.07262191288596635
Pu,Lr,0,577,861,-1.0
Pu,Lu,0,577,2717,-1.0
Pu,Lv,0,577,5,-1.0
Pu,Mc,0,577,5,-1.0
Pu,Md,0,577,96,-1.0
Pu,Mg,2,577,63053,0.1072082054126819
Pu,Mn,3,577,30915,0.17343062489138264
Pu,Mo,7,577,20126,0.2586960578895397
Pu,Mt,0,577,79,-1.0
Pu,N,134,577,110925773,-0.09778587284457711
Pu,Na,2,577,410484,0.002827471433081089
Pu,Nb,2,577,6672,0.23235489783193536
Pu,Nd,8,577,5576,0.3463482682503689
Pu,Ne,1,577,225,0.3683687775808889
Pu,Nh,0,577,8,-1.0
Pu,Ni,5,577,50498,0.17981460675425276
Pu,No,2,577,366,0.39410779231229626
Pu,Np,17,577,482,0.565431722399661
Pu,O,293,577,109353141,-0.04222333572220879
Pu,Og,0,577,1,-1.0
Pu,Os,2,577,8718,0.2174518812645626
Pu,P,20,577,2503338,0.034854227487588034
Pu,Pa,0,577,263,-1.0
Pu,Pb,2,577,18301,0.17613300311271746
Pu,Pd,1,577,48856,0.07972187773018259
Pu,Pm,5,577,410,0.4624465699727298
Pu,Po,2,577,1385,0.31995648716600666
Pu,Pr,2,577,3784,0.263954932422092
Pu,Pt,5,577,143559,0.11846726758743643
Pu,Pu,577,577,577,
Pu,Ra,0,577,277,-1.0
Pu,Rb,0,577,11197,-1.0
Pu,Re,0,577,10228,-1.0
Pu,Rf,0,577,5242,-1.0
Pu,Rg,0,577,9,-1.0
Pu,Rh,4,577,14946,0.23511823519647568
Pu,Rn,0,577,138,-1.0
Pu,Ru,2,577,39255,0.1336129877973573
Pu,S,32,577,36318993,-0.10935399646930298
Pu,Sb,1,577,19105,0.13009206366626097
Pu,Sc,2,577,3525,0.2679054361607692
Pu,Se,1,577,120337,0.03136387517714677
Pu,Sg,0,577,137,-1.0
Pu,Si,6,577,1825174,-0.020341874843742967
Pu,Sm,3,577,3363,0.2998938612768096
Pu,Sn,5,577,109311,0.1344702942850824
Pu,Sr,2,577,8295,0.22022314447646427
Pu,Ta,0,577,5739,-1.0
Pu,Tb,3,577,3117,0.3042241984766341
Pu,Tc,2,577,3663,0.2657657347112326
Pu,Te,0,577,20569,-1.0
Pu,Th,13,577,1733,0.45970528881332495
Pu,Ti,8,577,77983,0.18705809214678995
Pu,Tl,1,577,6312,0.18950546644590285
Pu,Tm,2,577,1275,0.32456740720142546
Pu,Ts,0,577,3,-1.0
Pu,U,67,577,21879,0.44985956136756905
Pu,V,4,577,39871,0.17825072828894484
Pu,W,1,577,44325,0.08494320609924283
Pu,Xe,0,577,588,-1.0
Pu,Y,4,577,98196,0.12601334733751168
Pu,Yb,0,577,3286,-1.0
Pu,Zn,1,577,76233,0.05585360942442417
Pu,Zr,8,577,106659,0.1681495573190342
Ra,Ac,2,277,9776,0.25195741965666485
Ra,Ag,1,277,19086,0.16951259728327073
Ra,Al,6,277,82361,0.2071015841676032
Ra,Am,0,277,380,-1.0
Ra,Ar,0,277,4079,-1.0
Ra,As,1,277,33552,0.1392483665853436
Ra,At,0,277,1164,-1.0
Ra,Au,1,277,18070,0.17244716880449854
Ra,B,3,277,1315877,0.0014316504105021913
Ra,Ba,7,277,15764,0.3172842883074108
Ra,Be,1,277,3233,0.2647644111518004
Ra,Bh,0,277,74,-1.0
Ra,Bi,1,277,15692,0.18001680621651103
Ra,Bk,0,277,169,-1.0
Ra,Br,3,277,8607410,-0.1056330276046446
Ra,C,159,277,124377664,-0.040777230647819844
Ra,Ca,1,277,47081,0.1210743665298699
Ra,Cd,0,277,7961,-1.0
Ra,Ce,1,277,8261,0.2144367115643326
Ra,Cf,0,277,237,-1.0
Ra,Cl,6,277,21906474,-0.12428309746466773
Ra,Cm,0,277,692,-1.0
Ra,Cn,0,277,7,-1.0
Ra,Co,1,277,45781,0.12257648906397478
Ra,Cr,0,277,27069,-1.0
Ra,Cs,2,277,12307,0.23912893278941594
Ra,Cu,2,277,67388,0.1443909710643448
Ra,Db,0,277,105,-1.0
Ra,Ds,0,277,11,-1.0
Ra,Dy,0,277,2319,-1.0
Ra,Er,0,277,2201,-1.0
Ra,Es,0,277,359,-1.0
Ra,Eu,0,277,5611,-1.0
Ra,F,11,277,25344252,-0.100577981040959
Ra,Fe,6,277,81651,0.20761544692019804
Ra,Fl,0,277,8,-1.0
Ra,Fm,0,277,2120,-1.0
Ra,Fr,0,277,105,-1.0
Ra,Ga,8,277,11650,0.3461665322679565
Ra,Gd,0,277,7718,-1.0
Ra,Ge,1,277,47164,0.1209798752885182
Ra,H,177,277,124461855,-0.03318715516915904
Ra,He,0,277,415,-1.0
Ra,Hf,0,277,22172,-1.0
Ra,Hg,0,277,15140,-1.0
Ra,Ho,0,277,1848,-1.0
Ra,Hs,0,277,69,-1.0
Ra,I,1,277,2542800,-0.09292979228538274
Ra,In,1,277,14006,0.18611455132327825
Ra,Ir,1,277,169603,0.05232145658209464
Ra,K,3,277,156190,0.12292264664607447
Ra,Kr,0,277,166,-1.0
Ra,La,1,277,8114,0.21539991796838026
Ra,Li,5,277,117297,0.17341744396287456
Ra,Lr,0,277,861,-1.0
Ra,Lu,0,277,2717,-1.0
Ra,Lv,0,277,5,-1.0
Ra,Mc,0,277,5,-1.0
Ra,Md,0,277,96,-1.0
Ra,Mg,2,277,63053,0.14809576230759874
Ra,Mn,5,277,30915,0.2517135057909726
Ra,Mo,1,277,20126,0.1666662500564652
Ra,Mt,0,277,79,-1.0
Ra,N,80,277,110925773,-0.07895845655986544
Ra,Na,1,277,410484,0.00490454325457797
Ra,Nb,2,277,6672,0.2732424547268522
Ra,Nd,0,277,5576,-1.0
Ra,Ne,1,277,225,0.40773593295480726
Ra,Nh,0,277,8,-1.0
Ra,Ni,4,277,50498,0.20708655702202514
Ra,No,0,277,366,-1.0
Ra,Np,0,277,482,-1.0
Ra,O,90,277,109353141,-0.07027701497503112
Ra,Og,0,277,1,-1.0
Ra,Os,0,277,8718,-1.0
Ra,P,4,277,2503338,-0.019144612144913153
Ra,Pa,1,277,263,0.3993641964994452
Ra,Pb,2,277,18301,0.21702056000763428
Ra,Pd,0,277,48856,-1.0
Ra,Pm,0,277,410,-1.0
Ra,Po,0,277,1385,-1.0
Ra,Pr,0,277,3784,-1.0
Ra,Pt,3,277,143559,0.12772982344004416
Ra,Pu,0,277,577,-1.0
Ra,Ra,277,277,277,
Ra,Rb,73,277,11197,0.5563437535271369
Ra,Re,10,277,10228,0.3725202398895426
Ra,Rf,3,277,5242,0.3164231280736073
Ra,Rg,0,277,9,-1.0
Ra,Rh,0,277,14946,-1.0
Ra,Rn,2,277,138,0.489341963028604
Ra,Ru,1,277,39255,0.13082680749264244
Ra,S,26,277,36318993,-0.07367098942803607
Ra,Sb,0,277,19105,-1.0
Ra,Sc,1,277,3525,0.2601255986591942
Ra,Se,0,277,120337,-1.0
Ra,Sg,0,277,137,-1.0
Ra,Si,1,277,1825174,-0.07514111046677298
Ra,Sm,0,277,3363,-1.0
Ra,Sn,8,277,109311,0.21097671997950293
Ra,Sr,1,277,8295,0.21421637032978297
Ra,Ta,0,277,5739,-1.0
Ra,Tb,0,277,3117,-1.0
Ra,Tc,0,277,3663,-1.0
Ra,Te,2,277,20569,0.21051101116484988
Ra,Th,1,277,1733,0.29821605584305855
Ra,Ti,0,277,77983,-1.0
Ra,Tl,0,277,6312,-1.0
Ra,Tm,0,277,1275,-1.0
Ra,Ts,0,277,3,-1.0
Ra,U,3,277,21879,0.23497114865431937
Ra,V,0,277,39871,-1.0
Ra,W,13,277,44325,0.3037003728552144
Ra,Xe,0,277,588,-1.0
Ra,Y,74,277,98196,0.4063664695201648
Ra,Yb,0,277,3286,-1.0
Ra,Zn,1,277,76233,0.09522076479834261
Ra,Zr,0,277,106659,-1.0
Rb,Ac,4,11197,9776,0.0878474316330916
Rb,Ag,28,11197,19086,0.1824252737361324
Rb,Al,73,11197,82361,0.15949214446374368
Rb,Am,1,11197,380,0.18116223464893608
Rb,Ar,4,11197,4079,0.13850620357386867
Rb,As,30,11197,33552,0.15075968882323265
Rb,At,0,11197,1164,-1.0
Rb,Au,26,11197,18070,0.1802848350695319
Rb,B,482,11197,1315877,0.11274239036811452
Rb,Ba,50,11197,15764,0.24195731490993141
Rb,Be,22,11197,3233,0.27827333153501166
Rb,Bh,0,11197,74,-1.0
Rb,Bi,34,11197,15692,0.2105696549003485
Rb,Bk,0,11197,169,-1.0
Rb,Br,267,11197,8607410,-0.08149316724701439
Rb,C,9755,11197,124377664,-0.014401488991345239
Rb,Ca,48,11197,47081,0.16444264898220773
Rb,Cd,12,11197,7961,0.17453539441108507
Rb,Ce,23,11197,8261,0.2214328647440083
Rb,Cf,0,11197,237,-1.0
Rb,Cl,628,11197,21906474,-0.09367284769259121
Rb,Cm,1,11197,692,0.14900571306733645
Rb,Cn,0,11197,7,-1.0
Rb,Co,33,11197,45781,0.13748094921747125
Rb,Cr,42,11197,27069,0.19114830286867177
Rb,Cs,141,11197,12307,0.35407892214094605
Rb,Cu,52,11197,67388,0.14637558735604964
Rb,Db,0,11197,105,-1.0
Rb,Ds,0,11197,11,-1.0
Rb,Dy,6,11197,2319,0.1994210433897636
Rb,Er,7,11197,2201,0.21362416894450473
Rb,Es,1,11197,359,0.18421197920931273
Rb,Eu,16,11197,5611,0.21787550363553407
Rb,F,1237,11197,25344252,-0.052993192097381146
Rb,Fe,67,11197,81651,0.1532030752932963
Rb,Fl,0,11197,8,-1.0
Rb,Fm,0,11197,2120,-1.0
Rb,Fr,0,11197,105,-1.0
Rb,Ga,19,11197,11650,0.18466437460449836
Rb,Gd,3,11197,7718,0.08348194250403103
Rb,Ge,40,11197,47164,0.1501255460290823
Rb,H,10363,11197,124461855,-0.008130355724102872
Rb,He,1,11197,415,0.17643558507645238
Rb,Hf,22,11197,22172,0.1544480703500445
Rb,Hg,13,11197,15140,0.14039836737586547
Rb,Ho,10,11197,1848,0.2508183847559374
Rb,Hs,0,11197,69,-1.0
Rb,I,221,11197,2542800,-0.002528385698730765
Rb,In,16,11197,14006,0.16022740289114037
Rb,Ir,22,11197,169603,0.02359939917481164
Rb,K,159,11197,156190,0.17884423532855562
Rb,Kr,1,11197,166,0.22559140750141937
Rb,La,27,11197,8114,0.2353661783029973
Rb,Li,145,11197,117297,0.19185009233442862
Rb,Lr,2,11197,861,0.1812065876834037
Rb,Lu,8,11197,2717,0.21069201906104862
Rb,Lv,0,11197,5,-1.0
Rb,Mc,0,11197,5,-1.0
Rb,Md,0,11197,96,-1.0
Rb,Mg,52,11197,63053,0.15090210436574972
Rb,Mn,34,11197,30915,0.1657051097784085
Rb,Mo,28,11197,20126,0.17895935455213655
Rb,Mt,0,11197,79,-1.0
Rb,N,6550,11197,110925773,-0.04262724983220463
Rb,Na,109,11197,410484,0.0776667248088781
Rb,Nb,31,11197,6672,0.25945695864474294
Rb,Nd,19,11197,5576,0.2316081877492168
Rb,Ne,0,11197,225,-1.0
Rb,Nh,0,11197,8,-1.0
Rb,Ni,49,11197,50498,0.16132005568656352
Rb,No,2,11197,366,0.22887153331217153
Rb,Np,1,11197,482,0.1684065446234395
Rb,O,7530,11197,109353141,-0.02741548803782421
Rb,Og,0,11197,1,-1.0
Rb,Os,7,11197,8718,0.1311737859373661
Rb,P,397,11197,2503338,0.044872453877053166
Rb,Pa,5,11197,263,0.31439057288112676
Rb,Pb,33,11197,18301,0.19802716635128964
Rb,Pd,21,11197,48856,0.10034757450375091
Rb,Pm,0,11197,410,-1.0
Rb,Po,3,11197,1385,0.18141050734709027
Rb,Pr,9,11197,3784,0.1992190031556376
Rb,Pt,23,11197,143559,0.03728624712550921
Rb,Pu,0,11197,577,-1.0
Rb,Ra,73,11197,277,0.5563437535271369
Rb,Rb,11197,11197,11197,
Rb,Re,283,11197,10228,0.4409123858461006
Rb,Rf,95,11197,5242,0.37670759658588837
Rb,Rg,0,11197,9,-1.0
Rb,Rh,42,11197,14946,0.23100275496181144
Rb,Rn,0,11197,138,-1.0
Rb,Ru,28,11197,39255,0.1353186453807959
Rb,S,1659,11197,36318993,-0.060281070694597025
Rb,Sb,41,11197,19105,0.21256829075173136
Rb,Sc,23,11197,3525,0.27636115090592506
Rb,Se,52,11197,120337,0.10690266480538863
Rb,Sg,0,11197,137,-1.0
Rb,Si,170,11197,1825174,0.002646807060077715
Rb,Sm,12,11197,3363,0.22787416114746475
Rb,Sn,50,11197,109311,0.11047978140027905
Rb,Sr,36,11197,8295,0.257504083027735
Rb,Ta,36,11197,5739,0.28196895648172754
Rb,Tb,11,11197,3117,0.22597320207870308
Rb,Tc,9,11197,3663,0.20119544040807072
Rb,Te,18,11197,20569,0.14450412432847531
Rb,Th,5,11197,1733,0.20368393635857193
Rb,Ti,86,11197,77983,0.1767376433401186
Rb,Tl,13,11197,6312,0.19482175142870042
Rb,Tm,0,11197,1275,-1.0
Rb,Ts,0,11197,3,-1.0
Rb,U,29,11197,21879,0.1762000494465629
Rb,V,67,11197,39871,0.20285760204119696
Rb,W,180,11197,44325,0.28338077732055045
Rb,Xe,4,11197,588,0.25076152980423017
Rb,Y,311,11197,98196,0.276124004525884
Rb,Yb,19,11197,3286,0.26529813965026233
Rb,Zn,38,11197,76233,0.1141887875561491
Rb,Zr,46,11197,106659,0.10588662128924393
Re,Ac,12,10228,9776,0.16742586168727186
Re,Ag,35,10228,19086,0.2059163613939403
Re,Al,90,10228,82361,0.18305931039900086
Re,Am,0,10228,380,-1.0
Re,Ar,3,10228,4079,0.12499508357199664
Re,As,28,10228,33552,0.15148626145369812
Re,At,3,10228,1164,0.19648038606627863
Re,Au,57,10228,18070,0.24995349489350668
Re,B,435,10228,1315877,0.1108603325665109
Re,Ba,22,10228,15764,0.1822057771219706
Re,Be,6,10228,3233,0.1850723662205825
Re,Bh,0,10228,74,-1.0
Re,Bi,16,10228,15692,0.15876858813822317
Re,Bk,0,10228,169,-1.0
Re,Br,415,10228,8607410,-0.04219759414158653
Re,C,8849,10228,124377664,-0.014983002825392376
Re,Ca,20,10228,47081,0.10506724869293183
Re,Cd,19,10228,7961,0.21468893906095243
Re,Ce,12,10228,8261,0.17784853133888115
Re,Cf,0,10228,237,-1.0
Re,Cl,1000,10228,21906474,-0.0500212993085202
Re,Cm,0,10228,692,-1.0
Re,Cn,0,10228,7,-1.0
Re,Co,172,10228,45781,0.28336973347322963
Re,Cr,84,10228,27069,0.2556223500808414
Re,Cs,16,10228,12307,0.17408139850212662
Re,Cu,79,10228,67388,0.18631199233834997
Re,Db,0,10228,105,-1.0
Re,Ds,0,10228,11,-1.0
Re,Dy,25,10228,2319,0.31628463278081187
Re,Er,10,10228,2201,0.24565916881495573
Re,Es,0,10228,359,-1.0
Re,Eu,5,10228,5611,0.1400146238302597
Re,F,906,10228,25344252,-0.07026792465834496
Re,Fe,77,10228,81651,0.17075549331626452
Re,Fl,0,10228,8,-1.0
Re,Fm,2,10228,2120,0.13604346243094498
Re,Fr,0,10228,105,-1.0
Re,Ga,23,10228,11650,0.20509987070868513
Re,Gd,8,10228,7718,0.15311670132967956
Re,Ge,35,10228,47164,0.14594521691097723
Re,H,9226,10228,124461855,-0.010733144424915698
Re,He,1,10228,415,0.18129149921095628
Re,Hf,48,10228,22172,0.22155803628671444
Re,Hg,9,10228,15140,0.1204002075252596
Re,Ho,1,10228,1848,0.10116606883805723
Re,Hs,0,10228,69,-1.0
Re,I,229,10228,2542800,0.007011102822434446
Re,In,21,10228,14006,0.18626109745285938
Re,Ir,186,10228,169603,0.19323302013547466
Re,K,109,10228,156190,0.15342602920755982
Re,Kr,0,10228,166,-1.0
Re,La,27,10228,8114,0.24126507827731777
Re,Li,24,10228,117297,0.05906155538689658
Re,Lr,0,10228,861,-1.0
Re,Lu,6,10228,2717,0.19539253389329356
Re,Lv,0,10228,5,-1.0
Re,Mc,0,10228,5,-1.0
Re,Md,1,10228,96,0.25982628820309683
Re,Mg,27,10228,63053,0.10764335941570555
Re,Mn,53,10228,30915,0.20715023063265567
Re,Mo,122,10228,20126,0.310909422637901
Re,Mt,0,10228,79,-1.0
Re,N,6496,10228,110925773,-0.03425220495544886
Re,Na,62,10228,410484,0.04200882715414788
Re,Nb,51,10228,6672,0.3082391446556287
Re,Nd,15,10228,5576,0.21901620640060818
Re,Ne,1,10228,225,0.21413273378352546
Re,Nh,0,10228,8,-1.0
Re,Ni,106,10228,50498,0.23190792001807578
Re,No,0,10228,366,-1.0
Re,Np,0,10228,482,-1.0
Re,O,6858,10228,109353141,-0.027456231142008805
Re,Og,0,10228,1,-1.0
Re,Os,69,10228,8718,0.3171230604703568
Re,P,971,10228,2503338,0.1320194098419651
Re,Pa,0,10228,263,-1.0
Re,Pb,22,10228,18301,0.1726088811318698
Re,Pd,71,10228,48856,0.1998696238420997
Re,Pm,0,10228,410,-1.0
Re,Po,4,10228,1385,0.20635437529186104
Re,Pr,3,10228,3784,0.1292745584495052
Re,Pt,228,10228,143559,0.22424123271772267
Re,Pu,0,10228,577,-1.0
Re,Ra,10,10228,277,0.3725202398895426
Re,Rb,283,10228,11197,0.4409123858461006
Re,Re,10228,10228,10228,
Re,Rf,579,10228,5242,0.5867218438009556
Re,Rg,0,10228,9,-1.0
Re,Rh,178,10228,14946,0.36981394677973123
Re,Rn,3,10228,138,0.31803856511205597
Re,Ru,122,10228,39255,0.26262656684940305
Re,S,1627,10228,36318993,-0.05385981034231715
Re,Sb,19,10228,19105,0.15891739121177326
Re,Sc,17,10228,3525,0.25767975903130913
Re,Se,81,10228,120337,0.14769296977016688
Re,Sg,0,10228,137,-1.0
Re,Si,151,10228,1825174,0.0005683410844428474
Re,Sm,4,10228,3363,0.15493899210498757
Re,Sn,65,10228,109311,0.13687707097897453
Re,Sr,7,10228,8295,0.1395749195816654
Re,Ta,63,10228,5739,0.3376980520220945
Re,Tb,22,10228,3117,0.28644442402988557
Re,Tc,30,10228,3663,0.30203470962130247
Re,Te,25,10228,20569,0.1747532137058423
Re,Th,9,10228,1733,0.252215908884328
Re,Ti,46,10228,77983,0.13313923783350026
Re,Tl,16,10228,6312,0.21616092748213225
Re,Tm,0,10228,1275,-1.0
Re,Ts,0,10228,3,-1.0
Re,U,29,10228,21879,0.1821265486308665
Re,V,48,10228,39871,0.1818257714829395
Re,W,160,10228,44325,0.2789102981378555
Re,Xe,15,10228,588,0.36020575153989226
Re,Y,173,10228,98196,0.22734222916177835
Re,Yb,6,10228,3286,0.1841072799010138
Re,Zn,41,10228,76233,0.12592456376435737
Re,Zr,31,10228,106659,0.08313813080800671
Rf,Ac,3,5242,9776,0.11327159031738866
Rf,Ag,0,5242,19086,-1.0
Rf,Al,4,5242,82361,0.008316896158731848
Rf,Am,0,5242,380,-1.0
Rf,Ar,6,5242,4079,0.21094870607295024
Rf,As,1,5242,33552,-0.01849609661521913
Rf,At,0,5242,1164,-1.0
Rf,Au,0,5242,18070,-1.0
Rf,B,127,5242,1315877,0.06017881989262915
Rf,Ba,0,5242,15764,-1.0
Rf,Be,1,5242,3233,0.10701994795123769
Rf,Bh,0,5242,74,-1.0
Rf,Bi,2,5242,15692,0.06175359103687548
Rf,Bk,0,5242,169,-1.0
Rf,Br,64,5242,8607410,-0.11968085730560125
Rf,C,5112,5242,124377664,-0.002317799188046381
Rf,Ca,1,5242,47081,-0.0366700966706928
Rf,Cd,0,5242,7961,-1.0
Rf,Ce,1,5242,8261,0.056692248363769904
Rf,Cf,3,5242,237,0.32531368044182046
Rf,Cl,193,5242,21906474,-0.11687444255823586
Rf,Cm,3,5242,692,0.2642299582055527
Rf,Cn,0,5242,7,-1.0
Rf,Co,2,5242,45781,0.002094867582541624
Rf,Cr,1,5242,27069,-0.006977793353570927
Rf,Cs,2,5242,12307,0.07529221020406397
Rf,Cu,3,5242,67388,0.0032188437687054048
Rf,Db,0,5242,105,-1.0
Rf,Ds,0,5242,11,-1.0
Rf,Dy,1,5242,2319,0.12484532020910855
Rf,Er,0,5242,2201,-1.0
Rf,Es,1,5242,359,0.22492662931453572
Rf,Eu,0,5242,5611,-1.0
Rf,F,1120,5242,25344252,0.0042253380847148215
Rf,Fe,1,5242,81651,-0.06620704945188967
Rf,Fl,0,5242,8,-1.0
Rf,Fm,0,5242,2120,-1.0
Rf,Fr,0,5242,105,-1.0
Rf,Ga,0,5242,11650,-1.0
Rf,Gd,1,5242,7718,0.060339696767200066
Rf,Ge,0,5242,47164,-1.0
Rf,H,5118,5242,124461855,-0.0022689247248102655
Rf,He,0,5242,415,-1.0
Rf,Hf,0,5242,22172,-1.0
Rf,Hg,0,5242,15140,-1.0
Rf,Ho,0,5242,1848,-1.0
Rf,Hs,0,5242,69,-1.0
Rf,I,127,5242,2542800,0.012429765545073617
Rf,In,0,5242,14006,-1.0
Rf,Ir,0,5242,169603,-1.0
Rf,K,9,5242,156190,0.019124541596086262
Rf,Kr,0,5242,166,-1.0
Rf,La,0,5242,8114,-1.0
Rf,Li,10,5242,117297,0.0432242341374053
Rf,Lr,0,5242,861,-1.0
Rf,Lu,0,5242,2717,-1.0
Rf,Lv,0,5242,5,-1.0
Rf,Mc,0,5242,5,-1.0
Rf,Md,1,5242,96,0.2956850241738159
Rf,Mg,4,5242,63053,0.02379925886140216
Rf,Mn,2,5242,30915,0.02397146053125616
Rf,Mo,1,5242,20126,0.008921786855902501
Rf,Mt,0,5242,79,-1.0
Rf,N,2501,5242,110925773,-0.057678089474340596
Rf,Na,21,5242,410484,0.012535568589876013
Rf,Nb,0,5242,6672,-1.0
Rf,Nd,0,5242,5576,-1.0
Rf,Ne,0,5242,225,-1.0
Rf,Nh,0,5242,8,-1.0
Rf,Ni,4,5242,50498,0.03666809156957801
Rf,No,0,5242,366,-1.0
Rf,Np,0,5242,482,-1.0
Rf,O,4104,5242,109353141,-0.0110748019195581
Rf,Og,0,5242,1,-1.0
Rf,Os,0,5242,8718,-1.0
Rf,P,191,5242,2503338,0.044457793567608324
Rf,Pa,0,5242,263,-1.0
Rf,Pb,0,5242,18301,-1.0
Rf,Pd,1,5242,48856,-0.038655430096461676
Rf,Pm,0,5242,410,-1.0
Rf,Po,11,5242,1385,0.3226393756593239
Rf,Pr,2,5242,3784,0.1410057667316569
Rf,Pt,2,5242,143559,-0.061584430995078765
Rf,Pu,0,5242,577,-1.0
Rf,Ra,3,5242,277,0.3164231280736073
Rf,Rb,95,5242,11197,0.37670759658588837
Rf,Re,579,5242,10228,0.5867218438009556
Rf,Rf,5242,5242,5242,
Rf,Rg,0,5242,9,-1.0
Rf,Rh,153,5242,14946,0.40369398915706933
Rf,Rn,0,5242,138,-1.0
Rf,Ru,26,5242,39255,0.17918728854818966
Rf,S,876,5242,36318993,-0.046894463769828074
Rf,Sb,2,5242,19105,0.05078825858536448
Rf,Sc,0,5242,3525,-1.0
Rf,Se,1,5242,120337,-0.08701343264949749
Rf,Sg,0,5242,137,-1.0
Rf,Si,437,5242,1825174,0.13843462789913685
Rf,Sm,0,5242,3363,-1.0
Rf,Sn,4,5242,109311,-0.008089797406424333
Rf,Sr,0,5242,8295,-1.0
Rf,Ta,6,5242,5739,0.19068413800708087
Rf,Tb,3,5242,3117,0.1784331776966881
Rf,Tc,0,5242,3663,-1.0
Rf,Te,0,5242,20569,-1.0
Rf,Th,0,5242,1733,-1.0
Rf,Ti,0,5242,77983,-1.0
Rf,Tl,0,5242,6312,-1.0
Rf,Tm,0,5242,1275,-1.0
Rf,Ts,0,5242,3,-1.0
Rf,U,16,5242,21879,0.1799464862665872
Rf,V,40,5242,39871,0.21212032288491933
Rf,W,56,5242,44325,0.23278002046748733
Rf,Xe,1,5242,588,0.1984571845604277
Rf,Y,138,5242,98196,0.2558547440001548
Rf,Yb,0,5242,3286,-1.0
Rf,Zn,1,5242,76233,-0.0625236984022201
Rf,Zr,0,5242,106659,-1.0
Rg,Ac,0,9,9776,-1.0
Rg,Ag,0,9,19086,-1.0
Rg,Al,0,9,82361,-1.0
Rg,Am,0,9,380,-1.0
Rg,Ar,0,9,4079,-1.0
Rg,As,0,9,33552,-1.0
Rg,At,0,9,1164,-1.0
Rg,Au,0,9,18070,-1.0
Rg,B,0,9,1315877,-1.0
Rg,Ba,0,9,15764,-1.0
Rg,Be,0,9,3233,-1.0
Rg,Bh,0,9,74,-1.0
Rg,Bi,0,9,15692,-1.0
Rg,Bk,0,9,169,-1.0
Rg,Br,0,9,8607410,-1.0
Rg,C,1,9,124377664,-0.11778229239864349
Rg,Ca,0,9,47081,-1.0
Rg,Cd,0,9,7961,-1.0
Rg,Ce,0,9,8261,-1.0
Rg,Cf,0,9,237,-1.0
Rg,Cl,0,9,21906474,-1.0
Rg,Cm,0,9,692,-1.0
Rg,Cn,0,9,7,-1.0
Rg,Co,0,9,45781,-1.0
Rg,Cr,0,9,27069,-1.0
Rg,Cs,0,9,12307,-1.0
Rg,Cu,0,9,67388,-1.0
Rg,Db,0,9,105,-1.0
Rg,Ds,0,9,11,-1.0
Rg,Dy,0,9,2319,-1.0
Rg,Er,0,9,2201,-1.0
Rg,Es,0,9,359,-1.0
Rg,Eu,0,9,5611,-1.0
Rg,F,0,9,25344252,-1.0
Rg,Fe,0,9,81651,-1.0
Rg,Fl,0,9,8,-1.0
Rg,Fm,0,9,2120,-1.0
Rg,Fr,0,9,105,-1.0
Rg,Ga,0,9,11650,-1.0
Rg,Gd,0,9,7718,-1.0
Rg,Ge,0,9,47164,-1.0
Rg,H,1,9,124461855,-0.1178185933494136
Rg,He,0,9,415,-1.0
Rg,Hf,0,9,22172,-1.0
Rg,Hg,0,9,15140,-1.0
Rg,Ho,0,9,1848,-1.0
Rg,Hs,0,9,69,-1.0
Rg,I,0,9,2542800,-1.0
Rg,In,0,9,14006,-1.0
Rg,Ir,0,9,169603,-1.0
Rg,K,0,9,156190,-1.0
Rg,Kr,0,9,166,-1.0
Rg,La,0,9,8114,-1.0
Rg,Li,0,9,117297,-1.0
Rg,Lr,0,9,861,-1.0
Rg,Lu,0,9,2717,-1.0
Rg,Lv,0,9,5,-1.0
Rg,Mc,0,9,5,-1.0
Rg,Md,0,9,96,-1.0
Rg,Mg,0,9,63053,-1.0
Rg,Mn,0,9,30915,-1.0
Rg,Mo,0,9,20126,-1.0
Rg,Mt,0,9,79,-1.0
Rg,N,1,9,110925773,-0.11164183771291364
Rg,Na,0,9,410484,-1.0
Rg,Nb,0,9,6672,-1.0
Rg,Nd,0,9,5576,-1.0
Rg,Ne,0,9,225,-1.0
Rg,Nh,0,9,8,-1.0
Rg,Ni,0,9,50498,-1.0
Rg,No,0,9,366,-1.0
Rg,Np,0,9,482,-1.0
Rg,O,1,9,109353141,-0.11087582984743104
Rg,Og,0,9,1,-1.0
Rg,Os,0,9,8718,-1.0
Rg,P,0,9,2503338,-1.0
Rg,Pa,0,9,263,-1.0
Rg,Pb,0,9,18301,-1.0
Rg,Pd,0,9,48856,-1.0
Rg,Pm,0,9,410,-1.0
Rg,Po,0,9,1385,-1.0
Rg,Pr,0,9,3784,-1.0
Rg,Pt,0,9,143559,-1.0
Rg,Pu,0,9,577,-1.0
Rg,Ra,0,9,277,-1.0
Rg,Rb,0,9,11197,-1.0
Rg,Re,0,9,10228,-1.0
Rg,Rf,0,9,5242,-1.0
Rg,Rg,9,9,9,
Rg,Rh,0,9,14946,-1.0
Rg,Rn,0,9,138,-1.0
Rg,Ru,0,9,39255,-1.0
Rg,S,0,9,36318993,-1.0
Rg,Sb,0,9,19105,-1.0
Rg,Sc,0,9,3525,-1.0
Rg,Se,0,9,120337,-1.0
Rg,Sg,0,9,137,-1.0
Rg,Si,0,9,1825174,-1.0
Rg,Sm,0,9,3363,-1.0
Rg,Sn,0,9,109311,-1.0
Rg,Sr,0,9,8295,-1.0
Rg,Ta,0,9,5739,-1.0
Rg,Tb,0,9,3117,-1.0
Rg,Tc,0,9,3663,-1.0
Rg,Te,0,9,20569,-1.0
Rg,Th,0,9,1733,-1.0
Rg,Ti,0,9,77983,-1.0
Rg,Tl,0,9,6312,-1.0
Rg,Tm,0,9,1275,-1.0
Rg,Ts,0,9,3,-1.0
Rg,U,0,9,21879,-1.0
Rg,V,0,9,39871,-1.0
Rg,W,0,9,44325,-1.0
Rg,Xe,0,9,588,-1.0
Rg,Y,0,9,98196,-1.0
Rg,Yb,0,9,3286,-1.0
Rg,Zn,0,9,76233,-1.0
Rg,Zr,0,9,106659,-1.0
Rh,Ac,7,14946,9776,0.10701400877138949
Rh,Ag,54,14946,19086,0.2157183339570743
Rh,Al,98,14946,82361,0.1632402637080166
Rh,Am,0,14946,380,-1.0
Rh,Ar,5,14946,4079,0.13646596467454156
Rh,As,94,14946,33552,0.22350314470929816
Rh,At,0,14946,1164,-1.0
Rh,Au,60,14946,18070,0.22828455969160918
Rh,B,1514,14946,1315877,0.19975490811127342
Rh,Ba,20,14946,15764,0.1507582118444708
Rh,Be,7,14946,3233,0.17329402666170612
Rh,Bh,0,14946,74,-1.0
Rh,Bi,23,14946,15692,0.16142635887626475
Rh,Bk,0,14946,169,-1.0
Rh,Br,312,14946,8607410,-0.0927927123877786
Rh,C,13083,14946,124377664,-0.01434597812318261
Rh,Ca,17,14946,47081,0.06970964188696545
Rh,Cd,14,14946,7961,0.167802116014107
Rh,Ce,35,14946,8261,0.23628355868577378
Rh,Cf,0,14946,237,-1.0
Rh,Cl,2764,14946,21906474,0.004710246757515531
Rh,Cm,0,14946,692,-1.0
Rh,Cn,0,14946,7,-1.0
Rh,Co,150,14946,45781,0.2426536847255651
Rh,Cr,58,14946,27069,0.19771020735633854
Rh,Cs,15,14946,12307,0.1455178575951269
Rh,Cu,64,14946,67388,0.14287010824029914
Rh,Db,0,14946,105,-1.0
Rh,Ds,0,14946,11,-1.0
Rh,Dy,7,14946,2319,0.19319710819280053
Rh,Er,6,14946,2201,0.18538004725736282
Rh,Es,0,14946,359,-1.0
Rh,Eu,9,14946,5611,0.15769785019037535
Rh,F,2917,14946,25344252,-0.0038845086959443938
Rh,Fe,233,14946,81651,0.2402793481067048
Rh,Fl,0,14946,8,-1.0
Rh,Fm,0,14946,2120,-1.0
Rh,Fr,0,14946,105,-1.0
Rh,Ga,36,14946,11650,0.21576598857648777
Rh,Gd,10,14946,7718,0.14564917280756867
Rh,Ge,30,14946,47164,0.10946312248873379
Rh,H,13748,14946,124461855,-0.00905708932140649
Rh,He,1,14946,415,0.16094258282932822
Rh,Hf,21,14946,22172,0.13248714897647285
Rh,Hg,11,14946,15140,0.11088924252796853
Rh,Ho,7,14946,1848,0.20679622250508986
Rh,Hs,0,14946,69,-1.0
Rh,I,323,14946,2542800,0.004447680342706248
Rh,In,16,14946,14006,0.14202732514312613
Rh,Ir,427,14946,169603,0.2418915355936942
Rh,K,164,14946,156190,0.16021160915543628
Rh,Kr,0,14946,166,-1.0
Rh,La,22,14946,8114,0.20052298468173074
Rh,Li,92,14946,117297,0.13299044940076024
Rh,Lr,0,14946,861,-1.0
Rh,Lu,6,14946,2717,0.17287964020681149
Rh,Lv,0,14946,5,-1.0
Rh,Mc,0,14946,5,-1.0
Rh,Md,0,14946,96,-1.0
Rh,Mg,28,14946,63053,0.085496443250344
Rh,Mn,55,14946,30915,0.18428440006815489
Rh,Mo,77,14946,20126,0.24217931383207603
Rh,Mt,1,14946,79,0.24993309959565926
Rh,N,6808,14946,110925773,-0.06828385075634744
Rh,Na,171,14946,410484,0.09222293619221617
Rh,Nb,22,14946,6672,0.2131067602514264
Rh,Nd,5,14946,5576,0.11811013900179133
Rh,Ne,1,14946,225,0.1937838174018974
Rh,Nh,0,14946,8,-1.0
Rh,Ni,103,14946,50498,0.2022999908013096
Rh,No,0,14946,366,-1.0
Rh,Np,0,14946,482,-1.0
Rh,O,8757,14946,109353141,-0.04226220985919014
Rh,Og,0,14946,1,-1.0
Rh,Os,138,14946,8718,0.3560375661873375
Rh,P,4050,14946,2503338,0.2517568499315161
Rh,Pa,2,14946,263,0.23119395961575354
Rh,Pb,22,14946,18301,0.14821485702937742
Rh,Pd,230,14946,48856,0.2779620335828397
Rh,Pm,2,14946,410,0.2064548064559668
Rh,Po,3,14946,1385,0.1649472121143101
Rh,Pr,4,14946,3784,0.12611924086291135
Rh,Pt,337,14946,143559,0.23196655176885106
Rh,Pu,4,14946,577,0.23511823519647568
Rh,Ra,0,14946,277,-1.0
Rh,Rb,42,14946,11197,0.23100275496181144
Rh,Re,178,14946,10228,0.36981394677973123
Rh,Rf,153,14946,5242,0.40369398915706933
Rh,Rg,0,14946,9,-1.0
Rh,Rh,14946,14946,14946,
Rh,Rn,0,14946,138,-1.0
Rh,Ru,191,14946,39255,0.27656868667660267
Rh,S,1895,14946,36318993,-0.07504744163203853
Rh,Sb,137,14946,19105,0.29813739165317193
Rh,Sc,13,14946,3525,0.21309631818194283
Rh,Se,52,14946,120337,0.08724222964276572
Rh,Sg,0,14946,137,-1.0
Rh,Si,338,14946,1825174,0.03387513170811256
Rh,Sm,4,14946,3363,0.13295513902376674
Rh,Sn,40,14946,109311,0.074591160831378
Rh,Sr,16,14946,8295,0.17503934454523704
Rh,Ta,28,14946,5739,0.24205766802649403
Rh,Tb,10,14946,3117,0.20114477515842163
Rh,Tc,10,14946,3663,0.1912652307037238
Rh,Te,23,14946,20569,0.1439717711921175
Rh,Th,9,14946,1733,0.22914788403949046
Rh,Ti,46,14946,77983,0.10753044610825005
Rh,Tl,10,14946,6312,0.15795810415322586
Rh,Tm,3,14946,1275,0.16966470925821434
Rh,Ts,0,14946,3,-1.0
Rh,U,16,14946,21879,0.11391773170186335
Rh,V,29,14946,39871,0.11799891120034248
Rh,W,51,14946,44325,0.15370864972442821
Rh,Xe,0,14946,588,-1.0
Rh,Y,61,14946,98196,0.11318139928946004
Rh,Yb,7,14946,3286,0.17232002916676964
Rh,Zn,45,14946,76233,0.10741949098354232
Rh,Zr,52,14946,106659,0.09545633094858845
Rn,Ac,0,138,9776,-1.0
Rn,Ag,0,138,19086,-1.0
Rn,Al,0,138,82361,-1.0
Rn,Am,0,138,380,-1.0
Rn,Ar,2,138,4079,0.33948227568237543
Rn,As,0,138,33552,-1.0
Rn,At,0,138,1164,-1.0
Rn,Au,0,138,18070,-1.0
Rn,B,2,138,1315877,0.017630011049690697
Rn,Ba,1,138,15764,0.21715018586130203
Rn,Be,0,138,3233,-1.0
Rn,Bh,0,138,74,-1.0
Rn,Bi,0,138,15692,-1.0
Rn,Bk,0,138,169,-1.0
Rn,Br,3,138,8607410,-0.06591310006501848
Rn,C,66,138,124377664,-0.05092417660744685
Rn,Ca,1,138,47081,0.15845333094288408
Rn,Cd,0,138,7961,-1.0
Rn,Ce,1,138,8261,0.2518156759773467
Rn,Cf,0,138,237,-1.0
Rn,Cl,4,138,21906474,-0.10447977963130026
Rn,Cm,0,138,692,-1.0
Rn,Cn,0,138,7,-1.0
Rn,Co,0,138,45781,-1.0
Rn,Cr,0,138,27069,-1.0
Rn,Cs,0,138,12307,-1.0
Rn,Cu,0,138,67388,-1.0
Rn,Db,0,138,105,-1.0
Rn,Ds,0,138,11,-1.0
Rn,Dy,0,138,2319,-1.0
Rn,Er,0,138,2201,-1.0
Rn,Es,0,138,359,-1.0
Rn,Eu,0,138,5611,-1.0
Rn,F,6,138,25344252,-0.09158077229993807
Rn,Fe,1,138,81651,0.1289163781616872
Rn,Fl,0,138,8,-1.0
Rn,Fm,0,138,2120,-1.0
Rn,Fr,0,138,105,-1.0
Rn,Ga,0,138,11650,-1.0
Rn,Gd,0,138,7718,-1.0
Rn,Ge,0,138,47164,-1.0
Rn,H,83,138,124461855,-0.035677180072196966
Rn,He,2,138,415,0.4668171776767584
Rn,Hf,0,138,22172,-1.0
Rn,Hg,0,138,15140,-1.0
Rn,Ho,0,138,1848,-1.0
Rn,Hs,1,138,69,0.5085247738590223
Rn,I,1,138,2542800,-0.05555082787236858
Rn,In,0,138,14006,-1.0
Rn,Ir,0,138,169603,-1.0
Rn,K,7,138,156190,0.2216498708532511
Rn,Kr,3,138,166,0.5529556307613968
Rn,La,0,138,8114,-1.0
Rn,Li,0,138,117297,-1.0
Rn,Lr,0,138,861,-1.0
Rn,Lu,0,138,2717,-1.0
Rn,Lv,0,138,5,-1.0
Rn,Mc,0,138,5,-1.0
Rn,Md,0,138,96,-1.0
Rn,Mg,0,138,63053,-1.0
Rn,Mn,1,138,30915,0.18101856653794762
Rn,Mo,0,138,20126,-1.0
Rn,Mt,0,138,79,-1.0
Rn,N,36,138,110925773,-0.0815283512076241
Rn,Na,8,138,410484,0.173154569195299
Rn,Nb,0,138,6672,-1.0
Rn,Nd,0,138,5576,-1.0
Rn,Ne,1,138,225,0.44511489736782145
Rn,Nh,0,138,8,-1.0
Rn,Ni,1,138,50498,0.15469462893638905
Rn,No,0,138,366,-1.0
Rn,Np,0,138,482,-1.0
Rn,O,60,138,109353141,-0.04829231493140471
Rn,Og,0,138,1,-1.0
Rn,Os,0,138,8718,-1.0
Rn,P,7,138,2503338,0.05547018988537874
Rn,Pa,0,138,263,-1.0
Rn,Pb,1,138,18301,0.20914468282476986
Rn,Pd,0,138,48856,-1.0
Rn,Pm,0,138,410,-1.0
Rn,Po,1,138,1385,0.3476200986510456
Rn,Pr,0,138,3784,-1.0
Rn,Pt,0,138,143559,-1.0
Rn,Pu,0,138,577,-1.0
Rn,Ra,2,138,277,0.489341963028604
Rn,Rb,0,138,11197,-1.0
Rn,Re,3,138,10228,0.31803856511205597
Rn,Rf,0,138,5242,-1.0
Rn,Rg,0,138,9,-1.0
Rn,Rh,0,138,14946,-1.0
Rn,Rn,138,138,138,
Rn,Ru,0,138,39255,-1.0
Rn,S,11,138,36318993,-0.0798316615632728
Rn,Sb,0,138,19105,-1.0
Rn,Sc,1,138,3525,0.29750456307220835
Rn,Se,0,138,120337,-1.0
Rn,Sg,0,138,137,-1.0
Rn,Si,0,138,1825174,-1.0
Rn,Sm,0,138,3363,-1.0
Rn,Sn,1,138,109311,0.11326537916720866
Rn,Sr,0,138,8295,-1.0
Rn,Ta,0,138,5739,-1.0
Rn,Tb,0,138,3117,-1.0
Rn,Tc,0,138,3663,-1.0
Rn,Te,0,138,20569,-1.0
Rn,Th,3,138,1733,0.41924042733475153
Rn,Ti,0,138,77983,-1.0
Rn,Tl,0,138,6312,-1.0
Rn,Tm,0,138,1275,-1.0
Rn,Ts,0,138,3,-1.0
Rn,U,3,138,21879,0.27469107619394545
Rn,V,0,138,39871,-1.0
Rn,W,0,138,44325,-1.0
Rn,Xe,5,138,588,0.5252739328242458
Rn,Y,2,138,98196,0.16223564787590894
Rn,Yb,0,138,3286,-1.0
Rn,Zn,1,138,76233,0.13259972921135676
Rn,Zr,0,138,106659,-1.0
Ru,Ac,8,39255,9776,0.05763236039836625
Ru,Ag,84,39255,19086,0.1855635487050809
Ru,Al,126,39255,82361,0.11446571947730787
Ru,Am,2,39255,380,0.15688495715981943
Ru,Ar,71,39255,4079,0.27902438747068814
Ru,As,42,39255,33552,0.09256723085771607
Ru,At,0,39255,1164,-1.0
Ru,Au,98,39255,18070,0.20245773936689224
Ru,B,1179,39255,1315877,0.09034378215551876
Ru,Ba,22,39255,15764,0.09571099711708482
Ru,Be,6,39255,3233,0.10524757886675298
Ru,Bh,0,39255,74,-1.0
Ru,Bi,43,39255,15692,0.14536893240998805
Ru,Bk,0,39255,169,-1.0
Ru,Br,1197,39255,8607410,-0.07079237065924669
Ru,C,36176,39255,124377664,-0.009820640283971324
Ru,Ca,29,39255,47081,0.043891805822837054
Ru,Cd,14,39255,7961,0.10745548694066005
Ru,Ce,51,39255,8261,0.2022763496318639
Ru,Cf,0,39255,237,-1.0
Ru,Cl,17523,39255,21906474,0.10504544749969902
Ru,Cm,2,39255,692,0.12348651642357665
Ru,Cn,0,39255,7,-1.0
Ru,Co,271,39255,45781,0.22496549570907978
Ru,Cr,63,39255,27069,0.13793435044443356
Ru,Cs,44,39255,12307,0.16349683204151136
Ru,Cu,228,39255,67388,0.17968273778186122
Ru,Db,0,39255,105,-1.0
Ru,Ds,0,39255,11,-1.0
Ru,Dy,8,39255,2319,0.14451035056956157
Ru,Er,10,39255,2201,0.16333856332461816
Ru,Es,4,39255,359,0.20665478048557862
Ru,Eu,9,39255,5611,0.09897273890817262
Ru,F,5972,39255,25344252,-0.029211271714127084
Ru,Fe,413,39255,81651,0.22001413820412064
Ru,Fl,0,39255,8,-1.0
Ru,Fm,3,39255,2120,0.08563143545866682
Ru,Fr,0,39255,105,-1.0
Ru,Ga,34,39255,11650,0.14727885348519068
Ru,Gd,9,39255,7718,0.07958331328689751
Ru,Ge,24,39255,47164,0.031001923341352617
Ru,H,37356,39255,124461855,-0.005986240924625564
Ru,He,1,39255,415,0.10913960502688434
Ru,Hf,16,39255,22172,0.052224921429139176
Ru,Hg,20,39255,15140,0.09161738149399971
Ru,Ho,4,39255,1848,0.11169047087494255
Ru,Hs,0,39255,69,-1.0
Ru,I,766,39255,2542800,-0.003741476636484764
Ru,In,29,39255,14006,0.12327142239928829
Ru,Ir,394,39255,169603,0.15775469206526038
Ru,K,348,39255,156190,0.15295764451415375
Ru,Kr,0,39255,166,-1.0
Ru,La,63,39255,8114,0.22103879243341473
Ru,Li,208,39255,117297,0.12987846419242827
Ru,Lr,0,39255,861,-1.0
Ru,Lu,4,39255,2717,0.0893525187656321
Ru,Lv,0,39255,5,-1.0
Ru,Mc,0,39255,5,-1.0
Ru,Md,1,39255,96,0.1876743940190249
Ru,Mg,52,39255,63053,0.06550430790475144
Ru,Mn,132,39255,30915,0.18945740778734466
Ru,Mo,115,39255,20126,0.2085453727623226
Ru,Mt,0,39255,79,-1.0
Ru,N,26522,39255,110925773,-0.03263742849584761
Ru,Na,414,39255,410484,0.09223173874671312
Ru,Nb,34,39255,6672,0.18415725450238685
Ru,Nd,21,39255,5576,0.15907878510783705
Ru,Ne,0,39255,225,-1.0
Ru,Nh,0,39255,8,-1.0
Ru,Ni,196,39255,50498,0.18792440942186023
Ru,No,0,39255,366,-1.0
Ru,Np,1,39255,482,0.10111056457387149
Ru,O,23345,39255,109353141,-0.045355170830639904
Ru,Og,0,39255,1,-1.0
Ru,Os,226,39255,8718,0.3335922431504728
Ru,P,11489,39255,2503338,0.288300171605154
Ru,Pa,0,39255,263,-1.0
Ru,Pb,51,39255,18301,0.14819885419192866
Ru,Pd,201,39255,48856,0.19264657856148487
Ru,Pm,2,39255,410,0.15265114240898764
Ru,Po,4,39255,1385,0.12840542648658199
Ru,Pr,33,39255,3784,0.21927258178728934
Ru,Pt,381,39255,143559,0.16782498245299748
Ru,Pu,2,39255,577,0.1336129877973573
Ru,Ra,1,39255,277,0.13082680749264244
Ru,Rb,28,39255,11197,0.1353186453807959
Ru,Re,122,39255,10228,0.26262656684940305
Ru,Rf,26,39255,5242,0.17918728854818966
Ru,Rg,0,39255,9,-1.0
Ru,Rh,191,39255,14946,0.27656868667660267
Ru,Rn,0,39255,138,-1.0
Ru,Ru,39255,39255,39255,
Ru,S,7575,39255,36318993,-0.042495574182839925
Ru,Sb,92,39255,19105,0.1931320563440429
Ru,Sc,11,39255,3525,0.14116909606792236
Ru,Se,78,39255,120337,0.05050162549972702
Ru,Sg,2,39255,137,0.2137283512369283
Ru,Si,856,39255,1825174,0.033460181521075
Ru,Sm,12,39255,3363,0.15022734577148675
Ru,Sn,155,39255,109311,0.11062438789188354
Ru,Sr,31,39255,8295,0.1626456108099816
Ru,Ta,95,39255,5739,0.2812261139889578
Ru,Tb,9,39255,3117,0.1347233275093172
Ru,Tc,12,39255,3663,0.14493822549905264
Ru,Te,24,39255,20569,0.08467027694927105
Ru,Th,7,39255,1733,0.15280367875579215
Ru,Ti,224,39255,77983,0.16706612238172455
Ru,Tl,15,39255,6312,0.12681898312817957
Ru,Tm,1,39255,1275,0.04892550411393795
Ru,Ts,0,39255,3,-1.0
Ru,U,17,39255,21879,0.05710200991170915
Ru,V,56,39255,39871,0.10226668196087083
Ru,W,100,39255,44325,0.14025750593849515
Ru,Xe,0,39255,588,-1.0
Ru,Y,195,39255,98196,0.13772007637738207
Ru,Yb,7,39255,3286,0.11447894311033378
Ru,Zn,109,39255,76233,0.10842906449618409
Ru,Zr,83,39255,106659,0.06357523460396237
S,Ac,1732,36318993,9776,-0.044527375026664866
S,Ag,4286,36318993,19086,-0.0253876396460705
S,Al,9315,36318993,82361,-0.09965153624466347
S,Am,20,36318993,380,-0.10941381444072486
S,Ar,759,36318993,4079,-0.03738373167752624
S,As,6722,36318993,33552,-0.03816160913181634
S,At,155,36318993,1164,-0.05762334641347188
S,Au,4314,36318993,18070,-0.019443833330625694
S,B,245084,36318993,1315877,-0.07189267775771851
S,Ba,3989,36318993,15764,-0.013673146378547963
S,Be,782,36318993,3233,-0.015580131721540201
S,Bh,7,36318993,74,-0.0674153169095828
S,Bi,2380,36318993,15692,-0.0601314462905832
S,Bk,11,36318993,169,-0.09230777737078824
S,Br,2388328,36318993,8607410,-0.012479240347902407
S,C,36283770,36318993,124377664,0.000591391258808577
S,Ca,12219,36318993,47081,-0.012589214779851502
S,Cd,1637,36318993,7961,-0.03105074630246356
S,Ce,890,36318993,8261,-0.08400469547320616
S,Cf,47,36318993,237,-0.02604603440789094
S,Cl,6845558,36318993,21906474,0.023953566420962368
S,Cm,114,36318993,692,-0.04104517566911272
S,Cn,0,36318993,7,-1.0
S,Co,6140,36318993,45781,-0.07827852814113832
S,Cr,4797,36318993,27069,-0.048964802307274215
S,Cs,3304,36318993,12307,-0.007815096033158915
S,Cu,17712,36318993,67388,-0.01168849348348432
S,Db,19,36318993,105,-0.030379514659030972
S,Ds,1,36318993,11,-0.06250967281962844
S,Dy,182,36318993,2319,-0.09765939235580362
S,Er,183,36318993,2201,-0.09340294081559943
S,Es,46,36318993,359,-0.05549590561944577
S,Eu,994,36318993,5611,-0.04242900079539652
S,F,7067743,36318993,25344252,-0.01544847661916175
S,Fe,11883,36318993,81651,-0.07503655743766341
S,Fl,0,36318993,8,-1.0
S,Fm,378,36318993,2120,-0.0386911297190115
S,Fr,20,36318993,105,-0.027200501404035904
S,Ga,1482,36318993,11650,-0.07312847961000007
S,Gd,1094,36318993,7718,-0.06192878174109729
S,Ge,7085,36318993,47164,-0.06782435533787508
S,H,36299205,36318993,124461855,0.0003877699716432022
S,He,38,36318993,415,-0.07718555017922783
S,Hf,840,36318993,22172,-0.17136806022816287
S,Hg,2933,36318993,15140,-0.03834496737546842
S,Ho,160,36318993,1848,-0.08949293311359569
S,Hs,16,36318993,69,-0.014421283963873583
S,I,613829,36318993,2542800,-0.035501768700755366
S,In,2084,36318993,14006,-0.061146131640621916
S,Ir,33850,36318993,169603,-0.04613898435783659
S,K,53926,36318993,156190,0.021848620720953102
S,Kr,3,36318993,166,-0.15851706823379402
S,La,612,36318993,8114,-0.11059835945747665
S,Li,29320,36318993,117297,-0.018404154210519146
S,Lr,108,36318993,861,-0.06041390965224102
S,Lu,311,36318993,2717,-0.07246166008540872
S,Lv,0,36318993,5,-1.0
S,Mc,0,36318993,5,-1.0
S,Md,11,36318993,96,-0.05748889316829531
S,Mg,10007,36318993,63053,-0.0644795164270537
S,Mn,4386,36318993,30915,-0.0702279024684658
S,Mo,4526,36318993,20126,-0.025383337167255885
S,Mt,38,36318993,79,0.03338143918170882
S,N,33991401,36318993,110925773,0.038438212150480565
S,Na,206703,36318993,410484,0.08539063133721381
S,Nb,280,36318993,6672,-0.14902675108556057
S,Nd,323,36318993,5576,-0.12562450151730536
S,Ne,11,36318993,225,-0.10992817200348111
S,Nh,0,36318993,8,-1.0
S,Ni,8220,36318993,50498,-0.06053078203784868
S,No,46,36318993,366,-0.05679965164876819
S,Np,37,36318993,482,-0.08878101926719804
S,O,32660900,36318993,109353141,0.01813342501112688
S,Og,0,36318993,1,-1.0
S,Os,1490,36318993,8718,-0.04710887640901906
S,P,432705,36318993,2503338,-0.09229527907386482
S,Pa,33,36318993,263,-0.055663193422464306
S,Pb,2730,36318993,18301,-0.06244805256596283
S,Pd,9385,36318993,48856,-0.04393275626909155
S,Pm,48,36318993,410,-0.06176816227753461
S,Po,172,36318993,1385,-0.06323848305404631
S,Pr,441,36318993,3784,-0.07304396032185786
S,Pt,14072,36318993,143559,-0.11991709952927758
S,Pu,32,36318993,577,-0.10935399646930298
S,Ra,26,36318993,277,-0.07367098942803607
S,Rb,1659,36318993,11197,-0.060281070694597025
S,Re,1627,36318993,10228,-0.05385981034231715
S,Rf,876,36318993,5242,-0.046894463769828074
S,Rg,0,36318993,9,-1.0
S,Rh,1895,36318993,14946,-0.07504744163203853
S,Rn,11,36318993,138,-0.0798316615632728
S,Ru,7575,36318993,39255,-0.042495574182839925
S,S,36318993,36318993,36318993,
S,Sb,3961,36318993,19105,-0.032904852901418
S,Sc,477,36318993,3525,-0.061527824488075124
S,Se,22590,36318993,120337,-0.051084543644285364
S,Sg,3,36318993,137,-0.147571467390937
S,Si,256610,36318993,1825174,-0.11789257137758116
S,Sm,309,36318993,3363,-0.08945135431698228
S,Sn,23446,36318993,109311,-0.035767392145544794
S,Sr,906,36318993,8295,-0.08297238433560507
S,Ta,275,36318993,5739,-0.1386379386677554
S,Tb,407,36318993,3117,-0.06358052999043369
S,Tc,1675,36318993,3663,0.04013673478495023
S,Te,2983,36318993,20569,-0.06561878651119561
S,Th,172,36318993,1733,-0.07985103997323795
S,Ti,4317,36318993,77983,-0.16175398041413047
S,Tl,1396,36318993,6312,-0.024226325809540233
S,Tm,135,36318993,1275,-0.07373323519786384
S,Ts,0,36318993,3,-1.0
S,U,3884,36318993,21879,-0.04780110517960477
S,V,5810,36318993,39871,-0.06952504871264634
S,W,5747,36318993,44325,-0.0811479491328505
S,Xe,40,36318993,588,-0.09732474299550467
S,Y,14494,36318993,98196,-0.07512372555530662
S,Yb,522,36318993,3286,-0.049025571806241314
S,Zn,17763,36318993,76233,-0.025294008938045315
S,Zr,4323,36318993,106659,-0.19213541634107098
Sb,Ac,1,19105,9776,-0.02171922892307885
Sb,Ag,234,19105,19086,0.3322994319353062
Sb,Al,237,19105,82361,0.22258694616866087
Sb,Am,2,19105,380,0.19700939363826173
Sb,Ar,0,19105,4079,-1.0
Sb,As,404,19105,33552,0.34522905372370977
Sb,At,0,19105,1164,-1.0
Sb,Au,160,19105,18070,0.2989963658513259
Sb,B,418,19105,1315877,0.05777804098350637
Sb,Ba,82,19105,15764,0.24758387584215888
Sb,Be,22,19105,3233,0.24391180742293278
Sb,Bh,0,19105,74,-1.0
Sb,Bi,436,19105,15692,0.4138827359523116
Sb,Bk,0,19105,169,-1.0
Sb,Br,673,19105,8607410,-0.055534075425878786
Sb,C,14466,19105,124377664,-0.03050986193186046
Sb,Ca,120,19105,47081,0.20289368656500906
Sb,Cd,88,19105,7961,0.30204019808151805
Sb,Ce,65,19105,8261,0.27221584006270033
Sb,Cf,0,19105,237,-1.0
Sb,Cl,2945,19105,21906474,-0.01235380495263358
Sb,Cm,0,19105,692,-1.0
Sb,Cn,0,19105,7,-1.0
Sb,Co,167,19105,45781,0.23436404953565765
Sb,Cr,162,19105,27069,0.27036793960828803
Sb,Cs,72,19105,12307,0.2535229776052354
Sb,Cu,308,19105,67388,0.2629427807573802
Sb,Db,0,19105,105,-1.0
Sb,Ds,0,19105,11,-1.0
Sb,Dy,11,19105,2319,0.211285362789779
Sb,Er,11,19105,2201,0.21450061984883426
Sb,Es,0,19105,359,-1.0
Sb,Eu,18,19105,5611,0.19305930557734038
Sb,F,4117,19105,25344252,0.005587044077595564
Sb,Fe,326,19105,81651,0.2535870628436588
Sb,Fl,0,19105,8,-1.0
Sb,Fm,2,19105,2120,0.101229421630387
Sb,Fr,0,19105,105,-1.0
Sb,Ga,143,19105,11650,0.32042043348746096
Sb,Gd,15,19105,7718,0.1593955796024994
Sb,Ge,270,19105,47164,0.2775519580979563
Sb,H,16878,19105,124461855,-0.013800281275218833
Sb,He,0,19105,415,-1.0
Sb,Hf,17,19105,22172,0.1018171038424613
Sb,Hg,48,19105,15140,0.20508261007978984
Sb,Ho,7,19105,1848,0.1920905069559323
Sb,Hs,0,19105,69,-1.0
Sb,I,752,19105,2542800,0.05465124953593094
Sb,In,240,19105,14006,0.3583786823451189
Sb,Ir,88,19105,169603,0.08606452820361732
Sb,K,371,19105,156190,0.21535130227276192
Sb,Kr,0,19105,166,-1.0
Sb,La,57,19105,8114,0.26199948468341905
Sb,Li,192,19105,117297,0.17692983084761277
Sb,Lr,0,19105,861,-1.0
Sb,Lu,5,19105,2717,0.14590852566807128
Sb,Lv,0,19105,5,-1.0
Sb,Mc,0,19105,5,-1.0
Sb,Md,0,19105,96,-1.0
Sb,Mg,119,19105,63053,0.18109415501703813
Sb,Mn,207,19105,30915,0.2837843705384766
Sb,Mo,171,19105,20126,0.2974118276303084
Sb,Mt,0,19105,79,-1.0
Sb,N,5027,19105,110925773,-0.12047548724541082
Sb,Na,615,19105,410484,0.18654344546205834
Sb,Nb,84,19105,6672,0.3102081321016369
Sb,Nd,13,19105,5576,0.16929712391191623
Sb,Ne,0,19105,225,-1.0
Sb,Nh,0,19105,8,-1.0
Sb,Ni,244,19105,50498,0.26251321037897407
Sb,No,0,19105,366,-1.0
Sb,Np,0,19105,482,-1.0
Sb,O,10558,19105,109353141,-0.0493420906620463
Sb,Og,0,19105,1,-1.0
Sb,Os,19,19105,8718,0.16909439467671375
Sb,P,1430,19105,2503338,0.11561405332854352
Sb,Pa,0,19105,263,-1.0
Sb,Pb,334,19105,18301,0.3725240971325068
Sb,Pd,128,19105,48856,0.20584000401314928
Sb,Pm,0,19105,410,-1.0
Sb,Po,6,19105,1385,0.19830118283072645
Sb,Pr,13,19105,3784,0.1934138234978688
Sb,Pt,75,19105,143559,0.08558336706398766
Sb,Pu,1,19105,577,0.13009206366626097
Sb,Ra,0,19105,277,-1.0
Sb,Rb,41,19105,11197,0.21256829075173136
Sb,Re,19,19105,10228,0.15891739121177326
Sb,Rf,2,19105,5242,0.05078825858536448
Sb,Rg,0,19105,9,-1.0
Sb,Rh,137,19105,14946,0.29813739165317193
Sb,Rn,0,19105,138,-1.0
Sb,Ru,92,19105,39255,0.1931320563440429
Sb,S,3961,19105,36318993,-0.032904852901418
Sb,Sb,19105,19105,19105,
Sb,Sc,40,19105,3525,0.2878659134346543
Sb,Se,320,19105,120337,0.22164778242411062
Sb,Sg,0,19105,137,-1.0
Sb,Si,581,19105,1825174,0.059498656329615464
Sb,Sm,11,19105,3363,0.18840131034211274
Sb,Sn,527,19105,109311,0.27866994759465863
Sb,Sr,34,19105,8295,0.2173972803624406
Sb,Ta,66,19105,5739,0.2987667651002291
Sb,Tb,8,19105,3117,0.17013630652537134
Sb,Tc,11,19105,3663,0.18314052374581233
Sb,Te,350,19105,20569,0.36840865769988906
Sb,Th,6,19105,1733,0.18499731414305245
Sb,Ti,258,19105,77983,0.2346914147300154
Sb,Tl,31,19105,6312,0.22796807751542977
Sb,Tm,7,19105,1275,0.21432268297452473
Sb,Ts,0,19105,3,-1.0
Sb,U,30,19105,21879,0.1437557749686306
Sb,V,126,19105,39871,0.21918646900872607
Sb,W,120,19105,44325,0.20724801348621372
Sb,Xe,2,19105,588,0.17268519964868284
Sb,Y,31,19105,98196,0.04748574260417598
Sb,Yb,13,19105,3286,0.20219177112250458
Sb,Zn,254,19105,76233,0.23495119622300345
Sb,Zr,157,19105,106659,0.16649245818977776
Sc,Ac,4,3525,9776,0.15483186778955882
Sc,Ag,16,3525,19086,0.21356110254775987
Sc,Al,216,3525,82361,0.34144149909889127
Sc,Am,0,3525,380,-1.0
Sc,Ar,0,3525,4079,-1.0
Sc,As,6,3525,33552,0.10943259641037634
Sc,At,0,3525,1164,-1.0
Sc,Au,11,3525,18070,0.18893385763610485
Sc,B,120,3525,1315877,0.08448506853023288
Sc,Ba,33,3525,15764,0.28419925414600444
Sc,Be,11,3525,3233,0.2948798641186313
Sc,Bh,0,3525,74,-1.0
Sc,Bi,31,3525,15692,0.2792204268927457
Sc,Bk,0,3525,169,-1.0
Sc,Br,68,3525,8607410,-0.0884631267086849
Sc,C,2205,3525,124377664,-0.04272079290609563
Sc,Ca,39,3525,47081,0.22546842603716025
Sc,Cd,6,3525,7961,0.19481221459241477
Sc,Ce,31,3525,8261,0.3214131371790283
Sc,Cf,0,3525,237,-1.0
Sc,Cl,241,3525,21906474,-0.07180126637145523
Sc,Cm,1,3525,692,0.2110085241843201
Sc,Cn,0,3525,7,-1.0
Sc,Co,44,3525,45781,0.23730351562033034
Sc,Cr,47,3525,27069,0.2783497766723313
Sc,Cs,12,3525,12307,0.2191113115355065
Sc,Cu,48,3525,67388,0.2184171963543669
Sc,Db,0,3525,105,-1.0
Sc,Ds,0,3525,11,-1.0
Sc,Dy,22,3525,2319,0.37397035012724134
Sc,Er,41,3525,2201,0.43477050150084373
Sc,Es,0,3525,359,-1.0
Sc,Eu,11,3525,5611,0.2609371963063761
Sc,F,505,3525,25344252,-0.028238360399666596
Sc,Fe,51,3525,81651,0.21038650941331877
Sc,Fl,0,3525,8,-1.0
Sc,Fm,0,3525,2120,-1.0
Sc,Fr,0,3525,105,-1.0
Sc,Ga,85,3525,11650,0.39107855700562505
Sc,Gd,52,3525,7718,0.3725728576523822
Sc,Ge,35,3525,47164,0.21656076606686123
Sc,H,2748,3525,124461855,-0.023128714582621536
Sc,He,0,3525,415,-1.0
Sc,Hf,24,3525,22172,0.2356909000727513
Sc,Hg,13,3525,15140,0.2122940740607786
Sc,Ho,26,3525,1848,0.4036509175899228
Sc,Hs,1,3525,69,0.3346895072572061
Sc,I,72,3525,2542800,0.00005479351368683242
Sc,In,51,3525,14006,0.3302453256265986
Sc,Ir,13,3525,169603,0.061996566235627215
Sc,K,37,3525,156190,0.1413866371810081
Sc,Kr,0,3525,166,-1.0
Sc,La,90,3525,8114,0.42228113749823526
Sc,Li,74,3525,117297,0.21654552350495399
Sc,Lr,0,3525,861,-1.0
Sc,Lu,49,3525,2717,0.4378303466049903
Sc,Lv,0,3525,5,-1.0
Sc,Mc,0,3525,5,-1.0
Sc,Md,0,3525,96,-1.0
Sc,Mg,87,3525,63053,0.2742276808920156
Sc,Mn,65,3525,30915,0.2978186366311096
Sc,Mo,33,3525,20126,0.2680685593995626
Sc,Mt,0,3525,79,-1.0
Sc,N,1070,3525,110925773,-0.09224599976634733
Sc,Na,107,3525,410484,0.15898345882537174
Sc,Nb,45,3525,6672,0.3690125817173202
Sc,Nd,38,3525,5576,0.3655452874631983
Sc,Ne,0,3525,225,-1.0
Sc,Nh,0,3525,8,-1.0
Sc,Ni,48,3525,50498,0.23795316646305587
Sc,No,0,3525,366,-1.0
Sc,Np,2,3525,482,0.27792907714650156
Sc,O,1975,3525,109353141,-0.040613782750972355
Sc,Og,0,3525,1,-1.0
Sc,Os,5,3525,8718,0.176687998005473
Sc,P,196,3525,2503338,0.07617456308943645
Sc,Pa,0,3525,263,-1.0
Sc,Pb,57,3525,18301,0.32205812494196184
Sc,Pd,16,3525,48856,0.1543270836174893
Sc,Pm,7,3525,410,0.38351571964780196
Sc,Po,3,3525,1385,0.24729641947691555
Sc,Pr,22,3525,3784,0.3424808559678034
Sc,Pt,8,3525,143559,0.04092951748555165
Sc,Pu,2,3525,577,0.2679054361607692
Sc,Ra,1,3525,277,0.2601255986591942
Sc,Rb,23,3525,11197,0.27636115090592506
Sc,Re,17,3525,10228,0.25767975903130913
Sc,Rf,0,3525,5242,-1.0
Sc,Rg,0,3525,9,-1.0
Sc,Rh,13,3525,14946,0.21309631818194283
Sc,Rn,1,3525,138,0.29750456307220835
Sc,Ru,11,3525,39255,0.14116909606792236
Sc,S,477,3525,36318993,-0.061527824488075124
Sc,Sb,40,3525,19105,0.2878659134346543
Sc,Sc,3525,3525,3525,
Sc,Se,16,3525,120337,0.09751953965890671
Sc,Sg,0,3525,137,-1.0
Sc,Si,547,3525,1825174,0.19132167034423628
Sc,Sm,21,3525,3363,0.3460392010759339
Sc,Sn,16,3525,109311,0.10357571855962651
Sc,Sr,46,3525,8295,0.35634412158342427
Sc,Ta,42,3525,5739,0.37278249996975266
Sc,Tb,35,3525,3117,0.39665533523106095
Sc,Tc,7,3525,3663,0.25234290922990094
Sc,Te,12,3525,20569,0.18731948437292997
Sc,Th,20,3525,1733,0.38421839922978784
Sc,Ti,70,3525,77983,0.2402124341159308
Sc,Tl,12,3525,6312,0.26044153338160025
Sc,Tm,15,3525,1275,0.3784875293689127
Sc,Ts,0,3525,3,-1.0
Sc,U,9,3525,21879,0.16279201682648192
Sc,V,57,3525,39871,0.26871375008720794
Sc,W,23,3525,44325,0.1876220653377402
Sc,Xe,0,3525,588,-1.0
Sc,Y,136,3525,98196,0.2834255523185552
Sc,Yb,25,3525,3286,0.36275912316558007
Sc,Zn,49,3525,76233,0.21175867727403755
Sc,Zr,98,3525,106659,0.24762238683785778
Se,Ac,17,120337,9776,0.0371985442176697
Se,Ag,289,120337,19086,0.21213005898358947
Se,Al,209,120337,82361,0.07263754908543618
Se,Am,1,120337,380,0.053770477657790784
Se,Ar,3,120337,4079,-0.015534971149535715
Se,As,315,120337,33552,0.17645945776805805
Se,At,2,120337,1164,0.03209443284899961
Se,Au,294,120337,18070,0.2179565630045525
Se,B,4137,120337,1315877,0.11443963585648377
Se,Ba,192,120337,15764,0.18938098472669132
Se,Be,39,120337,3233,0.16858398273081784
Se,Bh,0,120337,74,-1.0
Se,Bi,218,120337,15692,0.20112120820415375
Se,Bk,0,120337,169,-1.0
Se,Br,5125,120337,8607410,-0.04790409894092023
Se,C,115187,120337,124377664,-0.006017470898918135
Se,Ca,200,120337,47081,0.11101410885995776
Se,Cd,384,120337,7961,0.30818345329421104
Se,Ce,32,120337,8261,0.0915278526539372
Se,Cf,0,120337,237,-1.0
Se,Cl,9787,120337,21906474,-0.08157252533217374
Se,Cm,0,120337,692,-1.0
Se,Cn,0,120337,7,-1.0
Se,Co,232,120337,45781,0.12563439625403422
Se,Cr,187,120337,27069,0.14672112183657457
Se,Cs,51,120337,12307,0.09901507491023878
Se,Cu,859,120337,67388,0.21708704316074903
Se,Db,0,120337,105,-1.0
Se,Ds,0,120337,11,-1.0
Se,Dy,17,120337,2319,0.1282193100466103
Se,Er,17,120337,2201,0.1315231121296629
Se,Es,7,120337,359,0.18000223177554334
Se,Eu,20,120337,5611,0.08346093219475229
Se,F,10435,120337,25344252,-0.09082821696780743
Se,Fe,591,120337,81651,0.16429845687604128
Se,Fl,0,120337,8,-1.0
Se,Fm,1,120337,2120,-0.03844792143693049
Se,Fr,0,120337,105,-1.0
Se,Ga,382,120337,11650,0.27765337151658287
Se,Gd,15,120337,7718,0.04388652315664818
Se,Ge,709,120337,47164,0.22729355597760492
Se,H,117649,120337,124461855,-0.0030964975941485326
Se,He,5,120337,415,0.14817843430853508
Se,Hf,28,120337,22172,0.017513382802175154
Se,Hg,219,120337,15140,0.20423844268946162
Se,Ho,6,120337,1848,0.07195668159853244
Se,Hs,0,120337,69,-1.0
Se,I,2224,120337,2542800,-0.009075994839119245
Se,In,452,120337,14006,0.28011211672738456
Se,Ir,1026,120337,169603,0.15671578647644743
Se,K,608,120337,156190,0.11396461071384667
Se,Kr,0,120337,166,-1.0
Se,La,30,120337,8114,0.08808341690019032
Se,Li,527,120337,117297,0.12423635338524168
Se,Lr,0,120337,861,-1.0
Se,Lu,5,120337,2717,0.03785052671063312
Se,Lv,0,120337,5,-1.0
Se,Mc,0,120337,5,-1.0
Se,Md,0,120337,96,-1.0
Se,Mg,294,120337,63053,0.12150468022401673
Se,Mn,219,120337,30915,0.1503650442429435
Se,Mo,242,120337,20126,0.19173731353323045
Se,Mt,0,120337,79,-1.0
Se,N,71912,120337,110925773,-0.05346303989624586
Se,Na,1185,120337,410484,0.09468858675908573
Se,Nb,62,120337,6672,0.15598972461325988
Se,Nd,9,120337,5576,0.03122724627294432
Se,Ne,0,120337,225,-1.0
Se,Nh,0,120337,8,-1.0
Se,Ni,290,120337,50498,0.13743900574201193
Se,No,0,120337,366,-1.0
Se,Np,0,120337,482,-1.0
Se,O,77031,120337,109353141,-0.042721149223544516
Se,Og,0,120337,1,-1.0
Se,Os,48,120337,8718,0.1178480850013764
Se,P,7213,120337,2503338,0.11202195955903102
Se,Pa,0,120337,263,-1.0
Se,Pb,208,120337,18301,0.18531982635364755
Se,Pd,136,120337,48856,0.07710616433837333
Se,Pm,2,120337,410,0.09023440247682335
Se,Po,10,120337,1385,0.12312508885336819
Se,Pr,9,120337,3784,0.054804619598957154
Se,Pt,648,120337,143559,0.12672937130790218
Se,Pu,1,120337,577,0.03136387517714677
Se,Ra,0,120337,277,-1.0
Se,Rb,52,120337,11197,0.10690266480538863
Se,Re,81,120337,10228,0.14769296977016688
Se,Rf,1,120337,5242,-0.08701343264949749
Se,Rg,0,120337,9,-1.0
Se,Rh,52,120337,14946,0.08724222964276572
Se,Rn,0,120337,138,-1.0
Se,Ru,78,120337,39255,0.05050162549972702
Se,S,22590,120337,36318993,-0.051084543644285364
Se,Sb,320,120337,19105,0.22164778242411062
Se,Sc,16,120337,3525,0.09751953965890671
Se,Se,120337,120337,120337,
Se,Sg,2,120337,137,0.151311611304764
Se,Si,5276,120337,1825174,0.10886412688704059
Se,Sm,26,120337,3363,0.1352184645347963
Se,Sn,790,120337,109311,0.16815492655242498
Se,Sr,73,120337,8295,0.15397362540893242
Se,Ta,37,120337,5739,0.12630790986618967
Se,Tb,5,120337,3117,0.029786296587064765
Se,Tc,10,120337,3663,0.06359604961968614
Se,Te,1229,120337,20569,0.3578596999324298
Se,Th,15,120337,1733,0.13763846802083635
Se,Ti,137,120337,77983,0.04360002467083012
Se,Tl,69,120337,6312,0.16842346396786162
Se,Tm,7,120337,1275,0.10408682610211394
Se,Ts,0,120337,3,-1.0
Se,U,38,120337,21879,0.03911133131310674
Se,V,116,120337,39871,0.07940317027891029
Se,W,159,120337,44325,0.09667827680569603
Se,Xe,3,120337,588,0.09487940246469061
Se,Y,76,120337,98196,-0.015479308362593723
Se,Yb,16,120337,3286,0.10194414660586888
Se,Zn,770,120337,76233,0.19570572966208408
Se,Zr,61,120337,106659,-0.036066684028932004
Sg,Ac,0,137,9776,-1.0
Sg,Ag,0,137,19086,-1.0
Sg,Al,1,137,82361,0.1288420670981806
Sg,Am,0,137,380,-1.0
Sg,Ar,0,137,4079,-1.0
Sg,As,0,137,33552,-1.0
Sg,At,0,137,1164,-1.0
Sg,Au,0,137,18070,-1.0
Sg,B,7,137,1315877,0.09442850847046654
Sg,Ba,0,137,15764,-1.0
Sg,Be,0,137,3233,-1.0
Sg,Bh,0,137,74,-1.0
Sg,Bi,0,137,15692,-1.0
Sg,Bk,0,137,169,-1.0
Sg,Br,7,137,8607410,-0.01806999534680205
Sg,C,121,137,124377664,-0.008847439062386102
Sg,Ca,0,137,47081,-1.0
Sg,Cd,0,137,7961,-1.0
Sg,Ce,0,137,8261,-1.0
Sg,Cf,0,137,237,-1.0
Sg,Cl,8,137,21906474,-0.06655956915549784
Sg,Cm,0,137,692,-1.0
Sg,Cn,0,137,7,-1.0
Sg,Co,0,137,45781,-1.0
Sg,Cr,0,137,27069,-1.0
Sg,Cs,0,137,12307,-1.0
Sg,Cu,0,137,67388,-1.0
Sg,Db,0,137,105,-1.0
Sg,Ds,0,137,11,-1.0
Sg,Dy,0,137,2319,-1.0
Sg,Er,0,137,2201,-1.0
Sg,Es,0,137,359,-1.0
Sg,Eu,0,137,5611,-1.0
Sg,F,17,137,25344252,-0.03127013757478099
Sg,Fe,0,137,81651,-1.0
Sg,Fl,0,137,8,-1.0
Sg,Fm,0,137,2120,-1.0
Sg,Fr,0,137,105,-1.0
Sg,Ga,0,137,11650,-1.0
Sg,Gd,0,137,7718,-1.0
Sg,Ge,0,137,47164,-1.0
Sg,H,119,137,124461855,-0.010088024355796608
Sg,He,0,137,415,-1.0
Sg,Hf,0,137,22172,-1.0
Sg,Hg,0,137,15140,-1.0
Sg,Ho,0,137,1848,-1.0
Sg,Hs,0,137,69,-1.0
Sg,I,5,137,2542800,0.034126615189651086
Sg,In,0,137,14006,-1.0
Sg,Ir,0,137,169603,-1.0
Sg,K,1,137,156190,0.09451036694257833
Sg,Kr,0,137,166,-1.0
Sg,La,0,137,8114,-1.0
Sg,Li,2,137,117297,0.15273727632553735
Sg,Lr,0,137,861,-1.0
Sg,Lu,0,137,2717,-1.0
Sg,Lv,0,137,5,-1.0
Sg,Mc,0,137,5,-1.0
Sg,Md,0,137,96,-1.0
Sg,Mg,0,137,63053,-1.0
Sg,Mn,0,137,30915,-1.0
Sg,Mo,0,137,20126,-1.0
Sg,Mt,0,137,79,-1.0
Sg,N,28,137,110925773,-0.09613167106631883
Sg,Na,0,137,410484,-1.0
Sg,Nb,0,137,6672,-1.0
Sg,Nd,0,137,5576,-1.0
Sg,Ne,0,137,225,-1.0
Sg,Nh,0,137,8,-1.0
Sg,Ni,0,137,50498,-1.0
Sg,No,0,137,366,-1.0
Sg,Np,0,137,482,-1.0
Sg,O,106,137,109353141,-0.009022034492455002
Sg,Og,0,137,1,-1.0
Sg,Os,0,137,8718,-1.0
Sg,P,0,137,2503338,-1.0
Sg,Pa,0,137,263,-1.0
Sg,Pb,0,137,18301,-1.0
Sg,Pd,0,137,48856,-1.0
Sg,Pm,0,137,410,-1.0
Sg,Po,0,137,1385,-1.0
Sg,Pr,0,137,3784,-1.0
Sg,Pt,0,137,143559,-1.0
Sg,Pu,0,137,577,-1.0
Sg,Ra,0,137,277,-1.0
Sg,Rb,0,137,11197,-1.0
Sg,Re,0,137,10228,-1.0
Sg,Rf,0,137,5242,-1.0
Sg,Rg,0,137,9,-1.0
Sg,Rh,0,137,14946,-1.0
Sg,Rn,0,137,138,-1.0
Sg,Ru,2,137,39255,0.2137283512369283
Sg,S,3,137,36318993,-0.147571467390937
Sg,Sb,0,137,19105,-1.0
Sg,Sc,0,137,3525,-1.0
Sg,Se,2,137,120337,0.151311611304764
Sg,Sg,137,137,137,
Sg,Si,0,137,1825174,-1.0
Sg,Sm,0,137,3363,-1.0
Sg,Sn,0,137,109311,-1.0
Sg,Sr,0,137,8295,-1.0
Sg,Ta,0,137,5739,-1.0
Sg,Tb,0,137,3117,-1.0
Sg,Tc,0,137,3663,-1.0
Sg,Te,0,137,20569,-1.0
Sg,Th,0,137,1733,-1.0
Sg,Ti,0,137,77983,-1.0
Sg,Tl,0,137,6312,-1.0
Sg,Tm,0,137,1275,-1.0
Sg,Ts,0,137,3,-1.0
Sg,U,1,137,21879,0.19995509528251215
Sg,V,0,137,39871,-1.0
Sg,W,0,137,44325,-1.0
Sg,Xe,0,137,588,-1.0
Sg,Y,2,137,98196,0.1626408745416333
Sg,Yb,0,137,3286,-1.0
Sg,Zn,1,137,76233,0.13298988754613392
Sg,Zr,0,137,106659,-1.0
Si,Ac,167,1825174,9776,0.011362901785448984
Si,Ag,558,1825174,19086,0.05610474091308696
Si,Al,6779,1825174,82361,0.17578916810510534
Si,Am,5,1825174,380,-0.006305301297845426
Si,Ar,133,1825174,4079,0.05818752304005417
Si,As,650,1825174,33552,0.02297581862160693
Si,At,9,1825174,1164,-0.03886358383586033
Si,Au,798,1825174,18070,0.09227364135917965
Si,B,47790,1825174,1315877,0.11542199158381584
Si,Ba,852,1825174,15764,0.1097667042805713
Si,Be,295,1825174,3233,0.1412088306394049
Si,Bh,0,1825174,74,-1.0
Si,Bi,681,1825174,15692,0.08962662178818737
Si,Bk,4,1825174,169,0.02780434473534199
Si,Br,85325,1825174,8607410,-0.05360245119460367
Si,C,1805054,1825174,124377664,-0.0022163426124428742
Si,Ca,2443,1825174,47081,0.11667498291731523
Si,Cd,194,1825174,7961,0.03805487075046257
Si,Ce,415,1825174,8261,0.09770852214582142
Si,Cf,14,1825174,237,0.0871384844792202
Si,Cl,207836,1825174,21906474,-0.06792356079043461
Si,Cm,10,1825174,692,-0.0008357052291275553
Si,Cn,0,1825174,7,-1.0
Si,Co,1798,1825174,45781,0.08847513323782635
Si,Cr,1919,1825174,27069,0.1422945559434659
Si,Cs,496,1825174,12307,0.08138998604143614
Si,Cu,2419,1825174,67388,0.08260664016078295
Si,Db,0,1825174,105,-1.0
Si,Ds,0,1825174,11,-1.0
Si,Dy,67,1825174,2319,0.04704599223748474
Si,Er,147,1825174,2201,0.11114296666731129
Si,Es,4,1825174,359,-0.015861660338405206
Si,Eu,147,1825174,5611,0.04258543790506464
Si,F,222746,1825174,25344252,-0.08075683821424734
Si,Fe,4109,1825174,81651,0.1195853529477242
Si,Fl,0,1825174,8,-1.0
Si,Fm,20,1825174,2120,-0.028130236151448672
Si,Fr,1,1825174,105,-0.02310090570955724
Si,Ga,536,1825174,11650,0.09261758766938959
Si,Gd,239,1825174,7718,0.05685932946311023
Si,Ge,5566,1825174,47164,0.20830390066045762
Si,H,1818349,1825174,124461855,-0.0006442210880673015
Si,He,21,1825174,415,0.07948129194287427
Si,Hf,5243,1825174,22172,0.27604633027784103
Si,Hg,464,1825174,15140,0.05904783101666305
Si,Ho,47,1825174,1848,0.03729689844899659
Si,Hs,0,1825174,69,-1.0
Si,I,38852,1825174,2542800,0.005213117760398123
Si,In,412,1825174,14006,0.055242195020392765
Si,Ir,29897,1825174,169603,0.2984569919930475
Si,K,4860,1825174,156190,0.07420525226090555
Si,Kr,1,1825174,166,-0.0476724905075641
Si,La,447,1825174,8114,0.1056438191851391
Si,Li,9442,1825174,117297,0.17958219275906578
Si,Lr,8,1825174,861,-0.027492500043405785
Si,Lu,305,1825174,2717,0.15761148979043793
Si,Lv,0,1825174,5,-1.0
Si,Mc,0,1825174,5,-1.0
Si,Md,0,1825174,96,-1.0
Si,Mg,5597,1825174,63053,0.17997041002631903
Si,Mn,1358,1825174,30915,0.096100576696287
Si,Mo,1029,1825174,20126,0.10679270135486706
Si,Mt,2,1825174,79,0.030480566170577757
Si,N,1001259,1825174,110925773,-0.10038962861729867
Si,Na,8383,1825174,410484,0.03458216432502526
Si,Nb,417,1825174,6672,0.11507154883279455
Si,Nd,212,1825174,5576,0.07179390985131873
Si,Ne,3,1825174,225,-0.005366627793686638
Si,Nh,0,1825174,8,-1.0
Si,Ni,1850,1825174,50498,0.08244582566449507
Si,No,8,1825174,366,0.02416237857781403
Si,Np,2,1825174,482,-0.07028598980856499
Si,O,1469913,1825174,109353141,-0.019377388227141565
Si,Og,0,1825174,1,-1.0
Si,Os,196,1825174,8718,0.03205382951022701
Si,P,57992,1825174,2503338,0.059729362678286546
Si,Pa,2,1825174,263,-0.0365323230228803
Si,Pb,756,1825174,18301,0.08629995985827742
Si,Pd,2313,1825174,48856,0.1076730604844981
Si,Pm,4,1825174,410,-0.023560335064382168
Si,Po,48,1825174,1385,0.05830275498296265
Si,Pr,120,1825174,3784,0.055749632900139935
Si,Pt,8040,1825174,143559,0.13899063787515328
Si,Pu,6,1825174,577,-0.020341874843742967
Si,Ra,1,1825174,277,-0.07514111046677298
Si,Rb,170,1825174,11197,0.002646807060077715
Si,Re,151,1825174,10228,0.0005683410844428474
Si,Rf,437,1825174,5242,0.13843462789913685
Si,Rg,0,1825174,9,-1.0
Si,Rh,338,1825174,14946,0.03387513170811256
Si,Rn,0,1825174,138,-1.0
Si,Ru,856,1825174,39255,0.033460181521075
Si,S,256610,1825174,36318993,-0.11789257137758116
Si,Sb,581,1825174,19105,0.059498656329615464
Si,Sc,547,1825174,3525,0.19132167034423628
Si,Se,5276,1825174,120337,0.10886412688704059
Si,Sg,0,1825174,137,-1.0
Si,Si,1825174,1825174,1825174,
Si,Sm,242,1825174,3363,0.12102685118329877
Si,Sn,8178,1825174,109311,0.16930140722395517
Si,Sr,582,1825174,8295,0.1276194729989672
Si,Ta,421,1825174,5739,0.12787366971216985
Si,Tb,60,1825174,3117,0.01877230155663007
Si,Tc,12,1825174,3663,-0.09270974229025021
Si,Te,967,1825174,20569,0.09909673046013323
Si,Th,126,1825174,1733,0.11605263887446343
Si,Ti,16593,1825174,77983,0.2998541168101591
Si,Tl,102,1825174,6312,0.00700022712513809
Si,Tm,45,1825174,1275,0.05927705675136933
Si,Ts,0,1825174,3,-1.0
Si,U,811,1825174,21879,0.07773505761981493
Si,V,1488,1825174,39871,0.08249690350197726
Si,W,1485,1825174,44325,0.0729634462110618
Si,Xe,5,1825174,588,-0.03193816236666542
Si,Y,2420,1825174,98196,0.04794439331180043
Si,Yb,253,1825174,3286,0.12659587789750856
Si,Zn,3366,1825174,76233,0.10488376144456772
Si,Zr,34133,1825174,106659,0.3759792816305846
Sm,Ac,5,3363,9776,0.1727250382184929
Sm,Ag,11,3363,19086,0.18846256879768167
Sm,Al,76,3363,82361,0.24681060794182383
Sm,Am,1,3363,380,0.24568895446599187
Sm,Ar,2,3363,4079,0.1615546904549792
Sm,As,11,3363,33552,0.15373043967223907
Sm,At,0,3363,1164,-1.0
Sm,Au,9,3363,18070,0.17728552171672884
Sm,B,92,3363,1315877,0.06740818799908897
Sm,Ba,60,3363,15764,0.3402131601523371
Sm,Be,4,3363,3233,0.22168888355599423
Sm,Bh,0,3363,74,-1.0
Sm,Bi,29,3363,15692,0.2767150009289198
Sm,Bk,0,3363,169,-1.0
Sm,Br,45,3363,8607410,-0.11066074750155147
Sm,C,2206,3363,124377664,-0.03838129419966341
Sm,Ca,39,3363,47081,0.22860971557282275
Sm,Cd,11,3363,7961,0.242296217899619
Sm,Ce,71,3363,8261,0.40084727626770766
Sm,Cf,0,3363,237,-1.0
Sm,Cl,246,3363,21906474,-0.0667684394686766
Sm,Cm,1,3363,692,0.21353243288439222
Sm,Cn,0,3363,7,-1.0
Sm,Co,118,3363,45781,0.32869894300693775
Sm,Cr,26,3363,27069,0.23220615426340208
Sm,Cs,8,3363,12307,0.19210463167098432
Sm,Cu,89,3363,67388,0.274900145681071
Sm,Db,0,3363,105,-1.0
Sm,Ds,0,3363,11,-1.0
Sm,Dy,36,3363,2319,0.4220340025505128
Sm,Er,29,3363,2201,0.40532160862956423
Sm,Es,0,3363,359,-1.0
Sm,Eu,92,3363,5611,0.45395316026474125
Sm,F,231,3363,25344252,-0.08226178163140027
Sm,Fe,95,3363,81651,0.2671756754975601
Sm,Fl,0,3363,8,-1.0
Sm,Fm,0,3363,2120,-1.0
Sm,Fr,0,3363,105,-1.0
Sm,Ga,23,3363,11650,0.2768375578893378
Sm,Gd,71,3363,7718,0.4055761034235049
Sm,Ge,17,3363,47164,0.16396021279859463
Sm,H,2592,3363,124461855,-0.024060490359709363
Sm,He,1,3363,415,0.24096230489350817
Sm,Hf,8,3363,22172,0.1565597507352543
Sm,Hg,5,3363,15140,0.14704202474340547
Sm,Ho,25,3363,1848,0.40313183028368105
Sm,Hs,0,3363,69,-1.0
Sm,I,218,3363,2542800,0.08718012095807502
Sm,In,28,3363,14006,0.2812134414077616
Sm,Ir,9,3363,169603,0.04110810263056726
Sm,K,48,3363,156190,0.164686990449528
Sm,Kr,0,3363,166,-1.0
Sm,La,63,3363,8114,0.39053440393853206
Sm,Li,66,3363,117297,0.21016955138886617
Sm,Lr,0,3363,861,-1.0
Sm,Lu,15,3363,2717,0.33395365755274714
Sm,Lv,0,3363,5,-1.0
Sm,Mc,0,3363,5,-1.0
Sm,Md,0,3363,96,-1.0
Sm,Mg,31,3363,63053,0.19085206069640623
Sm,Mn,35,3363,30915,0.24767980046860497
Sm,Mo,21,3363,20126,0.23433550196930233
Sm,Mt,0,3363,79,-1.0
Sm,N,1018,3363,110925773,-0.09209031377182053
Sm,Na,56,3363,410484,0.1108575902934819
Sm,Nb,6,3363,6672,0.20808807456264866
Sm,Nd,105,3363,5576,0.4681402563433942
Sm,Ne,1,3363,225,0.2738035394660774
Sm,Nh,0,3363,8,-1.0
Sm,Ni,63,3363,50498,0.26441917087544914
Sm,No,0,3363,366,-1.0
Sm,Np,3,3363,482,0.3101491893585118
Sm,O,2092,3363,109353141,-0.03131274325916732
Sm,Og,0,3363,1,-1.0
Sm,Os,4,3363,8718,0.16419696092142208
Sm,P,159,3363,2503338,0.06305160114959188
Sm,Pa,0,3363,263,-1.0
Sm,Pb,9,3363,18301,0.17651301303393194
Sm,Pd,8,3363,48856,0.10885474502437503
Sm,Pm,19,3363,410,0.47452736440614995
Sm,Po,0,3363,1385,-1.0
Sm,Pr,50,3363,3784,0.4205062417887238
Sm,Pt,7,3363,143559,0.03542177015847408
Sm,Pu,3,3363,577,0.2998938612768096
Sm,Ra,0,3363,277,-1.0
Sm,Rb,12,3363,11197,0.22787416114746475
Sm,Re,4,3363,10228,0.15493899210498757
Sm,Rf,0,3363,5242,-1.0
Sm,Rg,0,3363,9,-1.0
Sm,Rh,4,3363,14946,0.13295513902376674
Sm,Rn,0,3363,138,-1.0
Sm,Ru,12,3363,39255,0.15022734577148675
Sm,S,309,3363,36318993,-0.08945135431698228
Sm,Sb,11,3363,19105,0.18840131034211274
Sm,Sc,21,3363,3525,0.3460392010759339
Sm,Se,26,3363,120337,0.1352184645347963
Sm,Sg,0,3363,137,-1.0
Sm,Si,242,3363,1825174,0.12102685118329877
Sm,Sm,3363,3363,3363,
Sm,Sn,37,3363,109311,0.16826178897136015
Sm,Sr,37,3363,8295,0.3398260030632086
Sm,Ta,9,3363,5739,0.24703840194095825
Sm,Tb,45,3363,3117,0.42348896838954575
Sm,Tc,0,3363,3663,-1.0
Sm,Te,3,3363,20569,0.0961705545911838
Sm,Th,2,3363,1733,0.20924953896653342
Sm,Ti,53,3363,77983,0.21990027828966655
Sm,Tl,1,3363,6312,0.09494022833109135
Sm,Tm,15,3363,1275,0.3814404277960215
Sm,Ts,0,3363,3,-1.0
Sm,U,7,3363,21879,0.1481058865042989
Sm,V,14,3363,39871,0.16033503285739525
Sm,W,23,3363,44325,0.1906563694790574
Sm,Xe,1,3363,588,0.22226925427226052
Sm,Y,57,3363,98196,0.21019206472109173
Sm,Yb,21,3363,3286,0.35054095594473045
Sm,Zn,27,3363,76233,0.16776034167089757
Sm,Zr,37,3363,106659,0.16989590939373803
Sn,Ac,13,109311,9776,0.025868074952233925
Sn,Ag,430,109311,19086,0.25806795361467416
Sn,Al,659,109311,82361,0.18193182030011923
Sn,Am,1,109311,380,0.058925861860920074
Sn,Ar,21,109311,4079,0.11345824719815398
Sn,As,135,109311,33552,0.11088278968612174
Sn,At,11,109311,1164,0.1463345059148567
Sn,Au,152,109311,18070,0.16600650285006305
Sn,B,2691,109311,1315877,0.07877181419519376
Sn,Ba,118,109311,15764,0.1545641415723587
Sn,Be,26,109311,3233,0.14402864513139077
Sn,Bh,0,109311,74,-1.0
Sn,Bi,373,109311,15692,0.2593965415429809
Sn,Bk,0,109311,169,-1.0
Sn,Br,8009,109311,8607410,0.006088542043612338
Sn,C,102244,109311,124377664,-0.009166958784330685
Sn,Ca,206,109311,47081,0.12069958014976871
Sn,Cd,252,109311,7961,0.2734857361902371
Sn,Ce,124,109311,8261,0.20546379885999158
Sn,Cf,0,109311,237,-1.0
Sn,Cl,13794,109311,21906474,-0.03641888807999518
Sn,Cm,0,109311,692,-1.0
Sn,Cn,0,109311,7,-1.0
Sn,Co,306,109311,45781,0.15719978146280156
Sn,Cr,242,109311,27069,0.17650892976087731
Sn,Cs,99,109311,12307,0.15775805687978187
Sn,Cu,1025,109311,67388,0.2436612259051358
Sn,Db,0,109311,105,-1.0
Sn,Ds,0,109311,11,-1.0
Sn,Dy,17,109311,2319,0.13429871575381216
Sn,Er,13,109311,2201,0.11861858588898466
Sn,Es,0,109311,359,-1.0
Sn,Eu,15,109311,5611,0.06992925737308166
Sn,F,10205,109311,25344252,-0.08276907482286255
Sn,Fe,601,109311,81651,0.1737442469062158
Sn,Fl,0,109311,8,-1.0
Sn,Fm,0,109311,2120,-1.0
Sn,Fr,0,109311,105,-1.0
Sn,Ga,308,109311,11650,0.26378813045545907
Sn,Gd,32,109311,7718,0.10234114330755048
Sn,Ge,747,109311,47164,0.24061436893086138
Sn,H,105723,109311,124461855,-0.004574600292651592
Sn,He,4,109311,415,0.13889900408709255
Sn,Hf,96,109311,22172,0.11340739169866143
Sn,Hg,104,109311,15140,0.147031666251442
Sn,Ho,13,109311,1848,0.12949270609571714
Sn,Hs,0,109311,69,-1.0
Sn,I,3247,109311,2542800,0.03555560971622444
Sn,In,933,109311,14006,0.3668613745088738
Sn,Ir,119,109311,169603,-0.016124728843045624
Sn,K,541,109311,156190,0.11121396784409188
Sn,Kr,0,109311,166,-1.0
Sn,La,94,109311,8114,0.18305211413368422
Sn,Li,887,109311,117297,0.18172765882092395
Sn,Lr,0,109311,861,-1.0
Sn,Lu,7,109311,2717,0.064524204849177
Sn,Lv,0,109311,5,-1.0
Sn,Mc,0,109311,5,-1.0
Sn,Md,0,109311,96,-1.0
Sn,Mg,462,109311,63053,0.1697257179899213
Sn,Mn,306,109311,30915,0.18759609929647683
Sn,Mo,212,109311,20126,0.18709795033942772
Sn,Mt,0,109311,79,-1.0
Sn,N,41426,109311,110925773,-0.10664765630743182
Sn,Na,1027,109311,410484,0.08951593614008181
Sn,Nb,171,109311,6672,0.24998903388240054
Sn,Nd,35,109311,5576,0.13043935753622501
Sn,Ne,4,109311,225,0.17437887251394918
Sn,Nh,0,109311,8,-1.0
Sn,Ni,518,109311,50498,0.19844683346339523
Sn,No,0,109311,366,-1.0
Sn,Np,6,109311,482,0.15742368855393826
Sn,O,72443,109311,109353141,-0.03771245869554688
Sn,Og,0,109311,1,-1.0
Sn,Os,18,109311,8718,0.05433641836454849
Sn,P,4169,109311,2503338,0.06219022708560078
Sn,Pa,0,109311,263,-1.0
Sn,Pb,593,109311,18301,0.2944891406860574
Sn,Pd,1232,109311,48856,0.29141807712220336
Sn,Pm,1,109311,410,0.054849481275287576
Sn,Po,4,109311,1385,0.06905083975895306
Sn,Pr,19,109311,3784,0.11114120303044168
Sn,Pt,254,109311,143559,0.0535299530515741
Sn,Pu,5,109311,577,0.1344702942850824
Sn,Ra,8,109311,277,0.21097671997950293
Sn,Rb,50,109311,11197,0.11047978140027905
Sn,Re,65,109311,10228,0.13687707097897453
Sn,Rf,4,109311,5242,-0.008089797406424333
Sn,Rg,0,109311,9,-1.0
Sn,Rh,40,109311,14946,0.074591160831378
Sn,Rn,1,109311,138,0.11326537916720866
Sn,Ru,155,109311,39255,0.11062438789188354
Sn,S,23446,109311,36318993,-0.035767392145544794
Sn,Sb,527,109311,19105,0.27866994759465863
Sn,Sc,16,109311,3525,0.10357571855962651
Sn,Se,790,109311,120337,0.16815492655242498
Sn,Sg,0,109311,137,-1.0
Sn,Si,8178,109311,1825174,0.16930140722395517
Sn,Sm,37,109311,3363,0.16826178897136015
Sn,Sn,109311,109311,109311,
Sn,Sr,95,109311,8295,0.18237468068573465
Sn,Ta,111,109311,5739,0.2220278545023881
Sn,Tb,16,109311,3117,0.11132778984490993
Sn,Tc,45,109311,3663,0.17791751964260094
Sn,Te,203,109311,20569,0.181600281062315
Sn,Th,16,109311,1733,0.14832168006830845
Sn,Ti,638,109311,77983,0.1832734513578795
Sn,Tl,46,109311,6312,0.14292666411660696
Sn,Tm,11,109311,1275,0.14072680656064124
Sn,Ts,0,109311,3,-1.0
Sn,U,53,109311,21879,0.06922790708252267
Sn,V,206,109311,39871,0.1331854634456423
Sn,W,261,109311,44325,0.14559461341685226
Sn,Xe,0,109311,588,-1.0
Sn,Y,146,109311,98196,0.03862264266689097
Sn,Yb,27,109311,3286,0.14578270367496118
Sn,Zn,1170,109311,76233,0.2472223485179206
Sn,Zr,451,109311,106659,0.12552060915155666
Sr,Ac,1,8295,9776,0.02303792236652467
Sr,Ag,45,8295,19086,0.24046838967762396
Sr,Al,486,8295,82361,0.36007301613913584
Sr,Am,1,8295,380,0.1972558174365085
Sr,Ar,1,8295,4079,0.0699292070931051
Sr,As,41,8295,33552,0.1949388863372304
Sr,At,0,8295,1164,-1.0
Sr,Au,17,8295,18070,0.16753819409615855
Sr,B,346,8295,1315877,0.1073581028769777
Sr,Ba,702,8295,15764,0.5382468434169232
Sr,Be,36,8295,3233,0.3400061899131766
Sr,Bh,0,8295,74,-1.0
Sr,Bi,272,8295,15692,0.4267077399487912
Sr,Bk,0,8295,169,-1.0
Sr,Br,100,8295,8607410,-0.12438859018440954
Sr,C,3622,8295,124377664,-0.07916392683730236
Sr,Ca,883,8295,47081,0.4757296415165515
Sr,Cd,34,8295,7961,0.2753161283889796
Sr,Ce,118,8295,8261,0.3870632450052712
Sr,Cf,0,8295,237,-1.0
Sr,Cl,513,8295,21906474,-0.08426374322840983
Sr,Cm,0,8295,692,-1.0
Sr,Cn,0,8295,7,-1.0
Sr,Co,233,8295,45781,0.3287873408378242
Sr,Cr,129,8295,27069,0.3099107014743996
Sr,Cs,52,8295,12307,0.28254907217260106
Sr,Cu,251,8295,67388,0.3068494819688124
Sr,Db,0,8295,105,-1.0
Sr,Ds,0,8295,11,-1.0
Sr,Dy,22,8295,2319,0.3189349466988016
Sr,Er,6,8295,2201,0.2203256638921223
Sr,Es,0,8295,359,-1.0
Sr,Eu,128,8295,5611,0.4232998287491245
Sr,F,485,8295,25344252,-0.10009235238584452
Sr,Fe,295,8295,81651,0.30832385538116236
Sr,Fl,0,8295,8,-1.0
Sr,Fm,0,8295,2120,-1.0
Sr,Fr,0,8295,105,-1.0
Sr,Ga,109,8295,11650,0.3545304763502909
Sr,Gd,61,8295,7718,0.3287543155446794
Sr,Ge,54,8295,47164,0.19415849574067873
Sr,H,6059,8295,124461855,-0.03152528577505565
Sr,He,1,8295,415,0.19252916786402482
Sr,Hf,28,8295,22172,0.19223155740779352
Sr,Hg,26,8295,15140,0.2112881041720401
Sr,Ho,10,8295,1848,0.2691801130870323
Sr,Hs,0,8295,69,-1.0
Sr,I,107,8295,2542800,-0.03284882887983471
Sr,In,39,8295,14006,0.2492790628267763
Sr,Ir,20,8295,169603,0.036538747007576325
Sr,K,203,8295,156190,0.22296311230700974
Sr,Kr,0,8295,166,-1.0
Sr,La,474,8295,8114,0.5430570582831056
Sr,Li,224,8295,117297,0.253710416540888
Sr,Lr,1,8295,861,0.1533770694370171
Sr,Lu,11,8295,2717,0.25289836277767286
Sr,Lv,0,8295,5,-1.0
Sr,Mc,0,8295,5,-1.0
Sr,Md,0,8295,96,-1.0
Sr,Mg,437,8295,63053,0.3698332218526665
Sr,Mn,328,8295,30915,0.3947175708860795
Sr,Mo,74,8295,20126,0.27980546901943626
Sr,Mt,0,8295,79,-1.0
Sr,N,1495,8295,110925773,-0.14097737420020032
Sr,Na,265,8295,410484,0.17393742126054088
Sr,Nb,147,8295,6672,0.42504320743142904
Sr,Nd,50,8295,5576,0.3328864139592025
Sr,Ne,1,8295,225,0.225370402436594
Sr,Nh,0,8295,8,-1.0
Sr,Ni,108,8295,50498,0.2485647782782753
Sr,No,0,8295,366,-1.0
Sr,Np,0,8295,482,-1.0
Sr,O,5942,8295,109353141,-0.020417305875707514
Sr,Og,0,8295,1,-1.0
Sr,Os,5,8295,8718,0.12644034915386565
Sr,P,724,8295,2503338,0.1218324571659529
Sr,Pa,0,8295,263,-1.0
Sr,Pb,171,8295,18301,0.36625862750093713
Sr,Pd,19,8295,48856,0.11244398333417652
Sr,Pm,0,8295,410,-1.0
Sr,Po,4,8295,1385,0.21849493609673737
Sr,Pr,53,8295,3784,0.36460749163931383
Sr,Pt,22,8295,143559,0.053613711893217474
Sr,Pu,2,8295,577,0.22022314447646427
Sr,Ra,1,8295,277,0.21421637032978297
Sr,Rb,36,8295,11197,0.257504083027735
Sr,Re,7,8295,10228,0.1395749195816654
Sr,Rf,0,8295,5242,-1.0
Sr,Rg,0,8295,9,-1.0
Sr,Rh,16,8295,14946,0.17503934454523704
Sr,Rn,0,8295,138,-1.0
Sr,Ru,31,8295,39255,0.1626456108099816
Sr,S,906,8295,36318993,-0.08297238433560507
Sr,Sb,34,8295,19105,0.2173972803624406
Sr,Sc,46,8295,3525,0.35634412158342427
Sr,Se,73,8295,120337,0.15397362540893242
Sr,Sg,0,8295,137,-1.0
Sr,Si,582,8295,1825174,0.1276194729989672
Sr,Sm,37,8295,3363,0.3398260030632086
Sr,Sn,95,8295,109311,0.18237468068573465
Sr,Sr,8295,8295,8295,
Sr,Ta,175,8295,5739,0.45465906428189456
Sr,Tb,11,8295,3117,0.24444267520187915
Sr,Tc,8,8295,3663,0.210766821394188
Sr,Te,27,8295,20569,0.19429653739562172
Sr,Th,2,8295,1733,0.15894586253670676
Sr,Ti,429,8295,77983,0.350926854935764
Sr,Tl,30,8295,6312,0.28007220590528
Sr,Tm,7,8295,1275,0.2642966873504034
Sr,Ts,0,8295,3,-1.0
Sr,U,8,8295,21879,0.10284852450070511
Sr,V,62,8295,39871,0.21709971409286263
Sr,W,65,8295,44325,0.2137547915748726
Sr,Xe,1,8295,588,0.17383611724277714
Sr,Y,135,8295,98196,0.22043115575359584
Sr,Yb,23,8295,3286,0.30023741349105304
Sr,Zn,314,8295,76233,0.3199847403062411
Sr,Zr,178,8295,106659,0.23936222896002265
Ta,Ac,5,5739,9776,0.14134411159817384
Ta,Ag,44,5739,19086,0.26338729158823726
Ta,Al,249,5739,82361,0.31883356099891086
Ta,Am,0,5739,380,-1.0
Ta,Ar,2,5739,4079,0.13177589422009905
Ta,As,17,5739,33552,0.15169265988134514
Ta,At,0,5739,1164,-1.0
Ta,Au,40,5739,18070,0.2589923467636725
Ta,B,147,5739,1315877,0.06490145969693184
Ta,Ba,96,5739,15764,0.3469943657072363
Ta,Be,22,5739,3233,0.32125614840326266
Ta,Bh,0,5739,74,-1.0
Ta,Bi,134,5739,15692,0.38001475994837264
Ta,Bk,0,5739,169,-1.0
Ta,Br,86,5739,8607410,-0.10773113865222861
Ta,C,2907,5739,124377664,-0.06361197887548631
Ta,Ca,67,5739,47081,0.23764190358585824
Ta,Cd,17,5739,7961,0.24269745272387017
Ta,Ce,50,5739,8261,0.3312089851118187
Ta,Cf,1,5739,237,0.24234460617621886
Ta,Cl,647,5739,21906474,-0.03652587715312949
Ta,Cm,0,5739,692,-1.0
Ta,Cn,0,5739,7,-1.0
Ta,Co,185,5739,45781,0.33339531188428445
Ta,Cr,159,5739,27069,0.35723438943697455
Ta,Cs,21,5739,12307,0.2316035699296376
Ta,Cu,104,5739,67388,0.250902098874664
Ta,Db,0,5739,105,-1.0
Ta,Ds,0,5739,11,-1.0
Ta,Dy,7,5739,2319,0.25053046233955895
Ta,Er,6,5739,2201,0.24218885429195652
Ta,Es,0,5739,359,-1.0
Ta,Eu,3,5739,5611,0.1397578330784172
Ta,F,382,5739,25344252,-0.08799836437190171
Ta,Fe,142,5739,81651,0.26534077504098097
Ta,Fl,0,5739,8,-1.0
Ta,Fm,3,5739,2120,0.1952427986102979
Ta,Fr,0,5739,105,-1.0
Ta,Ga,52,5739,11650,0.31136121968498015
Ta,Gd,15,5739,7718,0.23488068221700764
Ta,Ge,41,5739,47164,0.19680353440703394
Ta,H,3981,5739,124461855,-0.035235254266789015
Ta,He,1,5739,415,0.2122908315345185
Ta,Hf,135,5739,22172,0.35559448208805805
Ta,Hg,10,5739,15140,0.16299368525545727
Ta,Ho,8,5739,1848,0.27432220090464793
Ta,Hs,0,5739,69,-1.0
Ta,I,47,5739,2542800,-0.06173848662860782
Ta,In,70,5739,14006,0.32564859816994085
Ta,Ir,145,5739,169603,0.21377735192719788
Ta,K,115,5739,156190,0.19945855034531612
Ta,Kr,0,5739,166,-1.0
Ta,La,115,5739,8114,0.4122944161367942
Ta,Li,183,5739,117297,0.26226656069755705
Ta,Lr,0,5739,861,-1.0
Ta,Lu,14,5739,2717,0.29480196610321835
Ta,Lv,0,5739,5,-1.0
Ta,Mc,0,5739,5,-1.0
Ta,Md,0,5739,96,-1.0
Ta,Mg,88,5739,63053,0.2408424354391072
Ta,Mn,71,5739,30915,0.2718887048336763
Ta,Mo,168,5739,20126,0.38469000126088904
Ta,Mt,0,5739,79,-1.0
Ta,N,1580,5739,110925773,-0.10409420691456503
Ta,Na,99,5739,410484,0.11786911333648663
Ta,Nb,500,5739,6672,0.5950805247763664
Ta,Nd,15,5739,5576,0.255284507095104
Ta,Ne,0,5739,225,-1.0
Ta,Nh,0,5739,8,-1.0
Ta,Ni,170,5739,50498,0.31778500892924827
Ta,No,1,5739,366,0.21903126039349194
Ta,Np,0,5739,482,-1.0
Ta,O,2817,5739,109353141,-0.05432988341713897
Ta,Og,0,5739,1,-1.0
Ta,Os,16,5739,8718,0.23222518905083223
Ta,P,203,5739,2503338,0.0424363532338507
Ta,Pa,6,5739,263,0.3682818925063674
Ta,Pb,82,5739,18301,0.32159343318939076
Ta,Pd,50,5739,48856,0.21053611687674276
Ta,Pm,0,5739,410,-1.0
Ta,Po,3,5739,1385,0.2195112897950377
Ta,Pr,6,5739,3784,0.21002806546864655
Ta,Pt,94,5739,143559,0.18828412584806553
Ta,Pu,0,5739,577,-1.0
Ta,Ra,0,5739,277,-1.0
Ta,Rb,36,5739,11197,0.28196895648172754
Ta,Re,63,5739,10228,0.3376980520220945
Ta,Rf,6,5739,5242,0.19068413800708087
Ta,Rg,0,5739,9,-1.0
Ta,Rh,28,5739,14946,0.24205766802649403
Ta,Rn,0,5739,138,-1.0
Ta,Ru,95,5739,39255,0.2812261139889578
Ta,S,275,5739,36318993,-0.1386379386677554
Ta,Sb,66,5739,19105,0.2987667651002291
Ta,Sc,42,5739,3525,0.37278249996975266
Ta,Se,37,5739,120337,0.12630790986618967
Ta,Sg,0,5739,137,-1.0
Ta,Si,421,5739,1825174,0.12787366971216985
Ta,Sm,9,5739,3363,0.24703840194095825
Ta,Sn,111,5739,109311,0.2220278545023881
Ta,Sr,175,5739,8295,0.45465906428189456
Ta,Ta,5739,5739,5739,
Ta,Tb,50,5739,3117,0.3973850370481645
Ta,Tc,22,5739,3663,0.31322553258459124
Ta,Te,39,5739,20569,0.24821534080776947
Ta,Th,13,5739,1733,0.3168054702193465
Ta,Ti,390,5739,77983,0.3698319803941588
Ta,Tl,14,5739,6312,0.24212405885809773
Ta,Tm,4,5739,1275,0.2446405061226914
Ta,Ts,0,5739,3,-1.0
Ta,U,19,5739,21879,0.18709426661156564
Ta,V,87,5739,39871,0.2721762585045129
Ta,W,265,5739,44325,0.372558899734474
Ta,Xe,0,5739,588,-1.0
Ta,Y,60,5739,98196,0.17771779770980453
Ta,Yb,14,5739,3286,0.28291914400306933
Ta,Zn,77,5739,76233,0.215975890782988
Ta,Zr,232,5739,106659,0.29217051255167964
Tb,Ac,0,3117,9776,-1.0
Tb,Ag,5,3117,19086,0.13790271802975845
Tb,Al,76,3117,82361,0.25211902829590516
Tb,Am,1,3117,380,0.24976407569895764
Tb,Ar,0,3117,4079,-1.0
Tb,As,4,3117,33552,0.09049077125643049
Tb,At,0,3117,1164,-1.0
Tb,Au,5,3117,18070,0.14111460646034915
Tb,B,119,3117,1315877,0.09270459290838304
Tb,Ba,22,3117,15764,0.2586235896702989
Tb,Be,5,3117,3233,0.24215582508271075
Tb,Bh,0,3117,74,-1.0
Tb,Bi,18,3117,15692,0.24287828803916167
Tb,Bk,0,3117,169,-1.0
Tb,Br,48,3117,8607410,-0.1016312888988836
Tb,C,1983,3117,124377664,-0.04078145182591478
Tb,Ca,16,3117,47081,0.1644113834875477
Tb,Cd,15,3117,7961,0.271247557820604
Tb,Ce,109,3117,8261,0.4493419253785489
Tb,Cf,0,3117,237,-1.0
Tb,Cl,178,3117,21906474,-0.08355920890798235
Tb,Cm,1,3117,692,0.217607554117358
Tb,Cn,0,3117,7,-1.0
Tb,Co,81,3117,45781,0.2989405025425688
Tb,Cr,39,3117,27069,0.2706370905655999
Tb,Cs,6,3117,12307,0.17625868905851927
Tb,Cu,50,3117,67388,0.23014599004914926
Tb,Db,0,3117,105,-1.0
Tb,Ds,0,3117,11,-1.0
Tb,Dy,113,3117,2319,0.5444062517754505
Tb,Er,42,3117,2201,0.44534456953162305
Tb,Es,0,3117,359,-1.0
Tb,Eu,128,3117,5611,0.4942851952507844
Tb,F,276,3117,25344252,-0.06388221585025516
Tb,Fe,75,3117,81651,0.25156560942954304
Tb,Fl,0,3117,8,-1.0
Tb,Fm,0,3117,2120,-1.0
Tb,Fr,0,3117,105,-1.0
Tb,Ga,38,3117,11650,0.32463165388873494
Tb,Gd,113,3117,7718,0.45798300340308357
Tb,Ge,13,3117,47164,0.14926176205116903
Tb,H,2325,3117,124461855,-0.02682764419590979
Tb,He,0,3117,415,-1.0
Tb,Hf,15,3117,22172,0.206959045979722
Tb,Hg,8,3117,15140,0.18418186825390262
Tb,Ho,51,3117,1848,0.47630787296277116
Tb,Hs,0,3117,69,-1.0
Tb,I,47,3117,2542800,-0.02046748791047931
Tb,In,24,3117,14006,0.2733532859049167
Tb,Ir,27,3117,169603,0.12059723514654937
Tb,K,35,3117,156190,0.14533638987131106
Tb,Kr,0,3117,166,-1.0
Tb,La,76,3117,8114,0.41407245239925733
Tb,Li,26,3117,117297,0.14182011000295447
Tb,Lr,0,3117,861,-1.0
Tb,Lu,23,3117,2717,0.37562739641960535
Tb,Lv,0,3117,5,-1.0
Tb,Mc,0,3117,5,-1.0
Tb,Md,0,3117,96,-1.0
Tb,Mg,40,3117,63053,0.21623396180819815
Tb,Mn,36,3117,30915,0.2550591298229165
Tb,Mo,13,3117,20126,0.20223765363802013
Tb,Mt,0,3117,79,-1.0
Tb,N,1314,3117,110925773,-0.06524025477782622
Tb,Na,30,3117,410484,0.07034505525010556
Tb,Nb,9,3117,6672,0.24249720792635943
Tb,Nd,43,3117,5576,0.3851570464081559
Tb,Ne,0,3117,225,-1.0
Tb,Nh,0,3117,8,-1.0
Tb,Ni,49,3117,50498,0.24802422486600914
Tb,No,1,3117,366,0.25177785498544736
Tb,Np,3,3117,482,0.31447952655833633
Tb,O,2224,3117,109353141,-0.018943995740428737
Tb,Og,0,3117,1,-1.0
Tb,Os,3,3117,8718,0.14943482818795636
Tb,P,188,3117,2503338,0.08200579321200216
Tb,Pa,0,3117,263,-1.0
Tb,Pb,5,3117,18301,0.14036875902857268
Tb,Pd,6,3117,48856,0.09443024117868547
Tb,Pm,14,3117,410,0.4511338241025699
Tb,Po,4,3117,1385,0.2752219781437855
Tb,Pr,33,3117,3784,0.3865469850135263
Tb,Pt,27,3117,143559,0.13146185634830712
Tb,Pu,3,3117,577,0.3042241984766341
Tb,Ra,0,3117,277,-1.0
Tb,Rb,11,3117,11197,0.22597320207870308
Tb,Re,22,3117,10228,0.28644442402988557
Tb,Rf,3,3117,5242,0.1784331776966881
Tb,Rg,0,3117,9,-1.0
Tb,Rh,10,3117,14946,0.20114477515842163
Tb,Rn,0,3117,138,-1.0
Tb,Ru,9,3117,39255,0.1347233275093172
Tb,S,407,3117,36318993,-0.06358052999043369
Tb,Sb,8,3117,19105,0.17013630652537134
Tb,Sc,35,3117,3525,0.39665533523106095
Tb,Se,5,3117,120337,0.029786296587064765
Tb,Sg,0,3117,137,-1.0
Tb,Si,60,3117,1825174,0.01877230155663007
Tb,Sm,45,3117,3363,0.42348896838954575
Tb,Sn,16,3117,109311,0.11132778984490993
Tb,Sr,11,3117,8295,0.24444267520187915
Tb,Ta,50,3117,5739,0.3973850370481645
Tb,Tb,3117,3117,3117,
Tb,Tc,3,3117,3663,0.1988654112158339
Tb,Te,10,3117,20569,0.1815987842186704
Tb,Th,10,3117,1733,0.33302117127359915
Tb,Ti,28,3117,77983,0.17401410804265333
Tb,Tl,4,3117,6312,0.18731590054771108
Tb,Tm,26,3117,1275,0.4357763373906497
Tb,Ts,0,3117,3,-1.0
Tb,U,9,3117,21879,0.17027283711156507
Tb,V,22,3117,39871,0.19894829816999154
Tb,W,15,3117,44325,0.163480661126775
Tb,Xe,0,3117,588,-1.0
Tb,Y,106,3117,98196,0.26934247608420964
Tb,Yb,35,3117,3286,0.4013095318327647
Tb,Zn,43,3117,76233,0.20938822799526474
Tb,Zr,26,3117,106659,0.14800068811543374
Tc,Ac,3,3663,9776,0.13370382383653445
Tc,Ag,9,3663,19086,0.1687622352520156
Tc,Al,6,3663,82361,0.0538548065191524
Tc,Am,0,3663,380,-1.0
Tc,Ar,1,3663,4079,0.11377829865195332
Tc,As,24,3663,33552,0.20641562771284916
Tc,At,0,3663,1164,-1.0
Tc,Au,6,3663,18070,0.1438826600715548
Tc,B,42,3663,1315877,0.005512428635754706
Tc,Ba,9,3663,15764,0.1803916602628787
Tc,Be,5,3663,3233,0.23267836741890327
Tc,Bh,0,3663,74,-1.0
Tc,Bi,6,3663,15692,0.15225728008108577
Tc,Bk,0,3663,169,-1.0
Tc,Br,53,3663,8607410,-0.10656585786144569
Tc,C,3302,3663,124377664,-0.009684177096171096
Tc,Ca,9,3663,47081,0.11385148278225544
Tc,Cd,5,3663,7961,0.1797666717956066
Tc,Ce,0,3663,8261,-1.0
Tc,Cf,0,3663,237,-1.0
Tc,Cl,418,3663,21906474,-0.03429704806809353
Tc,Cm,0,3663,692,-1.0
Tc,Cn,0,3663,7,-1.0
Tc,Co,9,3663,45781,0.1155543252966611
Tc,Cr,9,3663,27069,0.1475113975302574
Tc,Cs,7,3663,12307,0.177451264278291
Tc,Cu,20,3663,67388,0.14778106434454438
Tc,Db,0,3663,105,-1.0
Tc,Ds,0,3663,11,-1.0
Tc,Dy,2,3663,2319,0.1882586770331221
Tc,Er,0,3663,2201,-1.0
Tc,Es,0,3663,359,-1.0
Tc,Eu,0,3663,5611,-1.0
Tc,F,174,3663,25344252,-0.10788965212630922
Tc,Fe,19,3663,81651,0.1317987073762249
Tc,Fl,0,3663,8,-1.0
Tc,Fm,0,3663,2120,-1.0
Tc,Fr,0,3663,105,-1.0
Tc,Ga,8,3663,11650,0.19025771084039333
Tc,Gd,5,3663,7718,0.1815868340790217
Tc,Ge,16,3663,47164,0.15412820837168317
Tc,H,3396,3663,124461855,-0.007103686458403424
Tc,He,0,3663,415,-1.0
Tc,Hf,5,3663,22172,0.11962517155978859
Tc,Hg,5,3663,15140,0.14202478713105574
Tc,Ho,0,3663,1848,-1.0
Tc,Hs,0,3663,69,-1.0
Tc,I,43,3663,2542800,-0.03717108872024057
Tc,In,7,3663,14006,0.1697052011350256
Tc,Ir,7,3663,169603,0.020317304242415082
Tc,K,10,3663,156190,0.04763461580630303
Tc,Kr,0,3663,166,-1.0
Tc,La,4,3663,8114,0.1634058415760249
Tc,Li,13,3663,117297,0.08254631366928118
Tc,Lr,0,3663,861,-1.0
Tc,Lu,2,3663,2717,0.1794333097379813
Tc,Lv,0,3663,5,-1.0
Tc,Mc,0,3663,5,-1.0
Tc,Md,0,3663,96,-1.0
Tc,Mg,7,3663,63053,0.07958697304282045
Tc,Mn,14,3663,30915,0.17089397702193
Tc,Mo,21,3663,20126,0.22885659757291552
Tc,Mt,0,3663,79,-1.0
Tc,N,2843,3663,110925773,-0.012842673283101883
Tc,Na,166,3663,410484,0.19376738475216107
Tc,Nb,13,3663,6672,0.26087822198281474
Tc,Nd,0,3663,5576,-1.0
Tc,Ne,0,3663,225,-1.0
Tc,Nh,0,3663,8,-1.0
Tc,Ni,10,3663,50498,0.11674607871473461
Tc,No,2,3663,366,0.2911292576636883
Tc,Np,1,3663,482,0.22834921896986018
Tc,O,3230,3663,109353141,0.0004393495848421219
Tc,Og,0,3663,1,-1.0
Tc,Os,5,3663,8718,0.17443317837986805
Tc,P,508,3663,2503338,0.15566745300285748
Tc,Pa,0,3663,263,-1.0
Tc,Pb,7,3663,18301,0.15368388123310983
Tc,Pd,9,3663,48856,0.11160086068857622
Tc,Pm,0,3663,410,-1.0
Tc,Po,5,3663,1385,0.2824526392964988
Tc,Pr,0,3663,3784,-1.0
Tc,Pt,5,3663,143559,0.009948380061324825
Tc,Pu,2,3663,577,0.2657657347112326
Tc,Ra,0,3663,277,-1.0
Tc,Rb,9,3663,11197,0.20119544040807072
Tc,Re,30,3663,10228,0.30203470962130247
Tc,Rf,0,3663,5242,-1.0
Tc,Rg,0,3663,9,-1.0
Tc,Rh,10,3663,14946,0.1912652307037238
Tc,Rn,0,3663,138,-1.0
Tc,Ru,12,3663,39255,0.14493822549905264
Tc,S,1675,3663,36318993,0.04013673478495023
Tc,Sb,11,3663,19105,0.18314052374581233
Tc,Sc,7,3663,3525,0.25234290922990094
Tc,Se,10,3663,120337,0.06359604961968614
Tc,Sg,0,3663,137,-1.0
Tc,Si,12,3663,1825174,-0.09270974229025021
Tc,Sm,0,3663,3363,-1.0
Tc,Sn,45,3663,109311,0.17791751964260094
Tc,Sr,8,3663,8295,0.210766821394188
Tc,Ta,22,3663,5739,0.31322553258459124
Tc,Tb,3,3663,3117,0.1988654112158339
Tc,Tc,3663,3663,3663,
Tc,Te,4,3663,20569,0.10949479161985476
Tc,Th,2,3663,1733,0.20448845277147512
Tc,Ti,9,3663,77983,0.08316293048473453
Tc,Tl,5,3663,6312,0.19339480521069743
Tc,Tm,2,3663,1275,0.2215888725528175
Tc,Ts,0,3663,3,-1.0
Tc,U,6,3663,21879,0.13253025110857936
Tc,V,8,3663,39871,0.11596652882931477
Tc,W,9,3663,44325,0.11751988508681303
Tc,Xe,0,3663,588,-1.0
Tc,Y,18,3663,98196,0.11619857342297835
Tc,Yb,0,3663,3286,-1.0
Tc,Zn,6,3663,76233,0.058443721182917824
Tc,Zr,11,3663,106659,0.07726567917885353
Te,Ac,6,20569,9776,0.07793246508828182
Te,Ag,129,20569,19086,0.2693686935808178
Te,Al,100,20569,82361,0.14216202133976377
Te,Am,0,20569,380,-1.0
Te,Ar,0,20569,4079,-1.0
Te,As,128,20569,33552,0.22773837250412943
Te,At,0,20569,1164,-1.0
Te,Au,91,20569,18070,0.24189120757736318
Te,B,581,20569,1315877,0.08013578955559739
Te,Ba,38,20569,15764,0.1787045380734858
Te,Be,24,20569,3233,0.2461365135428632
Te,Bh,0,20569,74,-1.0
Te,Bi,311,20569,15692,0.3711321388195542
Te,Bk,0,20569,169,-1.0
Te,Br,1108,20569,8607410,-0.021395077287805958
Te,C,17785,20569,124377664,-0.016232545971647236
Te,Ca,32,20569,47081,0.09325355447776372
Te,Cd,195,20569,7961,0.3740168175056765
Te,Ce,8,20569,8261,0.10682467925806358
Te,Cf,0,20569,237,-1.0
Te,Cl,1994,20569,21906474,-0.05391848433990379
Te,Cm,0,20569,692,-1.0
Te,Cn,0,20569,7,-1.0
Te,Co,47,20569,45781,0.12356106897087678
Te,Cr,58,20569,27069,0.1758076414662627
Te,Cs,29,20569,12307,0.17405380266249024
Te,Cu,166,20569,67388,0.19978188114157494
Te,Db,0,20569,105,-1.0
Te,Ds,1,20569,11,0.3385685047045173
Te,Dy,4,20569,2319,0.13598952338463446
Te,Er,15,20569,2201,0.23350885282143885
Te,Es,1,20569,359,0.15158741844646198
Te,Eu,7,20569,5611,0.12114191478971625
Te,F,1634,20569,25344252,-0.08364212352532562
Te,Fe,113,20569,81651,0.15281743341755014
Te,Fl,0,20569,8,-1.0
Te,Fm,0,20569,2120,-1.0
Te,Fr,0,20569,105,-1.0
Te,Ga,81,20569,11650,0.26255498680238737
Te,Gd,6,20569,7718,0.09196168438800348
Te,Ge,463,20569,47164,0.3267533352915678
Te,H,19319,20569,124461855,-0.007030895296240607
Te,He,0,20569,415,-1.0
Te,Hf,20,20569,22172,0.10854337225026585
Te,Hg,121,20569,15140,0.28022823039473216
Te,Ho,3,20569,1848,0.13030190589119023
Te,Hs,0,20569,69,-1.0
Te,I,819,20569,2542800,0.056006974131391
Te,In,128,20569,14006,0.29109627867440396
Te,Ir,149,20569,169603,0.1225910352851854
Te,K,85,20569,156190,0.08401361915197754
Te,Kr,0,20569,166,-1.0
Te,La,26,20569,8114,0.19280059855827011
Te,Li,191,20569,117297,0.17095587522682176
Te,Lr,0,20569,861,-1.0
Te,Lu,3,20569,2717,0.10833028928466339
Te,Lv,0,20569,5,-1.0
Te,Mc,0,20569,5,-1.0
Te,Md,0,20569,96,-1.0
Te,Mg,62,20569,63053,0.1229481926545447
Te,Mn,81,20569,30915,0.1940494711070479
Te,Mo,112,20569,20126,0.25267311579359714
Te,Mt,0,20569,79,-1.0
Te,N,6609,20569,110925773,-0.1035306540760143
Te,Na,198,20569,410484,0.0802985403350073
Te,Nb,54,20569,6672,0.2656580389621671
Te,Nd,5,20569,5576,0.09935964878656987
Te,Ne,0,20569,225,-1.0
Te,Nh,0,20569,8,-1.0
Te,Ni,60,20569,50498,0.13568146907753756
Te,No,0,20569,366,-1.0
Te,Np,0,20569,482,-1.0
Te,O,11074,20569,109353141,-0.05239448423671422
Te,Og,0,20569,1,-1.0
Te,Os,13,20569,8718,0.1369030785176241
Te,P,694,20569,2503338,0.04284397541163906
Te,Pa,0,20569,263,-1.0
Te,Pb,175,20569,18301,0.3012128116393026
Te,Pd,48,20569,48856,0.12076112872860555
Te,Pm,0,20569,410,-1.0
Te,Po,7,20569,1385,0.2049430779857217
Te,Pr,3,20569,3784,0.08944676304500285
Te,Pt,187,20569,143559,0.15404090754825878
Te,Pu,0,20569,577,-1.0
Te,Ra,2,20569,277,0.21051101116484988
Te,Rb,18,20569,11197,0.14450412432847531
Te,Re,25,20569,10228,0.1747532137058423
Te,Rf,0,20569,5242,-1.0
Te,Rg,0,20569,9,-1.0
Te,Rh,23,20569,14946,0.1439717711921175
Te,Rn,0,20569,138,-1.0
Te,Ru,24,20569,39255,0.08467027694927105
Te,S,2983,20569,36318993,-0.06561878651119561
Te,Sb,350,20569,19105,0.36840865769988906
Te,Sc,12,20569,3525,0.18731948437292997
Te,Se,1229,20569,120337,0.3578596999324298
Te,Sg,0,20569,137,-1.0
Te,Si,967,20569,1825174,0.09909673046013323
Te,Sm,3,20569,3363,0.0961705545911838
Te,Sn,203,20569,109311,0.181600281062315
Te,Sr,27,20569,8295,0.19429653739562172
Te,Ta,39,20569,5739,0.24821534080776947
Te,Tb,10,20569,3117,0.1815987842186704
Te,Tc,4,20569,3663,0.10949479161985476
Te,Te,20569,20569,20569,
Te,Th,6,20569,1733,0.1806150956509994
Te,Ti,71,20569,77983,0.11875391930072038
Te,Tl,29,20569,6312,0.2177718182734459
Te,Tm,9,20569,1275,0.22839173752582875
Te,Ts,0,20569,3,-1.0
Te,U,14,20569,21879,0.08466515668749668
Te,V,74,20569,39871,0.1687761065798892
Te,W,125,20569,44325,0.20547040376446873
Te,Xe,6,20569,588,0.24476708496158173
Te,Y,20,20569,98196,0.01342325712221359
Te,Yb,7,20569,3286,0.15319163168027883
Te,Zn,178,20569,76233,0.1968404645727483
Te,Zr,39,20569,106659,0.05309232333341413
Th,Ac,2,1733,9776,0.14979258082199048
Th,Ag,4,1733,19086,0.1572081966867721
Th,Al,27,1733,82361,0.2059273950557338
Th,Am,1,1733,380,0.2812555029497841
Th,Ar,1,1733,4079,0.1539288926063807
Th,As,11,1733,33552,0.19454766601495244
Th,At,0,1733,1164,-1.0
Th,Au,9,1733,18070,0.21760462317070015
Th,B,50,1733,1315877,0.06823044755491674
Th,Ba,19,1733,15764,0.284266810055118
Th,Be,5,1733,3233,0.27662319114213413
Th,Bh,0,1733,74,-1.0
Th,Bi,14,1733,15692,0.26004318887036637
Th,Bk,0,1733,169,-1.0
Th,Br,34,1733,8607410,-0.0832893593874293
Th,C,932,1733,124377664,-0.052407533437899965
Th,Ca,8,1733,47081,0.1511217112768371
Th,Cd,12,1733,7961,0.2900240687480905
Th,Ce,31,1733,8261,0.3681052941849905
Th,Cf,0,1733,237,-1.0
Th,Cl,149,1733,21906474,-0.05246347406467231
Th,Cm,0,1733,692,-1.0
Th,Cn,0,1733,7,-1.0
Th,Co,32,1733,45781,0.2581276822737955
Th,Cr,18,1733,27069,0.24553088670010098
Th,Cs,9,1733,12307,0.24096275084651467
Th,Cu,25,1733,67388,0.2129198754381497
Th,Db,0,1733,105,-1.0
Th,Ds,0,1733,11,-1.0
Th,Dy,8,1733,2319,0.33291730519546675
Th,Er,8,1733,2201,0.336070735978926
Th,Es,0,1733,359,-1.0
Th,Eu,4,1733,5611,0.22816039273681546
Th,F,120,1733,25344252,-0.07779136752430847
Th,Fe,38,1733,81651,0.23397407122845248
Th,Fl,0,1733,8,-1.0
Th,Fm,0,1733,2120,-1.0
Th,Fr,1,1733,105,0.35025626060027426
Th,Ga,12,1733,11650,0.2664563313679825
Th,Gd,5,1733,7718,0.22553165780225257
Th,Ge,7,1733,47164,0.1418089970372487
Th,H,1192,1733,124461855,-0.03229155992614391
Th,He,3,1733,415,0.356475075075515
Th,Hf,14,1733,22172,0.23844023114750879
Th,Hg,3,1733,15140,0.15143384507793617
Th,Ho,9,1733,1848,0.35627191977807804
Th,Hs,0,1733,69,-1.0
Th,I,45,1733,2542800,0.016233783506244215
Th,In,17,1733,14006,0.2827105473883427
Th,Ir,16,1733,169603,0.12063924227994938
Th,K,32,1733,156190,0.17725648207718384
Th,Kr,0,1733,166,-1.0
Th,La,12,1733,8114,0.28884575821889513
Th,Li,16,1733,117297,0.1438779948669802
Th,Lr,0,1733,861,-1.0
Th,Lu,3,1733,2717,0.24935994691186125
Th,Lv,0,1733,5,-1.0
Th,Mc,0,1733,5,-1.0
Th,Md,0,1733,96,-1.0
Th,Mg,18,1733,63053,0.19184340592462815
Th,Mn,13,1733,30915,0.21205303587842037
Th,Mo,17,1733,20126,0.25977644411722717
Th,Mt,0,1733,79,-1.0
Th,N,407,1733,110925773,-0.10549908538159412
Th,Na,53,1733,410484,0.15188049138667423
Th,Nb,15,1733,6672,0.319178062624318
Th,Nd,9,1733,5576,0.2891097849226197
Th,Ne,0,1733,225,-1.0
Th,Nh,0,1733,8,-1.0
Th,Ni,18,1733,50498,0.2059411606772357
Th,No,0,1733,366,-1.0
Th,Np,1,1733,482,0.2684998129242876
Th,O,1017,1733,109353141,-0.034359816692559955
Th,Og,0,1733,1,-1.0
Th,Os,4,1733,8718,0.2026211090092157
Th,P,137,1733,2503338,0.09983337862603775
Th,Pa,1,1733,263,0.30099835149450754
Th,Pb,16,1733,18301,0.26095387059916547
Th,Pd,5,1733,48856,0.11718149480291323
Th,Pm,0,1733,410,-1.0
Th,Po,0,1733,1385,-1.0
Th,Pr,0,1733,3784,-1.0
Th,Pt,10,1733,143559,0.09860525117983249
Th,Pu,13,1733,577,0.45970528881332495
Th,Ra,1,1733,277,0.29821605584305855
Th,Rb,5,1733,11197,0.20368393635857193
Th,Re,9,1733,10228,0.252215908884328
Th,Rf,0,1733,5242,-1.0
Th,Rg,0,1733,9,-1.0
Th,Rh,9,1733,14946,0.22914788403949046
Th,Rn,3,1733,138,0.41924042733475153
Th,Ru,7,1733,39255,0.15280367875579215
Th,S,172,1733,36318993,-0.07985103997323795
Th,Sb,6,1733,19105,0.18499731414305245
Th,Sc,20,1733,3525,0.38421839922978784
Th,Se,15,1733,120337,0.13763846802083635
Th,Sg,0,1733,137,-1.0
Th,Si,126,1733,1825174,0.11605263887446343
Th,Sm,2,1733,3363,0.20924953896653342
Th,Sn,16,1733,109311,0.14832168006830845
Th,Sr,2,1733,8295,0.15894586253670676
Th,Ta,13,1733,5739,0.3168054702193465
Th,Tb,10,1733,3117,0.33302117127359915
Th,Tc,2,1733,3663,0.20448845277147512
Th,Te,6,1733,20569,0.1806150956509994
Th,Th,1733,1733,1733,
Th,Ti,26,1733,77983,0.20651956875153402
Th,Tl,6,1733,6312,0.2507289528821961
Th,Tm,4,1733,1275,0.314039741341672
Th,Ts,0,1733,3,-1.0
Th,U,74,1733,21879,0.38319803108978684
Th,V,18,1733,39871,0.22094319683138577
Th,W,36,1733,44325,0.27011587610860377
Th,Xe,0,1733,588,-1.0
Th,Y,14,1733,98196,0.1454403555743032
Th,Yb,6,1733,3286,0.2894725184777723
Th,Zn,18,1733,76233,0.1797915422082465
Th,Zr,49,1733,106659,0.23712930062422785
Ti,Ac,3,77983,9776,-0.040633320555660574
Ti,Ag,255,77983,19086,0.23366494520158002
Ti,Al,2039,77983,82361,0.3337139892505307
Ti,Am,0,77983,380,-1.0
Ti,Ar,6,77983,4079,0.05071225097107042
Ti,As,76,77983,33552,0.08988025815990826
Ti,At,3,77983,1164,0.08067996569440684
Ti,Au,218,77983,18070,0.22320195436749593
Ti,B,1099,77983,1315877,0.024782573611116833
Ti,Ba,697,77983,15764,0.35204870382917103
Ti,Be,46,77983,3233,0.21089558298084338
Ti,Bh,0,77983,74,-1.0
Ti,Bi,388,77983,15692,0.28994659926208105
Ti,Bk,2,77983,169,0.16378626909576752
Ti,Br,1814,77983,8607410,-0.09774029748098459
Ti,C,66990,77983,124377664,-0.019957884802706678
Ti,Ca,658,77983,47081,0.25559897704472384
Ti,Cd,63,77983,7961,0.17500462336458436
Ti,Ce,290,77983,8261,0.3104598648417355
Ti,Cf,0,77983,237,-1.0
Ti,Cl,30461,77983,21906474,0.0959794207716836
Ti,Cm,0,77983,692,-1.0
Ti,Cn,0,77983,7,-1.0
Ti,Co,575,77983,45781,0.24409838194943267
Ti,Cr,709,77983,27069,0.30919083385663054
Ti,Cs,61,77983,12307,0.1424147158718443
Ti,Cu,749,77983,67388,0.23929902933150712
Ti,Db,0,77983,105,-1.0
Ti,Ds,0,77983,11,-1.0
Ti,Dy,33,77983,2319,0.20627957428286892
Ti,Er,39,77983,2201,0.22322146321598238
Ti,Es,0,77983,359,-1.0
Ti,Eu,35,77983,5611,0.15241117250352873
Ti,F,5867,77983,25344252,-0.09983273550416315
Ti,Fe,996,77983,81651,0.25303561566937693
Ti,Fl,0,77983,8,-1.0
Ti,Fm,4,77983,2120,0.06395007731110254
Ti,Fr,0,77983,105,-1.0
Ti,Ga,114,77983,11650,0.19773861709750004
Ti,Gd,38,77983,7718,0.13747715954157783
Ti,Ge,267,77983,47164,0.16870462097075983
Ti,H,72229,77983,124461855,-0.010147146031414292
Ti,He,6,77983,415,0.18634993462161215
Ti,Hf,293,77983,22172,0.23532323959933857
Ti,Hg,34,77983,15140,0.0845267513249964
Ti,Ho,18,77983,1848,0.17427119385422335
Ti,Hs,0,77983,69,-1.0
Ti,I,691,77983,2542800,-0.06894088233307383
Ti,In,186,77983,14006,0.22771831071933793
Ti,Ir,133,77983,169603,0.016393987358136224
Ti,K,650,77983,156190,0.1557463989045442
Ti,Kr,1,77983,166,0.12147180077743232
Ti,La,341,77983,8114,0.32843609228883885
Ti,Li,979,77983,117297,0.22038061767571582
Ti,Lr,0,77983,861,-1.0
Ti,Lu,22,77983,2717,0.1646385605993265
Ti,Lv,0,77983,5,-1.0
Ti,Mc,0,77983,5,-1.0
Ti,Md,0,77983,96,-1.0
Ti,Mg,960,77983,63053,0.2710716631961462
Ti,Mn,713,77983,30915,0.29879513871647256
Ti,Mo,529,77983,20126,0.3021540133030597
Ti,Mt,0,77983,79,-1.0
Ti,N,24475,77983,110925773,-0.12216310634924885
Ti,Na,804,77983,410484,0.09545646933511114
Ti,Nb,750,77983,6672,0.43182084874510207
Ti,Nd,106,77983,5576,0.2442209417372591
Ti,Ne,3,77983,225,0.17437080204378472
Ti,Nh,0,77983,8,-1.0
Ti,Ni,963,77983,50498,0.29027290423865304
Ti,No,2,77983,366,0.12073071634514555
Ti,Np,2,77983,482,0.1053908343784222
Ti,O,42748,77983,109353141,-0.05900734194031921
Ti,Og,0,77983,1,-1.0
Ti,Os,20,77983,8718,0.08302272839441512
Ti,P,5709,77983,2503338,0.1294149634972265
Ti,Pa,0,77983,263,-1.0
Ti,Pb,527,77983,18301,0.30943777464778155
Ti,Pd,158,77983,48856,0.12094984241757606
Ti,Pm,4,77983,410,0.15917387934782926
Ti,Po,5,77983,1385,0.102886478221683
Ti,Pr,54,77983,3784,0.21340637923297498
Ti,Pt,207,77983,143559,0.06270784234627574
Ti,Pu,8,77983,577,0.18705809214678995
Ti,Ra,0,77983,277,-1.0
Ti,Rb,86,77983,11197,0.1767376433401186
Ti,Re,46,77983,10228,0.13313923783350026
Ti,Rf,0,77983,5242,-1.0
Ti,Rg,0,77983,9,-1.0
Ti,Rh,46,77983,14946,0.10753044610825005
Ti,Rn,0,77983,138,-1.0
Ti,Ru,224,77983,39255,0.16706612238172455
Ti,S,4317,77983,36318993,-0.16175398041413047
Ti,Sb,258,77983,19105,0.2346914147300154
Ti,Sc,70,77983,3525,0.2402124341159308
Ti,Se,137,77983,120337,0.04360002467083012
Ti,Sg,0,77983,137,-1.0
Ti,Si,16593,77983,1825174,0.2998541168101591
Ti,Sm,53,77983,3363,0.21990027828966655
Ti,Sn,638,77983,109311,0.1832734513578795
Ti,Sr,429,77983,8295,0.350926854935764
Ti,Ta,390,77983,5739,0.3698319803941588
Ti,Tb,28,77983,3117,0.17401410804265333
Ti,Tc,9,77983,3663,0.08316293048473453
Ti,Te,71,77983,20569,0.11875391930072038
Ti,Th,26,77983,1733,0.20651956875153402
Ti,Ti,77983,77983,77983,
Ti,Tl,24,77983,6312,0.11667811141555504
Ti,Tm,6,77983,1275,0.11973244861610867
Ti,Ts,0,77983,3,-1.0
Ti,U,40,77983,21879,0.07168998400961515
Ti,V,685,77983,39871,0.27349269160072665
Ti,W,511,77983,44325,0.23486891119806985
Ti,Xe,1,77983,588,0.05362292773121766
Ti,Y,163,77983,98196,0.07199615998112963
Ti,Yb,17,77983,3286,0.13361366697820387
Ti,Zn,778,77983,76233,0.23293631336668275
Ti,Zr,1485,77983,106659,0.2736143184634432
Tl,Ac,0,6312,9776,-1.0
Tl,Ag,33,6312,19086,0.23310330405062818
Tl,Al,32,6312,82361,0.13424850140564584
Tl,Am,0,6312,380,-1.0
Tl,Ar,1,6312,4079,0.08458545858314342
Tl,As,30,6312,33552,0.18837243748220828
Tl,At,0,6312,1164,-1.0
Tl,Au,21,6312,18070,0.20087439724921458
Tl,B,228,6312,1315877,0.09307693881007498
Tl,Ba,39,6312,15764,0.2596254329943607
Tl,Be,16,6312,3233,0.2887423870485969
Tl,Bh,0,6312,74,-1.0
Tl,Bi,34,6312,15692,0.2484938814012923
Tl,Bk,0,6312,169,-1.0
Tl,Br,333,6312,8607410,-0.021014506430902195
Tl,C,5316,6312,124377664,-0.016898292710668176
Tl,Ca,55,6312,47081,0.2144461628293628
Tl,Cd,34,6312,7961,0.2933919006401398
Tl,Ce,13,6312,8261,0.21373865334402617
Tl,Cf,0,6312,237,-1.0
Tl,Cl,768,6312,21906474,-0.030689817276100876
Tl,Cm,0,6312,692,-1.0
Tl,Cn,0,6312,7,-1.0
Tl,Co,17,6312,45781,0.1260121336423315
Tl,Cr,29,6312,27069,0.19979238994648263
Tl,Cs,21,6312,12307,0.22550152198529463
Tl,Cu,64,6312,67388,0.20239309938586625
Tl,Db,0,6312,105,-1.0
Tl,Ds,0,6312,11,-1.0
Tl,Dy,5,6312,2319,0.22023667428484356
Tl,Er,4,6312,2201,0.20748249292984985
Tl,Es,0,6312,359,-1.0
Tl,Eu,3,6312,5611,0.1343326800531235
Tl,F,1239,6312,25344252,-0.0030974123159104457
Tl,Fe,29,6312,81651,0.12750483950167713
Tl,Fl,0,6312,8,-1.0
Tl,Fm,0,6312,2120,-1.0
Tl,Fr,0,6312,105,-1.0
Tl,Ga,43,6312,11650,0.28821613535124235
Tl,Gd,7,6312,7718,0.17280562734521204
Tl,Ge,31,6312,47164,0.16854098481680313
Tl,H,5638,6312,124461855,-0.011186365781673209
Tl,He,0,6312,415,-1.0
Tl,Hf,10,6312,22172,0.13381881032019396
Tl,Hg,52,6312,15140,0.28704406827815676
Tl,Ho,3,6312,1848,0.19764530125819388
Tl,Hs,0,6312,69,-1.0
Tl,I,350,6312,2542800,0.07819081752630296
Tl,In,62,6312,14006,0.30800631737012046
Tl,Ir,11,6312,169603,0.015207182479152512
Tl,K,32,6312,156190,0.09207586573169256
Tl,Kr,0,6312,166,-1.0
Tl,La,23,6312,8114,0.2595590500023608
Tl,Li,42,6312,117297,0.13121842957013766
Tl,Lr,0,6312,861,-1.0
Tl,Lu,1,6312,2717,0.10638330787663741
Tl,Lv,0,6312,5,-1.0
Tl,Mc,0,6312,5,-1.0
Tl,Md,0,6312,96,-1.0
Tl,Mg,16,6312,63053,0.10153696932761985
Tl,Mn,14,6312,30915,0.13688648235721554
Tl,Mo,17,6312,20126,0.17800429058850334
Tl,Mt,0,6312,79,-1.0
Tl,N,3259,6312,110925773,-0.05163989352802812
Tl,Na,45,6312,410484,0.05203600985609484
Tl,Nb,19,6312,6672,0.25669374780544124
Tl,Nd,6,6312,5576,0.18136974059156705
Tl,Ne,0,6312,225,-1.0
Tl,Nh,0,6312,8,-1.0
Tl,Ni,25,6312,50498,0.14781238860903823
Tl,No,0,6312,366,-1.0
Tl,Np,0,6312,482,-1.0
Tl,O,4520,6312,109353141,-0.01990368661516262
Tl,Og,0,6312,1,-1.0
Tl,Os,6,6312,8718,0.15484447579647934
Tl,P,831,6312,2503338,0.15773071251676754
Tl,Pa,2,6312,263,0.2792227437996396
Tl,Pb,45,6312,18301,0.26171703937608953
Tl,Pd,14,6312,48856,0.10828688933975893
Tl,Pm,1,6312,410,0.20783568834091434
Tl,Po,3,6312,1385,0.21408613676974397
Tl,Pr,2,6312,3784,0.13065609909047401
Tl,Pt,14,6312,143559,0.040926295584811534
Tl,Pu,1,6312,577,0.18950546644590285
Tl,Ra,0,6312,277,-1.0
Tl,Rb,13,6312,11197,0.19482175142870042
Tl,Re,16,6312,10228,0.21616092748213225
Tl,Rf,0,6312,5242,-1.0
Tl,Rg,0,6312,9,-1.0
Tl,Rh,10,6312,14946,0.15795810415322586
Tl,Rn,0,6312,138,-1.0
Tl,Ru,15,6312,39255,0.12681898312817957
Tl,S,1396,6312,36318993,-0.024226325809540233
Tl,Sb,31,6312,19105,0.22796807751542977
Tl,Sc,12,6312,3525,0.26044153338160025
Tl,Se,69,6312,120337,0.16842346396786162
Tl,Sg,0,6312,137,-1.0
Tl,Si,102,6312,1825174,0.00700022712513809
Tl,Sm,1,6312,3363,0.09494022833109135
Tl,Sn,46,6312,109311,0.14292666411660696
Tl,Sr,30,6312,8295,0.28007220590528
Tl,Ta,14,6312,5739,0.24212405885809773
Tl,Tb,4,6312,3117,0.18731590054771108
Tl,Tc,5,6312,3663,0.19339480521069743
Tl,Te,29,6312,20569,0.2177718182734459
Tl,Th,6,6312,1733,0.2507289528821961
Tl,Ti,24,6312,77983,0.11667811141555504
Tl,Tl,6312,6312,6312,
Tl,Tm,3,6312,1275,0.21880363391364818
Tl,Ts,0,6312,3,-1.0
Tl,U,22,6312,21879,0.19216610731508452
Tl,V,43,6312,39871,0.20552808279620766
Tl,W,22,6312,44325,0.14676130286237726
Tl,Xe,1,6312,588,0.1884923687328155
Tl,Y,21,6312,98196,0.09233943787914439
Tl,Yb,2,6312,3286,0.13851856066026394
Tl,Zn,32,6312,76233,0.13934363272159278
Tl,Zr,13,6312,106659,0.05460967644621846
Tm,Ac,0,1275,9776,-1.0
Tm,Ag,2,1275,19086,0.1296160018851457
Tm,Al,32,1275,82361,0.2396539569637231
Tm,Am,0,1275,380,-1.0
Tm,Ar,0,1275,4079,-1.0
Tm,As,3,1275,33552,0.12356640678311327
Tm,At,0,1275,1164,-1.0
Tm,Au,5,1275,18070,0.1936024127720351
Tm,B,43,1275,1315877,0.07802888609321168
Tm,Ba,12,1275,15764,0.2667339530890182
Tm,Be,2,1275,3233,0.22854654238017466
Tm,Bh,0,1275,74,-1.0
Tm,Bi,14,1275,15692,0.27922315937653575
Tm,Bk,0,1275,169,-1.0
Tm,Br,20,1275,8607410,-0.09476440049211099
Tm,C,684,1275,124377664,-0.05127263766328383
Tm,Ca,8,1275,47081,0.16965357146307905
Tm,Cd,4,1275,7961,0.22567301372110213
Tm,Ce,7,1275,8261,0.26454271136002644
Tm,Cf,0,1275,237,-1.0
Tm,Cl,86,1275,21906474,-0.06753851312633309
Tm,Cm,0,1275,692,-1.0
Tm,Cn,0,1275,7,-1.0
Tm,Co,11,1275,45781,0.19430972118978684
Tm,Cr,12,1275,27069,0.23326819389225742
Tm,Cs,2,1275,12307,0.154064513736084
Tm,Cu,8,1275,67388,0.14800056398970687
Tm,Db,0,1275,105,-1.0
Tm,Ds,0,1275,11,-1.0
Tm,Dy,38,1275,2319,0.49180514083283366
Tm,Er,76,1275,2201,0.5677156920679177
Tm,Es,0,1275,359,-1.0
Tm,Eu,16,1275,5611,0.35479933343778686
Tm,F,126,1275,25344252,-0.05229903625733444
Tm,Fe,17,1275,81651,0.19059749763258654
Tm,Fl,0,1275,8,-1.0
Tm,Fm,0,1275,2120,-1.0
Tm,Fr,0,1275,105,-1.0
Tm,Ga,8,1275,11650,0.25398154845602755
Tm,Gd,29,1275,7718,0.38667747951904724
Tm,Ge,12,1275,47164,0.1988998744767379
Tm,H,887,1275,124461855,-0.03052752911246253
Tm,He,0,1275,415,-1.0
Tm,Hf,5,1275,22172,0.18159043553528204
Tm,Hg,6,1275,15140,0.2170184973373115
Tm,Ho,72,1275,1848,0.5739846027050729
Tm,Hs,0,1275,69,-1.0
Tm,I,39,1275,2542800,0.02701593138865766
Tm,In,18,1275,14006,0.30685160383147286
Tm,Ir,0,1275,169603,-1.0
Tm,K,11,1275,156190,0.11875524076618979
Tm,Kr,0,1275,166,-1.0
Tm,La,16,1275,8114,0.3315535997309954
Tm,Li,21,1275,117297,0.18350138582282977
Tm,Lr,0,1275,861,-1.0
Tm,Lu,25,1275,2717,0.4410306688379929
Tm,Lv,0,1275,5,-1.0
Tm,Mc,0,1275,5,-1.0
Tm,Md,0,1275,96,-1.0
Tm,Mg,11,1275,63053,0.1746019317700636
Tm,Mn,13,1275,30915,0.2311445872796593
Tm,Mo,3,1275,20126,0.1527014125775407
Tm,Mt,0,1275,79,-1.0
Tm,N,411,1275,110925773,-0.08049056200918532
Tm,Na,13,1275,410484,0.07027357321163664
Tm,Nb,5,1275,6672,0.2521032568023048
Tm,Nd,19,1275,5576,0.37003114180774505
Tm,Ne,0,1275,225,-1.0
Tm,Nh,0,1275,8,-1.0
Tm,Ni,14,1275,50498,0.20618097723273587
Tm,No,0,1275,366,-1.0
Tm,Np,2,1275,482,0.33459104818715785
Tm,O,797,1275,109353141,-0.028379255743949647
Tm,Og,0,1275,1,-1.0
Tm,Os,1,1275,8718,0.12964685300703327
Tm,P,80,1275,2503338,0.07986268566364248
Tm,Pa,0,1275,263,-1.0
Tm,Pb,5,1275,18301,0.19285656534025863
Tm,Pd,2,1275,48856,0.07724502588655452
Tm,Pm,10,1275,410,0.4759630486864823
Tm,Po,1,1275,1385,0.22833983085932694
Tm,Pr,10,1275,3784,0.33993741204666467
Tm,Pt,2,1275,143559,0.01718787253694129
Tm,Pu,2,1275,577,0.32456740720142546
Tm,Ra,0,1275,277,-1.0
Tm,Rb,0,1275,11197,-1.0
Tm,Re,0,1275,10228,-1.0
Tm,Rf,0,1275,5242,-1.0
Tm,Rg,0,1275,9,-1.0
Tm,Rh,3,1275,14946,0.16966470925821434
Tm,Rn,0,1275,138,-1.0
Tm,Ru,1,1275,39255,0.04892550411393795
Tm,S,135,1275,36318993,-0.07373323519786384
Tm,Sb,7,1275,19105,0.21432268297452473
Tm,Sc,15,1275,3525,0.3784875293689127
Tm,Se,7,1275,120337,0.10408682610211394
Tm,Sg,0,1275,137,-1.0
Tm,Si,45,1275,1825174,0.05927705675136933
Tm,Sm,15,1275,3363,0.3814404277960215
Tm,Sn,11,1275,109311,0.14072680656064124
Tm,Sr,7,1275,8295,0.2642966873504034
Tm,Ta,4,1275,5739,0.2446405061226914
Tm,Tb,26,1275,3117,0.4357763373906497
Tm,Tc,2,1275,3663,0.2215888725528175
Tm,Te,9,1275,20569,0.22839173752582875
Tm,Th,4,1275,1733,0.314039741341672
Tm,Ti,6,1275,77983,0.11973244861610867
Tm,Tl,3,1275,6312,0.21880363391364818
Tm,Tm,1275,1275,1275,
Tm,Ts,0,1275,3,-1.0
Tm,U,3,1275,21879,0.14794054503303633
Tm,V,17,1275,39871,0.23594388386811158
Tm,W,6,1275,44325,0.15326260438585945
Tm,Xe,0,1275,588,-1.0
Tm,Y,59,1275,98196,0.27965731617323336
Tm,Yb,55,1275,3286,0.5056815010392608
Tm,Zn,6,1275,76233,0.12107951487677375
Tm,Zr,14,1275,106659,0.15945384333094317
Ts,Ac,0,3,9776,-1.0
Ts,Ag,0,3,19086,-1.0
Ts,Al,0,3,82361,-1.0
Ts,Am,0,3,380,-1.0
Ts,Ar,0,3,4079,-1.0
Ts,As,0,3,33552,-1.0
Ts,At,0,3,1164,-1.0
Ts,Au,0,3,18070,-1.0
Ts,B,0,3,1315877,-1.0
Ts,Ba,0,3,15764,-1.0
Ts,Be,0,3,3233,-1.0
Ts,Bh,0,3,74,-1.0
Ts,Bi,0,3,15692,-1.0
Ts,Bk,0,3,169,-1.0
Ts,Br,0,3,8607410,-1.0
Ts,C,0,3,124377664,-1.0
Ts,Ca,0,3,47081,-1.0
Ts,Cd,0,3,7961,-1.0
Ts,Ce,0,3,8261,-1.0
Ts,Cf,0,3,237,-1.0
Ts,Cl,0,3,21906474,-1.0
Ts,Cm,0,3,692,-1.0
Ts,Cn,0,3,7,-1.0
Ts,Co,0,3,45781,-1.0
Ts,Cr,0,3,27069,-1.0
Ts,Cs,0,3,12307,-1.0
Ts,Cu,0,3,67388,-1.0
Ts,Db,0,3,105,-1.0
Ts,Ds,0,3,11,-1.0
Ts,Dy,0,3,2319,-1.0
Ts,Er,0,3,2201,-1.0
Ts,Es,0,3,359,-1.0
Ts,Eu,0,3,5611,-1.0
Ts,F,0,3,25344252,-1.0
Ts,Fe,0,3,81651,-1.0
Ts,Fl,0,3,8,-1.0
Ts,Fm,0,3,2120,-1.0
Ts,Fr,0,3,105,-1.0
Ts,Ga,0,3,11650,-1.0
Ts,Gd,0,3,7718,-1.0
Ts,Ge,0,3,47164,-1.0
Ts,H,0,3,124461855,-1.0
Ts,He,0,3,415,-1.0
Ts,Hf,0,3,22172,-1.0
Ts,Hg,0,3,15140,-1.0
Ts,Ho,0,3,1848,-1.0
Ts,Hs,0,3,69,-1.0
Ts,I,0,3,2542800,-1.0
Ts,In,0,3,14006,-1.0
Ts,Ir,0,3,169603,-1.0
Ts,K,0,3,156190,-1.0
Ts,Kr,0,3,166,-1.0
Ts,La,0,3,8114,-1.0
Ts,Li,0,3,117297,-1.0
Ts,Lr,0,3,861,-1.0
Ts,Lu,0,3,2717,-1.0
Ts,Lv,0,3,5,-1.0
Ts,Mc,0,3,5,-1.0
Ts,Md,0,3,96,-1.0
Ts,Mg,0,3,63053,-1.0
Ts,Mn,0,3,30915,-1.0
Ts,Mo,0,3,20126,-1.0
Ts,Mt,0,3,79,-1.0
Ts,N,0,3,110925773,-1.0
Ts,Na,0,3,410484,-1.0
Ts,Nb,0,3,6672,-1.0
Ts,Nd,0,3,5576,-1.0
Ts,Ne,0,3,225,-1.0
Ts,Nh,0,3,8,-1.0
Ts,Ni,0,3,50498,-1.0
Ts,No,0,3,366,-1.0
Ts,Np,0,3,482,-1.0
Ts,O,0,3,109353141,-1.0
Ts,Og,0,3,1,-1.0
Ts,Os,0,3,8718,-1.0
Ts,P,0,3,2503338,-1.0
Ts,Pa,0,3,263,-1.0
Ts,Pb,0,3,18301,-1.0
Ts,Pd,0,3,48856,-1.0
Ts,Pm,0,3,410,-1.0
Ts,Po,0,3,1385,-1.0
Ts,Pr,0,3,3784,-1.0
Ts,Pt,0,3,143559,-1.0
Ts,Pu,0,3,577,-1.0
Ts,Ra,0,3,277,-1.0
Ts,Rb,0,3,11197,-1.0
Ts,Re,0,3,10228,-1.0
Ts,Rf,0,3,5242,-1.0
Ts,Rg,0,3,9,-1.0
Ts,Rh,0,3,14946,-1.0
Ts,Rn,0,3,138,-1.0
Ts,Ru,0,3,39255,-1.0
Ts,S,0,3,36318993,-1.0
Ts,Sb,0,3,19105,-1.0
Ts,Sc,0,3,3525,-1.0
Ts,Se,0,3,120337,-1.0
Ts,Sg,0,3,137,-1.0
Ts,Si,0,3,1825174,-1.0
Ts,Sm,0,3,3363,-1.0
Ts,Sn,0,3,109311,-1.0
Ts,Sr,0,3,8295,-1.0
Ts,Ta,0,3,5739,-1.0
Ts,Tb,0,3,3117,-1.0
Ts,Tc,0,3,3663,-1.0
Ts,Te,0,3,20569,-1.0
Ts,Th,0,3,1733,-1.0
Ts,Ti,0,3,77983,-1.0
Ts,Tl,0,3,6312,-1.0
Ts,Tm,0,3,1275,-1.0
Ts,Ts,3,3,3,
Ts,U,0,3,21879,-1.0
Ts,V,0,3,39871,-1.0
Ts,W,0,3,44325,-1.0
Ts,Xe,0,3,588,-1.0
Ts,Y,0,3,98196,-1.0
Ts,Yb,0,3,3286,-1.0
Ts,Zn,0,3,76233,-1.0
Ts,Zr,0,3,106659,-1.0
U,Ac,21,21879,9776,0.16055947293258424
U,Ag,14,21879,19086,0.08934160074611355
U,Al,109,21879,82361,0.14479204643813465
U,Am,10,21879,380,0.30662751177808795
U,Ar,36,21879,4079,0.26015531757221655
U,As,35,21879,33552,0.1181123596826672
U,At,3,21879,1164,0.15313289714816808
U,Au,17,21879,18070,0.10618216613779918
U,B,2957,21879,1315877,0.23938982412495996
U,Ba,37,21879,15764,0.1725050334447005
U,Be,10,21879,3233,0.1755832378985921
U,Bh,1,21879,74,0.23299684529046372
U,Bi,17,21879,15692,0.11510854195593986
U,Bk,0,21879,169,-1.0
U,Br,1115,21879,8607410,-0.026176518860620442
U,C,20160,21879,124377664,-0.009179316653179202
U,Ca,54,21879,47081,0.12808268474262224
U,Cd,14,21879,7961,0.14398658961325642
U,Ce,16,21879,8261,0.1512822477454271
U,Cf,0,21879,237,-1.0
U,Cl,2980,21879,21906474,-0.023998420775171538
U,Cm,3,21879,692,0.1827779787862647
U,Cn,0,21879,7,-1.0
U,Co,31,21879,45781,0.08875212476533098
U,Cr,24,21879,27069,0.10471541163646651
U,Cs,73,21879,12307,0.24528002715966873
U,Cu,89,21879,67388,0.1425720285431259
U,Db,1,21879,105,0.21422617729193655
U,Ds,0,21879,11,-1.0
U,Dy,8,21879,2319,0.17980703087259156
U,Er,8,21879,2201,0.18296046165605084
U,Es,1,21879,359,0.14827516420182305
U,Eu,5,21879,5611,0.09536698316598655
U,F,4216,21879,25344252,-0.005262338743099722
U,Fe,91,21879,81651,0.1307815528906856
U,Fl,0,21879,8,-1.0
U,Fm,3,21879,2120,0.11895455670439228
U,Fr,0,21879,105,-1.0
U,Ga,11,21879,11650,0.10355979881982903
U,Gd,24,21879,7718,0.18586888526727546
U,Ge,15,21879,47164,0.03727695952246185
U,H,20768,21879,124461855,-0.005872927499582748
U,He,4,21879,415,0.23213231261522113
U,Hf,14,21879,22172,0.07997526777138649
U,Hg,13,21879,15140,0.09872763238138808
U,Ho,7,21879,1848,0.18396949741404348
U,Hs,0,21879,69,-1.0
U,I,1120,21879,2542800,0.07913955729314898
U,In,15,21879,14006,0.11348260135403349
U,Ir,12,21879,169603,-0.056268852344384016
U,K,405,21879,156190,0.21305566880857793
U,Kr,0,21879,166,-1.0
U,La,5,21879,8114,0.07370883345116984
U,Li,256,21879,117297,0.19243184754832504
U,Lr,2,21879,861,0.14388185455792307
U,Lu,3,21879,2717,0.10481059577105518
U,Lv,0,21879,5,-1.0
U,Mc,0,21879,5,-1.0
U,Md,0,21879,96,-1.0
U,Mg,65,21879,63053,0.122348195725627
U,Mn,46,21879,30915,0.14426888554943088
U,Mo,71,21879,20126,0.20866554544189111
U,Mt,4,21879,79,0.32827278562729895
U,N,15076,21879,110925773,-0.028411447370114
U,Na,426,21879,410484,0.1411555995868152
U,Nb,40,21879,6672,0.23612471863808912
U,Nd,18,21879,5576,0.1848486018157101
U,Ne,0,21879,225,-1.0
U,Nh,0,21879,8,-1.0
U,Ni,51,21879,50498,0.11893547539441494
U,No,1,21879,366,0.14723919892793613
U,Np,17,21879,482,0.3354471104756033
U,O,16452,21879,109353141,-0.017312414788946916
U,Og,0,21879,1,-1.0
U,Os,22,21879,8718,0.17139775683213768
U,P,1879,21879,2503338,0.13084173199580187
U,Pa,0,21879,263,-1.0
U,Pb,51,21879,18301,0.18794072517438917
U,Pd,112,21879,48856,0.1845360276502757
U,Pm,3,21879,410,0.21261671785186528
U,Po,3,21879,1385,0.14322304788913212
U,Pr,5,21879,3784,0.11849804448045602
U,Pt,55,21879,143559,0.05330907108398436
U,Pu,67,21879,577,0.44985956136756905
U,Ra,3,21879,277,0.23497114865431937
U,Rb,29,21879,11197,0.1762000494465629
U,Re,29,21879,10228,0.1821265486308665
U,Rf,16,21879,5242,0.1799464862665872
U,Rg,0,21879,9,-1.0
U,Rh,16,21879,14946,0.11391773170186335
U,Rn,3,21879,138,0.27469107619394545
U,Ru,17,21879,39255,0.05710200991170915
U,S,3884,21879,36318993,-0.04780110517960477
U,Sb,30,21879,19105,0.1437557749686306
U,Sc,9,21879,3525,0.16279201682648192
U,Se,38,21879,120337,0.03911133131310674
U,Sg,1,21879,137,0.19995509528251215
U,Si,811,21879,1825174,0.07773505761981493
U,Sm,7,21879,3363,0.1481058865042989
U,Sn,53,21879,109311,0.06922790708252267
U,Sr,8,21879,8295,0.10284852450070511
U,Ta,19,21879,5739,0.18709426661156564
U,Tb,9,21879,3117,0.17027283711156507
U,Tc,6,21879,3663,0.13253025110857936
U,Te,14,21879,20569,0.08466515668749668
U,Th,74,21879,1733,0.38319803108978684
U,Ti,40,21879,77983,0.07168998400961515
U,Tl,22,21879,6312,0.19216610731508452
U,Tm,3,21879,1275,0.14794054503303633
U,Ts,0,21879,3,-1.0
U,U,21879,21879,21879,
U,V,1455,21879,39871,0.46986391436539837
U,W,785,21879,44325,0.38527667022847006
U,Xe,1,21879,588,0.12180571944771502
U,Y,555,21879,98196,0.2817416343143836
U,Yb,12,21879,3286,0.18784358859346775
U,Zn,63,21879,76233,0.1068354100352562
U,Zr,62,21879,106659,0.08247501433573773
V,Ac,20,39871,9776,0.11858093532984648
V,Ag,166,39871,19086,0.24410650828437955
V,Al,524,39871,82361,0.24151732042028237
V,Am,0,39871,380,-1.0
V,Ar,40,39871,4079,0.22889781463022701
V,As,51,39871,33552,0.10593061322069518
V,At,0,39871,1164,-1.0
V,Au,56,39871,18070,0.15535023266506048
V,B,2079,39871,1315877,0.14514796285604703
V,Ba,93,39871,15764,0.2065677344747748
V,Be,25,39871,3233,0.2065172710538582
V,Bh,0,39871,74,-1.0
V,Bi,310,39871,15692,0.3194983764136973
V,Bk,0,39871,169,-1.0
V,Br,2118,39871,8607410,-0.023927396327117458
V,C,33688,39871,124377664,-0.020303685030111696
V,Ca,201,39871,47081,0.19425390319909533
V,Cd,38,39871,7961,0.1801249313337561
V,Ce,80,39871,8261,0.23914526033311637
V,Cf,1,39871,237,0.13835808070409075
V,Cl,5899,39871,21906474,-0.017335430436207538
V,Cm,0,39871,692,-1.0
V,Cn,0,39871,7,-1.0
V,Co,314,39871,45781,0.2377522121649125
V,Cr,413,39871,27069,0.3062856065191838
V,Cs,87,39871,12307,0.21835591183164235
V,Cu,349,39871,67388,0.2177456231835721
V,Db,0,39871,105,-1.0
V,Ds,0,39871,11,-1.0
V,Dy,14,39871,2319,0.18356397631745938
V,Er,27,39871,2201,0.2376259692130222
V,Es,1,39871,359,0.11608070019525074
V,Eu,37,39871,5611,0.20130669796228404
V,F,4474,39871,25344252,-0.05812654804624392
V,Fe,677,39871,81651,0.268467174332254
V,Fl,0,39871,8,-1.0
V,Fm,0,39871,2120,-1.0
V,Fr,0,39871,105,-1.0
V,Ga,63,39871,11650,0.19501442412351855
V,Gd,40,39871,7718,0.1862467861507171
V,Ge,68,39871,47164,0.1043788508292749
V,H,36811,39871,124461855,-0.009699706813319811
V,He,4,39871,415,0.19735117963124882
V,Hf,49,39871,22172,0.13101911585215328
V,Hg,17,39871,15140,0.07940918238412892
V,Ho,14,39871,1848,0.1977521730316498
V,Hs,1,39871,69,0.20455541712616043
V,I,7778,39871,2542800,0.23316755089728425
V,In,72,39871,14006,0.19330125808665014
V,Ir,112,39871,169603,0.052033466320147215
V,K,784,39871,156190,0.22984974421659027
V,Kr,1,39871,166,0.1574601284873574
V,La,61,39871,8114,0.21725603459061754
V,Li,623,39871,117297,0.23015022760866735
V,Lr,0,39871,861,-1.0
V,Lu,8,39871,2717,0.13400604955997733
V,Lv,0,39871,5,-1.0
V,Mc,0,39871,5,-1.0
V,Md,0,39871,96,-1.0
V,Mg,252,39871,63053,0.19257163173502487
V,Mn,399,39871,30915,0.29222402254389757
V,Mo,664,39871,20126,0.38177788594195483
V,Mt,0,39871,79,-1.0
V,N,23047,39871,110925773,-0.050254828525646514
V,Na,922,39871,410484,0.1649385067518896
V,Nb,237,39871,6672,0.35752692374168465
V,Nd,44,39871,5576,0.21573890088241163
V,Ne,0,39871,225,-1.0
V,Nh,0,39871,8,-1.0
V,Ni,450,39871,50498,0.2654705377056982
V,No,11,39871,366,0.2796584225280263
V,Np,2,39871,482,0.1427690696818385
V,O,28371,39871,109353141,-0.025018656688433064
V,Og,0,39871,1,-1.0
V,Os,19,39871,8718,0.12222291448658357
V,P,4034,39871,2503338,0.15636521705927364
V,Pa,3,39871,263,0.20371696025732797
V,Pb,94,39871,18301,0.19689759550089656
V,Pd,111,39871,48856,0.1406952726205678
V,Pm,6,39871,410,0.22688481209553615
V,Po,4,39871,1385,0.12750301530310937
V,Pr,24,39871,3784,0.19315436908243167
V,Pt,81,39871,143559,0.03980576664329424
V,Pu,4,39871,577,0.17825072828894484
V,Ra,0,39871,277,-1.0
V,Rb,67,39871,11197,0.20285760204119696
V,Re,48,39871,10228,0.1818257714829395
V,Rf,40,39871,5242,0.21212032288491933
V,Rg,0,39871,9,-1.0
V,Rh,29,39871,14946,0.11799891120034248
V,Rn,0,39871,138,-1.0
V,Ru,56,39871,39255,0.10226668196087083
V,S,5810,39871,36318993,-0.06952504871264634
V,Sb,126,39871,19105,0.21918646900872607
V,Sc,57,39871,3525,0.26871375008720794
V,Se,116,39871,120337,0.07940317027891029
V,Sg,0,39871,137,-1.0
V,Si,1488,39871,1825174,0.08249690350197726
V,Sm,14,39871,3363,0.16033503285739525
V,Sn,206,39871,109311,0.1331854634456423
V,Sr,62,39871,8295,0.21709971409286263
V,Ta,87,39871,5739,0.2721762585045129
V,Tb,22,39871,3117,0.19894829816999154
V,Tc,8,39871,3663,0.11596652882931477
V,Te,74,39871,20569,0.1687761065798892
V,Th,18,39871,1733,0.22094319683138577
V,Ti,685,39871,77983,0.27349269160072665
V,Tl,43,39871,6312,0.20552808279620766
V,Tm,17,39871,1275,0.23594388386811158
V,Ts,0,39871,3,-1.0
V,U,1455,39871,21879,0.46986391436539837
V,V,39871,39871,39871,
V,W,2524,39871,44325,0.4794537633984762
V,Xe,4,39871,588,0.17715623309009773
V,Y,1790,39871,98196,0.36252689360980106
V,Yb,61,39871,3286,0.2794680888732714
V,Zn,264,39871,76233,0.18228884378150567
V,Zr,264,39871,106659,0.15658252267461487
W,Ac,19,44325,9776,0.10817864607386618
W,Ag,122,44325,19086,0.20876212093326416
W,Al,274,44325,82361,0.17159900390593133
W,Am,1,44325,380,0.10734980857988685
W,Ar,113,44325,4079,0.31301402501982056
W,As,56,44325,33552,0.10576186549049858
W,At,0,44325,1164,-1.0
W,Au,112,44325,18070,0.20526593741714652
W,B,2117,44325,1315877,0.1373942264806778
W,Ba,151,44325,15764,0.24172086917704416
W,Be,23,44325,3233,0.1931989580188054
W,Bh,0,44325,74,-1.0
W,Bi,141,44325,15692,0.23584107438364685
W,Bk,1,44325,169,0.15081812229111247
W,Br,1608,44325,8607410,-0.05721894418045269
W,C,38819,44325,124377664,-0.016217650663712464
W,Ca,133,44325,47081,0.15068549238657258
W,Cd,52,44325,7961,0.1981146032648492
W,Ce,111,44325,8261,0.2606745706428517
W,Cf,0,44325,237,-1.0
W,Cl,3704,44325,21906474,-0.07136805682035732
W,Cm,6,44325,692,0.18953322666683706
W,Cn,0,44325,7,-1.0
W,Co,497,44325,45781,0.2749525550670654
W,Cr,303,44325,27069,0.26679589760445976
W,Cs,122,44325,12307,0.24047436720238752
W,Cu,364,44325,67388,0.21345676825957555
W,Db,0,44325,105,-1.0
W,Ds,0,44325,11,-1.0
W,Dy,12,44325,2319,0.1657159032051092
W,Er,15,44325,2201,0.185320270296577
W,Es,1,44325,359,0.1103995531402635
W,Eu,20,44325,5611,0.14729985882954322
W,F,3848,44325,25344252,-0.08199387710895059
W,Fe,498,44325,81651,0.22861101878196105
W,Fl,0,44325,8,-1.0
W,Fm,4,44325,2120,0.09669229288311745
W,Fr,0,44325,105,-1.0
W,Ga,26,44325,11650,0.11937406568971388
W,Gd,32,44325,7718,0.16182452029203306
W,Ge,122,44325,47164,0.14337889369910845
W,H,41224,44325,124461855,-0.008922786651829974
W,He,1,44325,415,0.10262315900740315
W,Hf,86,44325,22172,0.168402609090379
W,Hg,25,44325,15140,0.09953594369473812
W,Ho,11,44325,1848,0.17344873213108794
W,Hs,0,44325,69,-1.0
W,I,941,44325,2542800,0.0033404291614755593
W,In,88,44325,14006,0.2027314023768901
W,Ir,64,44325,169603,0.004066960515982727
W,K,584,44325,156190,0.19170173016841796
W,Kr,1,44325,166,0.15177898143237015
W,La,82,44325,8114,0.23511631942093386
W,Li,214,44325,117297,0.12314840032082179
W,Lr,0,44325,861,-1.0
W,Lu,14,44325,2717,0.1670472570866671
W,Lv,0,44325,5,-1.0
W,Mc,0,44325,5,-1.0
W,Md,0,44325,96,-1.0
W,Mg,155,44325,63053,0.14215692872362934
W,Mn,249,44325,30915,0.23772506051407027
W,Mo,1176,44325,20126,0.4408854572892572
W,Mt,2,44325,79,0.23763506664845285
W,N,25958,44325,110925773,-0.04942107934017746
W,Na,514,44325,410484,0.10149447500942518
W,Nb,270,44325,6672,0.36297620014989174
W,Nd,20,44325,5576,0.1476998181134752
W,Ne,1,44325,225,0.1354643935799723
W,Nh,0,44325,8,-1.0
W,Ni,654,44325,50498,0.29567503351305474
W,No,1,44325,366,0.10936358786637661
W,Np,0,44325,482,-1.0
W,O,29423,44325,109353141,-0.03344894341604376
W,Og,0,44325,1,-1.0
W,Os,79,44325,8718,0.22685952636912132
W,P,4097,44325,2503338,0.14784211378624854
W,Pa,1,44325,263,0.1270926571246103
W,Pb,143,44325,18301,0.22586876249206803
W,Pd,119,44325,48856,0.13878241734266863
W,Pm,3,44325,410,0.17236903976583418
W,Po,3,44325,1385,0.102975369803101
W,Pr,10,44325,3784,0.12273738879350538
W,Pt,150,44325,143559,0.07904408682877456
W,Pu,1,44325,577,0.08494320609924283
W,Ra,13,44325,277,0.3037003728552144
W,Rb,180,44325,11197,0.28338077732055045
W,Re,160,44325,10228,0.2789102981378555
W,Rf,56,44325,5242,0.23278002046748733
W,Rg,0,44325,9,-1.0
W,Rh,51,44325,14946,0.15370864972442821
W,Rn,0,44325,138,-1.0
W,Ru,100,44325,39255,0.14025750593849515
W,S,5747,44325,36318993,-0.0811479491328505
W,Sb,120,44325,19105,0.20724801348621372
W,Sc,23,44325,3525,0.1876220653377402
W,Se,159,44325,120337,0.09667827680569603
W,Sg,0,44325,137,-1.0
W,Si,1485,44325,1825174,0.0729634462110618
W,Sm,23,44325,3363,0.1906563694790574
W,Sn,261,44325,109311,0.14559461341685226
W,Sr,65,44325,8295,0.2137547915748726
W,Ta,265,44325,5739,0.372558899734474
W,Tb,15,44325,3117,0.163480661126775
W,Tc,9,44325,3663,0.11751988508681303
W,Te,125,44325,20569,0.20547040376446873
W,Th,36,44325,1733,0.27011587610860377
W,Ti,511,44325,77983,0.23486891119806985
W,Tl,22,44325,6312,0.14676130286237726
W,Tm,6,44325,1275,0.15326260438585945
W,Ts,0,44325,3,-1.0
W,U,785,44325,21879,0.38527667022847006
W,V,2524,44325,39871,0.4794537633984762
W,W,44325,44325,44325,
W,Xe,4,44325,588,0.17101863343381285
W,Y,4583,44325,98196,0.47761163032496756
W,Yb,19,44325,3286,0.17763919968650957
W,Zn,152,44325,76233,0.1265773438866863
W,Zr,249,44325,106659,0.14335732723280176
Xe,Ac,0,588,9776,-1.0
Xe,Ag,1,588,19086,0.12913234419626493
Xe,Al,1,588,82361,0.0506926912633835
Xe,Am,0,588,380,-1.0
Xe,Ar,22,588,4079,0.45282778656150263
Xe,As,0,588,33552,-1.0
Xe,At,0,588,1164,-1.0
Xe,Au,2,588,18070,0.1757885472191982
Xe,B,14,588,1315877,0.05079840835557552
Xe,Ba,2,588,15764,0.18339546258633452
Xe,Be,1,588,3233,0.22438415806479461
Xe,Bh,0,588,74,-1.0
Xe,Bi,0,588,15692,-1.0
Xe,Bk,0,588,169,-1.0
Xe,Br,17,588,8607410,-0.05510830437368451
Xe,C,371,588,124377664,-0.03605887189746477
Xe,Ca,0,588,47081,-1.0
Xe,Cd,2,588,7961,0.22146085242586191
Xe,Ce,0,588,8261,-1.0
Xe,Cf,0,588,237,-1.0
Xe,Cl,25,588,21906474,-0.09205306758072143
Xe,Cm,0,588,692,-1.0
Xe,Cn,0,588,7,-1.0
Xe,Co,0,588,45781,-1.0
Xe,Cr,0,588,27069,-1.0
Xe,Cs,3,588,12307,0.22486105992597907
Xe,Cu,3,588,67388,0.12793331873240668
Xe,Db,0,588,105,-1.0
Xe,Ds,0,588,11,-1.0
Xe,Dy,2,588,2319,0.29018498705461326
Xe,Er,0,588,2201,-1.0
Xe,Es,0,588,359,-1.0
Xe,Eu,0,588,5611,-1.0
Xe,F,146,588,25344252,0.014597002871077938
Xe,Fe,1,588,81651,0.05115716066166724
Xe,Fl,0,588,8,-1.0
Xe,Fm,0,588,2120,-1.0
Xe,Fr,0,588,105,-1.0
Xe,Ga,1,588,11650,0.1556148970826629
Xe,Gd,0,588,7718,-1.0
Xe,Ge,0,588,47164,-1.0
Xe,H,402,588,124461855,-0.02999440332559135
Xe,He,14,588,415,0.554610403488985
Xe,Hf,0,588,22172,-1.0
Xe,Hg,3,588,15140,0.21305094832011934
Xe,Ho,0,588,1848,-1.0
Xe,Hs,0,588,69,-1.0
Xe,I,27,588,2542800,0.0528434419318494
Xe,In,3,588,14006,0.2174891418277101
Xe,Ir,0,588,169603,-1.0
Xe,K,4,588,156190,0.09802066542325706
Xe,Kr,19,588,166,0.643233739726298
Xe,La,7,588,8114,0.3119788946032694
Xe,Li,3,588,117297,0.0963380204003737
Xe,Lr,0,588,861,-1.0
Xe,Lu,0,588,2717,-1.0
Xe,Lv,0,588,5,-1.0
Xe,Mc,0,588,5,-1.0
Xe,Md,0,588,96,-1.0
Xe,Mg,2,588,63053,0.10615598078556512
Xe,Mn,0,588,30915,-1.0
Xe,Mo,1,588,20126,0.1262859969694594
Xe,Mt,0,588,79,-1.0
Xe,N,177,588,110925773,-0.08053959677688827
Xe,Na,9,588,410484,0.09340811430740004
Xe,Nb,0,588,6672,-1.0
Xe,Nd,0,588,5576,-1.0
Xe,Ne,14,588,225,0.5928680073013165
Xe,Nh,0,588,8,-1.0
Xe,Ni,0,588,50498,-1.0
Xe,No,0,588,366,-1.0
Xe,Np,0,588,482,-1.0
Xe,O,205,588,109353141,-0.06932797913613156
Xe,Og,0,588,1,-1.0
Xe,Os,0,588,8718,-1.0
Xe,P,18,588,2503338,0.026732567387579724
Xe,Pa,0,588,263,-1.0
Xe,Pb,1,588,18301,0.1313854653247499
Xe,Pd,1,588,48856,0.07870878001709523
Xe,Pm,1,588,410,0.3351647142820835
Xe,Po,0,588,1385,-1.0
Xe,Pr,0,588,3784,-1.0
Xe,Pt,3,588,143559,0.08482064305383724
Xe,Pu,0,588,577,-1.0
Xe,Ra,0,588,277,-1.0
Xe,Rb,4,588,11197,0.25076152980423017
Xe,Re,15,588,10228,0.36020575153989226
Xe,Rf,1,588,5242,0.1984571845604277
Xe,Rg,0,588,9,-1.0
Xe,Rh,0,588,14946,-1.0
Xe,Rn,5,588,138,0.5252739328242458
Xe,Ru,0,588,39255,-1.0
Xe,S,40,588,36318993,-0.09732474299550467
Xe,Sb,2,588,19105,0.17268519964868284
Xe,Sc,0,588,3525,-1.0
Xe,Se,3,588,120337,0.09487940246469061
Xe,Sg,0,588,137,-1.0
Xe,Si,5,588,1825174,-0.03193816236666542
Xe,Sm,1,588,3363,0.22226925427226052
Xe,Sn,0,588,109311,-1.0
Xe,Sr,1,588,8295,0.17383611724277714
Xe,Ta,0,588,5739,-1.0
Xe,Tb,0,588,3117,-1.0
Xe,Tc,0,588,3663,-1.0
Xe,Te,6,588,20569,0.24476708496158173
Xe,Th,0,588,1733,-1.0
Xe,Ti,1,588,77983,0.05362292773121766
Xe,Tl,1,588,6312,0.1884923687328155
Xe,Tm,0,588,1275,-1.0
Xe,Ts,0,588,3,-1.0
Xe,U,1,588,21879,0.12180571944771502
Xe,V,4,588,39871,0.17715623309009773
Xe,W,4,588,44325,0.17101863343381285
Xe,Xe,588,588,588,
Xe,Y,1,588,98196,0.041258762679808596
Xe,Yb,4,588,3286,0.32181507720738767
Xe,Zn,6,588,76233,0.16701606370509536
Xe,Zr,0,588,106659,-1.0
Y,Ac,31,98196,9776,0.09154700976166505
Y,Ag,56,98196,19086,0.08993755023030049
Y,Al,588,98196,82361,0.17968907088869135
Y,Am,59,98196,380,0.36278102496876585
Y,Ar,174,98196,4079,0.29605511459655115
Y,As,28,98196,33552,0.003734243985629921
Y,At,3,98196,1164,0.06754145991603491
Y,Au,47,98196,18070,0.08072483979841577
Y,B,5223,98196,1315877,0.16038420310887444
Y,Ba,245,98196,15764,0.22692168238398022
Y,Be,19,98196,3233,0.12799907230006113
Y,Bh,0,98196,74,-1.0
Y,Bi,64,98196,15692,0.11350840946914366
Y,Bk,2,98196,169,0.15094458680514
Y,Br,3137,98196,8607410,-0.0728361815500089
Y,C,94327,98196,124377664,-0.005357374421699982
Y,Ca,190,98196,47081,0.12194052742666664
Y,Cd,33,98196,7961,0.10961484063508914
Y,Ce,220,98196,8261,0.26573292162229506
Y,Cf,0,98196,237,-1.0
Y,Cl,6487,98196,21906474,-0.09925248529775423
Y,Cm,9,98196,692,0.17049189980782609
Y,Cn,0,98196,7,-1.0
Y,Co,178,98196,45781,0.11858244272224501
Y,Cr,146,98196,27069,0.14082776748275186
Y,Cs,54,98196,12307,0.11718029535368693
Y,Cu,252,98196,67388,0.11875576081923876
Y,Db,1,98196,105,0.1336792205240301
Y,Ds,0,98196,11,-1.0
Y,Dy,46,98196,2319,0.21776842649230344
Y,Er,125,98196,2201,0.30968657821435236
Y,Es,2,98196,359,0.108965009412018
Y,Eu,141,98196,5611,0.25285899015759916
Y,F,9646,98196,25344252,-0.07689981103826436
Y,Fe,236,98196,81651,0.09861608858884657
Y,Fl,0,98196,8,-1.0
Y,Fm,9,98196,2120,0.10240429962724922
Y,Fr,0,98196,105,-1.0
Y,Ga,103,98196,11650,0.17260557105563887
Y,Gd,244,98196,7718,0.2808770822979537
Y,Ge,74,98196,47164,0.04802376735357648
Y,H,95877,98196,124461855,-0.003190667476006484
Y,He,0,98196,415,-1.0
Y,Hf,54,98196,22172,0.07700283522635884
Y,Hg,11,98196,15140,-0.005010761101530592
Y,Ho,81,98196,1848,0.2820706527040622
Y,Hs,0,98196,69,-1.0
Y,I,2670,98196,2542800,0.026683811576009252
Y,In,77,98196,14006,0.13586162250699274
Y,Ir,631,98196,169603,0.12727577581966562
Y,K,571,98196,156190,0.12481534537060614
Y,Kr,0,98196,166,-1.0
Y,La,247,98196,8114,0.27825863265768924
Y,Li,357,98196,117297,0.1058610877060318
Y,Lr,2,98196,861,0.06022408842575022
Y,Lu,128,98196,2717,0.29666447463558665
Y,Lv,0,98196,5,-1.0
Y,Mc,0,98196,5,-1.0
Y,Md,1,98196,96,0.13848660229319684
Y,Mg,235,98196,63053,0.11787216864346128
Y,Mn,150,98196,30915,0.13334295114179723
Y,Mo,73,98196,20126,0.1063760347398413
Y,Mt,2,98196,79,0.19331570806693743
Y,N,63485,98196,110925773,-0.04220544760951015
Y,Na,504,98196,410484,0.035698007551488546
Y,Nb,81,98196,6672,0.1919535578982155
Y,Nd,146,98196,5576,0.25651393581794046
Y,Ne,1,98196,225,0.09279304787362545
Y,Nh,0,98196,8,-1.0
Y,Ni,183,98196,50498,0.11358827291552419
Y,No,1,98196,366,0.06669224216002971
Y,Np,1,98196,482,0.05192277284804343
Y,O,66075,98196,109353141,-0.035234083842944276
Y,Og,0,98196,1,-1.0
Y,Os,12,98196,8718,0.034512669476464364
Y,P,5754,98196,2503338,0.10721624964722014
Y,Pa,4,98196,263,0.17154930224626425
Y,Pb,40,98196,18301,0.06821859154315392
Y,Pd,142,98196,48856,0.09536243316878713
Y,Pm,5,98196,410,0.1608289431418062
Y,Po,8,98196,1385,0.1202697539783252
Y,Pr,50,98196,3784,0.1914177568476589
Y,Pt,293,98196,143559,0.0734148954801404
Y,Pu,4,98196,577,0.12601334733751168
Y,Ra,74,98196,277,0.4063664695201648
Y,Rb,311,98196,11197,0.276124004525884
Y,Re,173,98196,10228,0.22734222916177835
Y,Rf,138,98196,5242,0.2558547440001548
Y,Rg,0,98196,9,-1.0
Y,Rh,61,98196,14946,0.11318139928946004
Y,Rn,2,98196,138,0.16223564787590894
Y,Ru,195,98196,39255,0.13772007637738207
Y,S,14494,98196,36318993,-0.07512372555530662
Y,Sb,31,98196,19105,0.04748574260417598
Y,Sc,136,98196,3525,0.2834255523185552
Y,Se,76,98196,120337,-0.015479308362593723
Y,Sg,2,98196,137,0.1626408745416333
Y,Si,2420,98196,1825174,0.04794439331180043
Y,Sm,57,98196,3363,0.21019206472109173
Y,Sn,146,98196,109311,0.03862264266689097
Y,Sr,135,98196,8295,0.22043115575359584
Y,Ta,60,98196,5739,0.17771779770980453
Y,Tb,106,98196,3117,0.26934247608420964
Y,Tc,18,98196,3663,0.11619857342297835
Y,Te,20,98196,20569,0.01342325712221359
Y,Th,14,98196,1733,0.1454403555743032
Y,Ti,163,98196,77983,0.07199615998112963
Y,Tl,21,98196,6312,0.09233943787914439
Y,Tm,59,98196,1275,0.27965731617323336
Y,Ts,0,98196,3,-1.0
Y,U,555,98196,21879,0.2817416343143836
Y,V,1790,98196,39871,0.36252689360980106
Y,W,4583,98196,44325,0.47761163032496756
Y,Xe,1,98196,588,0.041258762679808596
Y,Y,98196,98196,98196,
Y,Yb,123,98196,3286,0.27917797145212014
Y,Zn,219,98196,76233,0.09759937094780881
Y,Zr,344,98196,106659,0.11008388928893113
Yb,Ac,0,3286,9776,-1.0
Yb,Ag,10,3286,19086,0.18294717798553584
Yb,Al,69,3286,82361,0.24005577874202436
Yb,Am,0,3286,380,-1.0
Yb,Ar,0,3286,4079,-1.0
Yb,As,9,3286,33552,0.14105917725125075
Yb,At,0,3286,1164,-1.0
Yb,Au,5,3286,18070,0.1380143936763999
Yb,B,92,3286,1315877,0.06904873140638249
Yb,Ba,29,3286,15764,0.27793180794276323
Yb,Be,3,3286,3233,0.20297396735728745
Yb,Bh,0,3286,74,-1.0
Yb,Bi,14,3286,15692,0.22005831368877304
Yb,Bk,1,3286,169,0.2903998513746542
Yb,Br,62,3286,8607410,-0.08942722003335286
Yb,C,2237,3286,124377664,-0.03503367604439108
Yb,Ca,32,3286,47081,0.2141193592828706
Yb,Cd,8,3286,7961,0.21980667047416877
Yb,Ce,43,3286,8261,0.3551910530864287
Yb,Cf,0,3286,237,-1.0
Yb,Cl,171,3286,21906474,-0.09019440290005552
Yb,Cm,0,3286,692,-1.0
Yb,Cn,0,3286,7,-1.0
Yb,Co,19,3286,45781,0.17558006919160477
Yb,Cr,12,3286,27069,0.17466787606408024
Yb,Cs,4,3286,12307,0.1455571388306169
Yb,Cu,32,3286,67388,0.19048824021458657
Yb,Db,0,3286,105,-1.0
Yb,Ds,0,3286,11,-1.0
Yb,Dy,38,3286,2319,0.4287025484722659
Yb,Er,117,3286,2201,0.5482358206506364
Yb,Es,0,3286,359,-1.0
Yb,Eu,28,3286,5611,0.3424820027639683
Yb,F,460,3286,25344252,-0.0298760996390536
Yb,Fe,22,3286,81651,0.14945440389514575
Yb,Fl,0,3286,8,-1.0
Yb,Fm,0,3286,2120,-1.0
Yb,Fr,0,3286,105,-1.0
Yb,Ga,23,3286,11650,0.2783314214913791
Yb,Gd,51,3286,7718,0.37553414295481696
Yb,Ge,23,3286,47164,0.18814624196114527
Yb,H,2574,3286,124461855,-0.02254376345157729
Yb,He,1,3286,415,0.24220488809094487
Yb,Hf,11,3286,22172,0.18066132750554326
Yb,Hg,1,3286,15140,0.04924812019065035
Yb,Ho,49,3286,1848,0.4687234680549763
Yb,Hs,0,3286,69,-1.0
Yb,I,83,3286,2542800,0.014989140935879925
Yb,In,25,3286,14006,0.2733001659347963
Yb,Ir,4,3286,169603,-0.00648041292502893
Yb,K,38,3286,156190,0.14809519906081775
Yb,Kr,0,3286,166,-1.0
Yb,La,39,3286,8114,0.34755505668841397
Yb,Li,61,3286,117297,0.20520207034833457
Yb,Lr,0,3286,861,-1.0
Yb,Lu,41,3286,2717,0.4253642257337929
Yb,Lv,0,3286,5,-1.0
Yb,Mc,0,3286,5,-1.0
Yb,Md,0,3286,96,-1.0
Yb,Mg,34,3286,63053,0.1996626900355393
Yb,Mn,28,3286,30915,0.23100591683793825
Yb,Mo,9,3286,20126,0.17214075453247268
Yb,Mt,0,3286,79,-1.0
Yb,N,1315,3286,110925773,-0.06978595442643865
Yb,Na,66,3286,410484,0.12509061479066436
Yb,Nb,24,3286,6672,0.31789763847226576
Yb,Nd,55,3286,5576,0.4048474039317666
Yb,Ne,0,3286,225,-1.0
Yb,Nh,0,3286,8,-1.0
Yb,Ni,27,3286,50498,0.19611040586043257
Yb,No,0,3286,366,-1.0
Yb,Np,0,3286,482,-1.0
Yb,O,2156,3286,109353141,-0.02653798580415512
Yb,Og,0,3286,1,-1.0
Yb,Os,3,3286,8718,0.14642489446477172
Yb,P,154,3286,2503338,0.062257414189579155
Yb,Pa,0,3286,263,-1.0
Yb,Pb,14,3286,18301,0.21044640803530074
Yb,Pd,10,3286,48856,0.1254171799009327
Yb,Pm,6,3286,410,0.37502486590638884
Yb,Po,0,3286,1385,-1.0
Yb,Pr,30,3286,3784,0.37441049393140247
Yb,Pt,11,3286,143559,0.06566055632019513
Yb,Pu,0,3286,577,-1.0
Yb,Ra,0,3286,277,-1.0
Yb,Rb,19,3286,11197,0.26529813965026233
Yb,Re,6,3286,10228,0.1841072799010138
Yb,Rf,0,3286,5242,-1.0
Yb,Rg,0,3286,9,-1.0
Yb,Rh,7,3286,14946,0.17232002916676964
Yb,Rn,0,3286,138,-1.0
Yb,Ru,7,3286,39255,0.11447894311033378
Yb,S,522,3286,36318993,-0.049025571806241314
Yb,Sb,13,3286,19105,0.20219177112250458
Yb,Sc,25,3286,3525,0.36275912316558007
Yb,Se,16,3286,120337,0.10194414660586888
Yb,Sg,0,3286,137,-1.0
Yb,Si,253,3286,1825174,0.12659587789750856
Yb,Sm,21,3286,3363,0.35054095594473045
Yb,Sn,27,3286,109311,0.14578270367496118
Yb,Sr,23,3286,8295,0.30023741349105304
Yb,Ta,14,3286,5739,0.28291914400306933
Yb,Tb,35,3286,3117,0.4013095318327647
Yb,Tc,0,3286,3663,-1.0
Yb,Te,7,3286,20569,0.15319163168027883
Yb,Th,6,3286,1733,0.2894725184777723
Yb,Ti,17,3286,77983,0.13361366697820387
Yb,Tl,2,3286,6312,0.13851856066026394
Yb,Tm,55,3286,1275,0.5056815010392608
Yb,Ts,0,3286,3,-1.0
Yb,U,12,3286,21879,0.18784358859346775
Yb,V,61,3286,39871,0.2794680888732714
Yb,W,19,3286,44325,0.17763919968650957
Yb,Xe,4,3286,588,0.32181507720738767
Yb,Y,123,3286,98196,0.27917797145212014
Yb,Yb,3286,3286,3286,
Yb,Zn,30,3286,76233,0.17735382056083365
Yb,Zr,38,3286,106659,0.1735192966362455
Zn,Ac,20,76233,9776,0.0771521432974924
Zn,Ag,563,76233,19086,0.3148998770585739
Zn,Al,2019,76233,82361,0.334579777162214
Zn,Am,2,76233,380,0.11990377112699396
Zn,Ar,12,76233,4079,0.0971972730152156
Zn,As,204,76233,33552,0.1723600335376489
Zn,At,0,76233,1164,-1.0
Zn,Au,223,76233,18070,0.22701312582724126
Zn,B,2091,76233,1315877,0.08679903128915206
Zn,Ba,449,76233,15764,0.30642031018511195
Zn,Be,452,76233,3233,0.43358859958117046
Zn,Bh,0,76233,74,-1.0
Zn,Bi,415,76233,15692,0.29862666711253294
Zn,Bk,1,76233,169,0.1217285256162938
Zn,Br,8585,76233,8607410,0.05098959057463641
Zn,C,64003,76233,124377664,-0.022863493220419858
Zn,Ca,1360,76233,47081,0.3373741466146152
Zn,Cd,707,76233,7961,0.41207857179039914
Zn,Ce,144,76233,8261,0.24501238834275962
Zn,Cf,1,76233,237,0.10358733697428485
Zn,Cl,12539,76233,21906474,-0.0072480293035109816
Zn,Cm,1,76233,692,0.046103690323468546
Zn,Cn,0,76233,7,-1.0
Zn,Co,835,76233,45781,0.2849627915728139
Zn,Cr,571,76233,27069,0.2879839475509481
Zn,Cs,72,76233,12307,0.1571809294080422
Zn,Cu,2382,76233,67388,0.3733564269247456
Zn,Db,0,76233,105,-1.0
Zn,Ds,0,76233,11,-1.0
Zn,Dy,52,76233,2319,0.24516745646962793
Zn,Er,35,76233,2201,0.21595123317805642
Zn,Es,0,76233,359,-1.0
Zn,Eu,52,76233,5611,0.18501526807296229
Zn,F,6518,76233,25344252,-0.08792228239145546
Zn,Fe,1508,76233,81651,0.30094643002088806
Zn,Fl,0,76233,8,-1.0
Zn,Fm,0,76233,2120,-1.0
Zn,Fr,0,76233,105,-1.0
Zn,Ga,497,76233,11650,0.34141983128430836
Zn,Gd,68,76233,7718,0.18495082145169991
Zn,Ge,335,76233,47164,0.19114694711609956
Zn,H,70169,76233,124461855,-0.010941731632213627
Zn,He,1,76233,415,0.0735335623325845
Zn,Hf,64,76233,22172,0.10712045215877597
Zn,Hg,205,76233,15140,0.2325430755335721
Zn,Ho,15,76233,1848,0.16225809208431938
Zn,Hs,0,76233,69,-1.0
Zn,I,3910,76233,2542800,0.08886857118043313
Zn,In,898,76233,14006,0.3928859538005914
Zn,Ir,115,76233,169603,0.007390810688661278
Zn,K,851,76233,156190,0.18383594464644828
Zn,Kr,1,76233,166,0.12268938475755149
Zn,La,175,76233,8114,0.26435811177661217
Zn,Li,1141,76233,117297,0.2384457862622175
Zn,Lr,0,76233,861,-1.0
Zn,Lu,8,76233,2717,0.09486942638513389
Zn,Lv,0,76233,5,-1.0
Zn,Mc,0,76233,5,-1.0
Zn,Md,0,76233,96,-1.0
Zn,Mg,1848,76233,63053,0.3479831968954454
Zn,Mn,1338,76233,30915,0.3722309037432094
Zn,Mo,433,76233,20126,0.2832148947706203
Zn,Mt,0,76233,79,-1.0
Zn,N,37554,76233,110925773,-0.07300524061583999
Zn,Na,1724,76233,410484,0.1721729581556084
Zn,Nb,142,76233,6672,0.2593505068448455
Zn,Nd,79,76233,5576,0.22017976752390064
Zn,Ne,0,76233,225,-1.0
Zn,Nh,0,76233,8,-1.0
Zn,Ni,966,76233,50498,0.2925427155880258
Zn,No,0,76233,366,-1.0
Zn,Np,0,76233,482,-1.0
Zn,O,52278,76233,109353141,-0.03173513178927523
Zn,Og,0,76233,1,-1.0
Zn,Os,16,76233,8718,0.06922301250069879
Zn,P,6314,76233,2503338,0.143212455985849
Zn,Pa,0,76233,263,-1.0
Zn,Pb,686,76233,18301,0.33982386985554036
Zn,Pd,486,76233,48856,0.22390290911982733
Zn,Pm,1,76233,410,0.07418383131943568
Zn,Po,4,76233,1385,0.0899386110200899
Zn,Pr,27,76233,3784,0.16007376273072005
Zn,Pt,179,76233,143559,0.05291458811237275
Zn,Pu,1,76233,577,0.05585360942442417
Zn,Ra,1,76233,277,0.09522076479834261
Zn,Rb,38,76233,11197,0.1141887875561491
Zn,Re,41,76233,10228,0.12592456376435737
Zn,Rf,1,76233,5242,-0.0625236984022201
Zn,Rg,0,76233,9,-1.0
Zn,Rh,45,76233,14946,0.10741949098354232
Zn,Rn,1,76233,138,0.13259972921135676
Zn,Ru,109,76233,39255,0.10842906449618409
Zn,S,17763,76233,36318993,-0.025294008938045315
Zn,Sb,254,76233,19105,0.23495119622300345
Zn,Sc,49,76233,3525,0.21175867727403755
Zn,Se,770,76233,120337,0.19570572966208408
Zn,Sg,1,76233,137,0.13298988754613392
Zn,Si,3366,76233,1825174,0.10488376144456772
Zn,Sm,27,76233,3363,0.16776034167089757
Zn,Sn,1170,76233,109311,0.2472223485179206
Zn,Sr,314,76233,8295,0.3199847403062411
Zn,Ta,77,76233,5739,0.215975890782988
Zn,Tb,43,76233,3117,0.20938822799526474
Zn,Tc,6,76233,3663,0.058443721182917824
Zn,Te,178,76233,20569,0.1968404645727483
Zn,Th,18,76233,1733,0.1797915422082465
Zn,Ti,778,76233,77983,0.23293631336668275
Zn,Tl,32,76233,6312,0.13934363272159278
Zn,Tm,6,76233,1275,0.12107951487677375
Zn,Ts,0,76233,3,-1.0
Zn,U,63,76233,21879,0.1068354100352562
Zn,V,264,76233,39871,0.18228884378150567
Zn,W,152,76233,44325,0.1265773438866863
Zn,Xe,6,76233,588,0.16701606370509536
Zn,Y,219,76233,98196,0.09759937094780881
Zn,Yb,30,76233,3286,0.17735382056083365
Zn,Zn,76233,76233,76233,
Zn,Zr,382,76233,106659,0.13918835522468787
Zr,Ac,4,106659,9776,-0.0427866106219061
Zr,Ag,124,106659,19086,0.14664799242686477
Zr,Al,1485,106659,82361,0.26879651649719677
Zr,Am,1,106659,380,0.06024343153376383
Zr,Ar,8,106659,4079,0.05005559754829376
Zr,As,156,106659,33552,0.12450779154641248
Zr,At,0,106659,1164,-1.0
Zr,Au,63,106659,18070,0.09686339860476927
Zr,B,1443,106659,1315877,0.021784744043554446
Zr,Ba,376,106659,15764,0.261762301950901
Zr,Be,52,106659,3233,0.19968419205032947
Zr,Bh,0,106659,74,-1.0
Zr,Bi,198,106659,15692,0.2015015017361443
Zr,Bk,0,106659,169,-1.0
Zr,Br,3303,106659,8607410,-0.0761444989081738
Zr,C,99286,106659,124377664,-0.009801627722898696
Zr,Ca,337,106659,47081,0.16564153673100776
Zr,Cd,58,106659,7961,0.146862881920444
Zr,Ce,457,106659,8261,0.3330595614907283
Zr,Cf,2,106659,237,0.12749644913276556
Zr,Cl,64242,106659,21906474,0.1626474285697557
Zr,Cm,1,106659,692,0.028086909952164216
Zr,Cn,0,106659,7,-1.0
Zr,Co,337,106659,45781,0.16782557586299401
Zr,Cr,326,106659,27069,0.2056922990524666
Zr,Cs,39,106659,12307,0.0873860979825706
Zr,Cu,387,106659,67388,0.15008099050937806
Zr,Db,0,106659,105,-1.0
Zr,Ds,0,106659,11,-1.0
Zr,Dy,28,106659,2319,0.17287675115990603
Zr,Er,44,106659,2201,0.2120752997823157
Zr,Es,0,106659,359,-1.0
Zr,Eu,19,106659,5611,0.08760750711841145
Zr,F,7840,106659,25344252,-0.1052280331870061
Zr,Fe,509,106659,81651,0.16000693064593804
Zr,Fl,0,106659,8,-1.0
Zr,Fm,0,106659,2120,-1.0
Zr,Fr,0,106659,105,-1.0
Zr,Ga,136,106659,11650,0.19032324780561405
Zr,Gd,62,106659,7718,0.15426881222838196
Zr,Ge,1306,106659,47164,0.30320400002733977
Zr,H,102737,106659,124461855,-0.005132141133869746
Zr,He,3,106659,415,0.12162149900986632
Zr,Hf,1009,106659,22172,0.3389058438689905
Zr,Hg,14,106659,15140,0.0048184762782082086
Zr,Ho,20,106659,1848,0.16216339141668917
Zr,Hs,0,106659,69,-1.0
Zr,I,860,106659,2542800,-0.07814997355055373
Zr,In,218,106659,14006,0.21879802311233018
Zr,Ir,63,106659,169603,-0.05759240507111366
Zr,K,296,106659,156190,0.06136380210556803
Zr,Kr,0,106659,166,-1.0
Zr,La,427,106659,8114,0.3272934552466261
Zr,Li,502,106659,117297,0.12955122202192598
Zr,Lr,0,106659,861,-1.0
Zr,Lu,22,106659,2717,0.14449989601475619
Zr,Lv,0,106659,5,-1.0
Zr,Mc,0,106659,5,-1.0
Zr,Md,0,106659,96,-1.0
Zr,Mg,467,106659,63053,0.17269922139247515
Zr,Mn,297,106659,30915,0.1867547283926192
Zr,Mo,277,106659,20126,0.21337435795357057
Zr,Mt,0,106659,79,-1.0
Zr,N,18240,106659,110925773,-0.18686471728252824
Zr,Na,523,106659,410484,0.03211628443526207
Zr,Nb,407,106659,6672,0.33774333345131385
Zr,Nd,108,106659,5576,0.2234528884934897
Zr,Ne,1,106659,225,0.08835801653384932
Zr,Nh,0,106659,8,-1.0
Zr,Ni,410,106659,50498,0.17819566682187774
Zr,No,1,106659,366,0.06225721082025359
Zr,Np,0,106659,482,-1.0
Zr,O,30668,106659,109353141,-0.13430041126332412
Zr,Og,0,106659,1,-1.0
Zr,Os,12,106659,8718,0.029395483288335095
Zr,P,4394,106659,2503338,0.07003149827911762
Zr,Pa,0,106659,263,-1.0
Zr,Pb,359,106659,18301,0.2454888001080156
Zr,Pd,76,106659,48856,0.0417365586192356
Zr,Pm,1,106659,410,0.056167050948131333
Zr,Po,3,106659,1385,0.05291882296428949
Zr,Pr,93,106659,3784,0.23796564401390988
Zr,Pt,107,106659,143559,-0.00991799472191382
Zr,Pu,8,106659,577,0.1681495573190342
Zr,Ra,0,106659,277,-1.0
Zr,Rb,46,106659,11197,0.10588662128924393
Zr,Re,31,106659,10228,0.08313813080800671
Zr,Rf,0,106659,5242,-1.0
Zr,Rg,0,106659,9,-1.0
Zr,Rh,52,106659,14946,0.09545633094858845
Zr,Rn,0,106659,138,-1.0
Zr,Ru,83,106659,39255,0.06357523460396237
Zr,S,4323,106659,36318993,-0.19213541634107098
Zr,Sb,157,106659,19105,0.16649245818977776
Zr,Sc,98,106659,3525,0.24762238683785778
Zr,Se,61,106659,120337,-0.036066684028932004
Zr,Sg,0,106659,137,-1.0
Zr,Si,34133,106659,1825174,0.3759792816305846
Zr,Sm,37,106659,3363,0.16989590939373803
Zr,Sn,451,106659,109311,0.12552060915155666
Zr,Sr,178,106659,8295,0.23936222896002265
Zr,Ta,232,106659,5739,0.29217051255167964
Zr,Tb,26,106659,3117,0.14800068811543374
Zr,Tc,11,106659,3663,0.07726567917885353
Zr,Te,39,106659,20569,0.05309232333341413
Zr,Th,49,106659,1733,0.23712930062422785
Zr,Ti,1485,106659,77983,0.2736143184634432
Zr,Tl,13,106659,6312,0.05460967644621846
Zr,Tm,14,106659,1275,0.15945384333094317
Zr,Ts,0,106659,3,-1.0
Zr,U,62,106659,21879,0.08247501433573773
Zr,V,264,106659,39871,0.15658252267461487
Zr,W,249,106659,44325,0.14335732723280176
Zr,Xe,0,106659,588,-1.0
Zr,Y,344,106659,98196,0.11008388928893113
Zr,Yb,38,106659,3286,0.1735192966362455
Zr,Zn,382,106659,76233,0.13918835522468787
Zr,Zr,106659,106659,106659,
