row_element,column_element,cooccurrence_count
Ac,Ac,9776
Ac,Ag,19
Ac,Al,5
Ac,Am,4
Ac,Ar,5
Ac,As,0
Ac,At,0
Ac,Au,32
Ac,B,263
Ac,Ba,2
Ac,Be,3
Ac,Bh,0
Ac,Bi,1
Ac,Bk,0
Ac,Br,460
Ac,C,9620
Ac,Ca,1
Ac,Cd,1
Ac,Ce,5
Ac,Cf,0
Ac,Cl,935
Ac,Cm,2
Ac,Cn,0
Ac,Co,19
Ac,Cr,5
Ac,Cs,12
Ac,Cu,20
Ac,Db,0
Ac,Ds,0
Ac,Dy,0
Ac,Er,0
Ac,Es,2
Ac,Eu,0
Ac,F,749
Ac,Fe,8
Ac,Fl,0
Ac,Fm,0
Ac,Fr,0
Ac,Ga,7
Ac,Gd,9
Ac,Ge,1
Ac,H,9684
Ac,He,0
Ac,Hf,4
Ac,Hg,20
Ac,Ho,0
Ac,Hs,0
Ac,I,248
Ac,In,4
Ac,Ir,3
Ac,K,54
Ac,Kr,0
Ac,La,6
Ac,Li,29
Ac,Lr,0
Ac,Lu,6
Ac,Lv,0
Ac,Mc,0
Ac,Md,0
Ac,Mg,12
Ac,Mn,16
Ac,Mo,2
Ac,Mt,0
Ac,N,6754
Ac,Na,210
Ac,Nb,5
Ac,Nd,1
Ac,Ne,0
Ac,Nh,0
Ac,Ni,4
Ac,No,21
Ac,Np,27
Ac,O,9098
Ac,Og,0
Ac,Os,5
Ac,P,409
Ac,Pa,0
Ac,Pb,8
Ac,Pd,42
Ac,Pm,0
Ac,Po,2
Ac,Pr,18
Ac,Pt,5
Ac,Pu,2
Ac,Ra,2
Ac,Rb,4
Ac,Re,12
Ac,Rf,3
Ac,Rg,0
Ac,Rh,7
Ac,Rn,0
Ac,Ru,8
Ac,S,1732
Ac,Sb,1
Ac,Sc,4
Ac,Se,17
Ac,Sg,0
Ac,Si,167
Ac,Sm,5
Ac,Sn,13
Ac,Sr,1
Ac,Ta,5
Ac,Tb,0
Ac,Tc,3
Ac,Te,6
Ac,Th,2
Ac,Ti,3
Ac,Tl,0
Ac,Tm,0
Ac,Ts,0
Ac,U,21
Ac,V,20
Ac,W,19
Ac,Xe,0
Ac,Y,31
Ac,Yb,0
Ac,Zn,20
Ac,Zr,4
Ag,Ac,19
Ag,Ag,19086
Ag,Al,376
Ag,Am,0
Ag,Ar,8
Ag,As,115
Ag,At,1
Ag,Au,544
Ag,B,678
Ag,Ba,83
Ag,Be,20
Ag,Bh,0
Ag,Bi,230
Ag,Bk,0
Ag,Br,1033
Ag,C,13949
Ag,Ca,164
Ag,Cd,133
Ag,Ce,65
Ag,Cf,1
Ag,Cl,2159
Ag,Cm,0
Ag,Cn,0
Ag,Co,159
Ag,Cr,161
Ag,Cs,55
Ag,Cu,850
Ag,Db,0
Ag,Ds,0
Ag,Dy,13
Ag,Er,8
Ag,Es,0
Ag,Eu,3
Ag,F,2525
Ag,Fe,273
Ag,Fl,0
Ag,Fm,0
Ag,Fr,0
Ag,Ga,136
Ag,Gd,17
Ag,Ge,125
Ag,H,15702
Ag,He,1
Ag,Hf,21
Ag,Hg,114
Ag,Ho,1
Ag,Hs,0
Ag,I,992
Ag,In,313
Ag,Ir,106
Ag,K,326
Ag,Kr,0
Ag,La,79
Ag,Li,249
Ag,Lr,0
Ag,Lu,2
Ag,Lv,0
Ag,Mc,0
Ag,Md,0
Ag,Mg,212
Ag,Mn,148
Ag,Mo,129
Ag,Mt,0
Ag,N,8559
Ag,Na,522
Ag,Nb,56
Ag,Nd,24
Ag,Ne,2
Ag,Nh,0
Ag,Ni,365
Ag,No,1
Ag,Np,0
Ag,O,12591
Ag,Og,0
Ag,Os,35
Ag,P,2335
Ag,Pa,1
Ag,Pb,259
Ag,Pd,222
Ag,Pm,0
Ag,Po,6
Ag,Pr,8
Ag,Pt,224
Ag,Pu,1
Ag,Ra,1
Ag,Rb,28
Ag,Re,35
Ag,Rf,0
Ag,Rg,0
Ag,Rh,54
Ag,Rn,0
Ag,Ru,84
Ag,S,4286
Ag,Sb,234
Ag,Sc,16
Ag,Se,289
Ag,Sg,0
Ag,Si,558
Ag,Sm,11
Ag,Sn,430
Ag,Sr,45
Ag,Ta,44
Ag,Tb,5
Ag,Tc,9
Ag,Te,129
Ag,Th,4
Ag,Ti,255
Ag,Tl,33
Ag,Tm,2
Ag,Ts,0
Ag,U,14
Ag,V,166
Ag,W,122
Ag,Xe,1
Ag,Y,56
Ag,Yb,10
Ag,Zn,563
Ag,Zr,124
Al,Ac,5
Al,Ag,376
Al,Al,82361
Al,Am,5
Al,Ar,34
Al,As,174
Al,At,0
Al,Au,270
Al,B,3216
Al,Ba,669
Al,Be,243
Al,Bh,0
Al,Bi,266
Al,Bk,17
Al,Br,3474
Al,C,63520
Al,Ca,2127
Al,Cd,110
Al,Ce,331
Al,Cf,1
Al,Cl,13107
Al,Cm,0
Al,Cn,0
Al,Co,952
Al,Cr,988
Al,Cs,163
Al,Cu,1440
Al,Db,0
Al,Ds,0
Al,Dy,68
Al,Er,85
Al,Es,0
Al,Eu,77
Al,F,8223
Al,Fe,1795
Al,Fl,0
Al,Fm,1
Al,Fr,0
Al,Ga,691
Al,Gd,151
Al,Ge,252
Al,H,76273
Al,He,8
Al,Hf,193
Al,Hg,67
Al,Ho,35
Al,Hs,0
Al,I,2256
Al,In,500
Al,Ir,433
Al,K,1545
Al,Kr,3
Al,La,436
Al,Li,6181
Al,Lr,4
Al,Lu,80
Al,Lv,0
Al,Mc,0
Al,Md,0
Al,Mg,3054
Al,Mn,1125
Al,Mo,602
Al,Mt,0
Al,N,27850
Al,Na,3279
Al,Nb,338
Al,Nd,164
Al,Ne,2
Al,Nh,0
Al,Ni,1497
Al,No,0
Al,Np,3
Al,O,56763
Al,Og,0
Al,Os,35
Al,P,6995
Al,Pa,0
Al,Pb,313
Al,Pd,303
Al,Pm,6
Al,Po,5
Al,Pr,64
Al,Pt,237
Al,Pu,14
Al,Ra,6
Al,Rb,73
Al,Re,90
Al,Rf,4
Al,Rg,0
Al,Rh,98
Al,Rn,0
Al,Ru,126
Al,S,9315
Al,Sb,237
Al,Sc,216
Al,Se,209
Al,Sg,1
Al,Si,6779
Al,Sm,76
Al,Sn,659
Al,Sr,486
Al,Ta,249
Al,Tb,76
Al,Tc,6
Al,Te,100
Al,Th,27
Al,Ti,2039
Al,Tl,32
Al,Tm,32
Al,Ts,0
Al,U,109
Al,V,524
Al,W,274
Al,Xe,1
Al,Y,588
Al,Yb,69
Al,Zn,2019
Al,Zr,1485
Am,Ac,4
Am,Ag,0
Am,Al,5
Am,Am,380
Am,Ar,0
Am,As,0
Am,At,0
Am,Au,2
Am,B,18
Am,Ba,0
Am,Be,6
Am,Bh,0
Am,Bi,1
Am,Bk,0
Am,Br,9
Am,C,236
Am,Ca,1
Am,Cd,0
Am,Ce,1
Am,Cf,0
Am,Cl,21
Am,Cm,3
Am,Cn,0
Am,Co,0
Am,Cr,1
Am,Cs,1
Am,Cu,0
Am,Db,0
Am,Ds,0
Am,Dy,0
Am,Er,0
Am,Es,0
Am,Eu,4
Am,F,22
Am,Fe,2
Am,Fl,0
Am,Fm,2
Am,Fr,0
Am,Ga,2
Am,Gd,0
Am,Ge,0
Am,H,265
Am,He,0
Am,Hf,0
Am,Hg,0
Am,Ho,0
Am,Hs,0
Am,I,10
Am,In,0
Am,Ir,0
Am,K,1
Am,Kr,0
Am,La,0
Am,Li,1
Am,Lr,0
Am,Lu,1
Am,Lv,0
Am,Mc,0
Am,Md,0
Am,Mg,0
Am,Mn,0
Am,Mo,2
Am,Mt,0
Am,N,152
Am,Na,1
Am,Nb,0
Am,Nd,0
Am,Ne,0
Am,Nh,0
Am,Ni,0
Am,No,0
Am,Np,5
Am,O,186
Am,Og,0
Am,Os,0
Am,P,9
Am,Pa,0
Am,Pb,0
Am,Pd,4
Am,Pm,2
Am,Po,0
Am,Pr,0
Am,Pt,2
Am,Pu,7
Am,Ra,0
Am,Rb,1
Am,Re,0
Am,Rf,0
Am,Rg,0
Am,Rh,0
Am,Rn,0
Am,Ru,2
Am,S,20
Am,Sb,2
Am,Sc,0
Am,Se,1
Am,Sg,0
Am,Si,5
Am,Sm,1
Am,Sn,1
Am,Sr,1
Am,Ta,0
Am,Tb,1
Am,Tc,0
Am,Te,0
Am,Th,1
Am,Ti,0
Am,Tl,0
Am,Tm,0
Am,Ts,0
Am,U,10
Am,V,0
Am,W,1
Am,Xe,0
Am,Y,59
Am,Yb,0
Am,Zn,2
Am,Zr,1
Ar,Ac,5
Ar,Ag,8
Ar,Al,34
Ar,Am,0
Ar,Ar,4079
Ar,As,4
Ar,At,0
Ar,Au,4
Ar,B,299
Ar,Ba,3
Ar,Be,2
Ar,Bh,0
Ar,Bi,1
Ar,Bk,0
Ar,Br,285
Ar,C,3635
Ar,Ca,13
Ar,Cd,3
Ar,Ce,2
Ar,Cf,0
Ar,Cl,566
Ar,Cm,0
Ar,Cn,0
Ar,Co,12
Ar,Cr,3
Ar,Cs,8
Ar,Cu,25
Ar,Db,0
Ar,Ds,0
Ar,Dy,0
Ar,Er,1
Ar,Es,0
Ar,Eu,2
Ar,F,569
Ar,Fe,36
Ar,Fl,0
Ar,Fm,0
Ar,Fr,0
Ar,Ga,3
Ar,Gd,0
Ar,Ge,5
Ar,H,3779
Ar,He,29
Ar,Hf,1
Ar,Hg,7
Ar,Ho,0
Ar,Hs,0
Ar,I,181
Ar,In,3
Ar,Ir,13
Ar,K,49
Ar,Kr,20
Ar,La,4
Ar,Li,67
Ar,Lr,0
Ar,Lu,0
Ar,Lv,0
Ar,Mc,0
Ar,Md,0
Ar,Mg,26
Ar,Mn,4
Ar,Mo,16
Ar,Mt,0
Ar,N,2146
Ar,Na,101
Ar,Nb,4
Ar,Nd,2
Ar,Ne,23
Ar,Nh,0
Ar,Ni,9
Ar,No,2
Ar,Np,0
Ar,O,2551
Ar,Og,0
Ar,Os,1
Ar,P,553
Ar,Pa,1
Ar,Pb,4
Ar,Pd,37
Ar,Pm,0
Ar,Po,0
Ar,Pr,3
Ar,Pt,24
Ar,Pu,0
Ar,Ra,0
Ar,Rb,4
Ar,Re,3
Ar,Rf,6
Ar,Rg,0
Ar,Rh,5
Ar,Rn,2
Ar,Ru,71
Ar,S,759
Ar,Sb,0
Ar,Sc,0
Ar,Se,3
Ar,Sg,0
Ar,Si,133
Ar,Sm,2
Ar,Sn,21
Ar,Sr,1
Ar,Ta,2
Ar,Tb,0
Ar,Tc,1
Ar,Te,0
Ar,Th,1
Ar,Ti,6
Ar,Tl,1
Ar,Tm,0
Ar,Ts,0
Ar,U,36
Ar,V,40
Ar,W,113
Ar,Xe,22
Ar,Y,174
Ar,Yb,0
Ar,Zn,12
Ar,Zr,8
As,Ac,0
As,Ag,115
As,Al,174
As,Am,0
As,Ar,4
As,As,33552
As,At,6
As,Au,113
As,B,354
As,Ba,55
As,Be,15
As,Bh,0
As,Bi,184
As,Bk,0
As,Br,1309
As,C,30191
As,Ca,187
As,Cd,130
As,Ce,15
As,Cf,0
As,Cl,4409
As,Cm,0
As,Cn,0
As,Co,96
As,Cr,162
As,Cs,29
As,Cu,346
As,Db,0
As,Ds,0
As,Dy,3
As,Er,4
As,Es,1
As,Eu,5
As,F,4360
As,Fe,342
As,Fl,0
As,Fm,1
As,Fr,0
As,Ga,256
As,Gd,17
As,Ge,196
As,H,32160
As,He,1
As,Hf,11
As,Hg,116
As,Ho,4
As,Hs,0
As,I,946
As,In,147
As,Ir,33
As,K,175
As,Kr,0
As,La,26
As,Li,212
As,Lr,0
As,Lu,7
As,Lv,0
As,Mc,0
As,Md,0
As,Mg,87
As,Mn,107
As,Mo,83
As,Mt,0
As,N,17582
As,Na,845
As,Nb,16
As,Nd,5
As,Ne,0
As,Nh,0
As,Ni,141
As,No,0
As,Np,0
As,O,23743
As,Og,0
As,Os,25
As,P,1650
As,Pa,0
As,Pb,248
As,Pd,106
As,Pm,2
As,Po,4
As,Pr,3
As,Pt,128
As,Pu,1
As,Ra,1
As,Rb,30
As,Re,28
As,Rf,1
As,Rg,0
As,Rh,94
As,Rn,0
As,Ru,42
As,S,6722
As,Sb,404
As,Sc,6
As,Se,315
As,Sg,0
As,Si,650
As,Sm,11
As,Sn,135
As,Sr,41
As,Ta,17
As,Tb,4
As,Tc,24
As,Te,128
As,Th,11
As,Ti,76
As,Tl,30
As,Tm,3
As,Ts,0
As,U,35
As,V,51
As,W,56
As,Xe,0
As,Y,28
As,Yb,9
As,Zn,204
As,Zr,156
At,Ac,0
At,Ag,1
At,Al,0
At,Am,0
At,Ar,0
At,As,6
At,At,1164
At,Au,4
At,B,12
At,Ba,0
At,Be,0
At,Bh,0
At,Bi,5
At,Bk,0
At,Br,42
At,C,1078
At,Ca,3
At,Cd,0
At,Ce,1
At,Cf,0
At,Cl,68
At,Cm,0
At,Cn,0
At,Co,0
At,Cr,0
At,Cs,0
At,Cu,2
At,Db,0
At,Ds,0
At,Dy,0
At,Er,0
At,Es,0
At,Eu,0
At,F,298
At,Fe,0
At,Fl,0
At,Fm,0
At,Fr,0
At,Ga,0
At,Gd,0
At,Ge,1
At,H,1094
At,He,0
At,Hf,0
At,Hg,1
At,Ho,0
At,Hs,0
At,I,82
At,In,0
At,Ir,0
At,K,4
At,Kr,0
At,La,0
At,Li,1
At,Lr,0
At,Lu,0
At,Lv,0
At,Mc,0
At,Md,0
At,Mg,0
At,Mn,0
At,Mo,1
At,Mt,0
At,N,838
At,Na,11
At,Nb,0
At,Nd,0
At,Ne,0
At,Nh,0
At,Ni,0
At,No,0
At,Np,0
At,O,845
At,Og,0
At,Os,0
At,P,31
At,Pa,0
At,Pb,0
At,Pd,0
At,Pm,0
At,Po,1
At,Pr,0
At,Pt,3
At,Pu,0
At,Ra,0
At,Rb,0
At,Re,3
At,Rf,0
At,Rg,0
At,Rh,0
At,Rn,0
At,Ru,0
At,S,155
At,Sb,0
At,Sc,0
At,Se,2
At,Sg,0
At,Si,9
At,Sm,0
At,Sn,11
At,Sr,0
At,Ta,0
At,Tb,0
At,Tc,0
At,Te,0
At,Th,0
At,Ti,3
At,Tl,0
At,Tm,0
At,Ts,0
At,U,3
At,V,0
At,W,0
At,Xe,0
At,Y,3
At,Yb,0
At,Zn,0
At,Zr,0
Au,Ac,32
Au,Ag,544
Au,Al,270
Au,Am,2
Au,Ar,4
Au,As,113
Au,At,4
Au,Au,18070
Au,B,468
Au,Ba,22
Au,Be,20
Au,Bh,0
Au,Bi,94
Au,Bk,0
Au,Br,470
Au,C,14861
Au,Ca,77
Au,Cd,74
Au,Ce,33
Au,Cf,1
Au,Cl,3111
Au,Cm,1
Au,Cn,0
Au,Co,131
Au,Cr,138
Au,Cs,48
Au,Cu,478
Au,Db,0
Au,Ds,0
Au,Dy,11
Au,Er,3
Au,Es,0
Au,Eu,6
Au,F,1678
Au,Fe,316
Au,Fl,0
Au,Fm,1
Au,Fr,0
Au,Ga,63
Au,Gd,15
Au,Ge,126
Au,H,15942
Au,He,1
Au,Hf,22
Au,Hg,39
Au,Ho,3
Au,Hs,0
Au,I,266
Au,In,135
Au,Ir,88
Au,K,362
Au,Kr,1
Au,La,31
Au,Li,111
Au,Lr,0
Au,Lu,5
Au,Lv,0
Au,Mc,0
Au,Md,0
Au,Mg,96
Au,Mn,103
Au,Mo,134
Au,Mt,0
Au,N,8704
Au,Na,521
Au,Nb,41
Au,Nd,14
Au,Ne,4
Au,Nh,0
Au,Ni,351
Au,No,0
Au,Np,0
Au,O,7847
Au,Og,0
Au,Os,32
Au,P,6036
Au,Pa,0
Au,Pb,126
Au,Pd,240
Au,Pm,0
Au,Po,4
Au,Pr,9
Au,Pt,278
Au,Pu,2
Au,Ra,1
Au,Rb,26
Au,Re,57
Au,Rf,0
Au,Rg,0
Au,Rh,60
Au,Rn,0
Au,Ru,98
Au,S,4314
Au,Sb,160
Au,Sc,11
Au,Se,294
Au,Sg,0
Au,Si,798
Au,Sm,9
Au,Sn,152
Au,Sr,17
Au,Ta,40
Au,Tb,5
Au,Tc,6
Au,Te,91
Au,Th,9
Au,Ti,218
Au,Tl,21
Au,Tm,5
Au,Ts,0
Au,U,17
Au,V,56
Au,W,112
Au,Xe,2
Au,Y,47
Au,Yb,5
Au,Zn,223
Au,Zr,63
B,Ac,263
B,Ag,678
B,Al,3216
B,Am,18
B,Ar,299
B,As,354
B,At,12
B,Au,468
B,B,1315877
B,Ba,552
B,Be,184
B,Bh,6
B,Bi,560
B,Bk,1
B,Br,108965
B,C,1300301
B,Ca,1090
B,Cd,171
B,Ce,244
B,Cf,1
B,Cl,145978
B,Cm,15
B,Cn,0
B,Co,1202
B,Cr,590
B,Cs,1362
B,Cu,2605
B,Db,1
B,Ds,0
B,Dy,64
B,Er,52
B,Es,11
B,Eu,182
B,F,307853
B,Fe,3074
B,Fl,0
B,Fm,55
B,Fr,3
B,Ga,227
B,Gd,216
B,Ge,873
B,H,1307425
B,He,14
B,Hf,136
B,Hg,147
B,Ho,61
B,Hs,3
B,I,36395
B,In,188
B,Ir,5056
B,K,22315
B,Kr,3
B,La,291
B,Li,10622
B,Lr,11
B,Lu,157
B,Lv,0
B,Mc,0
B,Md,2
B,Mg,2769
B,Mn,937
B,Mo,708
B,Mt,0
B,N,1003826
B,Na,21848
B,Nb,205
B,Nd,283
B,Ne,2
B,Nh,0
B,Ni,1386
B,No,16
B,Np,3
B,O,1024493
B,Og,0
B,Os,263
B,P,62166
B,Pa,18
B,Pb,480
B,Pd,6479
B,Pm,11
B,Po,27
B,Pr,106
B,Pt,6813
B,Pu,2
B,Ra,3
B,Rb,482
B,Re,435
B,Rf,127
B,Rg,0
B,Rh,1514
B,Rn,2
B,Ru,1179
B,S,245084
B,Sb,418
B,Sc,120
B,Se,4137
B,Sg,7
B,Si,47790
B,Sm,92
B,Sn,2691
B,Sr,346
B,Ta,147
B,Tb,119
B,Tc,42
B,Te,581
B,Th,50
B,Ti,1099
B,Tl,228
B,Tm,43
B,Ts,0
B,U,2957
B,V,2079
B,W,2117
B,Xe,14
B,Y,5223
B,Yb,92
B,Zn,2091
B,Zr,1443
Ba,Ac,2
Ba,Ag,83
Ba,Al,669
Ba,Am,0
Ba,Ar,3
Ba,As,55
Ba,At,0
Ba,Au,22
Ba,B,552
Ba,Ba,15764
Ba,Be,32
Ba,Bh,0
Ba,Bi,202
Ba,Bk,0
Ba,Br,254
Ba,C,9809
Ba,Ca,864
Ba,Cd,168
Ba,Ce,114
Ba,Cf,0
Ba,Cl,1330
Ba,Cm,0
Ba,Cn,0
Ba,Co,179
Ba,Cr,153
Ba,Cs,63
Ba,Cu,505
Ba,Db,3
Ba,Ds,0
Ba,Dy,15
Ba,Er,14
Ba,Es,0
Ba,Eu,83
Ba,F,819
Ba,Fe,313
Ba,Fl,0
Ba,Fm,1
Ba,Fr,0
Ba,Ga,82
Ba,Gd,71
Ba,Ge,89
Ba,H,12906
Ba,He,2
Ba,Hf,43
Ba,Hg,72
Ba,Ho,15
Ba,Hs,0
Ba,I,192
Ba,In,58
Ba,Ir,17
Ba,K,304
Ba,Kr,1
Ba,La,224
Ba,Li,290
Ba,Lr,0
Ba,Lu,11
Ba,Lv,0
Ba,Mc,0
Ba,Md,1
Ba,Mg,549
Ba,Mn,251
Ba,Mo,58
Ba,Mt,0
Ba,N,2999
Ba,Na,464
Ba,Nb,156
Ba,Nd,89
Ba,Ne,2
Ba,Nh,0
Ba,Ni,174
Ba,No,0
Ba,Np,0
Ba,O,12748
Ba,Og,0
Ba,Os,14
Ba,P,1491
Ba,Pa,0
Ba,Pb,257
Ba,Pd,49
Ba,Pm,3
Ba,Po,4
Ba,Pr,41
Ba,Pt,62
Ba,Pu,2
Ba,Ra,7
Ba,Rb,50
Ba,Re,22
Ba,Rf,0
Ba,Rg,0
Ba,Rh,20
Ba,Rn,1
Ba,Ru,22
Ba,S,3989
Ba,Sb,82
Ba,Sc,33
Ba,Se,192
Ba,Sg,0
Ba,Si,852
Ba,Sm,60
Ba,Sn,118
Ba,Sr,702
Ba,Ta,96
Ba,Tb,22
Ba,Tc,9
Ba,Te,38
Ba,Th,19
Ba,Ti,697
Ba,Tl,39
Ba,Tm,12
Ba,Ts,0
Ba,U,37
Ba,V,93
Ba,W,151
Ba,Xe,2
Ba,Y,245
Ba,Yb,29
Ba,Zn,449
Ba,Zr,376
Be,Ac,3
Be,Ag,20
Be,Al,243
Be,Am,6
Be,Ar,2
Be,As,15
Be,At,0
Be,Au,20
Be,B,184
Be,Ba,32
Be,Be,3233
Be,Bh,0
Be,Bi,14
Be,Bk,0
Be,Br,48
Be,C,2059
Be,Ca,78
Be,Cd,25
Be,Ce,12
Be,Cf,0
Be,Cl,163
Be,Cm,1
Be,Cn,0
Be,Co,42
Be,Cr,45
Be,Cs,24
Be,Cu,114
Be,Db,0
Be,Ds,0
Be,Dy,2
Be,Er,3
Be,Es,0
Be,Eu,7
Be,F,424
Be,Fe,48
Be,Fl,0
Be,Fm,0
Be,Fr,1
Be,Ga,56
Be,Gd,3
Be,Ge,15
Be,H,2781
Be,He,1
Be,Hf,9
Be,Hg,15
Be,Ho,3
Be,Hs,0
Be,I,52
Be,In,14
Be,Ir,25
Be,K,72
Be,Kr,0
Be,La,11
Be,Li,96
Be,Lr,0
Be,Lu,1
Be,Lv,0
Be,Mc,0
Be,Md,0
Be,Mg,94
Be,Mn,41
Be,Mo,22
Be,Mt,0
Be,N,1434
Be,Na,86
Be,Nb,34
Be,Nd,5
Be,Ne,1
Be,Nh,0
Be,Ni,52
Be,No,1
Be,Np,0
Be,O,2175
Be,Og,0
Be,Os,7
Be,P,190
Be,Pa,0
Be,Pb,17
Be,Pd,30
Be,Pm,2
Be,Po,5
Be,Pr,2
Be,Pt,11
Be,Pu,4
Be,Ra,1
Be,Rb,22
Be,Re,6
Be,Rf,1
Be,Rg,0
Be,Rh,7
Be,Rn,0
Be,Ru,6
Be,S,782
Be,Sb,22
Be,Sc,11
Be,Se,39
Be,Sg,0
Be,Si,295
Be,Sm,4
Be,Sn,26
Be,Sr,36
Be,Ta,22
Be,Tb,5
Be,Tc,5
Be,Te,24
Be,Th,5
Be,Ti,46
Be,Tl,16
Be,Tm,2
Be,Ts,0
Be,U,10
Be,V,25
Be,W,23
Be,Xe,1
Be,Y,19
Be,Yb,3
Be,Zn,452
Be,Zr,52
Bh,Ac,0
Bh,Ag,0
Bh,Al,0
Bh,Am,0
Bh,Ar,0
Bh,As,0
Bh,At,0
Bh,Au,0
Bh,B,6
Bh,Ba,0
Bh,Be,0
Bh,Bh,74
Bh,Bi,0
Bh,Bk,0
Bh,Br,7
Bh,C,57
Bh,Ca,0
Bh,Cd,0
Bh,Ce,0
Bh,Cf,0
Bh,Cl,5
Bh,Cm,0
Bh,Cn,0
Bh,Co,0
Bh,Cr,0
Bh,Cs,0
Bh,Cu,0
Bh,Db,0
Bh,Ds,0
Bh,Dy,0
Bh,Er,0
Bh,Es,0
Bh,Eu,0
Bh,F,7
Bh,Fe,0
Bh,Fl,0
Bh,Fm,0
Bh,Fr,0
Bh,Ga,0
Bh,Gd,0
Bh,Ge,0
Bh,H,58
Bh,He,0
Bh,Hf,0
Bh,Hg,0
Bh,Ho,0
Bh,Hs,0
Bh,I,3
Bh,In,0
Bh,Ir,0
Bh,K,2
Bh,Kr,0
Bh,La,0
Bh,Li,0
Bh,Lr,0
Bh,Lu,0
Bh,Lv,0
Bh,Mc,0
Bh,Md,0
Bh,Mg,0
Bh,Mn,0
Bh,Mo,0
Bh,Mt,0
Bh,N,36
Bh,Na,2
Bh,Nb,0
Bh,Nd,0
Bh,Ne,0
Bh,Nh,0
Bh,Ni,0
Bh,No,0
Bh,Np,0
Bh,O,42
Bh,Og,0
Bh,Os,0
Bh,P,2
Bh,Pa,0
Bh,Pb,0
Bh,Pd,0
Bh,Pm,0
Bh,Po,0
Bh,Pr,0
Bh,Pt,0
Bh,Pu,0
Bh,Ra,0
Bh,Rb,0
Bh,Re,0
Bh,Rf,0
Bh,Rg,0
Bh,Rh,0
Bh,Rn,0
Bh,Ru,0
Bh,S,7
Bh,Sb,0
Bh,Sc,0
Bh,Se,0
Bh,Sg,0
Bh,Si,0
Bh,Sm,0
Bh,Sn,0
Bh,Sr,0
Bh,Ta,0
Bh,Tb,0
Bh,Tc,0
Bh,Te,0
Bh,Th,0
Bh,Ti,0
Bh,Tl,0
Bh,Tm,0
Bh,Ts,0
Bh,U,1
Bh,V,0
Bh,W,0
Bh,Xe,0
Bh,Y,0
Bh,Yb,0
Bh,Zn,0
Bh,Zr,0
Bi,Ac,1
Bi,Ag,230
Bi,Al,266
Bi,Am,1
Bi,Ar,1
Bi,As,184
Bi,At,5
Bi,Au,94
Bi,B,560
Bi,Ba,202
Bi,Be,14
Bi,Bh,0
Bi,Bi,15692
Bi,Bk,11
Bi,Br,485
Bi,C,10397
Bi,Ca,243
Bi,Cd,129
Bi,Ce,91
Bi,Cf,0
Bi,Cl,1340
Bi,Cm,2
Bi,Cn,0
Bi,Co,213
Bi,Cr,99
Bi,Cs,46
Bi,Cu,507
Bi,Db,0
Bi,Ds,0
Bi,Dy,14
Bi,Er,34
Bi,Es,0
Bi,Eu,10
Bi,F,1209
Bi,Fe,445
Bi,Fl,0
Bi,Fm,0
Bi,Fr,0
Bi,Ga,111
Bi,Gd,26
Bi,Ge,196
Bi,H,13168
Bi,He,2
Bi,Hf,36
Bi,Hg,47
Bi,Ho,12
Bi,Hs,0
Bi,I,455
Bi,In,253
Bi,Ir,136
Bi,K,322
Bi,Kr,1
Bi,La,115
Bi,Li,212
Bi,Lr,0
Bi,Lu,16
Bi,Lv,0
Bi,Mc,0
Bi,Md,0
Bi,Mg,156
Bi,Mn,206
Bi,Mo,307
Bi,Mt,0
Bi,N,4004
Bi,Na,317
Bi,Nb,173
Bi,Nd,40
Bi,Ne,0
Bi,Nh,0
Bi,Ni,217
Bi,No,1
Bi,Np,1
Bi,O,9467
Bi,Og,0
Bi,Os,12
Bi,P,978
Bi,Pa,0
Bi,Pb,458
Bi,Pd,72
Bi,Pm,0
Bi,Po,9
Bi,Pr,8
Bi,Pt,133
Bi,Pu,3
Bi,Ra,1
Bi,Rb,34
Bi,Re,16
Bi,Rf,2
Bi,Rg,0
Bi,Rh,23
Bi,Rn,0
Bi,Ru,43
Bi,S,2380
Bi,Sb,436
Bi,Sc,31
Bi,Se,218
Bi,Sg,0
Bi,Si,681
Bi,Sm,29
Bi,Sn,373
Bi,Sr,272
Bi,Ta,134
Bi,Tb,18
Bi,Tc,6
Bi,Te,311
Bi,Th,14
Bi,Ti,388
Bi,Tl,34
Bi,Tm,14
Bi,Ts,0
Bi,U,17
Bi,V,310
Bi,W,141
Bi,Xe,0
Bi,Y,64
Bi,Yb,14
Bi,Zn,415
Bi,Zr,198
Bk,Ac,0
Bk,Ag,0
Bk,Al,17
Bk,Am,0
Bk,Ar,0
Bk,As,0
Bk,At,0
Bk,Au,0
Bk,B,1
Bk,Ba,0
Bk,Be,0
Bk,Bh,0
Bk,Bi,11
Bk,Bk,169
Bk,Br,4
Bk,C,113
Bk,Ca,0
Bk,Cd,0
Bk,Ce,1
Bk,Cf,1
Bk,Cl,10
Bk,Cm,2
Bk,Cn,0
Bk,Co,0
Bk,Cr,1
Bk,Cs,0
Bk,Cu,1
Bk,Db,0
Bk,Ds,0
Bk,Dy,2
Bk,Er,0
Bk,Es,0
Bk,Eu,0
Bk,F,8
Bk,Fe,1
Bk,Fl,0
Bk,Fm,0
Bk,Fr,0
Bk,Ga,0
Bk,Gd,0
Bk,Ge,0
Bk,H,121
Bk,He,0
Bk,Hf,0
Bk,Hg,0
Bk,Ho,0
Bk,Hs,0
Bk,I,4
Bk,In,0
Bk,Ir,0
Bk,K,0
Bk,Kr,0
Bk,La,0
Bk,Li,8
Bk,Lr,0
Bk,Lu,0
Bk,Lv,0
Bk,Mc,0
Bk,Md,0
Bk,Mg,1
Bk,Mn,0
Bk,Mo,0
Bk,Mt,0
Bk,N,97
Bk,Na,0
Bk,Nb,1
Bk,Nd,0
Bk,Ne,0
Bk,Nh,0
Bk,Ni,0
Bk,No,1
Bk,Np,0
Bk,O,52
Bk,Og,0
Bk,Os,0
Bk,P,3
Bk,Pa,0
Bk,Pb,2
Bk,Pd,0
Bk,Pm,0
Bk,Po,0
Bk,Pr,0
Bk,Pt,1
Bk,Pu,0
Bk,Ra,0
Bk,Rb,0
Bk,Re,0
Bk,Rf,0
Bk,Rg,0
Bk,Rh,0
Bk,Rn,0
Bk,Ru,0
Bk,S,11
Bk,Sb,0
Bk,Sc,0
Bk,Se,0
Bk,Sg,0
Bk,Si,4
Bk,Sm,0
Bk,Sn,0
Bk,Sr,0
Bk,Ta,0
Bk,Tb,0
Bk,Tc,0
Bk,Te,0
Bk,Th,0
Bk,Ti,2
Bk,Tl,0
Bk,Tm,0
Bk,Ts,0
Bk,U,0
Bk,V,0
Bk,W,1
Bk,Xe,0
Bk,Y,2
Bk,Yb,1
Bk,Zn,1
Bk,Zr,0
Br,Ac,460
Br,Ag,1033
Br,Al,3474
Br,Am,9
Br,Ar,285
Br,As,1309
Br,At,42
Br,Au,470
Br,B,108965
Br,Ba,254
Br,Be,48
Br,Bh,7
Br,Bi,485
Br,Bk,4
Br,Br,8607410
Br,C,8600478
Br,Ca,621
Br,Cd,219
Br,Ce,120
Br,Cf,9
Br,Cl,1537766
Br,Cm,12
Br,Cn,0
Br,Co,1474
Br,Cr,401
Br,Cs,2390
Br,Cu,4043
Br,Db,2
Br,Ds,0
Br,Dy,38
Br,Er,30
Br,Es,14
Br,Eu,91
Br,F,1759791
Br,Fe,2796
Br,Fl,0
Br,Fm,57
Br,Fr,1
Br,Ga,305
Br,Gd,98
Br,Ge,1009
Br,H,8600376
Br,He,9
Br,Hf,573
Br,Hg,1109
Br,Ho,43
Br,Hs,1
Br,I,172902
Br,In,528
Br,Ir,1768
Br,K,14276
Br,Kr,2
Br,La,114
Br,Li,11518
Br,Lr,22
Br,Lu,25
Br,Lv,0
Br,Mc,0
Br,Md,1
Br,Mg,17480
Br,Mn,1343
Br,Mo,760
Br,Mt,2
Br,N,7527966
Br,Na,23450
Br,Nb,83
Br,Nd,110
Br,Ne,3
Br,Nh,0
Br,Ni,3167
Br,No,16
Br,Np,10
Br,O,7126588
Br,Og,0
Br,Os,355
Br,P,97632
Br,Pa,8
Br,Pb,724
Br,Pd,7894
Br,Pm,8
Br,Po,55
Br,Pr,93
Br,Pt,1990
Br,Pu,7
Br,Ra,3
Br,Rb,267
Br,Re,415
Br,Rf,64
Br,Rg,0
Br,Rh,312
Br,Rn,3
Br,Ru,1197
Br,S,2388328
Br,Sb,673
Br,Sc,68
Br,Se,5125
Br,Sg,7
Br,Si,85325
Br,Sm,45
Br,Sn,8009
Br,Sr,100
Br,Ta,86
Br,Tb,48
Br,Tc,53
Br,Te,1108
Br,Th,34
Br,Ti,1814
Br,Tl,333
Br,Tm,20
Br,Ts,0
Br,U,1115
Br,V,2118
Br,W,1608
Br,Xe,17
Br,Y,3137
Br,Yb,62
Br,Zn,8585
Br,Zr,3303
C,Ac,9620
C,Ag,13949
C,Al,63520
C,Am,236
C,Ar,3635
C,As,30191
C,At,1078
C,Au,14861
C,B,1300301
C,Ba,9809
C,Be,2059
C,Bh,57
C,Bi,10397
C,Bk,113
C,Br,8600478
C,C,124377664
C,Ca,34970
C,Cd,4895
C,Ce,4187
C,Cf,186
C,Cl,21879392
C,Cm,616
C,Cn,0
C,Co,36555
C,Cr,19537
C,Cs,10241
C,Cu,55369
C,Db,90
C,Ds,3
C,Dy,1454
C,Er,1215
C,Es,315
C,Eu,4267
C,F,25327714
C,Fe,67578
C,Fl,0
C,Fm,2086
C,Fr,47
C,Ga,7805
C,Gd,5931
C,Ge,43085
C,H,124330564
C,He,214
C,Hf,20467
C,Hg,13253
C,Ho,1147
C,Hs,57
C,I,2534288
C,In,9122
C,Ir,167601
C,K,143041
C,Kr,47
C,La,3892
C,Li,106245
C,Lr,835
C,Lu,1951
C,Lv,0
C,Mc,0
C,Md,61
C,Mg,51422
C,Mn,21225
C,Mo,12947
C,Mt,65
C,N,110890006
C,Na,391677
C,Nb,2912
C,Nd,3626
C,Ne,95
C,Nh,0
C,Ni,39452
C,No,303
C,Np,341
C,O,109232420
C,Og,0
C,Os,7714
C,P,2469495
C,Pa,200
C,Pb,12547
C,Pd,45812
C,Pm,210
C,Po,1143
C,Pr,2588
C,Pt,139533
C,Pu,216
C,Ra,159
C,Rb,9755
C,Re,8849
C,Rf,5112
C,Rg,1
C,Rh,13083
C,Rn,66
C,Ru,36176
C,S,36283770
C,Sb,14466
C,Sc,2205
C,Se,115187
C,Sg,121
C,Si,1805054
C,Sm,2206
C,Sn,102244
C,Sr,3622
C,Ta,2907
C,Tb,1983
C,Tc,3302
C,Te,17785
C,Th,932
C,Ti,66990
C,Tl,5316
C,Tm,684
C,Ts,0
C,U,20160
C,V,33688
C,W,38819
C,Xe,371
C,Y,94327
C,Yb,2237
C,Zn,64003
C,Zr,99286
Ca,Ac,1
Ca,Ag,164
Ca,Al,2127
Ca,Am,1
Ca,Ar,13
Ca,As,187
Ca,At,3
Ca,Au,77
Ca,B,1090
Ca,Ba,864
Ca,Be,78
Ca,Bh,0
Ca,Bi,243
Ca,Bk,0
Ca,Br,621
Ca,C,34970
Ca,Ca,47081
Ca,Cd,132
Ca,Ce,182
Ca,Cf,0
Ca,Cl,4754
Ca,Cm,1
Ca,Cn,0
Ca,Co,226
Ca,Cr,289
Ca,Cs,80
Ca,Cu,674
Ca,Db,3
Ca,Ds,0
Ca,Dy,22
Ca,Er,16
Ca,Es,0
Ca,Eu,60
Ca,F,3037
Ca,Fe,1155
Ca,Fl,0
Ca,Fm,0
Ca,Fr,4
Ca,Ga,111
Ca,Gd,74
Ca,Ge,91
Ca,H,42508
Ca,He,1
Ca,Hf,25
Ca,Hg,75
Ca,Ho,10
Ca,Hs,0
Ca,I,505
Ca,In,78
Ca,Ir,14
Ca,K,1531
Ca,Kr,1
Ca,La,268
Ca,Li,575
Ca,Lr,0
Ca,Lu,29
Ca,Lv,0
Ca,Mc,0
Ca,Md,0
Ca,Mg,2740
Ca,Mn,756
Ca,Mo,158
Ca,Mt,0
Ca,N,14149
Ca,Na,3020
Ca,Nb,99
Ca,Nd,51
Ca,Ne,6
Ca,Nh,0
Ca,Ni,267
Ca,No,2
Ca,Np,0
Ca,O,41308
Ca,Og,0
Ca,Os,14
Ca,P,6284
Ca,Pa,1
Ca,Pb,418
Ca,Pd,46
Ca,Pm,0
Ca,Po,7
Ca,Pr,35
Ca,Pt,33
Ca,Pu,1
Ca,Ra,1
Ca,Rb,48
Ca,Re,20
Ca,Rf,1
Ca,Rg,0
Ca,Rh,17
Ca,Rn,1
Ca,Ru,29
Ca,S,12219
Ca,Sb,120
Ca,Sc,39
Ca,Se,200
Ca,Sg,0
Ca,Si,2443
Ca,Sm,39
Ca,Sn,206
Ca,Sr,883
Ca,Ta,67
Ca,Tb,16
Ca,Tc,9
Ca,Te,32
Ca,Th,8
Ca,Ti,658
Ca,Tl,55
Ca,Tm,8
Ca,Ts,0
Ca,U,54
Ca,V,201
Ca,W,133
Ca,Xe,0
Ca,Y,190
Ca,Yb,32
Ca,Zn,1360
Ca,Zr,337
Cd,Ac,1
Cd,Ag,133
Cd,Al,110
Cd,Am,0
Cd,Ar,3
Cd,As,130
Cd,At,0
Cd,Au,74
Cd,B,171
Cd,Ba,168
Cd,Be,25
Cd,Bh,0
Cd,Bi,129
Cd,Bk,0
Cd,Br,219
Cd,C,4895
Cd,Ca,132
Cd,Cd,7961
Cd,Ce,28
Cd,Cf,0
Cd,Cl,748
Cd,Cm,2
Cd,Cn,0
Cd,Co,117
Cd,Cr,176
Cd,Cs,24
Cd,Cu,318
Cd,Db,0
Cd,Ds,0
Cd,Dy,10
Cd,Er,4
Cd,Es,0
Cd,Eu,15
Cd,F,373
Cd,Fe,151
Cd,Fl,0
Cd,Fm,0
Cd,Fr,0
Cd,Ga,156
Cd,Gd,12
Cd,Ge,178
Cd,H,6100
Cd,He,3
Cd,Hf,9
Cd,Hg,250
Cd,Ho,5
Cd,Hs,0
Cd,I,163
Cd,In,286
Cd,Ir,11
Cd,K,114
Cd,Kr,1
Cd,La,17
Cd,Li,74
Cd,Lr,0
Cd,Lu,3
Cd,Lv,0
Cd,Mc,0
Cd,Md,0
Cd,Mg,103
Cd,Mn,105
Cd,Mo,55
Cd,Mt,0
Cd,N,2590
Cd,Na,82
Cd,Nb,21
Cd,Nd,14
Cd,Ne,3
Cd,Nh,0
Cd,Ni,222
Cd,No,0
Cd,Np,1
Cd,O,4969
Cd,Og,0
Cd,Os,7
Cd,P,492
Cd,Pa,0
Cd,Pb,339
Cd,Pd,26
Cd,Pm,0
Cd,Po,4
Cd,Pr,5
Cd,Pt,26
Cd,Pu,3
Cd,Ra,0
Cd,Rb,12
Cd,Re,19
Cd,Rf,0
Cd,Rg,0
Cd,Rh,14
Cd,Rn,0
Cd,Ru,14
Cd,S,1637
Cd,Sb,88
Cd,Sc,6
Cd,Se,384
Cd,Sg,0
Cd,Si,194
Cd,Sm,11
Cd,Sn,252
Cd,Sr,34
Cd,Ta,17
Cd,Tb,15
Cd,Tc,5
Cd,Te,195
Cd,Th,12
Cd,Ti,63
Cd,Tl,34
Cd,Tm,4
Cd,Ts,0
Cd,U,14
Cd,V,38
Cd,W,52
Cd,Xe,2
Cd,Y,33
Cd,Yb,8
Cd,Zn,707
Cd,Zr,58
Ce,Ac,5
Ce,Ag,65
Ce,Al,331
Ce,Am,1
Ce,Ar,2
Ce,As,15
Ce,At,1
Ce,Au,33
Ce,B,244
Ce,Ba,114
Ce,Be,12
Ce,Bh,0
Ce,Bi,91
Ce,Bk,1
Ce,Br,120
Ce,C,4187
Ce,Ca,182
Ce,Cd,28
Ce,Ce,8261
Ce,Cf,1
Ce,Cl,703
Ce,Cm,1
Ce,Cn,0
Ce,Co,210
Ce,Cr,82
Ce,Cs,23
Ce,Cu,235
Ce,Db,0
Ce,Ds,0
Ce,Dy,15
Ce,Er,41
Ce,Es,1
Ce,Eu,67
Ce,F,598
Ce,Fe,283
Ce,Fl,0
Ce,Fm,0
Ce,Fr,0
Ce,Ga,23
Ce,Gd,101
Ce,Ge,33
Ce,H,5919
Ce,He,0
Ce,Hf,40
Ce,Hg,7
Ce,Ho,20
Ce,Hs,1
Ce,I,135
Ce,In,70
Ce,Ir,42
Ce,K,177
Ce,Kr,0
Ce,La,553
Ce,Li,146
Ce,Lr,0
Ce,Lu,35
Ce,Lv,0
Ce,Mc,0
Ce,Md,0
Ce,Mg,286
Ce,Mn,300
Ce,Mo,163
Ce,Mt,0
Ce,N,2203
Ce,Na,225
Ce,Nb,63
Ce,Nd,198
Ce,Ne,1
Ce,Nh,0
Ce,Ni,222
Ce,No,0
Ce,Np,2
Ce,O,5557
Ce,Og,0
Ce,Os,3
Ce,P,519
Ce,Pa,3
Ce,Pb,37
Ce,Pd,51
Ce,Pm,7
Ce,Po,4
Ce,Pr,159
Ce,Pt,39
Ce,Pu,9
Ce,Ra,1
Ce,Rb,23
Ce,Re,12
Ce,Rf,1
Ce,Rg,0
Ce,Rh,35
Ce,Rn,1
Ce,Ru,51
Ce,S,890
Ce,Sb,65
Ce,Sc,31
Ce,Se,32
Ce,Sg,0
Ce,Si,415
Ce,Sm,71
Ce,Sn,124
Ce,Sr,118
Ce,Ta,50
Ce,Tb,109
Ce,Tc,0
Ce,Te,8
Ce,Th,31
Ce,Ti,290
Ce,Tl,13
Ce,Tm,7
Ce,Ts,0
Ce,U,16
Ce,V,80
Ce,W,111
Ce,Xe,0
Ce,Y,220
Ce,Yb,43
Ce,Zn,144
Ce,Zr,457
Cf,Ac,0
Cf,Ag,1
Cf,Al,1
Cf,Am,0
Cf,Ar,0
Cf,As,0
Cf,At,0
Cf,Au,1
Cf,B,1
Cf,Ba,0
Cf,Be,0
Cf,Bh,0
Cf,Bi,0
Cf,Bk,1
Cf,Br,9
Cf,C,186
Cf,Ca,0
Cf,Cd,0
Cf,Ce,1
Cf,Cf,237
Cf,Cl,32
Cf,Cm,5
Cf,Cn,0
Cf,Co,2
Cf,Cr,1
Cf,Cs,0
Cf,Cu,0
Cf,Db,0
Cf,Ds,0
Cf,Dy,0
Cf,Er,0
Cf,Es,0
Cf,Eu,0
Cf,F,45
Cf,Fe,0
Cf,Fl,0
Cf,Fm,0
Cf,Fr,0
Cf,Ga,1
Cf,Gd,0
Cf,Ge,0
Cf,H,190
Cf,He,0
Cf,Hf,1
Cf,Hg,0
Cf,Ho,0
Cf,Hs,0
Cf,I,4
Cf,In,0
Cf,Ir,1
Cf,K,1
Cf,Kr,0
Cf,La,3
Cf,Li,2
Cf,Lr,0
Cf,Lu,0
Cf,Lv,0
Cf,Mc,0
Cf,Md,0
Cf,Mg,0
Cf,Mn,0
Cf,Mo,0
Cf,Mt,0
Cf,N,116
Cf,Na,1
Cf,Nb,0
Cf,Nd,0
Cf,Ne,0
Cf,Nh,0
Cf,Ni,0
Cf,No,0
Cf,Np,0
Cf,O,158
Cf,Og,0
Cf,Os,0
Cf,P,7
Cf,Pa,0
Cf,Pb,0
Cf,Pd,1
Cf,Pm,0
Cf,Po,0
Cf,Pr,0
Cf,Pt,0
Cf,Pu,0
Cf,Ra,0
Cf,Rb,0
Cf,Re,0
Cf,Rf,3
Cf,Rg,0
Cf,Rh,0
Cf,Rn,0
Cf,Ru,0
Cf,S,47
Cf,Sb,0
Cf,Sc,0
Cf,Se,0
Cf,Sg,0
Cf,Si,14
Cf,Sm,0
Cf,Sn,0
Cf,Sr,0
Cf,Ta,1
Cf,Tb,0
Cf,Tc,0
Cf,Te,0
Cf,Th,0
Cf,Ti,0
Cf,Tl,0
Cf,Tm,0
Cf,Ts,0
Cf,U,0
Cf,V,1
Cf,W,0
Cf,Xe,0
Cf,Y,0
Cf,Yb,0
Cf,Zn,1
Cf,Zr,2
Cl,Ac,935
Cl,Ag,2159
Cl,Al,13107
Cl,Am,21
Cl,Ar,566
Cl,As,4409
Cl,At,68
Cl,Au,3111
Cl,B,145978
Cl,Ba,1330
Cl,Be,163
Cl,Bh,5
Cl,Bi,1340
Cl,Bk,10
Cl,Br,1537766
Cl,C,21879392
Cl,Ca,4754
Cl,Cd,748
Cl,Ce,703
Cl,Cf,32
Cl,Cl,21906474
Cl,Cm,97
Cl,Cn,0
Cl,Co,6191
Cl,Cr,4186
Cl,Cs,3194
Cl,Cu,10565
Cl,Db,35
Cl,Ds,1
Cl,Dy,189
Cl,Er,155
Cl,Es,44
Cl,Eu,310
Cl,F,4874045
Cl,Fe,12315
Cl,Fl,0
Cl,Fm,160
Cl,Fr,4
Cl,Ga,1179
Cl,Gd,454
Cl,Ge,3876
Cl,H,21886637
Cl,He,24
Cl,Hf,7740
Cl,Hg,3658
Cl,Ho,162
Cl,Hs,11
Cl,I,340123
Cl,In,1590
Cl,Ir,2849
Cl,K,25132
Cl,Kr,9
Cl,La,442
Cl,Li,20690
Cl,Lr,42
Cl,Lu,152
Cl,Lv,0
Cl,Mc,0
Cl,Md,4
Cl,Mg,14872
Cl,Mn,5402
Cl,Mo,1604
Cl,Mt,4
Cl,N,20277317
Cl,Na,65498
Cl,Nb,625
Cl,Nd,679
Cl,Ne,14
Cl,Nh,0
Cl,Ni,6431
Cl,No,31
Cl,Np,37
Cl,O,19198868
Cl,Og,0
Cl,Os,1773
Cl,P,268862
Cl,Pa,16
Cl,Pb,1418
Cl,Pd,14880
Cl,Pm,19
Cl,Po,117
Cl,Pr,389
Cl,Pt,11808
Cl,Pu,41
Cl,Ra,6
Cl,Rb,628
Cl,Re,1000
Cl,Rf,193
Cl,Rg,0
Cl,Rh,2764
Cl,Rn,4
Cl,Ru,17523
Cl,S,6845558
Cl,Sb,2945
Cl,Sc,241
Cl,Se,9787
Cl,Sg,8
Cl,Si,207836
Cl,Sm,246
Cl,Sn,13794
Cl,Sr,513
Cl,Ta,647
Cl,Tb,178
Cl,Tc,418
Cl,Te,1994
Cl,Th,149
Cl,Ti,30461
Cl,Tl,768
Cl,Tm,86
Cl,Ts,0
Cl,U,2980
Cl,V,5899
Cl,W,3704
Cl,Xe,25
Cl,Y,6487
Cl,Yb,171
Cl,Zn,12539
Cl,Zr,64242
Cm,Ac,2
Cm,Ag,0
Cm,Al,0
Cm,Am,3
Cm,Ar,0
Cm,As,0
Cm,At,0
Cm,Au,1
Cm,B,15
Cm,Ba,0
Cm,Be,1
Cm,Bh,0
Cm,Bi,2
Cm,Bk,2
Cm,Br,12
Cm,C,616
Cm,Ca,1
Cm,Cd,2
Cm,Ce,1
Cm,Cf,5
Cm,Cl,97
Cm,Cm,692
Cm,Cn,0
Cm,Co,16
Cm,Cr,2
Cm,Cs,2
Cm,Cu,1
Cm,Db,0
Cm,Ds,0
Cm,Dy,0
Cm,Er,2
Cm,Es,1
Cm,Eu,0
Cm,F,214
Cm,Fe,0
Cm,Fl,0
Cm,Fm,1
Cm,Fr,0
Cm,Ga,0
Cm,Gd,0
Cm,Ge,0
Cm,H,624
Cm,He,0
Cm,Hf,1
Cm,Hg,0
Cm,Ho,0
Cm,Hs,0
Cm,I,16
Cm,In,0
Cm,Ir,0
Cm,K,10
Cm,Kr,0
Cm,La,6
Cm,Li,0
Cm,Lr,0
Cm,Lu,0
Cm,Lv,0
Cm,Mc,0
Cm,Md,0
Cm,Mg,1
Cm,Mn,1
Cm,Mo,2
Cm,Mt,0
Cm,N,431
Cm,Na,3
Cm,Nb,0
Cm,Nd,5
Cm,Ne,0
Cm,Nh,0
Cm,Ni,1
Cm,No,0
Cm,Np,0
Cm,O,474
Cm,Og,0
Cm,Os,1
Cm,P,19
Cm,Pa,0
Cm,Pb,1
Cm,Pd,1
Cm,Pm,0
Cm,Po,0
Cm,Pr,0
Cm,Pt,0
Cm,Pu,18
Cm,Ra,0
Cm,Rb,1
Cm,Re,0
Cm,Rf,3
Cm,Rg,0
Cm,Rh,0
Cm,Rn,0
Cm,Ru,2
Cm,S,114
Cm,Sb,0
Cm,Sc,1
Cm,Se,0
Cm,Sg,0
Cm,Si,10
Cm,Sm,1
Cm,Sn,0
Cm,Sr,0
Cm,Ta,0
Cm,Tb,1
Cm,Tc,0
Cm,Te,0
Cm,Th,0
Cm,Ti,0
Cm,Tl,0
Cm,Tm,0
Cm,Ts,0
Cm,U,3
Cm,V,0
Cm,W,6
Cm,Xe,0
Cm,Y,9
Cm,Yb,0
Cm,Zn,1
Cm,Zr,1
Cn,Ac,0
Cn,Ag,0
Cn,Al,0
Cn,Am,0
Cn,Ar,0
Cn,As,0
Cn,At,0
Cn,Au,0
Cn,B,0
Cn,Ba,0
Cn,Be,0
Cn,Bh,0
Cn,Bi,0
Cn,Bk,0
Cn,Br,0
Cn,C,0
Cn,Ca,0
Cn,Cd,0
Cn,Ce,0
Cn,Cf,0
Cn,Cl,0
Cn,Cm,0
Cn,Cn,7
Cn,Co,0
Cn,Cr,0
Cn,Cs,0
Cn,Cu,0
Cn,Db,0
Cn,Ds,0
Cn,Dy,0
Cn,Er,0
Cn,Es,0
Cn,Eu,0
Cn,F,0
Cn,Fe,0
Cn,Fl,0
Cn,Fm,0
Cn,Fr,0
Cn,Ga,0
Cn,Gd,0
Cn,Ge,0
Cn,H,0
Cn,He,0
Cn,Hf,0
Cn,Hg,0
Cn,Ho,0
Cn,Hs,0
Cn,I,0
Cn,In,0
Cn,Ir,0
Cn,K,0
Cn,Kr,0
Cn,La,0
Cn,Li,0
Cn,Lr,0
Cn,Lu,0
Cn,Lv,0
Cn,Mc,0
Cn,Md,0
Cn,Mg,0
Cn,Mn,0
Cn,Mo,0
Cn,Mt,0
Cn,N,0
Cn,Na,0
Cn,Nb,0
Cn,Nd,0
Cn,Ne,0
Cn,Nh,0
Cn,Ni,0
Cn,No,0
Cn,Np,0
Cn,O,0
Cn,Og,0
Cn,Os,0
Cn,P,0
Cn,Pa,0
Cn,Pb,0
Cn,Pd,0
Cn,Pm,0
Cn,Po,0
Cn,Pr,0
Cn,Pt,0
Cn,Pu,0
Cn,Ra,0
Cn,Rb,0
Cn,Re,0
Cn,Rf,0
Cn,Rg,0
Cn,Rh,0
Cn,Rn,0
Cn,Ru,0
Cn,S,0
Cn,Sb,0
Cn,Sc,0
Cn,Se,0
Cn,Sg,0
Cn,Si,0
Cn,Sm,0
Cn,Sn,0
Cn,Sr,0
Cn,Ta,0
Cn,Tb,0
Cn,Tc,0
Cn,Te,0
Cn,Th,0
Cn,Ti,0
Cn,Tl,0
Cn,Tm,0
Cn,Ts,0
Cn,U,0
Cn,V,0
Cn,W,0
Cn,Xe,0
Cn,Y,0
Cn,Yb,0
Cn,Zn,0
Cn,Zr,0
Co,Ac,19
Co,Ag,159
Co,Al,952
Co,Am,0
Co,Ar,12
Co,As,96
Co,At,0
Co,Au,131
Co,B,1202
Co,Ba,179
Co,Be,42
Co,Bh,0
Co,Bi,213
Co,Bk,0
Co,Br,1474
Co,C,36555
Co,Ca,226
Co,Cd,117
Co,Ce,210
Co,Cf,2
Co,Cl,6191
Co,Cm,16
Co,Cn,0
Co,Co,45781
Co,Cr,849
Co,Cs,51
Co,Cu,986
Co,Db,0
Co,Ds,0
Co,Dy,64
Co,Er,23
Co,Es,1
Co,Eu,26
Co,F,2918
Co,Fe,1905
Co,Fl,0
Co,Fm,0
Co,Fr,3
Co,Ga,88
Co,Gd,90
Co,Ge,129
Co,H,40391
Co,He,2
Co,Hf,64
Co,Hg,62
Co,Ho,21
Co,Hs,0
Co,I,676
Co,In,110
Co,Ir,127
Co,K,556
Co,Kr,1
Co,La,263
Co,Li,1067
Co,Lr,0
Co,Lu,6
Co,Lv,0
Co,Mc,0
Co,Md,0
Co,Mg,421
Co,Mn,1645
Co,Mo,733
Co,Mt,0
Co,N,27856
Co,Na,1331
Co,Nb,173
Co,Nd,80
Co,Ne,0
Co,Nh,0
Co,Ni,2827
Co,No,3
Co,Np,3
Co,O,32623
Co,Og,0
Co,Os,37
Co,P,5245
Co,Pa,0
Co,Pb,126
Co,Pd,234
Co,Pm,7
Co,Po,6
Co,Pr,65
Co,Pt,350
Co,Pu,9
Co,Ra,1
Co,Rb,33
Co,Re,172
Co,Rf,2
Co,Rg,0
Co,Rh,150
Co,Rn,0
Co,Ru,271
Co,S,6140
Co,Sb,167
Co,Sc,44
Co,Se,232
Co,Sg,0
Co,Si,1798
Co,Sm,118
Co,Sn,306
Co,Sr,233
Co,Ta,185
Co,Tb,81
Co,Tc,9
Co,Te,47
Co,Th,32
Co,Ti,575
Co,Tl,17
Co,Tm,11
Co,Ts,0
Co,U,31
Co,V,314
Co,W,497
Co,Xe,0
Co,Y,178
Co,Yb,19
Co,Zn,835
Co,Zr,337
Cr,Ac,5
Cr,Ag,161
Cr,Al,988
Cr,Am,1
Cr,Ar,3
Cr,As,162
Cr,At,0
Cr,Au,138
Cr,B,590
Cr,Ba,153
Cr,Be,45
Cr,Bh,0
Cr,Bi,99
Cr,Bk,1
Cr,Br,401
Cr,C,19537
Cr,Ca,289
Cr,Cd,176
Cr,Ce,82
Cr,Cf,1
Cr,Cl,4186
Cr,Cm,2
Cr,Cn,0
Cr,Co,849
Cr,Cr,27069
Cr,Cs,63
Cr,Cu,943
Cr,Db,0
Cr,Ds,0
Cr,Dy,27
Cr,Er,20
Cr,Es,1
Cr,Eu,22
Cr,F,1425
Cr,Fe,1241
Cr,Fl,0
Cr,Fm,0
Cr,Fr,0
Cr,Ga,57
Cr,Gd,22
Cr,Ge,91
Cr,H,22965
Cr,He,2
Cr,Hf,89
Cr,Hg,104
Cr,Ho,20
Cr,Hs,0
Cr,I,217
Cr,In,65
Cr,Ir,34
Cr,K,609
Cr,Kr,1
Cr,La,136
Cr,Li,355
Cr,Lr,0
Cr,Lu,15
Cr,Lv,0
Cr,Mc,0
Cr,Md,0
Cr,Mg,379
Cr,Mn,796
Cr,Mo,680
Cr,Mt,0
Cr,N,11876
Cr,Na,2084
Cr,Nb,253
Cr,Nd,56
Cr,Ne,0
Cr,Nh,0
Cr,Ni,1186
Cr,No,0
Cr,Np,3
Cr,O,19429
Cr,Og,0
Cr,Os,22
Cr,P,2310
Cr,Pa,0
Cr,Pb,263
Cr,Pd,104
Cr,Pm,7
Cr,Po,5
Cr,Pr,17
Cr,Pt,194
Cr,Pu,4
Cr,Ra,0
Cr,Rb,42
Cr,Re,84
Cr,Rf,1
Cr,Rg,0
Cr,Rh,58
Cr,Rn,0
Cr,Ru,63
Cr,S,4797
Cr,Sb,162
Cr,Sc,47
Cr,Se,187
Cr,Sg,0
Cr,Si,1919
Cr,Sm,26
Cr,Sn,242
Cr,Sr,129
Cr,Ta,159
Cr,Tb,39
Cr,Tc,9
Cr,Te,58
Cr,Th,18
Cr,Ti,709
Cr,Tl,29
Cr,Tm,12
Cr,Ts,0
Cr,U,24
Cr,V,413
Cr,W,303
Cr,Xe,0
Cr,Y,146
Cr,Yb,12
Cr,Zn,571
Cr,Zr,326
Cs,Ac,12
Cs,Ag,55
Cs,Al,163
Cs,Am,1
Cs,Ar,8
Cs,As,29
Cs,At,0
Cs,Au,48
Cs,B,1362
Cs,Ba,63
Cs,Be,24
Cs,Bh,0
Cs,Bi,46
Cs,Bk,0
Cs,Br,2390
Cs,C,10241
Cs,Ca,80
Cs,Cd,24
Cs,Ce,23
Cs,Cf,0
Cs,Cl,3194
Cs,Cm,2
Cs,Cn,0
Cs,Co,51
Cs,Cr,63
Cs,Cs,12307
Cs,Cu,145
Cs,Db,0
Cs,Ds,0
Cs,Dy,15
Cs,Er,2
Cs,Es,4
Cs,Eu,14
Cs,F,3607
Cs,Fe,101
Cs,Fl,0
Cs,Fm,9
Cs,Fr,3
Cs,Ga,31
Cs,Gd,6
Cs,Ge,38
Cs,H,11097
Cs,He,2
Cs,Hf,13
Cs,Hg,23
Cs,Ho,3
Cs,Hs,0
Cs,I,903
Cs,In,43
Cs,Ir,39
Cs,K,489
Cs,Kr,0
Cs,La,35
Cs,Li,398
Cs,Lr,0
Cs,Lu,4
Cs,Lv,0
Cs,Mc,0
Cs,Md,0
Cs,Mg,112
Cs,Mn,105
Cs,Mo,50
Cs,Mt,0
Cs,N,7507
Cs,Na,748
Cs,Nb,27
Cs,Nd,9
Cs,Ne,1
Cs,Nh,0
Cs,Ni,40
Cs,No,0
Cs,Np,0
Cs,O,10259
Cs,Og,0
Cs,Os,51
Cs,P,991
Cs,Pa,0
Cs,Pb,160
Cs,Pd,312
Cs,Pm,1
Cs,Po,3
Cs,Pr,9
Cs,Pt,27
Cs,Pu,3
Cs,Ra,2
Cs,Rb,141
Cs,Re,16
Cs,Rf,2
Cs,Rg,0
Cs,Rh,15
Cs,Rn,0
Cs,Ru,44
Cs,S,3304
Cs,Sb,72
Cs,Sc,12
Cs,Se,51
Cs,Sg,0
Cs,Si,496
Cs,Sm,8
Cs,Sn,99
Cs,Sr,52
Cs,Ta,21
Cs,Tb,6
Cs,Tc,7
Cs,Te,29
Cs,Th,9
Cs,Ti,61
Cs,Tl,21
Cs,Tm,2
Cs,Ts,0
Cs,U,73
Cs,V,87
Cs,W,122
Cs,Xe,3
Cs,Y,54
Cs,Yb,4
Cs,Zn,72
Cs,Zr,39
Cu,Ac,20
Cu,Ag,850
Cu,Al,1440
Cu,Am,0
Cu,Ar,25
Cu,As,346
Cu,At,2
Cu,Au,478
Cu,B,2605
Cu,Ba,505
Cu,Be,114
Cu,Bh,0
Cu,Bi,507
Cu,Bk,1
Cu,Br,4043
Cu,C,55369
Cu,Ca,674
Cu,Cd,318
Cu,Ce,235
Cu,Cf,0
Cu,Cl,10565
Cu,Cm,1
Cu,Cn,0
Cu,Co,986
Cu,Cr,943
Cu,Cs,145
Cu,Cu,67388
Cu,Db,0
Cu,Ds,0
Cu,Dy,61
Cu,Er,36
Cu,Es,0
Cu,Eu,36
Cu,F,6692
Cu,Fe,1920
Cu,Fl,0
Cu,Fm,13
Cu,Fr,0
Cu,Ga,391
Cu,Gd,109
Cu,Ge,261
Cu,H,60556
Cu,He,1
Cu,Hf,48
Cu,Hg,149
Cu,Ho,26
Cu,Hs,0
Cu,I,2723
Cu,In,617
Cu,Ir,318
Cu,K,1157
Cu,Kr,1
Cu,La,229
Cu,Li,1873
Cu,Lr,0
Cu,Lu,11
Cu,Lv,0
Cu,Mc,0
Cu,Md,0
Cu,Mg,1014
Cu,Mn,1283
Cu,Mo,661
Cu,Mt,0
Cu,N,43552
Cu,Na,3178
Cu,Nb,196
Cu,Nd,108
Cu,Ne,3
Cu,Nh,0
Cu,Ni,1825
Cu,No,2
Cu,Np,8
Cu,O,45840
Cu,Og,0
Cu,Os,89
Cu,P,6196
Cu,Pa,0
Cu,Pb,599
Cu,Pd,560
Cu,Pm,10
Cu,Po,5
Cu,Pr,47
Cu,Pt,695
Cu,Pu,10
Cu,Ra,2
Cu,Rb,52
Cu,Re,79
Cu,Rf,3
Cu,Rg,0
Cu,Rh,64
Cu,Rn,0
Cu,Ru,228
Cu,S,17712
Cu,Sb,308
Cu,Sc,48
Cu,Se,859
Cu,Sg,0
Cu,Si,2419
Cu,Sm,89
Cu,Sn,1025
Cu,Sr,251
Cu,Ta,104
Cu,Tb,50
Cu,Tc,20
Cu,Te,166
Cu,Th,25
Cu,Ti,749
Cu,Tl,64
Cu,Tm,8
Cu,Ts,0
Cu,U,89
Cu,V,349
Cu,W,364
Cu,Xe,3
Cu,Y,252
Cu,Yb,32
Cu,Zn,2382
Cu,Zr,387
Db,Ac,0
Db,Ag,0
Db,Al,0
Db,Am,0
Db,Ar,0
Db,As,0
Db,At,0
Db,Au,0
Db,B,1
Db,Ba,3
Db,Be,0
Db,Bh,0
Db,Bi,0
Db,Bk,0
Db,Br,2
Db,C,90
Db,Ca,3
Db,Cd,0
Db,Ce,0
Db,Cf,0
Db,Cl,35
Db,Cm,0
Db,Cn,0
Db,Co,0
Db,Cr,0
Db,Cs,0
Db,Cu,0
Db,Db,105
Db,Ds,0
Db,Dy,0
Db,Er,0
Db,Es,0
Db,Eu,0
Db,F,4
Db,Fe,0
Db,Fl,0
Db,Fm,0
Db,Fr,0
Db,Ga,0
Db,Gd,0
Db,Ge,0
Db,H,90
Db,He,0
Db,Hf,0
Db,Hg,0
Db,Ho,0
Db,Hs,0
Db,I,0
Db,In,0
Db,Ir,0
Db,K,0
Db,Kr,0
Db,La,0
Db,Li,2
Db,Lr,0
Db,Lu,0
Db,Lv,0
Db,Mc,0
Db,Md,0
Db,Mg,0
Db,Mn,0
Db,Mo,0
Db,Mt,0
Db,N,61
Db,Na,5
Db,Nb,0
Db,Nd,0
Db,Ne,0
Db,Nh,0
Db,Ni,0
Db,No,0
Db,Np,0
Db,O,76
Db,Og,0
Db,Os,0
Db,P,15
Db,Pa,0
Db,Pb,0
Db,Pd,0
Db,Pm,0
Db,Po,0
Db,Pr,0
Db,Pt,0
Db,Pu,0
Db,Ra,0
Db,Rb,0
Db,Re,0
Db,Rf,0
Db,Rg,0
Db,Rh,0
Db,Rn,0
Db,Ru,0
Db,S,19
Db,Sb,0
Db,Sc,0
Db,Se,0
Db,Sg,0
Db,Si,0
Db,Sm,0
Db,Sn,0
Db,Sr,0
Db,Ta,0
Db,Tb,0
Db,Tc,0
Db,Te,0
Db,Th,0
Db,Ti,0
Db,Tl,0
Db,Tm,0
Db,Ts,0
Db,U,1
Db,V,0
Db,W,0
Db,Xe,0
Db,Y,1
Db,Yb,0
Db,Zn,0
Db,Zr,0
Ds,Ac,0
Ds,Ag,0
Ds,Al,0
Ds,Am,0
Ds,Ar,0
Ds,As,0
Ds,At,0
Ds,Au,0
Ds,B,0
Ds,Ba,0
Ds,Be,0
Ds,Bh,0
Ds,Bi,0
Ds,Bk,0
Ds,Br,0
Ds,C,3
Ds,Ca,0
Ds,Cd,0
Ds,Ce,0
Ds,Cf,0
Ds,Cl,1
Ds,Cm,0
Ds,Cn,0
Ds,Co,0
Ds,Cr,0
Ds,Cs,0
Ds,Cu,0
Ds,Db,0
Ds,Ds,11
Ds,Dy,0
Ds,Er,0
Ds,Es,0
Ds,Eu,0
Ds,F,0
Ds,Fe,0
Ds,Fl,0
Ds,Fm,0
Ds,Fr,0
Ds,Ga,0
Ds,Gd,0
Ds,Ge,0
Ds,H,3
Ds,He,0
Ds,Hf,0
Ds,Hg,0
Ds,Ho,0
Ds,Hs,0
Ds,I,0
Ds,In,0
Ds,Ir,0
Ds,K,0
Ds,Kr,0
Ds,La,0
Ds,Li,0
Ds,Lr,0
Ds,Lu,0
Ds,Lv,0
Ds,Mc,0
Ds,Md,0
Ds,Mg,0
Ds,Mn,0
Ds,Mo,0
Ds,Mt,0
Ds,N,2
Ds,Na,0
Ds,Nb,0
Ds,Nd,0
Ds,Ne,0
Ds,Nh,0
Ds,Ni,0
Ds,No,0
Ds,Np,0
Ds,O,3
Ds,Og,0
Ds,Os,0
Ds,P,0
Ds,Pa,0
Ds,Pb,0
Ds,Pd,0
Ds,Pm,0
Ds,Po,0
Ds,Pr,0
Ds,Pt,0
Ds,Pu,0
Ds,Ra,0
Ds,Rb,0
Ds,Re,0
Ds,Rf,0
Ds,Rg,0
Ds,Rh,0
Ds,Rn,0
Ds,Ru,0
Ds,S,1
Ds,Sb,0
Ds,Sc,0
Ds,Se,0
Ds,Sg,0
Ds,Si,0
Ds,Sm,0
Ds,Sn,0
Ds,Sr,0
Ds,Ta,0
Ds,Tb,0
Ds,Tc,0
Ds,Te,1
Ds,Th,0
Ds,Ti,0
Ds,Tl,0
Ds,Tm,0
Ds,Ts,0
Ds,U,0
Ds,V,0
Ds,W,0
Ds,Xe,0
Ds,Y,0
Ds,Yb,0
Ds,Zn,0
Ds,Zr,0
Dy,Ac,0
Dy,Ag,13
Dy,Al,68
Dy,Am,0
Dy,Ar,0
Dy,As,3
Dy,At,0
Dy,Au,11
Dy,B,64
Dy,Ba,15
Dy,Be,2
Dy,Bh,0
Dy,Bi,14
Dy,Bk,2
Dy,Br,38
Dy,C,1454
Dy,Ca,22
Dy,Cd,10
Dy,Ce,15
Dy,Cf,0
Dy,Cl,189
Dy,Cm,0
Dy,Cn,0
Dy,Co,64
Dy,Cr,27
Dy,Cs,15
Dy,Cu,61
Dy,Db,0
Dy,Ds,0
Dy,Dy,2319
Dy,Er,58
Dy,Es,0
Dy,Eu,73
Dy,F,227
Dy,Fe,88
Dy,Fl,0
Dy,Fm,0
Dy,Fr,0
Dy,Ga,18
Dy,Gd,56
Dy,Ge,9
Dy,H,1745
Dy,He,0
Dy,Hf,17
Dy,Hg,6
Dy,Ho,80
Dy,Hs,0
Dy,I,33
Dy,In,19
Dy,Ir,23
Dy,K,14
Dy,Kr,0
Dy,La,27
Dy,Li,30
Dy,Lr,0
Dy,Lu,16
Dy,Lv,0
Dy,Mc,0
Dy,Md,0
Dy,Mg,32
Dy,Mn,28
Dy,Mo,22
Dy,Mt,0
Dy,N,970
Dy,Na,34
Dy,Nb,8
Dy,Nd,68
Dy,Ne,0
Dy,Nh,0
Dy,Ni,79
Dy,No,0
Dy,Np,3
Dy,O,1618
Dy,Og,0
Dy,Os,5
Dy,P,113
Dy,Pa,2
Dy,Pb,5
Dy,Pd,9
Dy,Pm,11
Dy,Po,0
Dy,Pr,29
Dy,Pt,20
Dy,Pu,3
Dy,Ra,0
Dy,Rb,6
Dy,Re,25
Dy,Rf,1
Dy,Rg,0
Dy,Rh,7
Dy,Rn,0
Dy,Ru,8
Dy,S,182
Dy,Sb,11
Dy,Sc,22
Dy,Se,17
Dy,Sg,0
Dy,Si,67
Dy,Sm,36
Dy,Sn,17
Dy,Sr,22
Dy,Ta,7
Dy,Tb,113
Dy,Tc,2
Dy,Te,4
Dy,Th,8
Dy,Ti,33
Dy,Tl,5
Dy,Tm,38
Dy,Ts,0
Dy,U,8
Dy,V,14
Dy,W,12
Dy,Xe,2
Dy,Y,46
Dy,Yb,38
Dy,Zn,52
Dy,Zr,28
Er,Ac,0
Er,Ag,8
Er,Al,85
Er,Am,0
Er,Ar,1
Er,As,4
Er,At,0
Er,Au,3
Er,B,52
Er,Ba,14
Er,Be,3
Er,Bh,0
Er,Bi,34
Er,Bk,0
Er,Br,30
Er,C,1215
Er,Ca,16
Er,Cd,4
Er,Ce,41
Er,Cf,0
Er,Cl,155
Er,Cm,2
Er,Cn,0
Er,Co,23
Er,Cr,20
Er,Cs,2
Er,Cu,36
Er,Db,0
Er,Ds,0
Er,Dy,58
Er,Er,2201
Er,Es,0
Er,Eu,31
Er,F,225
Er,Fe,34
Er,Fl,0
Er,Fm,0
Er,Fr,0
Er,Ga,21
Er,Gd,50
Er,Ge,26
Er,H,1581
Er,He,0
Er,Hf,18
Er,Hg,1
Er,Ho,86
Er,Hs,0
Er,I,26
Er,In,18
Er,Ir,3
Er,K,16
Er,Kr,0
Er,La,37
Er,Li,35
Er,Lr,0
Er,Lu,35
Er,Lv,0
Er,Mc,0
Er,Md,3
Er,Mg,35
Er,Mn,16
Er,Mo,22
Er,Mt,0
Er,N,650
Er,Na,23
Er,Nb,14
Er,Nd,37
Er,Ne,0
Er,Nh,0
Er,Ni,37
Er,No,2
Er,Np,2
Er,O,1376
Er,Og,0
Er,Os,3
Er,P,109
Er,Pa,0
Er,Pb,6
Er,Pd,6
Er,Pm,10
Er,Po,1
Er,Pr,19
Er,Pt,8
Er,Pu,3
Er,Ra,0
Er,Rb,7
Er,Re,10
Er,Rf,0
Er,Rg,0
Er,Rh,6
Er,Rn,0
Er,Ru,10
Er,S,183
Er,Sb,11
Er,Sc,41
Er,Se,17
Er,Sg,0
Er,Si,147
Er,Sm,29
Er,Sn,13
Er,Sr,6
Er,Ta,6
Er,Tb,42
Er,Tc,0
Er,Te,15
Er,Th,8
Er,Ti,39
Er,Tl,4
Er,Tm,76
Er,Ts,0
Er,U,8
Er,V,27
Er,W,15
Er,Xe,0
Er,Y,125
Er,Yb,117
Er,Zn,35
Er,Zr,44
Es,Ac,2
Es,Ag,0
Es,Al,0
Es,Am,0
Es,Ar,0
Es,As,1
Es,At,0
Es,Au,0
Es,B,11
Es,Ba,0
Es,Be,0
Es,Bh,0
Es,Bi,0
Es,Bk,0
Es,Br,14
Es,C,315
Es,Ca,0
Es,Cd,0
Es,Ce,1
Es,Cf,0
Es,Cl,44
Es,Cm,1
Es,Cn,0
Es,Co,1
Es,Cr,1
Es,Cs,4
Es,Cu,0
Es,Db,0
Es,Ds,0
Es,Dy,0
Es,Er,0
Es,Es,359
Es,Eu,0
Es,F,92
Es,Fe,0
Es,Fl,0
Es,Fm,1
Es,Fr,0
Es,Ga,0
Es,Gd,0
Es,Ge,1
Es,H,322
Es,He,0
Es,Hf,0
Es,Hg,0
Es,Ho,0
Es,Hs,0
Es,I,9
Es,In,0
Es,Ir,0
Es,K,2
Es,Kr,0
Es,La,4
Es,Li,0
Es,Lr,0
Es,Lu,0
Es,Lv,0
Es,Mc,0
Es,Md,0
Es,Mg,0
Es,Mn,0
Es,Mo,1
Es,Mt,0
Es,N,262
Es,Na,1
Es,Nb,0
Es,Nd,0
Es,Ne,0
Es,Nh,0
Es,Ni,0
Es,No,0
Es,Np,0
Es,O,223
Es,Og,0
Es,Os,0
Es,P,21
Es,Pa,0
Es,Pb,0
Es,Pd,0
Es,Pm,0
Es,Po,0
Es,Pr,0
Es,Pt,0
Es,Pu,0
Es,Ra,0
Es,Rb,1
Es,Re,0
Es,Rf,1
Es,Rg,0
Es,Rh,0
Es,Rn,0
Es,Ru,4
Es,S,46
Es,Sb,0
Es,Sc,0
Es,Se,7
Es,Sg,0
Es,Si,4
Es,Sm,0
Es,Sn,0
Es,Sr,0
Es,Ta,0
Es,Tb,0
Es,Tc,0
Es,Te,1
Es,Th,0
Es,Ti,0
Es,Tl,0
Es,Tm,0
Es,Ts,0
Es,U,1
Es,V,1
Es,W,1
Es,Xe,0
Es,Y,2
Es,Yb,0
Es,Zn,0
Es,Zr,0
Eu,Ac,0
Eu,Ag,3
Eu,Al,77
Eu,Am,4
Eu,Ar,2
Eu,As,5
Eu,At,0
Eu,Au,6
Eu,B,182
Eu,Ba,83
Eu,Be,7
Eu,Bh,0
Eu,Bi,10
Eu,Bk,0
Eu,Br,91
Eu,C,4267
Eu,Ca,60
Eu,Cd,15
Eu,Ce,67
Eu,Cf,0
Eu,Cl,310
Eu,Cm,0
Eu,Cn,0
Eu,Co,26
Eu,Cr,22
Eu,Cs,14
Eu,Cu,36
Eu,Db,0
Eu,Ds,0
Eu,Dy,73
Eu,Er,31
Eu,Es,0
Eu,Eu,5611
Eu,F,1549
Eu,Fe,32
Eu,Fl,0
Eu,Fm,0
Eu,Fr,0
Eu,Ga,33
Eu,Gd,125
Eu,Ge,10
Eu,H,4769
Eu,He,0
Eu,Hf,9
Eu,Hg,4
Eu,Ho,28
Eu,Hs,0
Eu,I,80
Eu,In,14
Eu,Ir,56
Eu,K,35
Eu,Kr,2
Eu,La,59
Eu,Li,44
Eu,Lr,0
Eu,Lu,13
Eu,Lv,0
Eu,Mc,0
Eu,Md,0
Eu,Mg,71
Eu,Mn,32
Eu,Mo,8
Eu,Mt,0
Eu,N,2685
Eu,Na,127
Eu,Nb,8
Eu,Nd,55
Eu,Ne,1
Eu,Nh,0
Eu,Ni,41
Eu,No,0
Eu,Np,3
Eu,O,4519
Eu,Og,0
Eu,Os,4
Eu,P,840
Eu,Pa,0
Eu,Pb,13
Eu,Pd,9
Eu,Pm,15
Eu,Po,0
Eu,Pr,34
Eu,Pt,30
Eu,Pu,4
Eu,Ra,0
Eu,Rb,16
Eu,Re,5
Eu,Rf,0
Eu,Rg,0
Eu,Rh,9
Eu,Rn,0
Eu,Ru,9
Eu,S,994
Eu,Sb,18
Eu,Sc,11
Eu,Se,20
Eu,Sg,0
Eu,Si,147
Eu,Sm,92
Eu,Sn,15
Eu,Sr,128
Eu,Ta,3
Eu,Tb,128
Eu,Tc,0
Eu,Te,7
Eu,Th,4
Eu,Ti,35
Eu,Tl,3
Eu,Tm,16
Eu,Ts,0
Eu,U,5
Eu,V,37
Eu,W,20
Eu,Xe,0
Eu,Y,141
Eu,Yb,28
Eu,Zn,52
Eu,Zr,19
F,Ac,749
F,Ag,2525
F,Al,8223
F,Am,22
F,Ar,569
F,As,4360
F,At,298
F,Au,1678
F,B,307853
F,Ba,819
F,Be,424
F,Bh,7
F,Bi,1209
F,Bk,8
F,Br,1759791
F,C,25327714
F,Ca,3037
F,Cd,373
F,Ce,598
F,Cf,45
F,Cl,4874045
F,Cm,214
F,Cn,0
F,Co,2918
F,Cr,1425
F,Cs,3607
F,Cu,6692
F,Db,4
F,Ds,0
F,Dy,227
F,Er,225
F,Es,92
F,Eu,1549
F,F,25344252
F,Fe,6191
F,Fl,0
F,Fm,330
F,Fr,5
F,Ga,843
F,Gd,360
F,Ge,5620
F,H,25310016
F,He,35
F,Hf,2146
F,Hg,945
F,Ho,175
F,Hs,11
F,I,496334
F,In,1060
F,Ir,31522
F,K,37012
F,Kr,18
F,La,507
F,Li,21602
F,Lr,179
F,Lu,220
F,Lv,0
F,Mc,0
F,Md,16
F,Mg,7289
F,Mn,2468
F,Mo,1333
F,Mt,0
F,N,23130199
F,Na,48619
F,Nb,496
F,Nd,386
F,Ne,19
F,Nh,0
F,Ni,3341
F,No,44
F,Np,41
F,O,22252948
F,Og,0
F,Os,1762
F,P,347549
F,Pa,26
F,Pb,1108
F,Pd,7784
F,Pm,34
F,Po,117
F,Pr,434
F,Pt,12752
F,Pu,51
F,Ra,11
F,Rb,1237
F,Re,906
F,Rf,1120
F,Rg,0
F,Rh,2917
F,Rn,6
F,Ru,5972
F,S,7067743
F,Sb,4117
F,Sc,505
F,Se,10435
F,Sg,17
F,Si,222746
F,Sm,231
F,Sn,10205
F,Sr,485
F,Ta,382
F,Tb,276
F,Tc,174
F,Te,1634
F,Th,120
F,Ti,5867
F,Tl,1239
F,Tm,126
F,Ts,0
F,U,4216
F,V,4474
F,W,3848
F,Xe,146
F,Y,9646
F,Yb,460
F,Zn,6518
F,Zr,7840
Fe,Ac,8
Fe,Ag,273
Fe,Al,1795
Fe,Am,2
Fe,Ar,36
Fe,As,342
Fe,At,0
Fe,Au,316
Fe,B,3074
Fe,Ba,313
Fe,Be,48
Fe,Bh,0
Fe,Bi,445
Fe,Bk,1
Fe,Br,2796
Fe,C,67578
Fe,Ca,1155
Fe,Cd,151
Fe,Ce,283
Fe,Cf,0
Fe,Cl,12315
Fe,Cm,0
Fe,Cn,0
Fe,Co,1905
Fe,Cr,1241
Fe,Cs,101
Fe,Cu,1920
Fe,Db,0
Fe,Ds,0
Fe,Dy,88
Fe,Er,34
Fe,Es,0
Fe,Eu,32
Fe,F,6191
Fe,Fe,81651
Fe,Fl,0
Fe,Fm,7
Fe,Fr,0
Fe,Ga,149
Fe,Gd,113
Fe,Ge,147
Fe,H,73637
Fe,He,9
Fe,Hf,79
Fe,Hg,152
Fe,Ho,40
Fe,Hs,0
Fe,I,1413
Fe,In,142
Fe,Ir,110
Fe,K,1680
Fe,Kr,2
Fe,La,289
Fe,Li,1265
Fe,Lr,0
Fe,Lu,16
Fe,Lv,0
Fe,Mc,0
Fe,Md,1
Fe,Mg,1391
Fe,Mn,2382
Fe,Mo,967
Fe,Mt,0
Fe,N,40104
Fe,Na,2648
Fe,Nb,302
Fe,Nd,267
Fe,Ne,2
Fe,Nh,0
Fe,Ni,2460
Fe,No,4
Fe,Np,18
Fe,O,51614
Fe,Og,0
Fe,Os,65
Fe,P,14369
Fe,Pa,3
Fe,Pb,388
Fe,Pd,1138
Fe,Pm,5
Fe,Po,8
Fe,Pr,82
Fe,Pt,295
Fe,Pu,9
Fe,Ra,6
Fe,Rb,67
Fe,Re,77
Fe,Rf,1
Fe,Rg,0
Fe,Rh,233
Fe,Rn,1
Fe,Ru,413
Fe,S,11883
Fe,Sb,326
Fe,Sc,51
Fe,Se,591
Fe,Sg,0
Fe,Si,4109
Fe,Sm,95
Fe,Sn,601
Fe,Sr,295
Fe,Ta,142
Fe,Tb,75
Fe,Tc,19
Fe,Te,113
Fe,Th,38
Fe,Ti,996
Fe,Tl,29
Fe,Tm,17
Fe,Ts,0
Fe,U,91
Fe,V,677
Fe,W,498
Fe,Xe,1
Fe,Y,236
Fe,Yb,22
Fe,Zn,1508
Fe,Zr,509
Fl,Ac,0
Fl,Ag,0
Fl,Al,0
Fl,Am,0
Fl,Ar,0
Fl,As,0
Fl,At,0
Fl,Au,0
Fl,B,0
Fl,Ba,0
Fl,Be,0
Fl,Bh,0
Fl,Bi,0
Fl,Bk,0
Fl,Br,0
Fl,C,0
Fl,Ca,0
Fl,Cd,0
Fl,Ce,0
Fl,Cf,0
Fl,Cl,0
Fl,Cm,0
Fl,Cn,0
Fl,Co,0
Fl,Cr,0
Fl,Cs,0
Fl,Cu,0
Fl,Db,0
Fl,Ds,0
Fl,Dy,0
Fl,Er,0
Fl,Es,0
Fl,Eu,0
Fl,F,0
Fl,Fe,0
Fl,Fl,8
Fl,Fm,0
Fl,Fr,0
Fl,Ga,0
Fl,Gd,0
Fl,Ge,0
Fl,H,0
Fl,He,0
Fl,Hf,0
Fl,Hg,0
Fl,Ho,0
Fl,Hs,0
Fl,I,0
Fl,In,0
Fl,Ir,0
Fl,K,0
Fl,Kr,0
Fl,La,0
Fl,Li,0
Fl,Lr,0
Fl,Lu,0
Fl,Lv,0
Fl,Mc,0
Fl,Md,0
Fl,Mg,0
Fl,Mn,0
Fl,Mo,0
Fl,Mt,0
Fl,N,0
Fl,Na,0
Fl,Nb,0
Fl,Nd,0
Fl,Ne,0
Fl,Nh,0
Fl,Ni,0
Fl,No,0
Fl,Np,0
Fl,O,0
Fl,Og,0
Fl,Os,0
Fl,P,0
Fl,Pa,0
Fl,Pb,0
Fl,Pd,0
Fl,Pm,0
Fl,Po,0
Fl,Pr,0
Fl,Pt,0
Fl,Pu,0
Fl,Ra,0
Fl,Rb,0
Fl,Re,0
Fl,Rf,0
Fl,Rg,0
Fl,Rh,0
Fl,Rn,0
Fl,Ru,0
Fl,S,0
Fl,Sb,0
Fl,Sc,0
Fl,Se,0
Fl,Sg,0
Fl,Si,0
Fl,Sm,0
Fl,Sn,0
Fl,Sr,0
Fl,Ta,0
Fl,Tb,0
Fl,Tc,0
Fl,Te,0
Fl,Th,0
Fl,Ti,0
Fl,Tl,0
Fl,Tm,0
Fl,Ts,0
Fl,U,0
Fl,V,0
Fl,W,0
Fl,Xe,0
Fl,Y,0
Fl,Yb,0
Fl,Zn,0
Fl,Zr,0
Fm,Ac,0
Fm,Ag,0
Fm,Al,1
Fm,Am,2
Fm,Ar,0
Fm,As,1
Fm,At,0
Fm,Au,1
Fm,B,55
Fm,Ba,1
Fm,Be,0
Fm,Bh,0
Fm,Bi,0
Fm,Bk,0
Fm,Br,57
Fm,C,2086
Fm,Ca,0
Fm,Cd,0
Fm,Ce,0
Fm,Cf,0
Fm,Cl,160
Fm,Cm,1
Fm,Cn,0
Fm,Co,0
Fm,Cr,0
Fm,Cs,9
Fm,Cu,13
Fm,Db,0
Fm,Ds,0
Fm,Dy,0
Fm,Er,0
Fm,Es,1
Fm,Eu,0
Fm,F,330
Fm,Fe,7
Fm,Fl,0
Fm,Fm,2120
Fm,Fr,0
Fm,Ga,2
Fm,Gd,0
Fm,Ge,0
Fm,H,2090
Fm,He,0
Fm,Hf,0
Fm,Hg,0
Fm,Ho,0
Fm,Hs,0
Fm,I,9
Fm,In,0
Fm,Ir,2
Fm,K,6
Fm,Kr,0
Fm,La,0
Fm,Li,1
Fm,Lr,0
Fm,Lu,0
Fm,Lv,0
Fm,Mc,0
Fm,Md,0
Fm,Mg,0
Fm,Mn,0
Fm,Mo,0
Fm,Mt,0
Fm,N,2008
Fm,Na,4
Fm,Nb,1
Fm,Nd,2
Fm,Ne,0
Fm,Nh,0
Fm,Ni,0
Fm,No,0
Fm,Np,0
Fm,O,2027
Fm,Og,0
Fm,Os,0
Fm,P,196
Fm,Pa,0
Fm,Pb,4
Fm,Pd,11
Fm,Pm,0
Fm,Po,0
Fm,Pr,1
Fm,Pt,0
Fm,Pu,0
Fm,Ra,0
Fm,Rb,0
Fm,Re,2
Fm,Rf,0
Fm,Rg,0
Fm,Rh,0
Fm,Rn,0
Fm,Ru,3
Fm,S,378
Fm,Sb,2
Fm,Sc,0
Fm,Se,1
Fm,Sg,0
Fm,Si,20
Fm,Sm,0
Fm,Sn,0
Fm,Sr,0
Fm,Ta,3
Fm,Tb,0
Fm,Tc,0
Fm,Te,0
Fm,Th,0
Fm,Ti,4
Fm,Tl,0
Fm,Tm,0
Fm,Ts,0
Fm,U,3
Fm,V,0
Fm,W,4
Fm,Xe,0
Fm,Y,9
Fm,Yb,0
Fm,Zn,0
Fm,Zr,0
Fr,Ac,0
Fr,Ag,0
Fr,Al,0
Fr,Am,0
Fr,Ar,0
Fr,As,0
Fr,At,0
Fr,Au,0
Fr,B,3
Fr,Ba,0
Fr,Be,1
Fr,Bh,0
Fr,Bi,0
Fr,Bk,0
Fr,Br,1
Fr,C,47
Fr,Ca,4
Fr,Cd,0
Fr,Ce,0
Fr,Cf,0
Fr,Cl,4
Fr,Cm,0
Fr,Cn,0
Fr,Co,3
Fr,Cr,0
Fr,Cs,3
Fr,Cu,0
Fr,Db,0
Fr,Ds,0
Fr,Dy,0
Fr,Er,0
Fr,Es,0
Fr,Eu,0
Fr,F,5
Fr,Fe,0
Fr,Fl,0
Fr,Fm,0
Fr,Fr,105
Fr,Ga,0
Fr,Gd,0
Fr,Ge,2
Fr,H,64
Fr,He,0
Fr,Hf,0
Fr,Hg,0
Fr,Ho,0
Fr,Hs,0
Fr,I,1
Fr,In,0
Fr,Ir,0
Fr,K,2
Fr,Kr,0
Fr,La,0
Fr,Li,0
Fr,Lr,0
Fr,Lu,0
Fr,Lv,0
Fr,Mc,0
Fr,Md,0
Fr,Mg,0
Fr,Mn,0
Fr,Mo,1
Fr,Mt,0
Fr,N,7
Fr,Na,0
Fr,Nb,0
Fr,Nd,0
Fr,Ne,0
Fr,Nh,0
Fr,Ni,0
Fr,No,0
Fr,Np,0
Fr,O,57
Fr,Og,0
Fr,Os,0
Fr,P,3
Fr,Pa,0
Fr,Pb,0
Fr,Pd,0
Fr,Pm,0
Fr,Po,0
Fr,Pr,1
Fr,Pt,0
Fr,Pu,0
Fr,Ra,0
Fr,Rb,0
Fr,Re,0
Fr,Rf,0
Fr,Rg,0
Fr,Rh,0
Fr,Rn,0
Fr,Ru,0
Fr,S,20
Fr,Sb,0
Fr,Sc,0
Fr,Se,0
Fr,Sg,0
Fr,Si,1
Fr,Sm,0
Fr,Sn,0
Fr,Sr,0
Fr,Ta,0
Fr,Tb,0
Fr,Tc,0
Fr,Te,0
Fr,Th,1
Fr,Ti,0
Fr,Tl,0
Fr,Tm,0
Fr,Ts,0
Fr,U,0
Fr,V,0
Fr,W,0
Fr,Xe,0
Fr,Y,0
Fr,Yb,0
Fr,Zn,0
Fr,Zr,0
Ga,Ac,7
Ga,Ag,136
Ga,Al,691
Ga,Am,2
Ga,Ar,3
Ga,As,256
Ga,At,0
Ga,Au,63
Ga,B,227
Ga,Ba,82
Ga,Be,56
Ga,Bh,0
Ga,Bi,111
Ga,Bk,0
Ga,Br,305
Ga,C,7805
Ga,Ca,111
Ga,Cd,156
Ga,Ce,23
Ga,Cf,1
Ga,Cl,1179
Ga,Cm,0
Ga,Cn,0
Ga,Co,88
Ga,Cr,57
Ga,Cs,31
Ga,Cu,391
Ga,Db,0
Ga,Ds,0
Ga,Dy,18
Ga,Er,21
Ga,Es,0
Ga,Eu,33
Ga,F,843
Ga,Fe,149
Ga,Fl,0
Ga,Fm,2
Ga,Fr,0
Ga,Ga,11650
Ga,Gd,108
Ga,Ge,294
Ga,H,10103
Ga,He,0
Ga,Hf,28
Ga,Hg,45
Ga,Ho,13
Ga,Hs,0
Ga,I,327
Ga,In,1019
Ga,Ir,55
Ga,K,80
Ga,Kr,0
Ga,La,137
Ga,Li,155
Ga,Lr,0
Ga,Lu,38
Ga,Lv,0
Ga,Mc,0
Ga,Md,0
Ga,Mg,139
Ga,Mn,90
Ga,Mo,45
Ga,Mt,0
Ga,N,4614
Ga,Na,149
Ga,Nb,64
Ga,Nd,59
Ga,Ne,1
Ga,Nh,0
Ga,Ni,90
Ga,No,0
Ga,Np,4
Ga,O,6179
Ga,Og,0
Ga,Os,7
Ga,P,560
Ga,Pa,0
Ga,Pb,97
Ga,Pd,48
Ga,Pm,4
Ga,Po,4
Ga,Pr,18
Ga,Pt,56
Ga,Pu,10
Ga,Ra,8
Ga,Rb,19
Ga,Re,23
Ga,Rf,0
Ga,Rg,0
Ga,Rh,36
Ga,Rn,0
Ga,Ru,34
Ga,S,1482
Ga,Sb,143
Ga,Sc,85
Ga,Se,382
Ga,Sg,0
Ga,Si,536
Ga,Sm,23
Ga,Sn,308
Ga,Sr,109
Ga,Ta,52
Ga,Tb,38
Ga,Tc,8
Ga,Te,81
Ga,Th,12
Ga,Ti,114
Ga,Tl,43
Ga,Tm,8
Ga,Ts,0
Ga,U,11
Ga,V,63
Ga,W,26
Ga,Xe,1
Ga,Y,103
Ga,Yb,23
Ga,Zn,497
Ga,Zr,136
Gd,Ac,9
Gd,Ag,17
Gd,Al,151
Gd,Am,0
Gd,Ar,0
Gd,As,17
Gd,At,0
Gd,Au,15
Gd,B,216
Gd,Ba,71
Gd,Be,3
Gd,Bh,0
Gd,Bi,26
Gd,Bk,0
Gd,Br,98
Gd,C,5931
Gd,Ca,74
Gd,Cd,12
Gd,Ce,101
Gd,Cf,0
Gd,Cl,454
Gd,Cm,0
Gd,Cn,0
Gd,Co,90
Gd,Cr,22
Gd,Cs,6
Gd,Cu,109
Gd,Db,0
Gd,Ds,0
Gd,Dy,56
Gd,Er,50
Gd,Es,0
Gd,Eu,125
Gd,F,360
Gd,Fe,113
Gd,Fl,0
Gd,Fm,0
Gd,Fr,0
Gd,Ga,108
Gd,Gd,7718
Gd,Ge,41
Gd,H,6652
Gd,He,1
Gd,Hf,21
Gd,Hg,3
Gd,Ho,44
Gd,Hs,0
Gd,I,83
Gd,In,31
Gd,Ir,14
Gd,K,59
Gd,Kr,0
Gd,La,99
Gd,Li,42
Gd,Lr,0
Gd,Lu,68
Gd,Lv,0
Gd,Mc,0
Gd,Md,1
Gd,Mg,106
Gd,Mn,72
Gd,Mo,18
Gd,Mt,0
Gd,N,5176
Gd,Na,385
Gd,Nb,6
Gd,Nd,56
Gd,Ne,0
Gd,Nh,0
Gd,Ni,97
Gd,No,0
Gd,Np,3
Gd,O,6466
Gd,Og,0
Gd,Os,5
Gd,P,538
Gd,Pa,0
Gd,Pb,8
Gd,Pd,11
Gd,Pm,15
Gd,Po,1
Gd,Pr,31
Gd,Pt,57
Gd,Pu,6
Gd,Ra,0
Gd,Rb,3
Gd,Re,8
Gd,Rf,1
Gd,Rg,0
Gd,Rh,10
Gd,Rn,0
Gd,Ru,9
Gd,S,1094
Gd,Sb,15
Gd,Sc,52
Gd,Se,15
Gd,Sg,0
Gd,Si,239
Gd,Sm,71
Gd,Sn,32
Gd,Sr,61
Gd,Ta,15
Gd,Tb,113
Gd,Tc,5
Gd,Te,6
Gd,Th,5
Gd,Ti,38
Gd,Tl,7
Gd,Tm,29
Gd,Ts,0
Gd,U,24
Gd,V,40
Gd,W,32
Gd,Xe,0
Gd,Y,244
Gd,Yb,51
Gd,Zn,68
Gd,Zr,62
Ge,Ac,1
Ge,Ag,125
Ge,Al,252
Ge,Am,0
Ge,Ar,5
Ge,As,196
Ge,At,1
Ge,Au,126
Ge,B,873
Ge,Ba,89
Ge,Be,15
Ge,Bh,0
Ge,Bi,196
Ge,Bk,0
Ge,Br,1009
Ge,C,43085
Ge,Ca,91
Ge,Cd,178
Ge,Ce,33
Ge,Cf,0
Ge,Cl,3876
Ge,Cm,0
Ge,Cn,0
Ge,Co,129
Ge,Cr,91
Ge,Cs,38
Ge,Cu,261
Ge,Db,0
Ge,Ds,0
Ge,Dy,9
Ge,Er,26
Ge,Es,1
Ge,Eu,10
Ge,F,5620
Ge,Fe,147
Ge,Fl,0
Ge,Fm,0
Ge,Fr,2
Ge,Ga,294
Ge,Gd,41
Ge,Ge,47164
Ge,H,45391
Ge,He,4
Ge,Hf,597
Ge,Hg,47
Ge,Ho,10
Ge,Hs,0
Ge,I,386
Ge,In,243
Ge,Ir,12712
Ge,K,148
Ge,Kr,0
Ge,La,59
Ge,Li,479
Ge,Lr,1
Ge,Lu,17
Ge,Lv,0
Ge,Mc,0
Ge,Md,0
Ge,Mg,144
Ge,Mn,114
Ge,Mo,88
Ge,Mt,0
Ge,N,27003
Ge,Na,188
Ge,Nb,55
Ge,Nd,14
Ge,Ne,1
Ge,Nh,0
Ge,Ni,179
Ge,No,0
Ge,Np,3
Ge,O,24232
Ge,Og,0
Ge,Os,19
Ge,P,1593
Ge,Pa,0
Ge,Pb,150
Ge,Pd,117
Ge,Pm,0
Ge,Po,5
Ge,Pr,11
Ge,Pt,602
Ge,Pu,5
Ge,Ra,1
Ge,Rb,40
Ge,Re,35
Ge,Rf,0
Ge,Rg,0
Ge,Rh,30
Ge,Rn,0
Ge,Ru,24
Ge,S,7085
Ge,Sb,270
Ge,Sc,35
Ge,Se,709
Ge,Sg,0
Ge,Si,5566
Ge,Sm,17
Ge,Sn,747
Ge,Sr,54
Ge,Ta,41
Ge,Tb,13
Ge,Tc,16
Ge,Te,463
Ge,Th,7
Ge,Ti,267
Ge,Tl,31
Ge,Tm,12
Ge,Ts,0
Ge,U,15
Ge,V,68
Ge,W,122
Ge,Xe,0
Ge,Y,74
Ge,Yb,23
Ge,Zn,335
Ge,Zr,1306
H,Ac,9684
H,Ag,15702
H,Al,76273
H,Am,265
H,Ar,3779
H,As,32160
H,At,1094
H,Au,15942
H,B,1307425
H,Ba,12906
H,Be,2781
H,Bh,58
H,Bi,13168
H,Bk,121
H,Br,8600376
H,C,124330564
H,Ca,42508
H,Cd,6100
H,Ce,5919
H,Cf,190
H,Cl,21886637
H,Cm,624
H,Cn,0
H,Co,40391
H,Cr,22965
H,Cs,11097
H,Cu,60556
H,Db,90
H,Ds,3
H,Dy,1745
H,Er,1581
H,Es,322
H,Eu,4769
H,F,25310016
H,Fe,73637
H,Fl,0
H,Fm,2090
H,Fr,64
H,Ga,10103
H,Gd,6652
H,Ge,45391
H,H,124461855
H,He,285
H,Hf,21130
H,Hg,13632
H,Ho,1383
H,Hs,58
H,I,2536634
H,In,11830
H,Ir,168237
H,K,149862
H,Kr,66
H,La,5652
H,Li,111890
H,Lr,838
H,Lu,2262
H,Lv,0
H,Mc,0
H,Md,66
H,Mg,58666
H,Mn,25915
H,Mo,16365
H,Mt,67
H,N,110902560
H,Na,403126
H,Nb,4408
H,Nd,4355
H,Ne,135
H,Nh,0
H,Ni,44385
H,No,318
H,Np,369
H,O,109291364
H,Og,0
H,Os,8017
H,P,2494649
H,Pa,209
H,Pb,15378
H,Pd,47085
H,Pm,262
H,Po,1255
H,Pr,2985
H,Pt,141218
H,Pu,314
H,Ra,177
H,Rb,10363
H,Re,9226
H,Rf,5118
H,Rg,1
H,Rh,13748
H,Rn,83
H,Ru,37356
H,S,36299205
H,Sb,16878
H,Sc,2748
H,Se,117649
H,Sg,119
H,Si,1818349
H,Sm,2592
H,Sn,105723
H,Sr,6059
H,Ta,3981
H,Tb,2325
H,Tc,3396
H,Te,19319
H,Th,1192
H,Ti,72229
H,Tl,5638
H,Tm,887
H,Ts,0
H,U,20768
H,V,36811
H,W,41224
H,Xe,402
H,Y,95877
H,Yb,2574
H,Zn,70169
H,Zr,102737
He,Ac,0
He,Ag,1
He,Al,8
He,Am,0
He,Ar,29
He,As,1
He,At,0
He,Au,1
He,B,14
He,Ba,2
He,Be,1
He,Bh,0
He,Bi,2
He,Bk,0
He,Br,9
He,C,214
He,Ca,1
He,Cd,3
He,Ce,0
He,Cf,0
He,Cl,24
He,Cm,0
He,Cn,0
He,Co,2
He,Cr,2
He,Cs,2
He,Cu,1
He,Db,0
He,Ds,0
He,Dy,0
He,Er,0
He,Es,0
He,Eu,0
He,F,35
He,Fe,9
He,Fl,0
He,Fm,0
He,Fr,0
He,Ga,0
He,Gd,1
He,Ge,4
He,H,285
He,He,415
He,Hf,27
He,Hg,22
He,Ho,1
He,Hs,0
He,I,5
He,In,1
He,Ir,0
He,K,2
He,Kr,12
He,La,2
He,Li,15
He,Lr,0
He,Lu,0
He,Lv,0
He,Mc,0
He,Md,0
He,Mg,3
He,Mn,0
He,Mo,1
He,Mt,0
He,N,97
He,Na,8
He,Nb,1
He,Nd,1
He,Ne,21
He,Nh,0
He,Ni,3
He,No,0
He,Np,0
He,O,170
He,Og,0
He,Os,0
He,P,11
He,Pa,0
He,Pb,1
He,Pd,0
He,Pm,0
He,Po,0
He,Pr,0
He,Pt,1
He,Pu,1
He,Ra,0
He,Rb,1
He,Re,1
He,Rf,0
He,Rg,0
He,Rh,1
He,Rn,2
He,Ru,1
He,S,38
He,Sb,0
He,Sc,0
He,Se,5
He,Sg,0
He,Si,21
He,Sm,1
He,Sn,4
He,Sr,1
He,Ta,1
He,Tb,0
He,Tc,0
He,Te,0
He,Th,3
He,Ti,6
He,Tl,0
He,Tm,0
He,Ts,0
He,U,4
He,V,4
He,W,1
He,Xe,14
He,Y,0
He,Yb,1
He,Zn,1
He,Zr,3
Hf,Ac,4
Hf,Ag,21
Hf,Al,193
Hf,Am,0
Hf,Ar,1
Hf,As,11
Hf,At,0
Hf,Au,22
Hf,B,136
Hf,Ba,43
Hf,Be,9
Hf,Bh,0
Hf,Bi,36
Hf,Bk,0
Hf,Br,573
Hf,C,20467
Hf,Ca,25
Hf,Cd,9
Hf,Ce,40
Hf,Cf,1
Hf,Cl,7740
Hf,Cm,1
Hf,Cn,0
Hf,Co,64
Hf,Cr,89
Hf,Cs,13
Hf,Cu,48
Hf,Db,0
Hf,Ds,0
Hf,Dy,17
Hf,Er,18
Hf,Es,0
Hf,Eu,9
Hf,F,2146
Hf,Fe,79
Hf,Fl,0
Hf,Fm,0
Hf,Fr,0
Hf,Ga,28
Hf,Gd,21
Hf,Ge,597
Hf,H,21130
Hf,He,27
Hf,Hf,22172
Hf,Hg,65
Hf,Ho,16
Hf,Hs,0
Hf,I,202
Hf,In,58
Hf,Ir,26
Hf,K,32
Hf,Kr,1
Hf,La,80
Hf,Li,32
Hf,Lr,0
Hf,Lu,17
Hf,Lv,0
Hf,Mc,0
Hf,Md,2
Hf,Mg,56
Hf,Mn,26
Hf,Mo,70
Hf,Mt,0
Hf,N,6405
Hf,Na,48
Hf,Nb,110
Hf,Nd,22
Hf,Ne,2
Hf,Nh,0
Hf,Ni,63
Hf,No,0
Hf,Np,0
Hf,O,6245
Hf,Og,0
Hf,Os,13
Hf,P,1036
Hf,Pa,0
Hf,Pb,32
Hf,Pd,17
Hf,Pm,2
Hf,Po,3
Hf,Pr,16
Hf,Pt,37
Hf,Pu,1
Hf,Ra,0
Hf,Rb,22
Hf,Re,48
Hf,Rf,0
Hf,Rg,0
Hf,Rh,21
Hf,Rn,0
Hf,Ru,16
Hf,S,840
Hf,Sb,17
Hf,Sc,24
Hf,Se,28
Hf,Sg,0
Hf,Si,5243
Hf,Sm,8
Hf,Sn,96
Hf,Sr,28
Hf,Ta,135
Hf,Tb,15
Hf,Tc,5
Hf,Te,20
Hf,Th,14
Hf,Ti,293
Hf,Tl,10
Hf,Tm,5
Hf,Ts,0
Hf,U,14
Hf,V,49
Hf,W,86
Hf,Xe,0
Hf,Y,54
Hf,Yb,11
Hf,Zn,64
Hf,Zr,1009
Hg,Ac,20
Hg,Ag,114
Hg,Al,67
Hg,Am,0
Hg,Ar,7
Hg,As,116
Hg,At,1
Hg,Au,39
Hg,B,147
Hg,Ba,72
Hg,Be,15
Hg,Bh,0
Hg,Bi,47
Hg,Bk,0
Hg,Br,1109
Hg,C,13253
Hg,Ca,75
Hg,Cd,250
Hg,Ce,7
Hg,Cf,0
Hg,Cl,3658
Hg,Cm,0
Hg,Cn,0
Hg,Co,62
Hg,Cr,104
Hg,Cs,23
Hg,Cu,149
Hg,Db,0
Hg,Ds,0
Hg,Dy,6
Hg,Er,1
Hg,Es,0
Hg,Eu,4
Hg,F,945
Hg,Fe,152
Hg,Fl,0
Hg,Fm,0
Hg,Fr,0
Hg,Ga,45
Hg,Gd,3
Hg,Ge,47
Hg,H,13632
Hg,He,22
Hg,Hf,65
Hg,Hg,15140
Hg,Ho,11
Hg,Hs,0
Hg,I,647
Hg,In,98
Hg,Ir,12
Hg,K,121
Hg,Kr,2
Hg,La,10
Hg,Li,57
Hg,Lr,0
Hg,Lu,7
Hg,Lv,0
Hg,Mc,0
Hg,Md,0
Hg,Mg,38
Hg,Mn,48
Hg,Mo,19
Hg,Mt,0
Hg,N,5409
Hg,Na,588
Hg,Nb,8
Hg,Nd,5
Hg,Ne,5
Hg,Nh,0
Hg,Ni,60
Hg,No,0
Hg,Np,0
Hg,O,10402
Hg,Og,0
Hg,Os,13
Hg,P,538
Hg,Pa,0
Hg,Pb,158
Hg,Pd,24
Hg,Pm,0
Hg,Po,5
Hg,Pr,1
Hg,Pt,37
Hg,Pu,1
Hg,Ra,0
Hg,Rb,13
Hg,Re,9
Hg,Rf,0
Hg,Rg,0
Hg,Rh,11
Hg,Rn,0
Hg,Ru,20
Hg,S,2933
Hg,Sb,48
Hg,Sc,13
Hg,Se,219
Hg,Sg,0
Hg,Si,464
Hg,Sm,5
Hg,Sn,104
Hg,Sr,26
Hg,Ta,10
Hg,Tb,8
Hg,Tc,5
Hg,Te,121
Hg,Th,3
Hg,Ti,34
Hg,Tl,52
Hg,Tm,6
Hg,Ts,0
Hg,U,13
Hg,V,17
Hg,W,25
Hg,Xe,3
Hg,Y,11
Hg,Yb,1
Hg,Zn,205
Hg,Zr,14
Ho,Ac,0
Ho,Ag,1
Ho,Al,35
Ho,Am,0
Ho,Ar,0
Ho,As,4
Ho,At,0
Ho,Au,3
Ho,B,61
Ho,Ba,15
Ho,Be,3
Ho,Bh,0
Ho,Bi,12
Ho,Bk,0
Ho,Br,43
Ho,C,1147
Ho,Ca,10
Ho,Cd,5
Ho,Ce,20
Ho,Cf,0
Ho,Cl,162
Ho,Cm,0
Ho,Cn,0
Ho,Co,21
Ho,Cr,20
Ho,Cs,3
Ho,Cu,26
Ho,Db,0
Ho,Ds,0
Ho,Dy,80
Ho,Er,86
Ho,Es,0
Ho,Eu,28
Ho,F,175
Ho,Fe,40
Ho,Fl,0
Ho,Fm,0
Ho,Fr,0
Ho,Ga,13
Ho,Gd,44
Ho,Ge,10
Ho,H,1383
Ho,He,1
Ho,Hf,16
Ho,Hg,11
Ho,Ho,1848
Ho,Hs,0
Ho,I,28
Ho,In,26
Ho,Ir,1
Ho,K,11
Ho,Kr,0
Ho,La,17
Ho,Li,35
Ho,Lr,0
Ho,Lu,29
Ho,Lv,0
Ho,Mc,0
Ho,Md,0
Ho,Mg,17
Ho,Mn,15
Ho,Mo,10
Ho,Mt,0
Ho,N,661
Ho,Na,12
Ho,Nb,6
Ho,Nd,31
Ho,Ne,0
Ho,Nh,0
Ho,Ni,30
Ho,No,2
Ho,Np,2
Ho,O,1142
Ho,Og,0
Ho,Os,2
Ho,P,73
Ho,Pa,0
Ho,Pb,6
Ho,Pd,5
Ho,Pm,12
Ho,Po,0
Ho,Pr,27
Ho,Pt,2
Ho,Pu,2
Ho,Ra,0
Ho,Rb,10
Ho,Re,1
Ho,Rf,0
Ho,Rg,0
Ho,Rh,7
Ho,Rn,0
Ho,Ru,4
Ho,S,160
Ho,Sb,7
Ho,Sc,26
Ho,Se,6
Ho,Sg,0
Ho,Si,47
Ho,Sm,25
Ho,Sn,13
Ho,Sr,10
Ho,Ta,8
Ho,Tb,51
Ho,Tc,0
Ho,Te,3
Ho,Th,9
Ho,Ti,18
Ho,Tl,3
Ho,Tm,72
Ho,Ts,0
Ho,U,7
Ho,V,14
Ho,W,11
Ho,Xe,0
Ho,Y,81
Ho,Yb,49
Ho,Zn,15
Ho,Zr,20
Hs,Ac,0
Hs,Ag,0
Hs,Al,0
Hs,Am,0
Hs,Ar,0
Hs,As,0
Hs,At,0
Hs,Au,0
Hs,B,3
Hs,Ba,0
Hs,Be,0
Hs,Bh,0
Hs,Bi,0
Hs,Bk,0
Hs,Br,1
Hs,C,57
Hs,Ca,0
Hs,Cd,0
Hs,Ce,1
Hs,Cf,0
Hs,Cl,11
Hs,Cm,0
Hs,Cn,0
Hs,Co,0
Hs,Cr,0
Hs,Cs,0
Hs,Cu,0
Hs,Db,0
Hs,Ds,0
Hs,Dy,0
Hs,Er,0
Hs,Es,0
Hs,Eu,0
Hs,F,11
Hs,Fe,0
Hs,Fl,0
Hs,Fm,0
Hs,Fr,0
Hs,Ga,0
Hs,Gd,0
Hs,Ge,0
Hs,H,58
Hs,He,0
Hs,Hf,0
Hs,Hg,0
Hs,Ho,0
Hs,Hs,69
Hs,I,2
Hs,In,0
Hs,Ir,0
Hs,K,0
Hs,Kr,0
Hs,La,0
Hs,Li,0
Hs,Lr,0
Hs,Lu,0
Hs,Lv,0
Hs,Mc,0
Hs,Md,0
Hs,Mg,0
Hs,Mn,0
Hs,Mo,0
Hs,Mt,0
Hs,N,42
Hs,Na,1
Hs,Nb,0
Hs,Nd,0
Hs,Ne,0
Hs,Nh,0
Hs,Ni,0
Hs,No,0
Hs,Np,0
Hs,O,41
Hs,Og,0
Hs,Os,0
Hs,P,3
Hs,Pa,0
Hs,Pb,0
Hs,Pd,0
Hs,Pm,0
Hs,Po,0
Hs,Pr,0
Hs,Pt,0
Hs,Pu,0
Hs,Ra,0
Hs,Rb,0
Hs,Re,0
Hs,Rf,0
Hs,Rg,0
Hs,Rh,0
Hs,Rn,1
Hs,Ru,0
Hs,S,16
Hs,Sb,0
Hs,Sc,1
Hs,Se,0
Hs,Sg,0
Hs,Si,0
Hs,Sm,0
Hs,Sn,0
Hs,Sr,0
Hs,Ta,0
Hs,Tb,0
Hs,Tc,0
Hs,Te,0
Hs,Th,0
Hs,Ti,0
Hs,Tl,0
Hs,Tm,0
Hs,Ts,0
Hs,U,0
Hs,V,1
Hs,W,0
Hs,Xe,0
Hs,Y,0
Hs,Yb,0
Hs,Zn,0
Hs,Zr,0
I,Ac,248
I,Ag,992
I,Al,2256
I,Am,10
I,Ar,181
I,As,946
I,At,82
I,Au,266
I,B,36395
I,Ba,192
I,Be,52
I,Bh,3
I,Bi,455
I,Bk,4
I,Br,172902
I,C,2534288
I,Ca,505
I,Cd,163
I,Ce,135
I,Cf,4
I,Cl,340123
I,Cm,16
I,Cn,0
I,Co,676
I,Cr,217
I,Cs,903
I,Cu,2723
I,Db,0
I,Ds,0
I,Dy,33
I,Er,26
I,Es,9
I,Eu,80
I,F,496334
I,Fe,1413
I,Fl,0
I,Fm,9
I,Fr,1
I,Ga,327
I,Gd,83
I,Ge,386
I,H,2536634
I,He,5
I,Hf,202
I,Hg,647
I,Ho,28
I,Hs,2
I,I,2542800
I,In,328
I,Ir,433
I,K,6029
I,Kr,2
I,La,59
I,Li,4097
I,Lr,57
I,Lu,119
I,Lv,0
I,Mc,0
I,Md,1
I,Mg,2664
I,Mn,575
I,Mo,243
I,Mt,0
I,N,2231635
I,Na,10476
I,Nb,54
I,Nd,98
I,Ne,1
I,Nh,0
I,Ni,657
I,No,6
I,Np,21
I,O,2043855
I,Og,0
I,Os,306
I,P,45602
I,Pa,3
I,Pb,781
I,Pd,2715
I,Pm,10
I,Po,76
I,Pr,56
I,Pt,1847
I,Pu,7
I,Ra,1
I,Rb,221
I,Re,229
I,Rf,127
I,Rg,0
I,Rh,323
I,Rn,1
I,Ru,766
I,S,613829
I,Sb,752
I,Sc,72
I,Se,2224
I,Sg,5
I,Si,38852
I,Sm,218
I,Sn,3247
I,Sr,107
I,Ta,47
I,Tb,47
I,Tc,43
I,Te,819
I,Th,45
I,Ti,691
I,Tl,350
I,Tm,39
I,Ts,0
I,U,1120
I,V,7778
I,W,941
I,Xe,27
I,Y,2670
I,Yb,83
I,Zn,3910
I,Zr,860
In,Ac,4
In,Ag,313
In,Al,500
In,Am,0
In,Ar,3
In,As,147
In,At,0
In,Au,135
In,B,188
In,Ba,58
In,Be,14
In,Bh,0
In,Bi,253
In,Bk,0
In,Br,528
In,C,9122
In,Ca,78
In,Cd,286
In,Ce,70
In,Cf,0
In,Cl,1590
In,Cm,0
In,Cn,0
In,Co,110
In,Cr,65
In,Cs,43
In,Cu,617
In,Db,0
In,Ds,0
In,Dy,19
In,Er,18
In,Es,0
In,Eu,14
In,F,1060
In,Fe,142
In,Fl,0
In,Fm,0
In,Fr,0
In,Ga,1019
In,Gd,31
In,Ge,243
In,H,11830
In,He,1
In,Hf,58
In,Hg,98
In,Ho,26
In,Hs,0
In,I,328
In,In,14006
In,Ir,34
In,K,82
In,Kr,0
In,La,45
In,Li,132
In,Lr,0
In,Lu,14
In,Lv,0
In,Mc,0
In,Md,0
In,Mg,143
In,Mn,84
In,Mo,71
In,Mt,0
In,N,5167
In,Na,182
In,Nb,59
In,Nd,41
In,Ne,1
In,Nh,0
In,Ni,135
In,No,0
In,Np,1
In,O,8127
In,Og,0
In,Os,10
In,P,571
In,Pa,0
In,Pb,189
In,Pd,54
In,Pm,4
In,Po,3
In,Pr,21
In,Pt,59
In,Pu,2
In,Ra,1
In,Rb,16
In,Re,21
In,Rf,0
In,Rg,0
In,Rh,16
In,Rn,0
In,Ru,29
In,S,2084
In,Sb,240
In,Sc,51
In,Se,452
In,Sg,0
In,Si,412
In,Sm,28
In,Sn,933
In,Sr,39
In,Ta,70
In,Tb,24
In,Tc,7
In,Te,128
In,Th,17
In,Ti,186
In,Tl,62
In,Tm,18
In,Ts,0
In,U,15
In,V,72
In,W,88
In,Xe,3
In,Y,77
In,Yb,25
In,Zn,898
In,Zr,218
Ir,Ac,3
Ir,Ag,106
Ir,Al,433
Ir,Am,0
Ir,Ar,13
Ir,As,33
Ir,At,0
Ir,Au,88
Ir,B,5056
Ir,Ba,17
Ir,Be,25
Ir,Bh,0
Ir,Bi,136
Ir,Bk,0
Ir,Br,1768
Ir,C,167601
Ir,Ca,14
Ir,Cd,11
Ir,Ce,42
Ir,Cf,1
Ir,Cl,2849
Ir,Cm,0
Ir,Cn,0
Ir,Co,127
Ir,Cr,34
Ir,Cs,39
Ir,Cu,318
Ir,Db,0
Ir,Ds,0
Ir,Dy,23
Ir,Er,3
Ir,Es,0
Ir,Eu,56
Ir,F,31522
Ir,Fe,110
Ir,Fl,0
Ir,Fm,2
Ir,Fr,0
Ir,Ga,55
Ir,Gd,14
Ir,Ge,12712
Ir,H,168237
Ir,He,0
Ir,Hf,26
Ir,Hg,12
Ir,Ho,1
Ir,Hs,0
Ir,I,433
Ir,In,34
Ir,Ir,169603
Ir,K,271
Ir,Kr,0
Ir,La,30
Ir,Li,158
Ir,Lr,0
Ir,Lu,5
Ir,Lv,0
Ir,Mc,0
Ir,Md,2
Ir,Mg,34
Ir,Mn,72
Ir,Mo,61
Ir,Mt,0
Ir,N,164437
Ir,Na,201
Ir,Nb,33
Ir,Nd,8
Ir,Ne,0
Ir,Nh,0
Ir,Ni,128
Ir,No,0
Ir,Np,0
Ir,O,115610
Ir,Og,0
Ir,Os,443
Ir,P,5438
Ir,Pa,1
Ir,Pb,18
Ir,Pd,267
Ir,Pm,1
Ir,Po,3
Ir,Pr,13
Ir,Pt,3677
Ir,Pu,3
Ir,Ra,1
Ir,Rb,22
Ir,Re,186
Ir,Rf,0
Ir,Rg,0
Ir,Rh,427
Ir,Rn,0
Ir,Ru,394
Ir,S,33850
Ir,Sb,88
Ir,Sc,13
Ir,Se,1026
Ir,Sg,0
Ir,Si,29897
Ir,Sm,9
Ir,Sn,119
Ir,Sr,20
Ir,Ta,145
Ir,Tb,27
Ir,Tc,7
Ir,Te,149
Ir,Th,16
Ir,Ti,133
Ir,Tl,11
Ir,Tm,0
Ir,Ts,0
Ir,U,12
Ir,V,112
Ir,W,64
Ir,Xe,0
Ir,Y,631
Ir,Yb,4
Ir,Zn,115
Ir,Zr,63
K,Ac,54
K,Ag,326
K,Al,1545
K,Am,1
K,Ar,49
K,As,175
K,At,4
K,Au,362
K,B,22315
K,Ba,304
K,Be,72
K,Bh,2
K,Bi,322
K,Bk,0
K,Br,14276
K,C,143041
K,Ca,1531
K,Cd,114
K,Ce,177
K,Cf,1
K,Cl,25132
K,Cm,10
K,Cn,0
K,Co,556
K,Cr,609
K,Cs,489
K,Cu,1157
K,Db,0
K,Ds,0
K,Dy,14
K,Er,16
K,Es,2
K,Eu,35
K,F,37012
K,Fe,1680
K,Fl,0
K,Fm,6
K,Fr,2
K,Ga,80
K,Gd,59
K,Ge,148
K,H,149862
K,He,2
K,Hf,32
K,Hg,121
K,Ho,11
K,Hs,0
K,I,6029
K,In,82
K,Ir,271
K,K,156190
K,Kr,3
K,La,105
K,Li,2934
K,Lr,0
K,Lu,34
K,Lv,0
K,Mc,0
K,Md,0
K,Mg,1884
K,Mn,909
K,Mo,256
K,Mt,2
K,N,90483
K,Na,9422
K,Nb,219
K,Nd,31
K,Ne,2
K,Nh,0
K,Ni,454
K,No,2
K,Np,9
K,O,135299
K,Og,0
K,Os,243
K,P,14617
K,Pa,0
K,Pb,214
K,Pd,1591
K,Pm,1
K,Po,9
K,Pr,17
K,Pt,728
K,Pu,5
K,Ra,3
K,Rb,159
K,Re,109
K,Rf,9
K,Rg,0
K,Rh,164
K,Rn,7
K,Ru,348
K,S,53926
K,Sb,371
K,Sc,37
K,Se,608
K,Sg,1
K,Si,4860
K,Sm,48
K,Sn,541
K,Sr,203
K,Ta,115
K,Tb,35
K,Tc,10
K,Te,85
K,Th,32
K,Ti,650
K,Tl,32
K,Tm,11
K,Ts,0
K,U,405
K,V,784
K,W,584
K,Xe,4
K,Y,571
K,Yb,38
K,Zn,851
K,Zr,296
Kr,Ac,0
Kr,Ag,0
Kr,Al,3
Kr,Am,0
Kr,Ar,20
Kr,As,0
Kr,At,0
Kr,Au,1
Kr,B,3
Kr,Ba,1
Kr,Be,0
Kr,Bh,0
Kr,Bi,1
Kr,Bk,0
Kr,Br,2
Kr,C,47
Kr,Ca,1
Kr,Cd,1
Kr,Ce,0
Kr,Cf,0
Kr,Cl,9
Kr,Cm,0
Kr,Cn,0
Kr,Co,1
Kr,Cr,1
Kr,Cs,0
Kr,Cu,1
Kr,Db,0
Kr,Ds,0
Kr,Dy,0
Kr,Er,0
Kr,Es,0
Kr,Eu,2
Kr,F,18
Kr,Fe,2
Kr,Fl,0
Kr,Fm,0
Kr,Fr,0
Kr,Ga,0
Kr,Gd,0
Kr,Ge,0
Kr,H,66
Kr,He,12
Kr,Hf,1
Kr,Hg,2
Kr,Ho,0
Kr,Hs,0
Kr,I,2
Kr,In,0
Kr,Ir,0
Kr,K,3
Kr,Kr,166
Kr,La,1
Kr,Li,1
Kr,Lr,0
Kr,Lu,0
Kr,Lv,0
Kr,Mc,0
Kr,Md,0
Kr,Mg,0
Kr,Mn,0
Kr,Mo,0
Kr,Mt,0
Kr,N,21
Kr,Na,3
Kr,Nb,0
Kr,Nd,0
Kr,Ne,12
Kr,Nh,0
Kr,Ni,2
Kr,No,0
Kr,Np,0
Kr,O,31
Kr,Og,0
Kr,Os,0
Kr,P,2
Kr,Pa,0
Kr,Pb,1
Kr,Pd,0
Kr,Pm,0
Kr,Po,0
Kr,Pr,0
Kr,Pt,1
Kr,Pu,0
Kr,Ra,0
Kr,Rb,1
Kr,Re,0
Kr,Rf,0
Kr,Rg,0
Kr,Rh,0
Kr,Rn,3
Kr,Ru,0
Kr,S,3
Kr,Sb,0
Kr,Sc,0
Kr,Se,0
Kr,Sg,0
Kr,Si,1
Kr,Sm,0
Kr,Sn,0
Kr,Sr,0
Kr,Ta,0
Kr,Tb,0
Kr,Tc,0
Kr,Te,0
Kr,Th,0
Kr,Ti,1
Kr,Tl,0
Kr,Tm,0
Kr,Ts,0
Kr,U,0
Kr,V,1
Kr,W,1
Kr,Xe,19
Kr,Y,0
Kr,Yb,0
Kr,Zn,1
Kr,Zr,0
La,Ac,6
La,Ag,79
La,Al,436
La,Am,0
La,Ar,4
La,As,26
La,At,0
La,Au,31
La,B,291
La,Ba,224
La,Be,11
La,Bh,0
La,Bi,115
La,Bk,0
La,Br,114
La,C,3892
La,Ca,268
La,Cd,17
La,Ce,553
La,Cf,3
La,Cl,442
La,Cm,6
La,Cn,0
La,Co,263
La,Cr,136
La,Cs,35
La,Cu,229
La,Db,0
La,Ds,0
La,Dy,27
La,Er,37
La,Es,4
La,Eu,59
La,F,507
La,Fe,289
La,Fl,0
La,Fm,0
La,Fr,0
La,Ga,137
La,Gd,99
La,Ge,59
La,H,5652
La,He,2
La,Hf,80
La,Hg,10
La,Ho,17
La,Hs,0
La,I,59
La,In,45
La,Ir,30
La,K,105
La,Kr,1
La,La,8114
La,Li,345
La,Lr,3
La,Lu,37
La,Lv,0
La,Mc,0
La,Md,1
La,Mg,230
La,Mn,391
La,Mo,111
La,Mt,0
La,N,1830
La,Na,170
La,Nb,101
La,Nd,201
La,Ne,0
La,Nh,0
La,Ni,264
La,No,0
La,Np,0
La,O,5241
La,Og,0
La,Os,10
La,P,490
La,Pa,8
La,Pb,145
La,Pd,53
La,Pm,6
La,Po,3
La,Pr,134
La,Pt,43
La,Pu,1
La,Ra,1
La,Rb,27
La,Re,27
La,Rf,0
La,Rg,0
La,Rh,22
La,Rn,0
La,Ru,63
La,S,612
La,Sb,57
La,Sc,90
La,Se,30
La,Sg,0
La,Si,447
La,Sm,63
La,Sn,94
La,Sr,474
La,Ta,115
La,Tb,76
La,Tc,4
La,Te,26
La,Th,12
La,Ti,341
La,Tl,23
La,Tm,16
La,Ts,0
La,U,5
La,V,61
La,W,82
La,Xe,7
La,Y,247
La,Yb,39
La,Zn,175
La,Zr,427
Li,Ac,29
Li,Ag,249
Li,Al,6181
Li,Am,1
Li,Ar,67
Li,As,212
Li,At,1
Li,Au,111
Li,B,10622
Li,Ba,290
Li,Be,96
Li,Bh,0
Li,Bi,212
Li,Bk,8
Li,Br,11518
Li,C,106245
Li,Ca,575
Li,Cd,74
Li,Ce,146
Li,Cf,2
Li,Cl,20690
Li,Cm,0
Li,Cn,0
Li,Co,1067
Li,Cr,355
Li,Cs,398
Li,Cu,1873
Li,Db,2
Li,Ds,0
Li,Dy,30
Li,Er,35
Li,Es,0
Li,Eu,44
Li,F,21602
Li,Fe,1265
Li,Fl,0
Li,Fm,1
Li,Fr,0
Li,Ga,155
Li,Gd,42
Li,Ge,479
Li,H,111890
Li,He,15
Li,Hf,32
Li,Hg,57
Li,Ho,35
Li,Hs,0
Li,I,4097
Li,In,132
Li,Ir,158
Li,K,2934
Li,Kr,1
Li,La,345
Li,Li,117297
Li,Lr,13
Li,Lu,53
Li,Lv,0
Li,Mc,0
Li,Md,1
Li,Mg,2194
Li,Mn,1675
Li,Mo,193
Li,Mt,1
Li,N,63553
Li,Na,4917
Li,Nb,312
Li,Nd,100
Li,Ne,2
Li,Nh,0
Li,Ni,1181
Li,No,0
Li,Np,2
Li,O,92454
Li,Og,0
Li,Os,29
Li,P,14924
Li,Pa,0
Li,Pb,190
Li,Pd,678
Li,Pm,1
Li,Po,9
Li,Pr,35
Li,Pt,160
Li,Pu,2
Li,Ra,5
Li,Rb,145
Li,Re,24
Li,Rf,10
Li,Rg,0
Li,Rh,92
Li,Rn,0
Li,Ru,208
Li,S,29320
Li,Sb,192
Li,Sc,74
Li,Se,527
Li,Sg,2
Li,Si,9442
Li,Sm,66
Li,Sn,887
Li,Sr,224
Li,Ta,183
Li,Tb,26
Li,Tc,13
Li,Te,191
Li,Th,16
Li,Ti,979
Li,Tl,42
Li,Tm,21
Li,Ts,0
Li,U,256
Li,V,623
Li,W,214
Li,Xe,3
Li,Y,357
Li,Yb,61
Li,Zn,1141
Li,Zr,502
Lr,Ac,0
Lr,Ag,0
Lr,Al,4
Lr,Am,0
Lr,Ar,0
Lr,As,0
Lr,At,0
Lr,Au,0
Lr,B,11
Lr,Ba,0
Lr,Be,0
Lr,Bh,0
Lr,Bi,0
Lr,Bk,0
Lr,Br,22
Lr,C,835
Lr,Ca,0
Lr,Cd,0
Lr,Ce,0
Lr,Cf,0
Lr,Cl,42
Lr,Cm,0
Lr,Cn,0
Lr,Co,0
Lr,Cr,0
Lr,Cs,0
Lr,Cu,0
Lr,Db,0
Lr,Ds,0
Lr,Dy,0
Lr,Er,0
Lr,Es,0
Lr,Eu,0
Lr,F,179
Lr,Fe,0
Lr,Fl,0
Lr,Fm,0
Lr,Fr,0
Lr,Ga,0
Lr,Gd,0
Lr,Ge,1
Lr,H,838
Lr,He,0
Lr,Hf,0
Lr,Hg,0
Lr,Ho,0
Lr,Hs,0
Lr,I,57
Lr,In,0
Lr,Ir,0
Lr,K,0
Lr,Kr,0
Lr,La,3
Lr,Li,13
Lr,Lr,861
Lr,Lu,0
Lr,Lv,0
Lr,Mc,0
Lr,Md,0
Lr,Mg,0
Lr,Mn,2
Lr,Mo,0
Lr,Mt,0
Lr,N,753
Lr,Na,0
Lr,Nb,0
Lr,Nd,0
Lr,Ne,0
Lr,Nh,0
Lr,Ni,0
Lr,No,0
Lr,Np,0
Lr,O,557
Lr,Og,0
Lr,Os,0
Lr,P,7
Lr,Pa,0
Lr,Pb,0
Lr,Pd,1
Lr,Pm,0
Lr,Po,0
Lr,Pr,2
Lr,Pt,2
Lr,Pu,0
Lr,Ra,0
Lr,Rb,2
Lr,Re,0
Lr,Rf,0
Lr,Rg,0
Lr,Rh,0
Lr,Rn,0
Lr,Ru,0
Lr,S,108
Lr,Sb,0
Lr,Sc,0
Lr,Se,0
Lr,Sg,0
Lr,Si,8
Lr,Sm,0
Lr,Sn,0
Lr,Sr,1
Lr,Ta,0
Lr,Tb,0
Lr,Tc,0
Lr,Te,0
Lr,Th,0
Lr,Ti,0
Lr,Tl,0
Lr,Tm,0
Lr,Ts,0
Lr,U,2
Lr,V,0
Lr,W,0
Lr,Xe,0
Lr,Y,2
Lr,Yb,0
Lr,Zn,0
Lr,Zr,0
Lu,Ac,6
Lu,Ag,2
Lu,Al,80
Lu,Am,1
Lu,Ar,0
Lu,As,7
Lu,At,0
Lu,Au,5
Lu,B,157
Lu,Ba,11
Lu,Be,1
Lu,Bh,0
Lu,Bi,16
Lu,Bk,0
Lu,Br,25
Lu,C,1951
Lu,Ca,29
Lu,Cd,3
Lu,Ce,35
Lu,Cf,0
Lu,Cl,152
Lu,Cm,0
Lu,Cn,0
Lu,Co,6
Lu,Cr,15
Lu,Cs,4
Lu,Cu,11
Lu,Db,0
Lu,Ds,0
Lu,Dy,16
Lu,Er,35
Lu,Es,0
Lu,Eu,13
Lu,F,220
Lu,Fe,16
Lu,Fl,0
Lu,Fm,0
Lu,Fr,0
Lu,Ga,38
Lu,Gd,68
Lu,Ge,17
Lu,H,2262
Lu,He,0
Lu,Hf,17
Lu,Hg,7
Lu,Ho,29
Lu,Hs,0
Lu,I,119
Lu,In,14
Lu,Ir,5
Lu,K,34
Lu,Kr,0
Lu,La,37
Lu,Li,53
Lu,Lr,0
Lu,Lu,2717
Lu,Lv,0
Lu,Mc,0
Lu,Md,2
Lu,Mg,14
Lu,Mn,15
Lu,Mo,8
Lu,Mt,0
Lu,N,1547
Lu,Na,23
Lu,Nb,13
Lu,Nd,13
Lu,Ne,0
Lu,Nh,0
Lu,Ni,22
Lu,No,1
Lu,Np,0
Lu,O,2033
Lu,Og,0
Lu,Os,4
Lu,P,122
Lu,Pa,1
Lu,Pb,8
Lu,Pd,14
Lu,Pm,1
Lu,Po,0
Lu,Pr,9
Lu,Pt,9
Lu,Pu,0
Lu,Ra,0
Lu,Rb,8
Lu,Re,6
Lu,Rf,0
Lu,Rg,0
Lu,Rh,6
Lu,Rn,0
Lu,Ru,4
Lu,S,311
Lu,Sb,5
Lu,Sc,49
Lu,Se,5
Lu,Sg,0
Lu,Si,305
Lu,Sm,15
Lu,Sn,7
Lu,Sr,11
Lu,Ta,14
Lu,Tb,23
Lu,Tc,2
Lu,Te,3
Lu,Th,3
Lu,Ti,22
Lu,Tl,1
Lu,Tm,25
Lu,Ts,0
Lu,U,3
Lu,V,8
Lu,W,14
Lu,Xe,0
Lu,Y,128
Lu,Yb,41
Lu,Zn,8
Lu,Zr,22
Lv,Ac,0
Lv,Ag,0
Lv,Al,0
Lv,Am,0
Lv,Ar,0
Lv,As,0
Lv,At,0
Lv,Au,0
Lv,B,0
Lv,Ba,0
Lv,Be,0
Lv,Bh,0
Lv,Bi,0
Lv,Bk,0
Lv,Br,0
Lv,C,0
Lv,Ca,0
Lv,Cd,0
Lv,Ce,0
Lv,Cf,0
Lv,Cl,0
Lv,Cm,0
Lv,Cn,0
Lv,Co,0
Lv,Cr,0
Lv,Cs,0
Lv,Cu,0
Lv,Db,0
Lv,Ds,0
Lv,Dy,0
Lv,Er,0
Lv,Es,0
Lv,Eu,0
Lv,F,0
Lv,Fe,0
Lv,Fl,0
Lv,Fm,0
Lv,Fr,0
Lv,Ga,0
Lv,Gd,0
Lv,Ge,0
Lv,H,0
Lv,He,0
Lv,Hf,0
Lv,Hg,0
Lv,Ho,0
Lv,Hs,0
Lv,I,0
Lv,In,0
Lv,Ir,0
Lv,K,0
Lv,Kr,0
Lv,La,0
Lv,Li,0
Lv,Lr,0
Lv,Lu,0
Lv,Lv,5
Lv,Mc,0
Lv,Md,0
Lv,Mg,0
Lv,Mn,0
Lv,Mo,0
Lv,Mt,0
Lv,N,0
Lv,Na,0
Lv,Nb,0
Lv,Nd,0
Lv,Ne,0
Lv,Nh,0
Lv,Ni,0
Lv,No,0
Lv,Np,0
Lv,O,0
Lv,Og,0
Lv,Os,0
Lv,P,0
Lv,Pa,0
Lv,Pb,0
Lv,Pd,0
Lv,Pm,0
Lv,Po,0
Lv,Pr,0
Lv,Pt,0
Lv,Pu,0
Lv,Ra,0
Lv,Rb,0
Lv,Re,0
Lv,Rf,0
Lv,Rg,0
Lv,Rh,0
Lv,Rn,0
Lv,Ru,0
Lv,S,0
Lv,Sb,0
Lv,Sc,0
Lv,Se,0
Lv,Sg,0
Lv,Si,0
Lv,Sm,0
Lv,Sn,0
Lv,Sr,0
Lv,Ta,0
Lv,Tb,0
Lv,Tc,0
Lv,Te,0
Lv,Th,0
Lv,Ti,0
Lv,Tl,0
Lv,Tm,0
Lv,Ts,0
Lv,U,0
Lv,V,0
Lv,W,0
Lv,Xe,0
Lv,Y,0
Lv,Yb,0
Lv,Zn,0
Lv,Zr,0
Mc,Ac,0
Mc,Ag,0
Mc,Al,0
Mc,Am,0
Mc,Ar,0
Mc,As,0
Mc,At,0
Mc,Au,0
Mc,B,0
Mc,Ba,0
Mc,Be,0
Mc,Bh,0
Mc,Bi,0
Mc,Bk,0
Mc,Br,0
Mc,C,0
Mc,Ca,0
Mc,Cd,0
Mc,Ce,0
Mc,Cf,0
Mc,Cl,0
Mc,Cm,0
Mc,Cn,0
Mc,Co,0
Mc,Cr,0
Mc,Cs,0
Mc,Cu,0
Mc,Db,0
Mc,Ds,0
Mc,Dy,0
Mc,Er,0
Mc,Es,0
Mc,Eu,0
Mc,F,0
Mc,Fe,0
Mc,Fl,0
Mc,Fm,0
Mc,Fr,0
Mc,Ga,0
Mc,Gd,0
Mc,Ge,0
Mc,H,0
Mc,He,0
Mc,Hf,0
Mc,Hg,0
Mc,Ho,0
Mc,Hs,0
Mc,I,0
Mc,In,0
Mc,Ir,0
Mc,K,0
Mc,Kr,0
Mc,La,0
Mc,Li,0
Mc,Lr,0
Mc,Lu,0
Mc,Lv,0
Mc,Mc,5
Mc,Md,0
Mc,Mg,0
Mc,Mn,0
Mc,Mo,0
Mc,Mt,0
Mc,N,0
Mc,Na,0
Mc,Nb,0
Mc,Nd,0
Mc,Ne,0
Mc,Nh,0
Mc,Ni,0
Mc,No,0
Mc,Np,0
Mc,O,0
Mc,Og,0
Mc,Os,0
Mc,P,0
Mc,Pa,0
Mc,Pb,0
Mc,Pd,0
Mc,Pm,0
Mc,Po,0
Mc,Pr,0
Mc,Pt,0
Mc,Pu,0
Mc,Ra,0
Mc,Rb,0
Mc,Re,0
Mc,Rf,0
Mc,Rg,0
Mc,Rh,0
Mc,Rn,0
Mc,Ru,0
Mc,S,0
Mc,Sb,0
Mc,Sc,0
Mc,Se,0
Mc,Sg,0
Mc,Si,0
Mc,Sm,0
Mc,Sn,0
Mc,Sr,0
Mc,Ta,0
Mc,Tb,0
Mc,Tc,0
Mc,Te,0
Mc,Th,0
Mc,Ti,0
Mc,Tl,0
Mc,Tm,0
Mc,Ts,0
Mc,U,0
Mc,V,0
Mc,W,0
Mc,Xe,0
Mc,Y,0
Mc,Yb,0
Mc,Zn,0
Mc,Zr,0
Md,Ac,0
Md,Ag,0
Md,Al,0
Md,Am,0
Md,Ar,0
Md,As,0
Md,At,0
Md,Au,0
Md,B,2
Md,Ba,1
Md,Be,0
Md,Bh,0
Md,Bi,0
Md,Bk,0
Md,Br,1
Md,C,61
Md,Ca,0
Md,Cd,0
Md,Ce,0
Md,Cf,0
Md,Cl,4
Md,Cm,0
Md,Cn,0
Md,Co,0
Md,Cr,0
Md,Cs,0
Md,Cu,0
Md,Db,0
Md,Ds,0
Md,Dy,0
Md,Er,3
Md,Es,0
Md,Eu,0
Md,F,16
Md,Fe,1
Md,Fl,0
Md,Fm,0
Md,Fr,0
Md,Ga,0
Md,Gd,1
Md,Ge,0
Md,H,66
Md,He,0
Md,Hf,2
Md,Hg,0
Md,Ho,0
Md,Hs,0
Md,I,1
Md,In,0
Md,Ir,2
Md,K,0
Md,Kr,0
Md,La,1
Md,Li,1
Md,Lr,0
Md,Lu,2
Md,Lv,0
Md,Mc,0
Md,Md,96
Md,Mg,2
Md,Mn,2
Md,Mo,4
Md,Mt,0
Md,N,42
Md,Na,2
Md,Nb,0
Md,Nd,1
Md,Ne,0
Md,Nh,0
Md,Ni,0
Md,No,0
Md,Np,0
Md,O,40
Md,Og,0
Md,Os,0
Md,P,2
Md,Pa,0
Md,Pb,0
Md,Pd,2
Md,Pm,0
Md,Po,0
Md,Pr,0
Md,Pt,0
Md,Pu,0
Md,Ra,0
Md,Rb,0
Md,Re,1
Md,Rf,1
Md,Rg,0
Md,Rh,0
Md,Rn,0
Md,Ru,1
Md,S,11
Md,Sb,0
Md,Sc,0
Md,Se,0
Md,Sg,0
Md,Si,0
Md,Sm,0
Md,Sn,0
Md,Sr,0
Md,Ta,0
Md,Tb,0
Md,Tc,0
Md,Te,0
Md,Th,0
Md,Ti,0
Md,Tl,0
Md,Tm,0
Md,Ts,0
Md,U,0
Md,V,0
Md,W,0
Md,Xe,0
Md,Y,1
Md,Yb,0
Md,Zn,0
Md,Zr,0
Mg,Ac,12
Mg,Ag,212
Mg,Al,3054
Mg,Am,0
Mg,Ar,26
Mg,As,87
Mg,At,0
Mg,Au,96
Mg,B,2769
Mg,Ba,549
Mg,Be,94
Mg,Bh,0
Mg,Bi,156
Mg,Bk,1
Mg,Br,17480
Mg,C,51422
Mg,Ca,2740
Mg,Cd,103
Mg,Ce,286
Mg,Cf,0
Mg,Cl,14872
Mg,Cm,1
Mg,Cn,0
Mg,Co,421
Mg,Cr,379
Mg,Cs,112
Mg,Cu,1014
Mg,Db,0
Mg,Ds,0
Mg,Dy,32
Mg,Er,35
Mg,Es,0
Mg,Eu,71
Mg,F,7289
Mg,Fe,1391
Mg,Fl,0
Mg,Fm,0
Mg,Fr,0
Mg,Ga,139
Mg,Gd,106
Mg,Ge,144
Mg,H,58666
Mg,He,3
Mg,Hf,56
Mg,Hg,38
Mg,Ho,17
Mg,Hs,0
Mg,I,2664
Mg,In,143
Mg,Ir,34
Mg,K,1884
Mg,Kr,0
Mg,La,230
Mg,Li,2194
Mg,Lr,0
Mg,Lu,14
Mg,Lv,0
Mg,Mc,0
Mg,Md,2
Mg,Mg,63053
Mg,Mn,1103
Mg,Mo,245
Mg,Mt,0
Mg,N,21852
Mg,Na,2796
Mg,Nb,179
Mg,Nd,96
Mg,Ne,2
Mg,Nh,0
Mg,Ni,722
Mg,No,1
Mg,Np,0
Mg,O,45690
Mg,Og,0
Mg,Os,16
Mg,P,4969
Mg,Pa,0
Mg,Pb,255
Mg,Pd,266
Mg,Pm,3
Mg,Po,3
Mg,Pr,33
Mg,Pt,88
Mg,Pu,2
Mg,Ra,2
Mg,Rb,52
Mg,Re,27
Mg,Rf,4
Mg,Rg,0
Mg,Rh,28
Mg,Rn,0
Mg,Ru,52
Mg,S,10007
Mg,Sb,119
Mg,Sc,87
Mg,Se,294
Mg,Sg,0
Mg,Si,5597
Mg,Sm,31
Mg,Sn,462
Mg,Sr,437
Mg,Ta,88
Mg,Tb,40
Mg,Tc,7
Mg,Te,62
Mg,Th,18
Mg,Ti,960
Mg,Tl,16
Mg,Tm,11
Mg,Ts,0
Mg,U,65
Mg,V,252
Mg,W,155
Mg,Xe,2
Mg,Y,235
Mg,Yb,34
Mg,Zn,1848
Mg,Zr,467
Mn,Ac,16
Mn,Ag,148
Mn,Al,1125
Mn,Am,0
Mn,Ar,4
Mn,As,107
Mn,At,0
Mn,Au,103
Mn,B,937
Mn,Ba,251
Mn,Be,41
Mn,Bh,0
Mn,Bi,206
Mn,Bk,0
Mn,Br,1343
Mn,C,21225
Mn,Ca,756
Mn,Cd,105
Mn,Ce,300
Mn,Cf,0
Mn,Cl,5402
Mn,Cm,1
Mn,Cn,0
Mn,Co,1645
Mn,Cr,796
Mn,Cs,105
Mn,Cu,1283
Mn,Db,0
Mn,Ds,0
Mn,Dy,28
Mn,Er,16
Mn,Es,0
Mn,Eu,32
Mn,F,2468
Mn,Fe,2382
Mn,Fl,0
Mn,Fm,0
Mn,Fr,0
Mn,Ga,90
Mn,Gd,72
Mn,Ge,114
Mn,H,25915
Mn,He,0
Mn,Hf,26
Mn,Hg,48
Mn,Ho,15
Mn,Hs,0
Mn,I,575
Mn,In,84
Mn,Ir,72
Mn,K,909
Mn,Kr,0
Mn,La,391
Mn,Li,1675
Mn,Lr,2
Mn,Lu,15
Mn,Lv,0
Mn,Mc,0
Mn,Md,2
Mn,Mg,1103
Mn,Mn,30915
Mn,Mo,496
Mn,Mt,0
Mn,N,15013
Mn,Na,1297
Mn,Nb,173
Mn,Nd,70
Mn,Ne,0
Mn,Nh,0
Mn,Ni,1987
Mn,No,1
Mn,Np,4
Mn,O,21932
Mn,Og,0
Mn,Os,52
Mn,P,2902
Mn,Pa,1
Mn,Pb,230
Mn,Pd,120
Mn,Pm,9
Mn,Po,4
Mn,Pr,75
Mn,Pt,115
Mn,Pu,3
Mn,Ra,5
Mn,Rb,34
Mn,Re,53
Mn,Rf,2
Mn,Rg,0
Mn,Rh,55
Mn,Rn,1
Mn,Ru,132
Mn,S,4386
Mn,Sb,207
Mn,Sc,65
Mn,Se,219
Mn,Sg,0
Mn,Si,1358
Mn,Sm,35
Mn,Sn,306
Mn,Sr,328
Mn,Ta,71
Mn,Tb,36
Mn,Tc,14
Mn,Te,81
Mn,Th,13
Mn,Ti,713
Mn,Tl,14
Mn,Tm,13
Mn,Ts,0
Mn,U,46
Mn,V,399
Mn,W,249
Mn,Xe,0
Mn,Y,150
Mn,Yb,28
Mn,Zn,1338
Mn,Zr,297
Mo,Ac,2
Mo,Ag,129
Mo,Al,602
Mo,Am,2
Mo,Ar,16
Mo,As,83
Mo,At,1
Mo,Au,134
Mo,B,708
Mo,Ba,58
Mo,Be,22
Mo,Bh,0
Mo,Bi,307
Mo,Bk,0
Mo,Br,760
Mo,C,12947
Mo,Ca,158
Mo,Cd,55
Mo,Ce,163
Mo,Cf,0
Mo,Cl,1604
Mo,Cm,2
Mo,Cn,0
Mo,Co,733
Mo,Cr,680
Mo,Cs,50
Mo,Cu,661
Mo,Db,0
Mo,Ds,0
Mo,Dy,22
Mo,Er,22
Mo,Es,1
Mo,Eu,8
Mo,F,1333
Mo,Fe,967
Mo,Fl,0
Mo,Fm,0
Mo,Fr,1
Mo,Ga,45
Mo,Gd,18
Mo,Ge,88
Mo,H,16365
Mo,He,1
Mo,Hf,70
Mo,Hg,19
Mo,Ho,10
Mo,Hs,0
Mo,I,243
Mo,In,71
Mo,Ir,61
Mo,K,256
Mo,Kr,0
Mo,La,111
Mo,Li,193
Mo,Lr,0
Mo,Lu,8
Mo,Lv,0
Mo,Mc,0
Mo,Md,4
Mo,Mg,245
Mo,Mn,496
Mo,Mo,20126
Mo,Mt,0
Mo,N,8112
Mo,Na,382
Mo,Nb,382
Mo,Nd,47
Mo,Ne,0
Mo,Nh,0
Mo,Ni,1047
Mo,No,2
Mo,Np,2
Mo,O,12960
Mo,Og,0
Mo,Os,23
Mo,P,3167
Mo,Pa,0
Mo,Pb,135
Mo,Pd,116
Mo,Pm,0
Mo,Po,4
Mo,Pr,13
Mo,Pt,137
Mo,Pu,7
Mo,Ra,1
Mo,Rb,28
Mo,Re,122
Mo,Rf,1
Mo,Rg,0
Mo,Rh,77
Mo,Rn,0
Mo,Ru,115
Mo,S,4526
Mo,Sb,171
Mo,Sc,33
Mo,Se,242
Mo,Sg,0
Mo,Si,1029
Mo,Sm,21
Mo,Sn,212
Mo,Sr,74
Mo,Ta,168
Mo,Tb,13
Mo,Tc,21
Mo,Te,112
Mo,Th,17
Mo,Ti,529
Mo,Tl,17
Mo,Tm,3
Mo,Ts,0
Mo,U,71
Mo,V,664
Mo,W,1176
Mo,Xe,1
Mo,Y,73
Mo,Yb,9
Mo,Zn,433
Mo,Zr,277
Mt,Ac,0
Mt,Ag,0
Mt,Al,0
Mt,Am,0
Mt,Ar,0
Mt,As,0
Mt,At,0
Mt,Au,0
Mt,B,0
Mt,Ba,0
Mt,Be,0
Mt,Bh,0
Mt,Bi,0
Mt,Bk,0
Mt,Br,2
Mt,C,65
Mt,Ca,0
Mt,Cd,0
Mt,Ce,0
Mt,Cf,0
Mt,Cl,4
Mt,Cm,0
Mt,Cn,0
Mt,Co,0
Mt,Cr,0
Mt,Cs,0
Mt,Cu,0
Mt,Db,0
Mt,Ds,0
Mt,Dy,0
Mt,Er,0
Mt,Es,0
Mt,Eu,0
Mt,F,0
Mt,Fe,0
Mt,Fl,0
Mt,Fm,0
Mt,Fr,0
Mt,Ga,0
Mt,Gd,0
Mt,Ge,0
Mt,H,67
Mt,He,0
Mt,Hf,0
Mt,Hg,0
Mt,Ho,0
Mt,Hs,0
Mt,I,0
Mt,In,0
Mt,Ir,0
Mt,K,2
Mt,Kr,0
Mt,La,0
Mt,Li,1
Mt,Lr,0
Mt,Lu,0
Mt,Lv,0
Mt,Mc,0
Mt,Md,0
Mt,Mg,0
Mt,Mn,0
Mt,Mo,0
Mt,Mt,79
Mt,N,44
Mt,Na,0
Mt,Nb,0
Mt,Nd,0
Mt,Ne,0
Mt,Nh,0
Mt,Ni,0
Mt,No,0
Mt,Np,0
Mt,O,50
Mt,Og,0
Mt,Os,0
Mt,P,1
Mt,Pa,0
Mt,Pb,0
Mt,Pd,0
Mt,Pm,0
Mt,Po,0
Mt,Pr,0
Mt,Pt,2
Mt,Pu,0
Mt,Ra,0
Mt,Rb,0
Mt,Re,0
Mt,Rf,0
Mt,Rg,0
Mt,Rh,1
Mt,Rn,0
Mt,Ru,0
Mt,S,38
Mt,Sb,0
Mt,Sc,0
Mt,Se,0
Mt,Sg,0
Mt,Si,2
Mt,Sm,0
Mt,Sn,0
Mt,Sr,0
Mt,Ta,0
Mt,Tb,0
Mt,Tc,0
Mt,Te,0
Mt,Th,0
Mt,Ti,0
Mt,Tl,0
Mt,Tm,0
Mt,Ts,0
Mt,U,4
Mt,V,0
Mt,W,2
Mt,Xe,0
Mt,Y,2
Mt,Yb,0
Mt,Zn,0
Mt,Zr,0
N,Ac,6754
N,Ag,8559
N,Al,27850
N,Am,152
N,Ar,2146
N,As,17582
N,At,838
N,Au,8704
N,B,1003826
N,Ba,2999
N,Be,1434
N,Bh,36
N,Bi,4004
N,Bk,97
N,Br,7527966
N,C,110890006
N,Ca,14149
N,Cd,2590
N,Ce,2203
N,Cf,116
N,Cl,20277317
N,Cm,431
N,Cn,0
N,Co,27856
N,Cr,11876
N,Cs,7507
N,Cu,43552
N,Db,61
N,Ds,2
N,Dy,970
N,Er,650
N,Es,262
N,Eu,2685
N,F,23130199
N,Fe,40104
N,Fl,0
N,Fm,2008
N,Fr,7
N,Ga,4614
N,Gd,5176
N,Ge,27003
N,H,110902560
N,He,97
N,Hf,6405
N,Hg,5409
N,Ho,661
N,Hs,42
N,I,2231635
N,In,5167
N,Ir,164437
N,K,90483
N,Kr,21
N,La,1830
N,Li,63553
N,Lr,753
N,Lu,1547
N,Lv,0
N,Mc,0
N,Md,42
N,Mg,21852
N,Mn,15013
N,Mo,8112
N,Mt,44
N,N,110925773
N,Na,264424
N,Nb,1453
N,Nd,1502
N,Ne,61
N,Nh,0
N,Ni,28970
N,No,179
N,Np,259
N,O,97586320
N,Og,0
N,Os,5974
N,P,1601273
N,Pa,113
N,Pb,5771
N,Pd,34693
N,Pm,125
N,Po,652
N,Pr,1534
N,Pt,133175
N,Pu,134
N,Ra,80
N,Rb,6550
N,Re,6496
N,Rf,2501
N,Rg,1
N,Rh,6808
N,Rn,36
N,Ru,26522
N,S,33991401
N,Sb,5027
N,Sc,1070
N,Se,71912
N,Sg,28
N,Si,1001259
N,Sm,1018
N,Sn,41426
N,Sr,1495
N,Ta,1580
N,Tb,1314
N,Tc,2843
N,Te,6609
N,Th,407
N,Ti,24475
N,Tl,3259
N,Tm,411
N,Ts,0
N,U,15076
N,V,23047
N,W,25958
N,Xe,177
N,Y,63485
N,Yb,1315
N,Zn,37554
N,Zr,18240
Na,Ac,210
Na,Ag,522
Na,Al,3279
Na,Am,1
Na,Ar,101
Na,As,845
Na,At,11
Na,Au,521
Na,B,21848
Na,Ba,464
Na,Be,86
Na,Bh,2
Na,Bi,317
Na,Bk,0
Na,Br,23450
Na,C,391677
Na,Ca,3020
Na,Cd,82
Na,Ce,225
Na,Cf,1
Na,Cl,65498
Na,Cm,3
Na,Cn,0
Na,Co,1331
Na,Cr,2084
Na,Cs,748
Na,Cu,3178
Na,Db,5
Na,Ds,0
Na,Dy,34
Na,Er,23
Na,Es,1
Na,Eu,127
Na,F,48619
Na,Fe,2648
Na,Fl,0
Na,Fm,4
Na,Fr,0
Na,Ga,149
Na,Gd,385
Na,Ge,188
Na,H,403126
Na,He,8
Na,Hf,48
Na,Hg,588
Na,Ho,12
Na,Hs,1
Na,I,10476
Na,In,182
Na,Ir,201
Na,K,9422
Na,Kr,3
Na,La,170
Na,Li,4917
Na,Lr,0
Na,Lu,23
Na,Lv,0
Na,Mc,0
Na,Md,2
Na,Mg,2796
Na,Mn,1297
Na,Mo,382
Na,Mt,0
Na,N,264424
Na,Na,410484
Na,Nb,189
Na,Nd,40
Na,Ne,14
Na,Nh,0
Na,Ni,907
Na,No,9
Na,Np,4
Na,O,391311
Na,Og,0
Na,Os,172
Na,P,51035
Na,Pa,1
Na,Pb,383
Na,Pd,1651
Na,Pm,0
Na,Po,11
Na,Pr,30
Na,Pt,448
Na,Pu,2
Na,Ra,1
Na,Rb,109
Na,Re,62
Na,Rf,21
Na,Rg,0
Na,Rh,171
Na,Rn,8
Na,Ru,414
Na,S,206703
Na,Sb,615
Na,Sc,107
Na,Se,1185
Na,Sg,0
Na,Si,8383
Na,Sm,56
Na,Sn,1027
Na,Sr,265
Na,Ta,99
Na,Tb,30
Na,Tc,166
Na,Te,198
Na,Th,53
Na,Ti,804
Na,Tl,45
Na,Tm,13
Na,Ts,0
Na,U,426
Na,V,922
Na,W,514
Na,Xe,9
Na,Y,504
Na,Yb,66
Na,Zn,1724
Na,Zr,523
Nb,Ac,5
Nb,Ag,56
Nb,Al,338
Nb,Am,0
Nb,Ar,4
Nb,As,16
Nb,At,0
Nb,Au,41
Nb,B,205
Nb,Ba,156
Nb,Be,34
Nb,Bh,0
Nb,Bi,173
Nb,Bk,1
Nb,Br,83
Nb,C,2912
Nb,Ca,99
Nb,Cd,21
Nb,Ce,63
Nb,Cf,0
Nb,Cl,625
Nb,Cm,0
Nb,Cn,0
Nb,Co,173
Nb,Cr,253
Nb,Cs,27
Nb,Cu,196
Nb,Db,0
Nb,Ds,0
Nb,Dy,8
Nb,Er,14
Nb,Es,0
Nb,Eu,8
Nb,F,496
Nb,Fe,302
Nb,Fl,0
Nb,Fm,1
Nb,Fr,0
Nb,Ga,64
Nb,Gd,6
Nb,Ge,55
Nb,H,4408
Nb,He,1
Nb,Hf,110
Nb,Hg,8
Nb,Ho,6
Nb,Hs,0
Nb,I,54
Nb,In,59
Nb,Ir,33
Nb,K,219
Nb,Kr,0
Nb,La,101
Nb,Li,312
Nb,Lr,0
Nb,Lu,13
Nb,Lv,0
Nb,Mc,0
Nb,Md,0
Nb,Mg,179
Nb,Mn,173
Nb,Mo,382
Nb,Mt,0
Nb,N,1453
Nb,Na,189
Nb,Nb,6672
Nb,Nd,39
Nb,Ne,5
Nb,Nh,0
Nb,Ni,301
Nb,No,0
Nb,Np,2
Nb,O,3572
Nb,Og,0
Nb,Os,11
Nb,P,284
Nb,Pa,0
Nb,Pb,274
Nb,Pd,24
Nb,Pm,1
Nb,Po,4
Nb,Pr,8
Nb,Pt,31
Nb,Pu,2
Nb,Ra,2
Nb,Rb,31
Nb,Re,51
Nb,Rf,0
Nb,Rg,0
Nb,Rh,22
Nb,Rn,0
Nb,Ru,34
Nb,S,280
Nb,Sb,84
Nb,Sc,45
Nb,Se,62
Nb,Sg,0
Nb,Si,417
Nb,Sm,6
Nb,Sn,171
Nb,Sr,147
Nb,Ta,500
Nb,Tb,9
Nb,Tc,13
Nb,Te,54
Nb,Th,15
Nb,Ti,750
Nb,Tl,19
Nb,Tm,5
Nb,Ts,0
Nb,U,40
Nb,V,237
Nb,W,270
Nb,Xe,0
Nb,Y,81
Nb,Yb,24
Nb,Zn,142
Nb,Zr,407
Nd,Ac,1
Nd,Ag,24
Nd,Al,164
Nd,Am,0
Nd,Ar,2
Nd,As,5
Nd,At,0
Nd,Au,14
Nd,B,283
Nd,Ba,89
Nd,Be,5
Nd,Bh,0
Nd,Bi,40
Nd,Bk,0
Nd,Br,110
Nd,C,3626
Nd,Ca,51
Nd,Cd,14
Nd,Ce,198
Nd,Cf,0
Nd,Cl,679
Nd,Cm,5
Nd,Cn,0
Nd,Co,80
Nd,Cr,56
Nd,Cs,9
Nd,Cu,108
Nd,Db,0
Nd,Ds,0
Nd,Dy,68
Nd,Er,37
Nd,Es,0
Nd,Eu,55
Nd,F,386
Nd,Fe,267
Nd,Fl,0
Nd,Fm,2
Nd,Fr,0
Nd,Ga,59
Nd,Gd,56
Nd,Ge,14
Nd,H,4355
Nd,He,1
Nd,Hf,22
Nd,Hg,5
Nd,Ho,31
Nd,Hs,0
Nd,I,98
Nd,In,41
Nd,Ir,8
Nd,K,31
Nd,Kr,0
Nd,La,201
Nd,Li,100
Nd,Lr,0
Nd,Lu,13
Nd,Lv,0
Nd,Mc,0
Nd,Md,1
Nd,Mg,96
Nd,Mn,70
Nd,Mo,47
Nd,Mt,0
Nd,N,1502
Nd,Na,40
Nd,Nb,39
Nd,Nd,5576
Nd,Ne,7
Nd,Nh,0
Nd,Ni,99
Nd,No,0
Nd,Np,2
Nd,O,3402
Nd,Og,0
Nd,Os,4
Nd,P,930
Nd,Pa,1
Nd,Pb,25
Nd,Pd,17
Nd,Pm,13
Nd,Po,0
Nd,Pr,196
Nd,Pt,18
Nd,Pu,8
Nd,Ra,0
Nd,Rb,19
Nd,Re,15
Nd,Rf,0
Nd,Rg,0
Nd,Rh,5
Nd,Rn,0
Nd,Ru,21
Nd,S,323
Nd,Sb,13
Nd,Sc,38
Nd,Se,9
Nd,Sg,0
Nd,Si,212
Nd,Sm,105
Nd,Sn,35
Nd,Sr,50
Nd,Ta,15
Nd,Tb,43
Nd,Tc,0
Nd,Te,5
Nd,Th,9
Nd,Ti,106
Nd,Tl,6
Nd,Tm,19
Nd,Ts,0
Nd,U,18
Nd,V,44
Nd,W,20
Nd,Xe,0
Nd,Y,146
Nd,Yb,55
Nd,Zn,79
Nd,Zr,108
Ne,Ac,0
Ne,Ag,2
Ne,Al,2
Ne,Am,0
Ne,Ar,23
Ne,As,0
Ne,At,0
Ne,Au,4
Ne,B,2
Ne,Ba,2
Ne,Be,1
Ne,Bh,0
Ne,Bi,0
Ne,Bk,0
Ne,Br,3
Ne,C,95
Ne,Ca,6
Ne,Cd,3
Ne,Ce,1
Ne,Cf,0
Ne,Cl,14
Ne,Cm,0
Ne,Cn,0
Ne,Co,0
Ne,Cr,0
Ne,Cs,1
Ne,Cu,3
Ne,Db,0
Ne,Ds,0
Ne,Dy,0
Ne,Er,0
Ne,Es,0
Ne,Eu,1
Ne,F,19
Ne,Fe,2
Ne,Fl,0
Ne,Fm,0
Ne,Fr,0
Ne,Ga,1
Ne,Gd,0
Ne,Ge,1
Ne,H,135
Ne,He,21
Ne,Hf,2
Ne,Hg,5
Ne,Ho,0
Ne,Hs,0
Ne,I,1
Ne,In,1
Ne,Ir,0
Ne,K,2
Ne,Kr,12
Ne,La,0
Ne,Li,2
Ne,Lr,0
Ne,Lu,0
Ne,Lv,0
Ne,Mc,0
Ne,Md,0
Ne,Mg,2
Ne,Mn,0
Ne,Mo,0
Ne,Mt,0
Ne,N,61
Ne,Na,14
Ne,Nb,5
Ne,Nd,7
Ne,Ne,225
Ne,Nh,0
Ne,Ni,0
Ne,No,0
Ne,Np,0
Ne,O,90
Ne,Og,0
Ne,Os,1
Ne,P,9
Ne,Pa,0
Ne,Pb,1
Ne,Pd,1
Ne,Pm,0
Ne,Po,0
Ne,Pr,0
Ne,Pt,1
Ne,Pu,1
Ne,Ra,1
Ne,Rb,0
Ne,Re,1
Ne,Rf,0
Ne,Rg,0
Ne,Rh,1
Ne,Rn,1
Ne,Ru,0
Ne,S,11
Ne,Sb,0
Ne,Sc,0
Ne,Se,0
Ne,Sg,0
Ne,Si,3
Ne,Sm,1
Ne,Sn,4
Ne,Sr,1
Ne,Ta,0
Ne,Tb,0
Ne,Tc,0
Ne,Te,0
Ne,Th,0
Ne,Ti,3
Ne,Tl,0
Ne,Tm,0
Ne,Ts,0
Ne,U,0
Ne,V,0
Ne,W,1
Ne,Xe,14
Ne,Y,1
Ne,Yb,0
Ne,Zn,0
Ne,Zr,1
Nh,Ac,0
Nh,Ag,0
Nh,Al,0
Nh,Am,0
Nh,Ar,0
Nh,As,0
Nh,At,0
Nh,Au,0
Nh,B,0
Nh,Ba,0
Nh,Be,0
Nh,Bh,0
Nh,Bi,0
Nh,Bk,0
Nh,Br,0
Nh,C,0
Nh,Ca,0
Nh,Cd,0
Nh,Ce,0
Nh,Cf,0
Nh,Cl,0
Nh,Cm,0
Nh,Cn,0
Nh,Co,0
Nh,Cr,0
Nh,Cs,0
Nh,Cu,0
Nh,Db,0
Nh,Ds,0
Nh,Dy,0
Nh,Er,0
Nh,Es,0
Nh,Eu,0
Nh,F,0
Nh,Fe,0
Nh,Fl,0
Nh,Fm,0
Nh,Fr,0
Nh,Ga,0
Nh,Gd,0
Nh,Ge,0
Nh,H,0
Nh,He,0
Nh,Hf,0
Nh,Hg,0
Nh,Ho,0
Nh,Hs,0
Nh,I,0
Nh,In,0
Nh,Ir,0
Nh,K,0
Nh,Kr,0
Nh,La,0
Nh,Li,0
Nh,Lr,0
Nh,Lu,0
Nh,Lv,0
Nh,Mc,0
Nh,Md,0
Nh,Mg,0
Nh,Mn,0
Nh,Mo,0
Nh,Mt,0
Nh,N,0
Nh,Na,0
Nh,Nb,0
Nh,Nd,0
Nh,Ne,0
Nh,Nh,8
Nh,Ni,0
Nh,No,0
Nh,Np,0
Nh,O,0
Nh,Og,0
Nh,Os,0
Nh,P,0
Nh,Pa,0
Nh,Pb,0
Nh,Pd,0
Nh,Pm,0
Nh,Po,0
Nh,Pr,0
Nh,Pt,0
Nh,Pu,0
Nh,Ra,0
Nh,Rb,0
Nh,Re,0
Nh,Rf,0
Nh,Rg,0
Nh,Rh,0
Nh,Rn,0
Nh,Ru,0
Nh,S,0
Nh,Sb,0
Nh,Sc,0
Nh,Se,0
Nh,Sg,0
Nh,Si,0
Nh,Sm,0
Nh,Sn,0
Nh,Sr,0
Nh,Ta,0
Nh,Tb,0
Nh,Tc,0
Nh,Te,0
Nh,Th,0
Nh,Ti,0
Nh,Tl,0
Nh,Tm,0
Nh,Ts,0
Nh,U,0
Nh,V,0
Nh,W,0
Nh,Xe,0
Nh,Y,0
Nh,Yb,0
Nh,Zn,0
Nh,Zr,0
Ni,Ac,4
Ni,Ag,365
Ni,Al,1497
Ni,Am,0
Ni,Ar,9
Ni,As,141
Ni,At,0
Ni,Au,351
Ni,B,1386
Ni,Ba,174
Ni,Be,52
Ni,Bh,0
Ni,Bi,217
Ni,Bk,0
Ni,Br,3167
Ni,C,39452
Ni,Ca,267
Ni,Cd,222
Ni,Ce,222
Ni,Cf,0
Ni,Cl,6431
Ni,Cm,1
Ni,Cn,0
Ni,Co,2827
Ni,Cr,1186
Ni,Cs,40
Ni,Cu,1825
Ni,Db,0
Ni,Ds,0
Ni,Dy,79
Ni,Er,37
Ni,Es,0
Ni,Eu,41
Ni,F,3341
Ni,Fe,2460
Ni,Fl,0
Ni,Fm,0
Ni,Fr,0
Ni,Ga,90
Ni,Gd,97
Ni,Ge,179
Ni,H,44385
Ni,He,3
Ni,Hf,63
Ni,Hg,60
Ni,Ho,30
Ni,Hs,0
Ni,I,657
Ni,In,135
Ni,Ir,128
Ni,K,454
Ni,Kr,2
Ni,La,264
Ni,Li,1181
Ni,Lr,0
Ni,Lu,22
Ni,Lv,0
Ni,Mc,0
Ni,Md,0
Ni,Mg,722
Ni,Mn,1987
Ni,Mo,1047
Ni,Mt,0
Ni,N,28970
Ni,Na,907
Ni,Nb,301
Ni,Nd,99
Ni,Ne,0
Ni,Nh,0
Ni,Ni,50498
Ni,No,7
Ni,Np,4
Ni,O,28750
Ni,Og,0
Ni,Os,28
Ni,P,7054
Ni,Pa,0
Ni,Pb,259
Ni,Pd,431
Ni,Pm,8
Ni,Po,5
Ni,Pr,64
Ni,Pt,317
Ni,Pu,5
Ni,Ra,4
Ni,Rb,49
Ni,Re,106
Ni,Rf,4
Ni,Rg,0
Ni,Rh,103
Ni,Rn,1
Ni,Ru,196
Ni,S,8220
Ni,Sb,244
Ni,Sc,48
Ni,Se,290
Ni,Sg,0
Ni,Si,1850
Ni,Sm,63
Ni,Sn,518
Ni,Sr,108
Ni,Ta,170
Ni,Tb,49
Ni,Tc,10
Ni,Te,60
Ni,Th,18
Ni,Ti,963
Ni,Tl,25
Ni,Tm,14
Ni,Ts,0
Ni,U,51
Ni,V,450
Ni,W,654
Ni,Xe,0
Ni,Y,183
Ni,Yb,27
Ni,Zn,966
Ni,Zr,410
No,Ac,21
No,Ag,1
No,Al,0
No,Am,0
No,Ar,2
No,As,0
No,At,0
No,Au,0
No,B,16
No,Ba,0
No,Be,1
No,Bh,0
No,Bi,1
No,Bk,1
No,Br,16
No,C,303
No,Ca,2
No,Cd,0
No,Ce,0
No,Cf,0
No,Cl,31
No,Cm,0
No,Cn,0
No,Co,3
No,Cr,0
No,Cs,0
No,Cu,2
No,Db,0
No,Ds,0
No,Dy,0
No,Er,2
No,Es,0
No,Eu,0
No,F,44
No,Fe,4
No,Fl,0
No,Fm,0
No,Fr,0
No,Ga,0
No,Gd,0
No,Ge,0
No,H,318
No,He,0
No,Hf,0
No,Hg,0
No,Ho,2
No,Hs,0
No,I,6
No,In,0
No,Ir,0
No,K,2
No,Kr,0
No,La,0
No,Li,0
No,Lr,0
No,Lu,1
No,Lv,0
No,Mc,0
No,Md,0
No,Mg,1
No,Mn,1
No,Mo,2
No,Mt,0
No,N,179
No,Na,9
No,Nb,0
No,Nd,0
No,Ne,0
No,Nh,0
No,Ni,7
No,No,366
No,Np,21
No,O,188
No,Og,0
No,Os,0
No,P,36
No,Pa,0
No,Pb,1
No,Pd,2
No,Pm,0
No,Po,0
No,Pr,0
No,Pt,1
No,Pu,2
No,Ra,0
No,Rb,2
No,Re,0
No,Rf,0
No,Rg,0
No,Rh,0
No,Rn,0
No,Ru,0
No,S,46
No,Sb,0
No,Sc,0
No,Se,0
No,Sg,0
No,Si,8
No,Sm,0
No,Sn,0
No,Sr,0
No,Ta,1
No,Tb,1
No,Tc,2
No,Te,0
No,Th,0
No,Ti,2
No,Tl,0
No,Tm,0
No,Ts,0
No,U,1
No,V,11
No,W,1
No,Xe,0
No,Y,1
No,Yb,0
No,Zn,0
No,Zr,1
Np,Ac,27
Np,Ag,0
Np,Al,3
Np,Am,5
Np,Ar,0
Np,As,0
Np,At,0
Np,Au,0
Np,B,3
Np,Ba,0
Np,Be,0
Np,Bh,0
Np,Bi,1
Np,Bk,0
Np,Br,10
Np,C,341
Np,Ca,0
Np,Cd,1
Np,Ce,2
Np,Cf,0
Np,Cl,37
Np,Cm,0
Np,Cn,0
Np,Co,3
Np,Cr,3
Np,Cs,0
Np,Cu,8
Np,Db,0
Np,Ds,0
Np,Dy,3
Np,Er,2
Np,Es,0
Np,Eu,3
Np,F,41
Np,Fe,18
Np,Fl,0
Np,Fm,0
Np,Fr,0
Np,Ga,4
Np,Gd,3
Np,Ge,3
Np,H,369
Np,He,0
Np,Hf,0
Np,Hg,0
Np,Ho,2
Np,Hs,0
Np,I,21
Np,In,1
Np,Ir,0
Np,K,9
Np,Kr,0
Np,La,0
Np,Li,2
Np,Lr,0
Np,Lu,0
Np,Lv,0
Np,Mc,0
Np,Md,0
Np,Mg,0
Np,Mn,4
Np,Mo,2
Np,Mt,0
Np,N,259
Np,Na,4
Np,Nb,2
Np,Nd,2
Np,Ne,0
Np,Nh,0
Np,Ni,4
Np,No,21
Np,Np,482
Np,O,270
Np,Og,0
Np,Os,1
Np,P,61
Np,Pa,2
Np,Pb,0
Np,Pd,3
Np,Pm,3
Np,Po,0
Np,Pr,2
Np,Pt,0
Np,Pu,17
Np,Ra,0
Np,Rb,1
Np,Re,0
Np,Rf,0
Np,Rg,0
Np,Rh,0
Np,Rn,0
Np,Ru,1
Np,S,37
Np,Sb,0
Np,Sc,2
Np,Se,0
Np,Sg,0
Np,Si,2
Np,Sm,3
Np,Sn,6
Np,Sr,0
Np,Ta,0
Np,Tb,3
Np,Tc,1
Np,Te,0
Np,Th,1
Np,Ti,2
Np,Tl,0
Np,Tm,2
Np,Ts,0
Np,U,17
Np,V,2
Np,W,0
Np,Xe,0
Np,Y,1
Np,Yb,0
Np,Zn,0
Np,Zr,0
O,Ac,9098
O,Ag,12591
O,Al,56763
O,Am,186
O,Ar,2551
O,As,23743
O,At,845
O,Au,7847
O,B,1024493
O,Ba,12748
O,Be,2175
O,Bh,42
O,Bi,9467
O,Bk,52
O,Br,7126588
O,C,109232420
O,Ca,41308
O,Cd,4969
O,Ce,5557
O,Cf,158
O,Cl,19198868
O,Cm,474
O,Cn,0
O,Co,32623
O,Cr,19429
O,Cs,10259
O,Cu,45840
O,Db,76
O,Ds,3
O,Dy,1618
O,Er,1376
O,Es,223
O,Eu,4519
O,F,22252948
O,Fe,51614
O,Fl,0
O,Fm,2027
O,Fr,57
O,Ga,6179
O,Gd,6466
O,Ge,24232
O,H,109291364
O,He,170
O,Hf,6245
O,Hg,10402
O,Ho,1142
O,Hs,41
O,I,2043855
O,In,8127
O,Ir,115610
O,K,135299
O,Kr,31
O,La,5241
O,Li,92454
O,Lr,557
O,Lu,2033
O,Lv,0
O,Mc,0
O,Md,40
O,Mg,45690
O,Mn,21932
O,Mo,12960
O,Mt,50
O,N,97586320
O,Na,391311
O,Nb,3572
O,Nd,3402
O,Ne,90
O,Nh,0
O,Ni,28750
O,No,188
O,Np,270
O,O,109353141
O,Og,0
O,Os,5252
O,P,2252156
O,Pa,145
O,Pb,11496
O,Pd,32278
O,Pm,227
O,Po,887
O,Pr,2675
O,Pt,107236
O,Pu,293
O,Ra,90
O,Rb,7530
O,Re,6858
O,Rf,4104
O,Rg,1
O,Rh,8757
O,Rn,60
O,Ru,23345
O,S,32660900
O,Sb,10558
O,Sc,1975
O,Se,77031
O,Sg,106
O,Si,1469913
O,Sm,2092
O,Sn,72443
O,Sr,5942
O,Ta,2817
O,Tb,2224
O,Tc,3230
O,Te,11074
O,Th,1017
O,Ti,42748
O,Tl,4520
O,Tm,797
O,Ts,0
O,U,16452
O,V,28371
O,W,29423
O,Xe,205
O,Y,66075
O,Yb,2156
O,Zn,52278
O,Zr,30668
Og,Ac,0
Og,Ag,0
Og,Al,0
Og,Am,0
Og,Ar,0
Og,As,0
Og,At,0
Og,Au,0
Og,B,0
Og,Ba,0
Og,Be,0
Og,Bh,0
Og,Bi,0
Og,Bk,0
Og,Br,0
Og,C,0
Og,Ca,0
Og,Cd,0
Og,Ce,0
Og,Cf,0
Og,Cl,0
Og,Cm,0
Og,Cn,0
Og,Co,0
Og,Cr,0
Og,Cs,0
Og,Cu,0
Og,Db,0
Og,Ds,0
Og,Dy,0
Og,Er,0
Og,Es,0
Og,Eu,0
Og,F,0
Og,Fe,0
Og,Fl,0
Og,Fm,0
Og,Fr,0
Og,Ga,0
Og,Gd,0
Og,Ge,0
Og,H,0
Og,He,0
Og,Hf,0
Og,Hg,0
Og,Ho,0
Og,Hs,0
Og,I,0
Og,In,0
Og,Ir,0
Og,K,0
Og,Kr,0
Og,La,0
Og,Li,0
Og,Lr,0
Og,Lu,0
Og,Lv,0
Og,Mc,0
Og,Md,0
Og,Mg,0
Og,Mn,0
Og,Mo,0
Og,Mt,0
Og,N,0
Og,Na,0
Og,Nb,0
Og,Nd,0
Og,Ne,0
Og,Nh,0
Og,Ni,0
Og,No,0
Og,Np,0
Og,O,0
Og,Og,1
Og,Os,0
Og,P,0
Og,Pa,0
Og,Pb,0
Og,Pd,0
Og,Pm,0
Og,Po,0
Og,Pr,0
Og,Pt,0
Og,Pu,0
Og,Ra,0
Og,Rb,0
Og,Re,0
Og,Rf,0
Og,Rg,0
Og,Rh,0
Og,Rn,0
Og,Ru,0
Og,S,0
Og,Sb,0
Og,Sc,0
Og,Se,0
Og,Sg,0
Og,Si,0
Og,Sm,0
Og,Sn,0
Og,Sr,0
Og,Ta,0
Og,Tb,0
Og,Tc,0
Og,Te,0
Og,Th,0
Og,Ti,0
Og,Tl,0
Og,Tm,0
Og,Ts,0
Og,U,0
Og,V,0
Og,W,0
Og,Xe,0
Og,Y,0
Og,Yb,0
Og,Zn,0
Og,Zr,0
Os,Ac,5
Os,Ag,35
Os,Al,35
Os,Am,0
Os,Ar,1
Os,As,25
Os,At,0
Os,Au,32
Os,B,263
Os,Ba,14
Os,Be,7
Os,Bh,0
Os,Bi,12
Os,Bk,0
Os,Br,355
Os,C,7714
Os,Ca,14
Os,Cd,7
Os,Ce,3
Os,Cf,0
Os,Cl,1773
Os,Cm,1
Os,Cn,0
Os,Co,37
Os,Cr,22
Os,Cs,51
Os,Cu,89
Os,Db,0
Os,Ds,0
Os,Dy,5
Os,Er,3
Os,Es,0
Os,Eu,4
Os,F,1762
Os,Fe,65
Os,Fl,0
Os,Fm,0
Os,Fr,0
Os,Ga,7
Os,Gd,5
Os,Ge,19
Os,H,8017
Os,He,0
Os,Hf,13
Os,Hg,13
Os,Ho,2
Os,Hs,0
Os,I,306
Os,In,10
Os,Ir,443
Os,K,243
Os,Kr,0
Os,La,10
Os,Li,29
Os,Lr,0
Os,Lu,4
Os,Lv,0
Os,Mc,0
Os,Md,0
Os,Mg,16
Os,Mn,52
Os,Mo,23
Os,Mt,0
Os,N,5974
Os,Na,172
Os,Nb,11
Os,Nd,4
Os,Ne,1
Os,Nh,0
Os,Ni,28
Os,No,0
Os,Np,1
Os,O,5252
Os,Og,0
Os,Os,8718
Os,P,2211
Os,Pa,0
Os,Pb,12
Os,Pd,99
Os,Pm,0
Os,Po,4
Os,Pr,3
Os,Pt,373
Os,Pu,2
Os,Ra,0
Os,Rb,7
Os,Re,69
Os,Rf,0
Os,Rg,0
Os,Rh,138
Os,Rn,0
Os,Ru,226
Os,S,1490
Os,Sb,19
Os,Sc,5
Os,Se,48
Os,Sg,0
Os,Si,196
Os,Sm,4
Os,Sn,18
Os,Sr,5
Os,Ta,16
Os,Tb,3
Os,Tc,5
Os,Te,13
Os,Th,4
Os,Ti,20
Os,Tl,6
Os,Tm,1
Os,Ts,0
Os,U,22
Os,V,19
Os,W,79
Os,Xe,0
Os,Y,12
Os,Yb,3
Os,Zn,16
Os,Zr,12
P,Ac,409
P,Ag,2335
P,Al,6995
P,Am,9
P,Ar,553
P,As,1650
P,At,31
P,Au,6036
P,B,62166
P,Ba,1491
P,Be,190
P,Bh,2
P,Bi,978
P,Bk,3
P,Br,97632
P,C,2469495
P,Ca,6284
P,Cd,492
P,Ce,519
P,Cf,7
P,Cl,268862
P,Cm,19
P,Cn,0
P,Co,5245
P,Cr,2310
P,Cs,991
P,Cu,6196
P,Db,15
P,Ds,0
P,Dy,113
P,Er,109
P,Es,21
P,Eu,840
P,F,347549
P,Fe,14369
P,Fl,0
P,Fm,196
P,Fr,3
P,Ga,560
P,Gd,538
P,Ge,1593
P,H,2494649
P,He,11
P,Hf,1036
P,Hg,538
P,Ho,73
P,Hs,3
P,I,45602
P,In,571
P,Ir,5438
P,K,14617
P,Kr,2
P,La,490
P,Li,14924
P,Lr,7
P,Lu,122
P,Lv,0
P,Mc,0
P,Md,2
P,Mg,4969
P,Mn,2902
P,Mo,3167
P,Mt,1
P,N,1601273
P,Na,51035
P,Nb,284
P,Nd,930
P,Ne,9
P,Nh,0
P,Ni,7054
P,No,36
P,Np,61
P,O,2252156
P,Og,0
P,Os,2211
P,P,2503338
P,Pa,26
P,Pb,868
P,Pd,17425
P,Pm,21
P,Po,71
P,Pr,229
P,Pt,5829
P,Pu,20
P,Ra,4
P,Rb,397
P,Re,971
P,Rf,191
P,Rg,0
P,Rh,4050
P,Rn,7
P,Ru,11489
P,S,432705
P,Sb,1430
P,Sc,196
P,Se,7213
P,Sg,0
P,Si,57992
P,Sm,159
P,Sn,4169
P,Sr,724
P,Ta,203
P,Tb,188
P,Tc,508
P,Te,694
P,Th,137
P,Ti,5709
P,Tl,831
P,Tm,80
P,Ts,0
P,U,1879
P,V,4034
P,W,4097
P,Xe,18
P,Y,5754
P,Yb,154
P,Zn,6314
P,Zr,4394
Pa,Ac,0
Pa,Ag,1
Pa,Al,0
Pa,Am,0
Pa,Ar,1
Pa,As,0
Pa,At,0
Pa,Au,0
Pa,B,18
Pa,Ba,0
Pa,Be,0
Pa,Bh,0
Pa,Bi,0
Pa,Bk,0
Pa,Br,8
Pa,C,200
Pa,Ca,1
Pa,Cd,0
Pa,Ce,3
Pa,Cf,0
Pa,Cl,16
Pa,Cm,0
Pa,Cn,0
Pa,Co,0
Pa,Cr,0
Pa,Cs,0
Pa,Cu,0
Pa,Db,0
Pa,Ds,0
Pa,Dy,2
Pa,Er,0
Pa,Es,0
Pa,Eu,0
Pa,F,26
Pa,Fe,3
Pa,Fl,0
Pa,Fm,0
Pa,Fr,0
Pa,Ga,0
Pa,Gd,0
Pa,Ge,0
Pa,H,209
Pa,He,0
Pa,Hf,0
Pa,Hg,0
Pa,Ho,0
Pa,Hs,0
Pa,I,3
Pa,In,0
Pa,Ir,1
Pa,K,0
Pa,Kr,0
Pa,La,8
Pa,Li,0
Pa,Lr,0
Pa,Lu,1
Pa,Lv,0
Pa,Mc,0
Pa,Md,0
Pa,Mg,0
Pa,Mn,1
Pa,Mo,0
Pa,Mt,0
Pa,N,113
Pa,Na,1
Pa,Nb,0
Pa,Nd,1
Pa,Ne,0
Pa,Nh,0
Pa,Ni,0
Pa,No,0
Pa,Np,2
Pa,O,145
Pa,Og,0
Pa,Os,0
Pa,P,26
Pa,Pa,263
Pa,Pb,26
Pa,Pd,2
Pa,Pm,0
Pa,Po,2
Pa,Pr,3
Pa,Pt,0
Pa,Pu,0
Pa,Ra,1
Pa,Rb,5
Pa,Re,0
Pa,Rf,0
Pa,Rg,0
Pa,Rh,2
Pa,Rn,0
Pa,Ru,0
Pa,S,33
Pa,Sb,0
Pa,Sc,0
Pa,Se,0
Pa,Sg,0
Pa,Si,2
Pa,Sm,0
Pa,Sn,0
Pa,Sr,0
Pa,Ta,6
Pa,Tb,0
Pa,Tc,0
Pa,Te,0
Pa,Th,1
Pa,Ti,0
Pa,Tl,2
Pa,Tm,0
Pa,Ts,0
Pa,U,0
Pa,V,3
Pa,W,1
Pa,Xe,0
Pa,Y,4
Pa,Yb,0
Pa,Zn,0
Pa,Zr,0
Pb,Ac,8
Pb,Ag,259
Pb,Al,313
Pb,Am,0
Pb,Ar,4
Pb,As,248
Pb,At,0
Pb,Au,126
Pb,B,480
Pb,Ba,257
Pb,Be,17
Pb,Bh,0
Pb,Bi,458
Pb,Bk,2
Pb,Br,724
Pb,C,12547
Pb,Ca,418
Pb,Cd,339
Pb,Ce,37
Pb,Cf,0
Pb,Cl,1418
Pb,Cm,1
Pb,Cn,0
Pb,Co,126
Pb,Cr,263
Pb,Cs,160
Pb,Cu,599
Pb,Db,0
Pb,Ds,0
Pb,Dy,5
Pb,Er,6
Pb,Es,0
Pb,Eu,13
Pb,F,1108
Pb,Fe,388
Pb,Fl,0
Pb,Fm,4
Pb,Fr,0
Pb,Ga,97
Pb,Gd,8
Pb,Ge,150
Pb,H,15378
Pb,He,1
Pb,Hf,32
Pb,Hg,158
Pb,Ho,6
Pb,Hs,0
Pb,I,781
Pb,In,189
Pb,Ir,18
Pb,K,214
Pb,Kr,1
Pb,La,145
Pb,Li,190
Pb,Lr,0
Pb,Lu,8
Pb,Lv,0
Pb,Mc,0
Pb,Md,0
Pb,Mg,255
Pb,Mn,230
Pb,Mo,135
Pb,Mt,0
Pb,N,5771
Pb,Na,383
Pb,Nb,274
Pb,Nd,25
Pb,Ne,1
Pb,Nh,0
Pb,Ni,259
Pb,No,1
Pb,Np,0
Pb,O,11496
Pb,Og,0
Pb,Os,12
Pb,P,868
Pb,Pa,26
Pb,Pb,18301
Pb,Pd,67
Pb,Pm,0
Pb,Po,5
Pb,Pr,8
Pb,Pt,49
Pb,Pu,2
Pb,Ra,2
Pb,Rb,33
Pb,Re,22
Pb,Rf,0
Pb,Rg,0
Pb,Rh,22
Pb,Rn,1
Pb,Ru,51
Pb,S,2730
Pb,Sb,334
Pb,Sc,57
Pb,Se,208
Pb,Sg,0
Pb,Si,756
Pb,Sm,9
Pb,Sn,593
Pb,Sr,171
Pb,Ta,82
Pb,Tb,5
Pb,Tc,7
Pb,Te,175
Pb,Th,16
Pb,Ti,527
Pb,Tl,45
Pb,Tm,5
Pb,Ts,0
Pb,U,51
Pb,V,94
Pb,W,143
Pb,Xe,1
Pb,Y,40
Pb,Yb,14
Pb,Zn,686
Pb,Zr,359
Pd,Ac,42
Pd,Ag,222
Pd,Al,303
Pd,Am,4
Pd,Ar,37
Pd,As,106
Pd,At,0
Pd,Au,240
Pd,B,6479
Pd,Ba,49
Pd,Be,30
Pd,Bh,0
Pd,Bi,72
Pd,Bk,0
Pd,Br,7894
Pd,C,45812
Pd,Ca,46
Pd,Cd,26
Pd,Ce,51
Pd,Cf,1
Pd,Cl,14880
Pd,Cm,1
Pd,Cn,0
Pd,Co,234
Pd,Cr,104
Pd,Cs,312
Pd,Cu,560
Pd,Db,0
Pd,Ds,0
Pd,Dy,9
Pd,Er,6
Pd,Es,0
Pd,Eu,9
Pd,F,7784
Pd,Fe,1138
Pd,Fl,0
Pd,Fm,11
Pd,Fr,0
Pd,Ga,48
Pd,Gd,11
Pd,Ge,117
Pd,H,47085
Pd,He,0
Pd,Hf,17
Pd,Hg,24
Pd,Ho,5
Pd,Hs,0
Pd,I,2715
Pd,In,54
Pd,Ir,267
Pd,K,1591
Pd,Kr,0
Pd,La,53
Pd,Li,678
Pd,Lr,1
Pd,Lu,14
Pd,Lv,0
Pd,Mc,0
Pd,Md,2
Pd,Mg,266
Pd,Mn,120
Pd,Mo,116
Pd,Mt,0
Pd,N,34693
Pd,Na,1651
Pd,Nb,24
Pd,Nd,17
Pd,Ne,1
Pd,Nh,0
Pd,Ni,431
Pd,No,2
Pd,Np,3
Pd,O,32278
Pd,Og,0
Pd,Os,99
Pd,P,17425
Pd,Pa,2
Pd,Pb,67
Pd,Pd,48856
Pd,Pm,0
Pd,Po,5
Pd,Pr,21
Pd,Pt,1961
Pd,Pu,1
Pd,Ra,0
Pd,Rb,21
Pd,Re,71
Pd,Rf,1
Pd,Rg,0
Pd,Rh,230
Pd,Rn,0
Pd,Ru,201
Pd,S,9385
Pd,Sb,128
Pd,Sc,16
Pd,Se,136
Pd,Sg,0
Pd,Si,2313
Pd,Sm,8
Pd,Sn,1232
Pd,Sr,19
Pd,Ta,50
Pd,Tb,6
Pd,Tc,9
Pd,Te,48
Pd,Th,5
Pd,Ti,158
Pd,Tl,14
Pd,Tm,2
Pd,Ts,0
Pd,U,112
Pd,V,111
Pd,W,119
Pd,Xe,1
Pd,Y,142
Pd,Yb,10
Pd,Zn,486
Pd,Zr,76
Pm,Ac,0
Pm,Ag,0
Pm,Al,6
Pm,Am,2
Pm,Ar,0
Pm,As,2
Pm,At,0
Pm,Au,0
Pm,B,11
Pm,Ba,3
Pm,Be,2
Pm,Bh,0
Pm,Bi,0
Pm,Bk,0
Pm,Br,8
Pm,C,210
Pm,Ca,0
Pm,Cd,0
Pm,Ce,7
Pm,Cf,0
Pm,Cl,19
Pm,Cm,0
Pm,Cn,0
Pm,Co,7
Pm,Cr,7
Pm,Cs,1
Pm,Cu,10
Pm,Db,0
Pm,Ds,0
Pm,Dy,11
Pm,Er,10
Pm,Es,0
Pm,Eu,15
Pm,F,34
Pm,Fe,5
Pm,Fl,0
Pm,Fm,0
Pm,Fr,0
Pm,Ga,4
Pm,Gd,15
Pm,Ge,0
Pm,H,262
Pm,He,0
Pm,Hf,2
Pm,Hg,0
Pm,Ho,12
Pm,Hs,0
Pm,I,10
Pm,In,4
Pm,Ir,1
Pm,K,1
Pm,Kr,0
Pm,La,6
Pm,Li,1
Pm,Lr,0
Pm,Lu,1
Pm,Lv,0
Pm,Mc,0
Pm,Md,0
Pm,Mg,3
Pm,Mn,9
Pm,Mo,0
Pm,Mt,0
Pm,N,125
Pm,Na,0
Pm,Nb,1
Pm,Nd,13
Pm,Ne,0
Pm,Nh,0
Pm,Ni,8
Pm,No,0
Pm,Np,3
Pm,O,227
Pm,Og,0
Pm,Os,0
Pm,P,21
Pm,Pa,0
Pm,Pb,0
Pm,Pd,0
Pm,Pm,410
Pm,Po,1
Pm,Pr,12
Pm,Pt,2
Pm,Pu,5
Pm,Ra,0
Pm,Rb,0
Pm,Re,0
Pm,Rf,0
Pm,Rg,0
Pm,Rh,2
Pm,Rn,0
Pm,Ru,2
Pm,S,48
Pm,Sb,0
Pm,Sc,7
Pm,Se,2
Pm,Sg,0
Pm,Si,4
Pm,Sm,19
Pm,Sn,1
Pm,Sr,0
Pm,Ta,0
Pm,Tb,14
Pm,Tc,0
Pm,Te,0
Pm,Th,0
Pm,Ti,4
Pm,Tl,1
Pm,Tm,10
Pm,Ts,0
Pm,U,3
Pm,V,6
Pm,W,3
Pm,Xe,1
Pm,Y,5
Pm,Yb,6
Pm,Zn,1
Pm,Zr,1
Po,Ac,2
Po,Ag,6
Po,Al,5
Po,Am,0
Po,Ar,0
Po,As,4
Po,At,1
Po,Au,4
Po,B,27
Po,Ba,4
Po,Be,5
Po,Bh,0
Po,Bi,9
Po,Bk,0
Po,Br,55
Po,C,1143
Po,Ca,7
Po,Cd,4
Po,Ce,4
Po,Cf,0
Po,Cl,117
Po,Cm,0
Po,Cn,0
Po,Co,6
Po,Cr,5
Po,Cs,3
Po,Cu,5
Po,Db,0
Po,Ds,0
Po,Dy,0
Po,Er,1
Po,Es,0
Po,Eu,0
Po,F,117
Po,Fe,8
Po,Fl,0
Po,Fm,0
Po,Fr,0
Po,Ga,4
Po,Gd,1
Po,Ge,5
Po,H,1255
Po,He,0
Po,Hf,3
Po,Hg,5
Po,Ho,0
Po,Hs,0
Po,I,76
Po,In,3
Po,Ir,3
Po,K,9
Po,Kr,0
Po,La,3
Po,Li,9
Po,Lr,0
Po,Lu,0
Po,Lv,0
Po,Mc,0
Po,Md,0
Po,Mg,3
Po,Mn,4
Po,Mo,4
Po,Mt,0
Po,N,652
Po,Na,11
Po,Nb,4
Po,Nd,0
Po,Ne,0
Po,Nh,0
Po,Ni,5
Po,No,0
Po,Np,0
Po,O,887
Po,Og,0
Po,Os,4
Po,P,71
Po,Pa,2
Po,Pb,5
Po,Pd,5
Po,Pm,1
Po,Po,1385
Po,Pr,2
Po,Pt,4
Po,Pu,2
Po,Ra,0
Po,Rb,3
Po,Re,4
Po,Rf,11
Po,Rg,0
Po,Rh,3
Po,Rn,1
Po,Ru,4
Po,S,172
Po,Sb,6
Po,Sc,3
Po,Se,10
Po,Sg,0
Po,Si,48
Po,Sm,0
Po,Sn,4
Po,Sr,4
Po,Ta,3
Po,Tb,4
Po,Tc,5
Po,Te,7
Po,Th,0
Po,Ti,5
Po,Tl,3
Po,Tm,1
Po,Ts,0
Po,U,3
Po,V,4
Po,W,3
Po,Xe,0
Po,Y,8
Po,Yb,0
Po,Zn,4
Po,Zr,3
Pr,Ac,18
Pr,Ag,8
Pr,Al,64
Pr,Am,0
Pr,Ar,3
Pr,As,3
Pr,At,0
Pr,Au,9
Pr,B,106
Pr,Ba,41
Pr,Be,2
Pr,Bh,0
Pr,Bi,8
Pr,Bk,0
Pr,Br,93
Pr,C,2588
Pr,Ca,35
Pr,Cd,5
Pr,Ce,159
Pr,Cf,0
Pr,Cl,389
Pr,Cm,0
Pr,Cn,0
Pr,Co,65
Pr,Cr,17
Pr,Cs,9
Pr,Cu,47
Pr,Db,0
Pr,Ds,0
Pr,Dy,29
Pr,Er,19
Pr,Es,0
Pr,Eu,34
Pr,F,434
Pr,Fe,82
Pr,Fl,0
Pr,Fm,1
Pr,Fr,1
Pr,Ga,18
Pr,Gd,31
Pr,Ge,11
Pr,H,2985
Pr,He,0
Pr,Hf,16
Pr,Hg,1
Pr,Ho,27
Pr,Hs,0
Pr,I,56
Pr,In,21
Pr,Ir,13
Pr,K,17
Pr,Kr,0
Pr,La,134
Pr,Li,35
Pr,Lr,2
Pr,Lu,9
Pr,Lv,0
Pr,Mc,0
Pr,Md,0
Pr,Mg,33
Pr,Mn,75
Pr,Mo,13
Pr,Mt,0
Pr,N,1534
Pr,Na,30
Pr,Nb,8
Pr,Nd,196
Pr,Ne,0
Pr,Nh,0
Pr,Ni,64
Pr,No,0
Pr,Np,2
Pr,O,2675
Pr,Og,0
Pr,Os,3
Pr,P,229
Pr,Pa,3
Pr,Pb,8
Pr,Pd,21
Pr,Pm,12
Pr,Po,2
Pr,Pr,3784
Pr,Pt,16
Pr,Pu,2
Pr,Ra,0
Pr,Rb,9
Pr,Re,3
Pr,Rf,2
Pr,Rg,0
Pr,Rh,4
Pr,Rn,0
Pr,Ru,33
Pr,S,441
Pr,Sb,13
Pr,Sc,22
Pr,Se,9
Pr,Sg,0
Pr,Si,120
Pr,Sm,50
Pr,Sn,19
Pr,Sr,53
Pr,Ta,6
Pr,Tb,33
Pr,Tc,0
Pr,Te,3
Pr,Th,0
Pr,Ti,54
Pr,Tl,2
Pr,Tm,10
Pr,Ts,0
Pr,U,5
Pr,V,24
Pr,W,10
Pr,Xe,0
Pr,Y,50
Pr,Yb,30
Pr,Zn,27
Pr,Zr,93
Pt,Ac,5
Pt,Ag,224
Pt,Al,237
Pt,Am,2
Pt,Ar,24
Pt,As,128
Pt,At,3
Pt,Au,278
Pt,B,6813
Pt,Ba,62
Pt,Be,11
Pt,Bh,0
Pt,Bi,133
Pt,Bk,1
Pt,Br,1990
Pt,C,139533
Pt,Ca,33
Pt,Cd,26
Pt,Ce,39
Pt,Cf,0
Pt,Cl,11808
Pt,Cm,0
Pt,Cn,0
Pt,Co,350
Pt,Cr,194
Pt,Cs,27
Pt,Cu,695
Pt,Db,0
Pt,Ds,0
Pt,Dy,20
Pt,Er,8
Pt,Es,0
Pt,Eu,30
Pt,F,12752
Pt,Fe,295
Pt,Fl,0
Pt,Fm,0
Pt,Fr,0
Pt,Ga,56
Pt,Gd,57
Pt,Ge,602
Pt,H,141218
Pt,He,1
Pt,Hf,37
Pt,Hg,37
Pt,Ho,2
Pt,Hs,0
Pt,I,1847
Pt,In,59
Pt,Ir,3677
Pt,K,728
Pt,Kr,1
Pt,La,43
Pt,Li,160
Pt,Lr,2
Pt,Lu,9
Pt,Lv,0
Pt,Mc,0
Pt,Md,0
Pt,Mg,88
Pt,Mn,115
Pt,Mo,137
Pt,Mt,2
Pt,N,133175
Pt,Na,448
Pt,Nb,31
Pt,Nd,18
Pt,Ne,1
Pt,Nh,0
Pt,Ni,317
Pt,No,1
Pt,Np,0
Pt,O,107236
Pt,Og,0
Pt,Os,373
Pt,P,5829
Pt,Pa,0
Pt,Pb,49
Pt,Pd,1961
Pt,Pm,2
Pt,Po,4
Pt,Pr,16
Pt,Pt,143559
Pt,Pu,5
Pt,Ra,3
Pt,Rb,23
Pt,Re,228
Pt,Rf,2
Pt,Rg,0
Pt,Rh,337
Pt,Rn,0
Pt,Ru,381
Pt,S,14072
Pt,Sb,75
Pt,Sc,8
Pt,Se,648
Pt,Sg,0
Pt,Si,8040
Pt,Sm,7
Pt,Sn,254
Pt,Sr,22
Pt,Ta,94
Pt,Tb,27
Pt,Tc,5
Pt,Te,187
Pt,Th,10
Pt,Ti,207
Pt,Tl,14
Pt,Tm,2
Pt,Ts,0
Pt,U,55
Pt,V,81
Pt,W,150
Pt,Xe,3
Pt,Y,293
Pt,Yb,11
Pt,Zn,179
Pt,Zr,107
Pu,Ac,2
Pu,Ag,1
Pu,Al,14
Pu,Am,7
Pu,Ar,0
Pu,As,1
Pu,At,0
Pu,Au,2
Pu,B,2
Pu,Ba,2
Pu,Be,4
Pu,Bh,0
Pu,Bi,3
Pu,Bk,0
Pu,Br,7
Pu,C,216
Pu,Ca,1
Pu,Cd,3
Pu,Ce,9
Pu,Cf,0
Pu,Cl,41
Pu,Cm,18
Pu,Cn,0
Pu,Co,9
Pu,Cr,4
Pu,Cs,3
Pu,Cu,10
Pu,Db,0
Pu,Ds,0
Pu,Dy,3
Pu,Er,3
Pu,Es,0
Pu,Eu,4
Pu,F,51
Pu,Fe,9
Pu,Fl,0
Pu,Fm,0
Pu,Fr,0
Pu,Ga,10
Pu,Gd,6
Pu,Ge,5
Pu,H,314
Pu,He,1
Pu,Hf,1
Pu,Hg,1
Pu,Ho,2
Pu,Hs,0
Pu,I,7
Pu,In,2
Pu,Ir,3
Pu,K,5
Pu,Kr,0
Pu,La,1
Pu,Li,2
Pu,Lr,0
Pu,Lu,0
Pu,Lv,0
Pu,Mc,0
Pu,Md,0
Pu,Mg,2
Pu,Mn,3
Pu,Mo,7
Pu,Mt,0
Pu,N,134
Pu,Na,2
Pu,Nb,2
Pu,Nd,8
Pu,Ne,1
Pu,Nh,0
Pu,Ni,5
Pu,No,2
Pu,Np,17
Pu,O,293
Pu,Og,0
Pu,Os,2
Pu,P,20
Pu,Pa,0
Pu,Pb,2
Pu,Pd,1
Pu,Pm,5
Pu,Po,2
Pu,Pr,2
Pu,Pt,5
Pu,Pu,577
Pu,Ra,0
Pu,Rb,0
Pu,Re,0
Pu,Rf,0
Pu,Rg,0
Pu,Rh,4
Pu,Rn,0
Pu,Ru,2
Pu,S,32
Pu,Sb,1
Pu,Sc,2
Pu,Se,1
Pu,Sg,0
Pu,Si,6
Pu,Sm,3
Pu,Sn,5
Pu,Sr,2
Pu,Ta,0
Pu,Tb,3
Pu,Tc,2
Pu,Te,0
Pu,Th,13
Pu,Ti,8
Pu,Tl,1
Pu,Tm,2
Pu,Ts,0
Pu,U,67
Pu,V,4
Pu,W,1
Pu,Xe,0
Pu,Y,4
Pu,Yb,0
Pu,Zn,1
Pu,Zr,8
Ra,Ac,2
Ra,Ag,1
Ra,Al,6
Ra,Am,0
Ra,Ar,0
Ra,As,1
Ra,At,0
Ra,Au,1
Ra,B,3
Ra,Ba,7
Ra,Be,1
Ra,Bh,0
Ra,Bi,1
Ra,Bk,0
Ra,Br,3
Ra,C,159
Ra,Ca,1
Ra,Cd,0
Ra,Ce,1
Ra,Cf,0
Ra,Cl,6
Ra,Cm,0
Ra,Cn,0
Ra,Co,1
Ra,Cr,0
Ra,Cs,2
Ra,Cu,2
Ra,Db,0
Ra,Ds,0
Ra,Dy,0
Ra,Er,0
Ra,Es,0
Ra,Eu,0
Ra,F,11
Ra,Fe,6
Ra,Fl,0
Ra,Fm,0
Ra,Fr,0
Ra,Ga,8
Ra,Gd,0
Ra,Ge,1
Ra,H,177
Ra,He,0
Ra,Hf,0
Ra,Hg,0
Ra,Ho,0
Ra,Hs,0
Ra,I,1
Ra,In,1
Ra,Ir,1
Ra,K,3
Ra,Kr,0
Ra,La,1
Ra,Li,5
Ra,Lr,0
Ra,Lu,0
Ra,Lv,0
Ra,Mc,0
Ra,Md,0
Ra,Mg,2
Ra,Mn,5
Ra,Mo,1
Ra,Mt,0
Ra,N,80
Ra,Na,1
Ra,Nb,2
Ra,Nd,0
Ra,Ne,1
Ra,Nh,0
Ra,Ni,4
Ra,No,0
Ra,Np,0
Ra,O,90
Ra,Og,0
Ra,Os,0
Ra,P,4
Ra,Pa,1
Ra,Pb,2
Ra,Pd,0
Ra,Pm,0
Ra,Po,0
Ra,Pr,0
Ra,Pt,3
Ra,Pu,0
Ra,Ra,277
Ra,Rb,73
Ra,Re,10
Ra,Rf,3
Ra,Rg,0
Ra,Rh,0
Ra,Rn,2
Ra,Ru,1
Ra,S,26
Ra,Sb,0
Ra,Sc,1
Ra,Se,0
Ra,Sg,0
Ra,Si,1
Ra,Sm,0
Ra,Sn,8
Ra,Sr,1
Ra,Ta,0
Ra,Tb,0
Ra,Tc,0
Ra,Te,2
Ra,Th,1
Ra,Ti,0
Ra,Tl,0
Ra,Tm,0
Ra,Ts,0
Ra,U,3
Ra,V,0
Ra,W,13
Ra,Xe,0
Ra,Y,74
Ra,Yb,0
Ra,Zn,1
Ra,Zr,0
Rb,Ac,4
Rb,Ag,28
Rb,Al,73
Rb,Am,1
Rb,Ar,4
Rb,As,30
Rb,At,0
Rb,Au,26
Rb,B,482
Rb,Ba,50
Rb,Be,22
Rb,Bh,0
Rb,Bi,34
Rb,Bk,0
Rb,Br,267
Rb,C,9755
Rb,Ca,48
Rb,Cd,12
Rb,Ce,23
Rb,Cf,0
Rb,Cl,628
Rb,Cm,1
Rb,Cn,0
Rb,Co,33
Rb,Cr,42
Rb,Cs,141
Rb,Cu,52
Rb,Db,0
Rb,Ds,0
Rb,Dy,6
Rb,Er,7
Rb,Es,1
Rb,Eu,16
Rb,F,1237
Rb,Fe,67
Rb,Fl,0
Rb,Fm,0
Rb,Fr,0
Rb,Ga,19
Rb,Gd,3
Rb,Ge,40
Rb,H,10363
Rb,He,1
Rb,Hf,22
Rb,Hg,13
Rb,Ho,10
Rb,Hs,0
Rb,I,221
Rb,In,16
Rb,Ir,22
Rb,K,159
Rb,Kr,1
Rb,La,27
Rb,Li,145
Rb,Lr,2
Rb,Lu,8
Rb,Lv,0
Rb,Mc,0
Rb,Md,0
Rb,Mg,52
Rb,Mn,34
Rb,Mo,28
Rb,Mt,0
Rb,N,6550
Rb,Na,109
Rb,Nb,31
Rb,Nd,19
Rb,Ne,0
Rb,Nh,0
Rb,Ni,49
Rb,No,2
Rb,Np,1
Rb,O,7530
Rb,Og,0
Rb,Os,7
Rb,P,397
Rb,Pa,5
Rb,Pb,33
Rb,Pd,21
Rb,Pm,0
Rb,Po,3
Rb,Pr,9
Rb,Pt,23
Rb,Pu,0
Rb,Ra,73
Rb,Rb,11197
Rb,Re,283
Rb,Rf,95
Rb,Rg,0
Rb,Rh,42
Rb,Rn,0
Rb,Ru,28
Rb,S,1659
Rb,Sb,41
Rb,Sc,23
Rb,Se,52
Rb,Sg,0
Rb,Si,170
Rb,Sm,12
Rb,Sn,50
Rb,Sr,36
Rb,Ta,36
Rb,Tb,11
Rb,Tc,9
Rb,Te,18
Rb,Th,5
Rb,Ti,86
Rb,Tl,13
Rb,Tm,0
Rb,Ts,0
Rb,U,29
Rb,V,67
Rb,W,180
Rb,Xe,4
Rb,Y,311
Rb,Yb,19
Rb,Zn,38
Rb,Zr,46
Re,Ac,12
Re,Ag,35
Re,Al,90
Re,Am,0
Re,Ar,3
Re,As,28
Re,At,3
Re,Au,57
Re,B,435
Re,Ba,22
Re,Be,6
Re,Bh,0
Re,Bi,16
Re,Bk,0
Re,Br,415
Re,C,8849
Re,Ca,20
Re,Cd,19
Re,Ce,12
Re,Cf,0
Re,Cl,1000
Re,Cm,0
Re,Cn,0
Re,Co,172
Re,Cr,84
Re,Cs,16
Re,Cu,79
Re,Db,0
Re,Ds,0
Re,Dy,25
Re,Er,10
Re,Es,0
Re,Eu,5
Re,F,906
Re,Fe,77
Re,Fl,0
Re,Fm,2
Re,Fr,0
Re,Ga,23
Re,Gd,8
Re,Ge,35
Re,H,9226
Re,He,1
Re,Hf,48
Re,Hg,9
Re,Ho,1
Re,Hs,0
Re,I,229
Re,In,21
Re,Ir,186
Re,K,109
Re,Kr,0
Re,La,27
Re,Li,24
Re,Lr,0
Re,Lu,6
Re,Lv,0
Re,Mc,0
Re,Md,1
Re,Mg,27
Re,Mn,53
Re,Mo,122
Re,Mt,0
Re,N,6496
Re,Na,62
Re,Nb,51
Re,Nd,15
Re,Ne,1
Re,Nh,0
Re,Ni,106
Re,No,0
Re,Np,0
Re,O,6858
Re,Og,0
Re,Os,69
Re,P,971
Re,Pa,0
Re,Pb,22
Re,Pd,71
Re,Pm,0
Re,Po,4
Re,Pr,3
Re,Pt,228
Re,Pu,0
Re,Ra,10
Re,Rb,283
Re,Re,10228
Re,Rf,579
Re,Rg,0
Re,Rh,178
Re,Rn,3
Re,Ru,122
Re,S,1627
Re,Sb,19
Re,Sc,17
Re,Se,81
Re,Sg,0
Re,Si,151
Re,Sm,4
Re,Sn,65
Re,Sr,7
Re,Ta,63
Re,Tb,22
Re,Tc,30
Re,Te,25
Re,Th,9
Re,Ti,46
Re,Tl,16
Re,Tm,0
Re,Ts,0
Re,U,29
Re,V,48
Re,W,160
Re,Xe,15
Re,Y,173
Re,Yb,6
Re,Zn,41
Re,Zr,31
Rf,Ac,3
Rf,Ag,0
Rf,Al,4
Rf,Am,0
Rf,Ar,6
Rf,As,1
Rf,At,0
Rf,Au,0
Rf,B,127
Rf,Ba,0
Rf,Be,1
Rf,Bh,0
Rf,Bi,2
Rf,Bk,0
Rf,Br,64
Rf,C,5112
Rf,Ca,1
Rf,Cd,0
Rf,Ce,1
Rf,Cf,3
Rf,Cl,193
Rf,Cm,3
Rf,Cn,0
Rf,Co,2
Rf,Cr,1
Rf,Cs,2
Rf,Cu,3
Rf,Db,0
Rf,Ds,0
Rf,Dy,1
Rf,Er,0
Rf,Es,1
Rf,Eu,0
Rf,F,1120
Rf,Fe,1
Rf,Fl,0
Rf,Fm,0
Rf,Fr,0
Rf,Ga,0
Rf,Gd,1
Rf,Ge,0
Rf,H,5118
Rf,He,0
Rf,Hf,0
Rf,Hg,0
Rf,Ho,0
Rf,Hs,0
Rf,I,127
Rf,In,0
Rf,Ir,0
Rf,K,9
Rf,Kr,0
Rf,La,0
Rf,Li,10
Rf,Lr,0
Rf,Lu,0
Rf,Lv,0
Rf,Mc,0
Rf,Md,1
Rf,Mg,4
Rf,Mn,2
Rf,Mo,1
Rf,Mt,0
Rf,N,2501
Rf,Na,21
Rf,Nb,0
Rf,Nd,0
Rf,Ne,0
Rf,Nh,0
Rf,Ni,4
Rf,No,0
Rf,Np,0
Rf,O,4104
Rf,Og,0
Rf,Os,0
Rf,P,191
Rf,Pa,0
Rf,Pb,0
Rf,Pd,1
Rf,Pm,0
Rf,Po,11
Rf,Pr,2
Rf,Pt,2
Rf,Pu,0
Rf,Ra,3
Rf,Rb,95
Rf,Re,579
Rf,Rf,5242
Rf,Rg,0
Rf,Rh,153
Rf,Rn,0
Rf,Ru,26
Rf,S,876
Rf,Sb,2
Rf,Sc,0
Rf,Se,1
Rf,Sg,0
Rf,Si,437
Rf,Sm,0
Rf,Sn,4
Rf,Sr,0
Rf,Ta,6
Rf,Tb,3
Rf,Tc,0
Rf,Te,0
Rf,Th,0
Rf,Ti,0
Rf,Tl,0
Rf,Tm,0
Rf,Ts,0
Rf,U,16
Rf,V,40
Rf,W,56
Rf,Xe,1
Rf,Y,138
Rf,Yb,0
Rf,Zn,1
Rf,Zr,0
Rg,Ac,0
Rg,Ag,0
Rg,Al,0
Rg,Am,0
Rg,Ar,0
Rg,As,0
Rg,At,0
Rg,Au,0
Rg,B,0
Rg,Ba,0
Rg,Be,0
Rg,Bh,0
Rg,Bi,0
Rg,Bk,0
Rg,Br,0
Rg,C,1
Rg,Ca,0
Rg,Cd,0
Rg,Ce,0
Rg,Cf,0
Rg,Cl,0
Rg,Cm,0
Rg,Cn,0
Rg,Co,0
Rg,Cr,0
Rg,Cs,0
Rg,Cu,0
Rg,Db,0
Rg,Ds,0
Rg,Dy,0
Rg,Er,0
Rg,Es,0
Rg,Eu,0
Rg,F,0
Rg,Fe,0
Rg,Fl,0
Rg,Fm,0
Rg,Fr,0
Rg,Ga,0
Rg,Gd,0
Rg,Ge,0
Rg,H,1
Rg,He,0
Rg,Hf,0
Rg,Hg,0
Rg,Ho,0
Rg,Hs,0
Rg,I,0
Rg,In,0
Rg,Ir,0
Rg,K,0
Rg,Kr,0
Rg,La,0
Rg,Li,0
Rg,Lr,0
Rg,Lu,0
Rg,Lv,0
Rg,Mc,0
Rg,Md,0
Rg,Mg,0
Rg,Mn,0
Rg,Mo,0
Rg,Mt,0
Rg,N,1
Rg,Na,0
Rg,Nb,0
Rg,Nd,0
Rg,Ne,0
Rg,Nh,0
Rg,Ni,0
Rg,No,0
Rg,Np,0
Rg,O,1
Rg,Og,0
Rg,Os,0
Rg,P,0
Rg,Pa,0
Rg,Pb,0
Rg,Pd,0
Rg,Pm,0
Rg,Po,0
Rg,Pr,0
Rg,Pt,0
Rg,Pu,0
Rg,Ra,0
Rg,Rb,0
Rg,Re,0
Rg,Rf,0
Rg,Rg,9
Rg,Rh,0
Rg,Rn,0
Rg,Ru,0
Rg,S,0
Rg,Sb,0
Rg,Sc,0
Rg,Se,0
Rg,Sg,0
Rg,Si,0
Rg,Sm,0
Rg,Sn,0
Rg,Sr,0
Rg,Ta,0
Rg,Tb,0
Rg,Tc,0
Rg,Te,0
Rg,Th,0
Rg,Ti,0
Rg,Tl,0
Rg,Tm,0
Rg,Ts,0
Rg,U,0
Rg,V,0
Rg,W,0
Rg,Xe,0
Rg,Y,0
Rg,Yb,0
Rg,Zn,0
Rg,Zr,0
Rh,Ac,7
Rh,Ag,54
Rh,Al,98
Rh,Am,0
Rh,Ar,5
Rh,As,94
Rh,At,0
Rh,Au,60
Rh,B,1514
Rh,Ba,20
Rh,Be,7
Rh,Bh,0
Rh,Bi,23
Rh,Bk,0
Rh,Br,312
Rh,C,13083
Rh,Ca,17
Rh,Cd,14
Rh,Ce,35
Rh,Cf,0
Rh,Cl,2764
Rh,Cm,0
Rh,Cn,0
Rh,Co,150
Rh,Cr,58
Rh,Cs,15
Rh,Cu,64
Rh,Db,0
Rh,Ds,0
Rh,Dy,7
Rh,Er,6
Rh,Es,0
Rh,Eu,9
Rh,F,2917
Rh,Fe,233
Rh,Fl,0
Rh,Fm,0
Rh,Fr,0
Rh,Ga,36
Rh,Gd,10
Rh,Ge,30
Rh,H,13748
Rh,He,1
Rh,Hf,21
Rh,Hg,11
Rh,Ho,7
Rh,Hs,0
Rh,I,323
Rh,In,16
Rh,Ir,427
Rh,K,164
Rh,Kr,0
Rh,La,22
Rh,Li,92
Rh,Lr,0
Rh,Lu,6
Rh,Lv,0
Rh,Mc,0
Rh,Md,0
Rh,Mg,28
Rh,Mn,55
Rh,Mo,77
Rh,Mt,1
Rh,N,6808
Rh,Na,171
Rh,Nb,22
Rh,Nd,5
Rh,Ne,1
Rh,Nh,0
Rh,Ni,103
Rh,No,0
Rh,Np,0
Rh,O,8757
Rh,Og,0
Rh,Os,138
Rh,P,4050
Rh,Pa,2
Rh,Pb,22
Rh,Pd,230
Rh,Pm,2
Rh,Po,3
Rh,Pr,4
Rh,Pt,337
Rh,Pu,4
Rh,Ra,0
Rh,Rb,42
Rh,Re,178
Rh,Rf,153
Rh,Rg,0
Rh,Rh,14946
Rh,Rn,0
Rh,Ru,191
Rh,S,1895
Rh,Sb,137
Rh,Sc,13
Rh,Se,52
Rh,Sg,0
Rh,Si,338
Rh,Sm,4
Rh,Sn,40
Rh,Sr,16
Rh,Ta,28
Rh,Tb,10
Rh,Tc,10
Rh,Te,23
Rh,Th,9
Rh,Ti,46
Rh,Tl,10
Rh,Tm,3
Rh,Ts,0
Rh,U,16
Rh,V,29
Rh,W,51
Rh,Xe,0
Rh,Y,61
Rh,Yb,7
Rh,Zn,45
Rh,Zr,52
Rn,Ac,0
Rn,Ag,0
Rn,Al,0
Rn,Am,0
Rn,Ar,2
Rn,As,0
Rn,At,0
Rn,Au,0
Rn,B,2
Rn,Ba,1
Rn,Be,0
Rn,Bh,0
Rn,Bi,0
Rn,Bk,0
Rn,Br,3
Rn,C,66
Rn,Ca,1
Rn,Cd,0
Rn,Ce,1
Rn,Cf,0
Rn,Cl,4
Rn,Cm,0
Rn,Cn,0
Rn,Co,0
Rn,Cr,0
Rn,Cs,0
Rn,Cu,0
Rn,Db,0
Rn,Ds,0
Rn,Dy,0
Rn,Er,0
Rn,Es,0
Rn,Eu,0
Rn,F,6
Rn,Fe,1
Rn,Fl,0
Rn,Fm,0
Rn,Fr,0
Rn,Ga,0
Rn,Gd,0
Rn,Ge,0
Rn,H,83
Rn,He,2
Rn,Hf,0
Rn,Hg,0
Rn,Ho,0
Rn,Hs,1
Rn,I,1
Rn,In,0
Rn,Ir,0
Rn,K,7
Rn,Kr,3
Rn,La,0
Rn,Li,0
Rn,Lr,0
Rn,Lu,0
Rn,Lv,0
Rn,Mc,0
Rn,Md,0
Rn,Mg,0
Rn,Mn,1
Rn,Mo,0
Rn,Mt,0
Rn,N,36
Rn,Na,8
Rn,Nb,0
Rn,Nd,0
Rn,Ne,1
Rn,Nh,0
Rn,Ni,1
Rn,No,0
Rn,Np,0
Rn,O,60
Rn,Og,0
Rn,Os,0
Rn,P,7
Rn,Pa,0
Rn,Pb,1
Rn,Pd,0
Rn,Pm,0
Rn,Po,1
Rn,Pr,0
Rn,Pt,0
Rn,Pu,0
Rn,Ra,2
Rn,Rb,0
Rn,Re,3
Rn,Rf,0
Rn,Rg,0
Rn,Rh,0
Rn,Rn,138
Rn,Ru,0
Rn,S,11
Rn,Sb,0
Rn,Sc,1
Rn,Se,0
Rn,Sg,0
Rn,Si,0
Rn,Sm,0
Rn,Sn,1
Rn,Sr,0
Rn,Ta,0
Rn,Tb,0
Rn,Tc,0
Rn,Te,0
Rn,Th,3
Rn,Ti,0
Rn,Tl,0
Rn,Tm,0
Rn,Ts,0
Rn,U,3
Rn,V,0
Rn,W,0
Rn,Xe,5
Rn,Y,2
Rn,Yb,0
Rn,Zn,1
Rn,Zr,0
Ru,Ac,8
Ru,Ag,84
Ru,Al,126
Ru,Am,2
Ru,Ar,71
Ru,As,42
Ru,At,0
Ru,Au,98
Ru,B,1179
Ru,Ba,22
Ru,Be,6
Ru,Bh,0
Ru,Bi,43
Ru,Bk,0
Ru,Br,1197
Ru,C,36176
Ru,Ca,29
Ru,Cd,14
Ru,Ce,51
Ru,Cf,0
Ru,Cl,17523
Ru,Cm,2
Ru,Cn,0
Ru,Co,271
Ru,Cr,63
Ru,Cs,44
Ru,Cu,228
Ru,Db,0
Ru,Ds,0
Ru,Dy,8
Ru,Er,10
Ru,Es,4
Ru,Eu,9
Ru,F,5972
Ru,Fe,413
Ru,Fl,0
Ru,Fm,3
Ru,Fr,0
Ru,Ga,34
Ru,Gd,9
Ru,Ge,24
Ru,H,37356
Ru,He,1
Ru,Hf,16
Ru,Hg,20
Ru,Ho,4
Ru,Hs,0
Ru,I,766
Ru,In,29
Ru,Ir,394
Ru,K,348
Ru,Kr,0
Ru,La,63
Ru,Li,208
Ru,Lr,0
Ru,Lu,4
Ru,Lv,0
Ru,Mc,0
Ru,Md,1
Ru,Mg,52
Ru,Mn,132
Ru,Mo,115
Ru,Mt,0
Ru,N,26522
Ru,Na,414
Ru,Nb,34
Ru,Nd,21
Ru,Ne,0
Ru,Nh,0
Ru,Ni,196
Ru,No,0
Ru,Np,1
Ru,O,23345
Ru,Og,0
Ru,Os,226
Ru,P,11489
Ru,Pa,0
Ru,Pb,51
Ru,Pd,201
Ru,Pm,2
Ru,Po,4
Ru,Pr,33
Ru,Pt,381
Ru,Pu,2
Ru,Ra,1
Ru,Rb,28
Ru,Re,122
Ru,Rf,26
Ru,Rg,0
Ru,Rh,191
Ru,Rn,0
Ru,Ru,39255
Ru,S,7575
Ru,Sb,92
Ru,Sc,11
Ru,Se,78
Ru,Sg,2
Ru,Si,856
Ru,Sm,12
Ru,Sn,155
Ru,Sr,31
Ru,Ta,95
Ru,Tb,9
Ru,Tc,12
Ru,Te,24
Ru,Th,7
Ru,Ti,224
Ru,Tl,15
Ru,Tm,1
Ru,Ts,0
Ru,U,17
Ru,V,56
Ru,W,100
Ru,Xe,0
Ru,Y,195
Ru,Yb,7
Ru,Zn,109
Ru,Zr,83
S,Ac,1732
S,Ag,4286
S,Al,9315
S,Am,20
S,Ar,759
S,As,6722
S,At,155
S,Au,4314
S,B,245084
S,Ba,3989
S,Be,782
S,Bh,7
S,Bi,2380
S,Bk,11
S,Br,2388328
S,C,36283770
S,Ca,12219
S,Cd,1637
S,Ce,890
S,Cf,47
S,Cl,6845558
S,Cm,114
S,Cn,0
S,Co,6140
S,Cr,4797
S,Cs,3304
S,Cu,17712
S,Db,19
S,Ds,1
S,Dy,182
S,Er,183
S,Es,46
S,Eu,994
S,F,7067743
S,Fe,11883
S,Fl,0
S,Fm,378
S,Fr,20
S,Ga,1482
S,Gd,1094
S,Ge,7085
S,H,36299205
S,He,38
S,Hf,840
S,Hg,2933
S,Ho,160
S,Hs,16
S,I,613829
S,In,2084
S,Ir,33850
S,K,53926
S,Kr,3
S,La,612
S,Li,29320
S,Lr,108
S,Lu,311
S,Lv,0
S,Mc,0
S,Md,11
S,Mg,10007
S,Mn,4386
S,Mo,4526
S,Mt,38
S,N,33991401
S,Na,206703
S,Nb,280
S,Nd,323
S,Ne,11
S,Nh,0
S,Ni,8220
S,No,46
S,Np,37
S,O,32660900
S,Og,0
S,Os,1490
S,P,432705
S,Pa,33
S,Pb,2730
S,Pd,9385
S,Pm,48
S,Po,172
S,Pr,441
S,Pt,14072
S,Pu,32
S,Ra,26
S,Rb,1659
S,Re,1627
S,Rf,876
S,Rg,0
S,Rh,1895
S,Rn,11
S,Ru,7575
S,S,36318993
S,Sb,3961
S,Sc,477
S,Se,22590
S,Sg,3
S,Si,256610
S,Sm,309
S,Sn,23446
S,Sr,906
S,Ta,275
S,Tb,407
S,Tc,1675
S,Te,2983
S,Th,172
S,Ti,4317
S,Tl,1396
S,Tm,135
S,Ts,0
S,U,3884
S,V,5810
S,W,5747
S,Xe,40
S,Y,14494
S,Yb,522
S,Zn,17763
S,Zr,4323
Sb,Ac,1
Sb,Ag,234
Sb,Al,237
Sb,Am,2
Sb,Ar,0
Sb,As,404
Sb,At,0
Sb,Au,160
Sb,B,418
Sb,Ba,82
Sb,Be,22
Sb,Bh,0
Sb,Bi,436
Sb,Bk,0
Sb,Br,673
Sb,C,14466
Sb,Ca,120
Sb,Cd,88
Sb,Ce,65
Sb,Cf,0
Sb,Cl,2945
Sb,Cm,0
Sb,Cn,0
Sb,Co,167
Sb,Cr,162
Sb,Cs,72
Sb,Cu,308
Sb,Db,0
Sb,Ds,0
Sb,Dy,11
Sb,Er,11
Sb,Es,0
Sb,Eu,18
Sb,F,4117
Sb,Fe,326
Sb,Fl,0
Sb,Fm,2
Sb,Fr,0
Sb,Ga,143
Sb,Gd,15
Sb,Ge,270
Sb,H,16878
Sb,He,0
Sb,Hf,17
Sb,Hg,48
Sb,Ho,7
Sb,Hs,0
Sb,I,752
Sb,In,240
Sb,Ir,88
Sb,K,371
Sb,Kr,0
Sb,La,57
Sb,Li,192
Sb,Lr,0
Sb,Lu,5
Sb,Lv,0
Sb,Mc,0
Sb,Md,0
Sb,Mg,119
Sb,Mn,207
Sb,Mo,171
Sb,Mt,0
Sb,N,5027
Sb,Na,615
Sb,Nb,84
Sb,Nd,13
Sb,Ne,0
Sb,Nh,0
Sb,Ni,244
Sb,No,0
Sb,Np,0
Sb,O,10558
Sb,Og,0
Sb,Os,19
Sb,P,1430
Sb,Pa,0
Sb,Pb,334
Sb,Pd,128
Sb,Pm,0
Sb,Po,6
Sb,Pr,13
Sb,Pt,75
Sb,Pu,1
Sb,Ra,0
Sb,Rb,41
Sb,Re,19
Sb,Rf,2
Sb,Rg,0
Sb,Rh,137
Sb,Rn,0
Sb,Ru,92
Sb,S,3961
Sb,Sb,19105
Sb,Sc,40
Sb,Se,320
Sb,Sg,0
Sb,Si,581
Sb,Sm,11
Sb,Sn,527
Sb,Sr,34
Sb,Ta,66
Sb,Tb,8
Sb,Tc,11
Sb,Te,350
Sb,Th,6
Sb,Ti,258
Sb,Tl,31
Sb,Tm,7
Sb,Ts,0
Sb,U,30
Sb,V,126
Sb,W,120
Sb,Xe,2
Sb,Y,31
Sb,Yb,13
Sb,Zn,254
Sb,Zr,157
Sc,Ac,4
Sc,Ag,16
Sc,Al,216
Sc,Am,0
Sc,Ar,0
Sc,As,6
Sc,At,0
Sc,Au,11
Sc,B,120
Sc,Ba,33
Sc,Be,11
Sc,Bh,0
Sc,Bi,31
Sc,Bk,0
Sc,Br,68
Sc,C,2205
Sc,Ca,39
Sc,Cd,6
Sc,Ce,31
Sc,Cf,0
Sc,Cl,241
Sc,Cm,1
Sc,Cn,0
Sc,Co,44
Sc,Cr,47
Sc,Cs,12
Sc,Cu,48
Sc,Db,0
Sc,Ds,0
Sc,Dy,22
Sc,Er,41
Sc,Es,0
Sc,Eu,11
Sc,F,505
Sc,Fe,51
Sc,Fl,0
Sc,Fm,0
Sc,Fr,0
Sc,Ga,85
Sc,Gd,52
Sc,Ge,35
Sc,H,2748
Sc,He,0
Sc,Hf,24
Sc,Hg,13
Sc,Ho,26
Sc,Hs,1
Sc,I,72
Sc,In,51
Sc,Ir,13
Sc,K,37
Sc,Kr,0
Sc,La,90
Sc,Li,74
Sc,Lr,0
Sc,Lu,49
Sc,Lv,0
Sc,Mc,0
Sc,Md,0
Sc,Mg,87
Sc,Mn,65
Sc,Mo,33
Sc,Mt,0
Sc,N,1070
Sc,Na,107
Sc,Nb,45
Sc,Nd,38
Sc,Ne,0
Sc,Nh,0
Sc,Ni,48
Sc,No,0
Sc,Np,2
Sc,O,1975
Sc,Og,0
Sc,Os,5
Sc,P,196
Sc,Pa,0
Sc,Pb,57
Sc,Pd,16
Sc,Pm,7
Sc,Po,3
Sc,Pr,22
Sc,Pt,8
Sc,Pu,2
Sc,Ra,1
Sc,Rb,23
Sc,Re,17
Sc,Rf,0
Sc,Rg,0
Sc,Rh,13
Sc,Rn,1
Sc,Ru,11
Sc,S,477
Sc,Sb,40
Sc,Sc,3525
Sc,Se,16
Sc,Sg,0
Sc,Si,547
Sc,Sm,21
Sc,Sn,16
Sc,Sr,46
Sc,Ta,42
Sc,Tb,35
Sc,Tc,7
Sc,Te,12
Sc,Th,20
Sc,Ti,70
Sc,Tl,12
Sc,Tm,15
Sc,Ts,0
Sc,U,9
Sc,V,57
Sc,W,23
Sc,Xe,0
Sc,Y,136
Sc,Yb,25
Sc,Zn,49
Sc,Zr,98
Se,Ac,17
Se,Ag,289
Se,Al,209
Se,Am,1
Se,Ar,3
Se,As,315
Se,At,2
Se,Au,294
Se,B,4137
Se,Ba,192
Se,Be,39
Se,Bh,0
Se,Bi,218
Se,Bk,0
Se,Br,5125
Se,C,115187
Se,Ca,200
Se,Cd,384
Se,Ce,32
Se,Cf,0
Se,Cl,9787
Se,Cm,0
Se,Cn,0
Se,Co,232
Se,Cr,187
Se,Cs,51
Se,Cu,859
Se,Db,0
Se,Ds,0
Se,Dy,17
Se,Er,17
Se,Es,7
Se,Eu,20
Se,F,10435
Se,Fe,591
Se,Fl,0
Se,Fm,1
Se,Fr,0
Se,Ga,382
Se,Gd,15
Se,Ge,709
Se,H,117649
Se,He,5
Se,Hf,28
Se,Hg,219
Se,Ho,6
Se,Hs,0
Se,I,2224
Se,In,452
Se,Ir,1026
Se,K,608
Se,Kr,0
Se,La,30
Se,Li,527
Se,Lr,0
Se,Lu,5
Se,Lv,0
Se,Mc,0
Se,Md,0
Se,Mg,294
Se,Mn,219
Se,Mo,242
Se,Mt,0
Se,N,71912
Se,Na,1185
Se,Nb,62
Se,Nd,9
Se,Ne,0
Se,Nh,0
Se,Ni,290
Se,No,0
Se,Np,0
Se,O,77031
Se,Og,0
Se,Os,48
Se,P,7213
Se,Pa,0
Se,Pb,208
Se,Pd,136
Se,Pm,2
Se,Po,10
Se,Pr,9
Se,Pt,648
Se,Pu,1
Se,Ra,0
Se,Rb,52
Se,Re,81
Se,Rf,1
Se,Rg,0
Se,Rh,52
Se,Rn,0
Se,Ru,78
Se,S,22590
Se,Sb,320
Se,Sc,16
Se,Se,120337
Se,Sg,2
Se,Si,5276
Se,Sm,26
Se,Sn,790
Se,Sr,73
Se,Ta,37
Se,Tb,5
Se,Tc,10
Se,Te,1229
Se,Th,15
Se,Ti,137
Se,Tl,69
Se,Tm,7
Se,Ts,0
Se,U,38
Se,V,116
Se,W,159
Se,Xe,3
Se,Y,76
Se,Yb,16
Se,Zn,770
Se,Zr,61
Sg,Ac,0
Sg,Ag,0
Sg,Al,1
Sg,Am,0
Sg,Ar,0
Sg,As,0
Sg,At,0
Sg,Au,0
Sg,B,7
Sg,Ba,0
Sg,Be,0
Sg,Bh,0
Sg,Bi,0
Sg,Bk,0
Sg,Br,7
Sg,C,121
Sg,Ca,0
Sg,Cd,0
Sg,Ce,0
Sg,Cf,0
Sg,Cl,8
Sg,Cm,0
Sg,Cn,0
Sg,Co,0
Sg,Cr,0
Sg,Cs,0
Sg,Cu,0
Sg,Db,0
Sg,Ds,0
Sg,Dy,0
Sg,Er,0
Sg,Es,0
Sg,Eu,0
Sg,F,17
Sg,Fe,0
Sg,Fl,0
Sg,Fm,0
Sg,Fr,0
Sg,Ga,0
Sg,Gd,0
Sg,Ge,0
Sg,H,119
Sg,He,0
Sg,Hf,0
Sg,Hg,0
Sg,Ho,0
Sg,Hs,0
Sg,I,5
Sg,In,0
Sg,Ir,0
Sg,K,1
Sg,Kr,0
Sg,La,0
Sg,Li,2
Sg,Lr,0
Sg,Lu,0
Sg,Lv,0
Sg,Mc,0
Sg,Md,0
Sg,Mg,0
Sg,Mn,0
Sg,Mo,0
Sg,Mt,0
Sg,N,28
Sg,Na,0
Sg,Nb,0
Sg,Nd,0
Sg,Ne,0
Sg,Nh,0
Sg,Ni,0
Sg,No,0
Sg,Np,0
Sg,O,106
Sg,Og,0
Sg,Os,0
Sg,P,0
Sg,Pa,0
Sg,Pb,0
Sg,Pd,0
Sg,Pm,0
Sg,Po,0
Sg,Pr,0
Sg,Pt,0
Sg,Pu,0
Sg,Ra,0
Sg,Rb,0
Sg,Re,0
Sg,Rf,0
Sg,Rg,0
Sg,Rh,0
Sg,Rn,0
Sg,Ru,2
Sg,S,3
Sg,Sb,0
Sg,Sc,0
Sg,Se,2
Sg,Sg,137
Sg,Si,0
Sg,Sm,0
Sg,Sn,0
Sg,Sr,0
Sg,Ta,0
Sg,Tb,0
Sg,Tc,0
Sg,Te,0
Sg,Th,0
Sg,Ti,0
Sg,Tl,0
Sg,Tm,0
Sg,Ts,0
Sg,U,1
Sg,V,0
Sg,W,0
Sg,Xe,0
Sg,Y,2
Sg,Yb,0
Sg,Zn,1
Sg,Zr,0
Si,Ac,167
Si,Ag,558
Si,Al,6779
Si,Am,5
Si,Ar,133
Si,As,650
Si,At,9
Si,Au,798
Si,B,47790
Si,Ba,852
Si,Be,295
Si,Bh,0
Si,Bi,681
Si,Bk,4
Si,Br,85325
Si,C,1805054
Si,Ca,2443
Si,Cd,194
Si,Ce,415
Si,Cf,14
Si,Cl,207836
Si,Cm,10
Si,Cn,0
Si,Co,1798
Si,Cr,1919
Si,Cs,496
Si,Cu,2419
Si,Db,0
Si,Ds,0
Si,Dy,67
Si,Er,147
Si,Es,4
Si,Eu,147
Si,F,222746
Si,Fe,4109
Si,Fl,0
Si,Fm,20
Si,Fr,1
Si,Ga,536
Si,Gd,239
Si,Ge,5566
Si,H,1818349
Si,He,21
Si,Hf,5243
Si,Hg,464
Si,Ho,47
Si,Hs,0
Si,I,38852
Si,In,412
Si,Ir,29897
Si,K,4860
Si,Kr,1
Si,La,447
Si,Li,9442
Si,Lr,8
Si,Lu,305
Si,Lv,0
Si,Mc,0
Si,Md,0
Si,Mg,5597
Si,Mn,1358
Si,Mo,1029
Si,Mt,2
Si,N,1001259
Si,Na,8383
Si,Nb,417
Si,Nd,212
Si,Ne,3
Si,Nh,0
Si,Ni,1850
Si,No,8
Si,Np,2
Si,O,1469913
Si,Og,0
Si,Os,196
Si,P,57992
Si,Pa,2
Si,Pb,756
Si,Pd,2313
Si,Pm,4
Si,Po,48
Si,Pr,120
Si,Pt,8040
Si,Pu,6
Si,Ra,1
Si,Rb,170
Si,Re,151
Si,Rf,437
Si,Rg,0
Si,Rh,338
Si,Rn,0
Si,Ru,856
Si,S,256610
Si,Sb,581
Si,Sc,547
Si,Se,5276
Si,Sg,0
Si,Si,1825174
Si,Sm,242
Si,Sn,8178
Si,Sr,582
Si,Ta,421
Si,Tb,60
Si,Tc,12
Si,Te,967
Si,Th,126
Si,Ti,16593
Si,Tl,102
Si,Tm,45
Si,Ts,0
Si,U,811
Si,V,1488
Si,W,1485
Si,Xe,5
Si,Y,2420
Si,Yb,253
Si,Zn,3366
Si,Zr,34133
Sm,Ac,5
Sm,Ag,11
Sm,Al,76
Sm,Am,1
Sm,Ar,2
Sm,As,11
Sm,At,0
Sm,Au,9
Sm,B,92
Sm,Ba,60
Sm,Be,4
Sm,Bh,0
Sm,Bi,29
Sm,Bk,0
Sm,Br,45
Sm,C,2206
Sm,Ca,39
Sm,Cd,11
Sm,Ce,71
Sm,Cf,0
Sm,Cl,246
Sm,Cm,1
Sm,Cn,0
Sm,Co,118
Sm,Cr,26
Sm,Cs,8
Sm,Cu,89
Sm,Db,0
Sm,Ds,0
Sm,Dy,36
Sm,Er,29
Sm,Es,0
Sm,Eu,92
Sm,F,231
Sm,Fe,95
Sm,Fl,0
Sm,Fm,0
Sm,Fr,0
Sm,Ga,23
Sm,Gd,71
Sm,Ge,17
Sm,H,2592
Sm,He,1
Sm,Hf,8
Sm,Hg,5
Sm,Ho,25
Sm,Hs,0
Sm,I,218
Sm,In,28
Sm,Ir,9
Sm,K,48
Sm,Kr,0
Sm,La,63
Sm,Li,66
Sm,Lr,0
Sm,Lu,15
Sm,Lv,0
Sm,Mc,0
Sm,Md,0
Sm,Mg,31
Sm,Mn,35
Sm,Mo,21
Sm,Mt,0
Sm,N,1018
Sm,Na,56
Sm,Nb,6
Sm,Nd,105
Sm,Ne,1
Sm,Nh,0
Sm,Ni,63
Sm,No,0
Sm,Np,3
Sm,O,2092
Sm,Og,0
Sm,Os,4
Sm,P,159
Sm,Pa,0
Sm,Pb,9
Sm,Pd,8
Sm,Pm,19
Sm,Po,0
Sm,Pr,50
Sm,Pt,7
Sm,Pu,3
Sm,Ra,0
Sm,Rb,12
Sm,Re,4
Sm,Rf,0
Sm,Rg,0
Sm,Rh,4
Sm,Rn,0
Sm,Ru,12
Sm,S,309
Sm,Sb,11
Sm,Sc,21
Sm,Se,26
Sm,Sg,0
Sm,Si,242
Sm,Sm,3363
Sm,Sn,37
Sm,Sr,37
Sm,Ta,9
Sm,Tb,45
Sm,Tc,0
Sm,Te,3
Sm,Th,2
Sm,Ti,53
Sm,Tl,1
Sm,Tm,15
Sm,Ts,0
Sm,U,7
Sm,V,14
Sm,W,23
Sm,Xe,1
Sm,Y,57
Sm,Yb,21
Sm,Zn,27
Sm,Zr,37
Sn,Ac,13
Sn,Ag,430
Sn,Al,659
Sn,Am,1
Sn,Ar,21
Sn,As,135
Sn,At,11
Sn,Au,152
Sn,B,2691
Sn,Ba,118
Sn,Be,26
Sn,Bh,0
Sn,Bi,373
Sn,Bk,0
Sn,Br,8009
Sn,C,102244
Sn,Ca,206
Sn,Cd,252
Sn,Ce,124
Sn,Cf,0
Sn,Cl,13794
Sn,Cm,0
Sn,Cn,0
Sn,Co,306
Sn,Cr,242
Sn,Cs,99
Sn,Cu,1025
Sn,Db,0
Sn,Ds,0
Sn,Dy,17
Sn,Er,13
Sn,Es,0
Sn,Eu,15
Sn,F,10205
Sn,Fe,601
Sn,Fl,0
Sn,Fm,0
Sn,Fr,0
Sn,Ga,308
Sn,Gd,32
Sn,Ge,747
Sn,H,105723
Sn,He,4
Sn,Hf,96
Sn,Hg,104
Sn,Ho,13
Sn,Hs,0
Sn,I,3247
Sn,In,933
Sn,Ir,119
Sn,K,541
Sn,Kr,0
Sn,La,94
Sn,Li,887
Sn,Lr,0
Sn,Lu,7
Sn,Lv,0
Sn,Mc,0
Sn,Md,0
Sn,Mg,462
Sn,Mn,306
Sn,Mo,212
Sn,Mt,0
Sn,N,41426
Sn,Na,1027
Sn,Nb,171
Sn,Nd,35
Sn,Ne,4
Sn,Nh,0
Sn,Ni,518
Sn,No,0
Sn,Np,6
Sn,O,72443
Sn,Og,0
Sn,Os,18
Sn,P,4169
Sn,Pa,0
Sn,Pb,593
Sn,Pd,1232
Sn,Pm,1
Sn,Po,4
Sn,Pr,19
Sn,Pt,254
Sn,Pu,5
Sn,Ra,8
Sn,Rb,50
Sn,Re,65
Sn,Rf,4
Sn,Rg,0
Sn,Rh,40
Sn,Rn,1
Sn,Ru,155
Sn,S,23446
Sn,Sb,527
Sn,Sc,16
Sn,Se,790
Sn,Sg,0
Sn,Si,8178
Sn,Sm,37
Sn,Sn,109311
Sn,Sr,95
Sn,Ta,111
Sn,Tb,16
Sn,Tc,45
Sn,Te,203
Sn,Th,16
Sn,Ti,638
Sn,Tl,46
Sn,Tm,11
Sn,Ts,0
Sn,U,53
Sn,V,206
Sn,W,261
Sn,Xe,0
Sn,Y,146
Sn,Yb,27
Sn,Zn,1170
Sn,Zr,451
Sr,Ac,1
Sr,Ag,45
Sr,Al,486
Sr,Am,1
Sr,Ar,1
Sr,As,41
Sr,At,0
Sr,Au,17
Sr,B,346
Sr,Ba,702
Sr,Be,36
Sr,Bh,0
Sr,Bi,272
Sr,Bk,0
Sr,Br,100
Sr,C,3622
Sr,Ca,883
Sr,Cd,34
Sr,Ce,118
Sr,Cf,0
Sr,Cl,513
Sr,Cm,0
Sr,Cn,0
Sr,Co,233
Sr,Cr,129
Sr,Cs,52
Sr,Cu,251
Sr,Db,0
Sr,Ds,0
Sr,Dy,22
Sr,Er,6
Sr,Es,0
Sr,Eu,128
Sr,F,485
Sr,Fe,295
Sr,Fl,0
Sr,Fm,0
Sr,Fr,0
Sr,Ga,109
Sr,Gd,61
Sr,Ge,54
Sr,H,6059
Sr,He,1
Sr,Hf,28
Sr,Hg,26
Sr,Ho,10
Sr,Hs,0
Sr,I,107
Sr,In,39
Sr,Ir,20
Sr,K,203
Sr,Kr,0
Sr,La,474
Sr,Li,224
Sr,Lr,1
Sr,Lu,11
Sr,Lv,0
Sr,Mc,0
Sr,Md,0
Sr,Mg,437
Sr,Mn,328
Sr,Mo,74
Sr,Mt,0
Sr,N,1495
Sr,Na,265
Sr,Nb,147
Sr,Nd,50
Sr,Ne,1
Sr,Nh,0
Sr,Ni,108
Sr,No,0
Sr,Np,0
Sr,O,5942
Sr,Og,0
Sr,Os,5
Sr,P,724
Sr,Pa,0
Sr,Pb,171
Sr,Pd,19
Sr,Pm,0
Sr,Po,4
Sr,Pr,53
Sr,Pt,22
Sr,Pu,2
Sr,Ra,1
Sr,Rb,36
Sr,Re,7
Sr,Rf,0
Sr,Rg,0
Sr,Rh,16
Sr,Rn,0
Sr,Ru,31
Sr,S,906
Sr,Sb,34
Sr,Sc,46
Sr,Se,73
Sr,Sg,0
Sr,Si,582
Sr,Sm,37
Sr,Sn,95
Sr,Sr,8295
Sr,Ta,175
Sr,Tb,11
Sr,Tc,8
Sr,Te,27
Sr,Th,2
Sr,Ti,429
Sr,Tl,30
Sr,Tm,7
Sr,Ts,0
Sr,U,8
Sr,V,62
Sr,W,65
Sr,Xe,1
Sr,Y,135
Sr,Yb,23
Sr,Zn,314
Sr,Zr,178
Ta,Ac,5
Ta,Ag,44
Ta,Al,249
Ta,Am,0
Ta,Ar,2
Ta,As,17
Ta,At,0
Ta,Au,40
Ta,B,147
Ta,Ba,96
Ta,Be,22
Ta,Bh,0
Ta,Bi,134
Ta,Bk,0
Ta,Br,86
Ta,C,2907
Ta,Ca,67
Ta,Cd,17
Ta,Ce,50
Ta,Cf,1
Ta,Cl,647
Ta,Cm,0
Ta,Cn,0
Ta,Co,185
Ta,Cr,159
Ta,Cs,21
Ta,Cu,104
Ta,Db,0
Ta,Ds,0
Ta,Dy,7
Ta,Er,6
Ta,Es,0
Ta,Eu,3
Ta,F,382
Ta,Fe,142
Ta,Fl,0
Ta,Fm,3
Ta,Fr,0
Ta,Ga,52
Ta,Gd,15
Ta,Ge,41
Ta,H,3981
Ta,He,1
Ta,Hf,135
Ta,Hg,10
Ta,Ho,8
Ta,Hs,0
Ta,I,47
Ta,In,70
Ta,Ir,145
Ta,K,115
Ta,Kr,0
Ta,La,115
Ta,Li,183
Ta,Lr,0
Ta,Lu,14
Ta,Lv,0
Ta,Mc,0
Ta,Md,0
Ta,Mg,88
Ta,Mn,71
Ta,Mo,168
Ta,Mt,0
Ta,N,1580
Ta,Na,99
Ta,Nb,500
Ta,Nd,15
Ta,Ne,0
Ta,Nh,0
Ta,Ni,170
Ta,No,1
Ta,Np,0
Ta,O,2817
Ta,Og,0
Ta,Os,16
Ta,P,203
Ta,Pa,6
Ta,Pb,82
Ta,Pd,50
Ta,Pm,0
Ta,Po,3
Ta,Pr,6
Ta,Pt,94
Ta,Pu,0
Ta,Ra,0
Ta,Rb,36
Ta,Re,63
Ta,Rf,6
Ta,Rg,0
Ta,Rh,28
Ta,Rn,0
Ta,Ru,95
Ta,S,275
Ta,Sb,66
Ta,Sc,42
Ta,Se,37
Ta,Sg,0
Ta,Si,421
Ta,Sm,9
Ta,Sn,111
Ta,Sr,175
Ta,Ta,5739
Ta,Tb,50
Ta,Tc,22
Ta,Te,39
Ta,Th,13
Ta,Ti,390
Ta,Tl,14
Ta,Tm,4
Ta,Ts,0
Ta,U,19
Ta,V,87
Ta,W,265
Ta,Xe,0
Ta,Y,60
Ta,Yb,14
Ta,Zn,77
Ta,Zr,232
Tb,Ac,0
Tb,Ag,5
Tb,Al,76
Tb,Am,1
Tb,Ar,0
Tb,As,4
Tb,At,0
Tb,Au,5
Tb,B,119
Tb,Ba,22
Tb,Be,5
Tb,Bh,0
Tb,Bi,18
Tb,Bk,0
Tb,Br,48
Tb,C,1983
Tb,Ca,16
Tb,Cd,15
Tb,Ce,109
Tb,Cf,0
Tb,Cl,178
Tb,Cm,1
Tb,Cn,0
Tb,Co,81
Tb,Cr,39
Tb,Cs,6
Tb,Cu,50
Tb,Db,0
Tb,Ds,0
Tb,Dy,113
Tb,Er,42
Tb,Es,0
Tb,Eu,128
Tb,F,276
Tb,Fe,75
Tb,Fl,0
Tb,Fm,0
Tb,Fr,0
Tb,Ga,38
Tb,Gd,113
Tb,Ge,13
Tb,H,2325
Tb,He,0
Tb,Hf,15
Tb,Hg,8
Tb,Ho,51
Tb,Hs,0
Tb,I,47
Tb,In,24
Tb,Ir,27
Tb,K,35
Tb,Kr,0
Tb,La,76
Tb,Li,26
Tb,Lr,0
Tb,Lu,23
Tb,Lv,0
Tb,Mc,0
Tb,Md,0
Tb,Mg,40
Tb,Mn,36
Tb,Mo,13
Tb,Mt,0
Tb,N,1314
Tb,Na,30
Tb,Nb,9
Tb,Nd,43
Tb,Ne,0
Tb,Nh,0
Tb,Ni,49
Tb,No,1
Tb,Np,3
Tb,O,2224
Tb,Og,0
Tb,Os,3
Tb,P,188
Tb,Pa,0
Tb,Pb,5
Tb,Pd,6
Tb,Pm,14
Tb,Po,4
Tb,Pr,33
Tb,Pt,27
Tb,Pu,3
Tb,Ra,0
Tb,Rb,11
Tb,Re,22
Tb,Rf,3
Tb,Rg,0
Tb,Rh,10
Tb,Rn,0
Tb,Ru,9
Tb,S,407
Tb,Sb,8
Tb,Sc,35
Tb,Se,5
Tb,Sg,0
Tb,Si,60
Tb,Sm,45
Tb,Sn,16
Tb,Sr,11
Tb,Ta,50
Tb,Tb,3117
Tb,Tc,3
Tb,Te,10
Tb,Th,10
Tb,Ti,28
Tb,Tl,4
Tb,Tm,26
Tb,Ts,0
Tb,U,9
Tb,V,22
Tb,W,15
Tb,Xe,0
Tb,Y,106
Tb,Yb,35
Tb,Zn,43
Tb,Zr,26
Tc,Ac,3
Tc,Ag,9
Tc,Al,6
Tc,Am,0
Tc,Ar,1
Tc,As,24
Tc,At,0
Tc,Au,6
Tc,B,42
Tc,Ba,9
Tc,Be,5
Tc,Bh,0
Tc,Bi,6
Tc,Bk,0
Tc,Br,53
Tc,C,3302
Tc,Ca,9
Tc,Cd,5
Tc,Ce,0
Tc,Cf,0
Tc,Cl,418
Tc,Cm,0
Tc,Cn,0
Tc,Co,9
Tc,Cr,9
Tc,Cs,7
Tc,Cu,20
Tc,Db,0
Tc,Ds,0
Tc,Dy,2
Tc,Er,0
Tc,Es,0
Tc,Eu,0
Tc,F,174
Tc,Fe,19
Tc,Fl,0
Tc,Fm,0
Tc,Fr,0
Tc,Ga,8
Tc,Gd,5
Tc,Ge,16
Tc,H,3396
Tc,He,0
Tc,Hf,5
Tc,Hg,5
Tc,Ho,0
Tc,Hs,0
Tc,I,43
Tc,In,7
Tc,Ir,7
Tc,K,10
Tc,Kr,0
Tc,La,4
Tc,Li,13
Tc,Lr,0
Tc,Lu,2
Tc,Lv,0
Tc,Mc,0
Tc,Md,0
Tc,Mg,7
Tc,Mn,14
Tc,Mo,21
Tc,Mt,0
Tc,N,2843
Tc,Na,166
Tc,Nb,13
Tc,Nd,0
Tc,Ne,0
Tc,Nh,0
Tc,Ni,10
Tc,No,2
Tc,Np,1
Tc,O,3230
Tc,Og,0
Tc,Os,5
Tc,P,508
Tc,Pa,0
Tc,Pb,7
Tc,Pd,9
Tc,Pm,0
Tc,Po,5
Tc,Pr,0
Tc,Pt,5
Tc,Pu,2
Tc,Ra,0
Tc,Rb,9
Tc,Re,30
Tc,Rf,0
Tc,Rg,0
Tc,Rh,10
Tc,Rn,0
Tc,Ru,12
Tc,S,1675
Tc,Sb,11
Tc,Sc,7
Tc,Se,10
Tc,Sg,0
Tc,Si,12
Tc,Sm,0
Tc,Sn,45
Tc,Sr,8
Tc,Ta,22
Tc,Tb,3
Tc,Tc,3663
Tc,Te,4
Tc,Th,2
Tc,Ti,9
Tc,Tl,5
Tc,Tm,2
Tc,Ts,0
Tc,U,6
Tc,V,8
Tc,W,9
Tc,Xe,0
Tc,Y,18
Tc,Yb,0
Tc,Zn,6
Tc,Zr,11
Te,Ac,6
Te,Ag,129
Te,Al,100
Te,Am,0
Te,Ar,0
Te,As,128
Te,At,0
Te,Au,91
Te,B,581
Te,Ba,38
Te,Be,24
Te,Bh,0
Te,Bi,311
Te,Bk,0
Te,Br,1108
Te,C,17785
Te,Ca,32
Te,Cd,195
Te,Ce,8
Te,Cf,0
Te,Cl,1994
Te,Cm,0
Te,Cn,0
Te,Co,47
Te,Cr,58
Te,Cs,29
Te,Cu,166
Te,Db,0
Te,Ds,1
Te,Dy,4
Te,Er,15
Te,Es,1
Te,Eu,7
Te,F,1634
Te,Fe,113
Te,Fl,0
Te,Fm,0
Te,Fr,0
Te,Ga,81
Te,Gd,6
Te,Ge,463
Te,H,19319
Te,He,0
Te,Hf,20
Te,Hg,121
Te,Ho,3
Te,Hs,0
Te,I,819
Te,In,128
Te,Ir,149
Te,K,85
Te,Kr,0
Te,La,26
Te,Li,191
Te,Lr,0
Te,Lu,3
Te,Lv,0
Te,Mc,0
Te,Md,0
Te,Mg,62
Te,Mn,81
Te,Mo,112
Te,Mt,0
Te,N,6609
Te,Na,198
Te,Nb,54
Te,Nd,5
Te,Ne,0
Te,Nh,0
Te,Ni,60
Te,No,0
Te,Np,0
Te,O,11074
Te,Og,0
Te,Os,13
Te,P,694
Te,Pa,0
Te,Pb,175
Te,Pd,48
Te,Pm,0
Te,Po,7
Te,Pr,3
Te,Pt,187
Te,Pu,0
Te,Ra,2
Te,Rb,18
Te,Re,25
Te,Rf,0
Te,Rg,0
Te,Rh,23
Te,Rn,0
Te,Ru,24
Te,S,2983
Te,Sb,350
Te,Sc,12
Te,Se,1229
Te,Sg,0
Te,Si,967
Te,Sm,3
Te,Sn,203
Te,Sr,27
Te,Ta,39
Te,Tb,10
Te,Tc,4
Te,Te,20569
Te,Th,6
Te,Ti,71
Te,Tl,29
Te,Tm,9
Te,Ts,0
Te,U,14
Te,V,74
Te,W,125
Te,Xe,6
Te,Y,20
Te,Yb,7
Te,Zn,178
Te,Zr,39
Th,Ac,2
Th,Ag,4
Th,Al,27
Th,Am,1
Th,Ar,1
Th,As,11
Th,At,0
Th,Au,9
Th,B,50
Th,Ba,19
Th,Be,5
Th,Bh,0
Th,Bi,14
Th,Bk,0
Th,Br,34
Th,C,932
Th,Ca,8
Th,Cd,12
Th,Ce,31
Th,Cf,0
Th,Cl,149
Th,Cm,0
Th,Cn,0
Th,Co,32
Th,Cr,18
Th,Cs,9
Th,Cu,25
Th,Db,0
Th,Ds,0
Th,Dy,8
Th,Er,8
Th,Es,0
Th,Eu,4
Th,F,120
Th,Fe,38
Th,Fl,0
Th,Fm,0
Th,Fr,1
Th,Ga,12
Th,Gd,5
Th,Ge,7
Th,H,1192
Th,He,3
Th,Hf,14
Th,Hg,3
Th,Ho,9
Th,Hs,0
Th,I,45
Th,In,17
Th,Ir,16
Th,K,32
Th,Kr,0
Th,La,12
Th,Li,16
Th,Lr,0
Th,Lu,3
Th,Lv,0
Th,Mc,0
Th,Md,0
Th,Mg,18
Th,Mn,13
Th,Mo,17
Th,Mt,0
Th,N,407
Th,Na,53
Th,Nb,15
Th,Nd,9
Th,Ne,0
Th,Nh,0
Th,Ni,18
Th,No,0
Th,Np,1
Th,O,1017
Th,Og,0
Th,Os,4
Th,P,137
Th,Pa,1
Th,Pb,16
Th,Pd,5
Th,Pm,0
Th,Po,0
Th,Pr,0
Th,Pt,10
Th,Pu,13
Th,Ra,1
Th,Rb,5
Th,Re,9
Th,Rf,0
Th,Rg,0
Th,Rh,9
Th,Rn,3
Th,Ru,7
Th,S,172
Th,Sb,6
Th,Sc,20
Th,Se,15
Th,Sg,0
Th,Si,126
Th,Sm,2
Th,Sn,16
Th,Sr,2
Th,Ta,13
Th,Tb,10
Th,Tc,2
Th,Te,6
Th,Th,1733
Th,Ti,26
Th,Tl,6
Th,Tm,4
Th,Ts,0
Th,U,74
Th,V,18
Th,W,36
Th,Xe,0
Th,Y,14
Th,Yb,6
Th,Zn,18
Th,Zr,49
Ti,Ac,3
Ti,Ag,255
Ti,Al,2039
Ti,Am,0
Ti,Ar,6
Ti,As,76
Ti,At,3
Ti,Au,218
Ti,B,1099
Ti,Ba,697
Ti,Be,46
Ti,Bh,0
Ti,Bi,388
Ti,Bk,2
Ti,Br,1814
Ti,C,66990
Ti,Ca,658
Ti,Cd,63
Ti,Ce,290
Ti,Cf,0
Ti,Cl,30461
Ti,Cm,0
Ti,Cn,0
Ti,Co,575
Ti,Cr,709
Ti,Cs,61
Ti,Cu,749
Ti,Db,0
Ti,Ds,0
Ti,Dy,33
Ti,Er,39
Ti,Es,0
Ti,Eu,35
Ti,F,5867
Ti,Fe,996
Ti,Fl,0
Ti,Fm,4
Ti,Fr,0
Ti,Ga,114
Ti,Gd,38
Ti,Ge,267
Ti,H,72229
Ti,He,6
Ti,Hf,293
Ti,Hg,34
Ti,Ho,18
Ti,Hs,0
Ti,I,691
Ti,In,186
Ti,Ir,133
Ti,K,650
Ti,Kr,1
Ti,La,341
Ti,Li,979
Ti,Lr,0
Ti,Lu,22
Ti,Lv,0
Ti,Mc,0
Ti,Md,0
Ti,Mg,960
Ti,Mn,713
Ti,Mo,529
Ti,Mt,0
Ti,N,24475
Ti,Na,804
Ti,Nb,750
Ti,Nd,106
Ti,Ne,3
Ti,Nh,0
Ti,Ni,963
Ti,No,2
Ti,Np,2
Ti,O,42748
Ti,Og,0
Ti,Os,20
Ti,P,5709
Ti,Pa,0
Ti,Pb,527
Ti,Pd,158
Ti,Pm,4
Ti,Po,5
Ti,Pr,54
Ti,Pt,207
Ti,Pu,8
Ti,Ra,0
Ti,Rb,86
Ti,Re,46
Ti,Rf,0
Ti,Rg,0
Ti,Rh,46
Ti,Rn,0
Ti,Ru,224
Ti,S,4317
Ti,Sb,258
Ti,Sc,70
Ti,Se,137
Ti,Sg,0
Ti,Si,16593
Ti,Sm,53
Ti,Sn,638
Ti,Sr,429
Ti,Ta,390
Ti,Tb,28
Ti,Tc,9
Ti,Te,71
Ti,Th,26
Ti,Ti,77983
Ti,Tl,24
Ti,Tm,6
Ti,Ts,0
Ti,U,40
Ti,V,685
Ti,W,511
Ti,Xe,1
Ti,Y,163
Ti,Yb,17
Ti,Zn,778
Ti,Zr,1485
Tl,Ac,0
Tl,Ag,33
Tl,Al,32
Tl,Am,0
Tl,Ar,1
Tl,As,30
Tl,At,0
Tl,Au,21
Tl,B,228
Tl,Ba,39
Tl,Be,16
Tl,Bh,0
Tl,Bi,34
Tl,Bk,0
Tl,Br,333
Tl,C,5316
Tl,Ca,55
Tl,Cd,34
Tl,Ce,13
Tl,Cf,0
Tl,Cl,768
Tl,Cm,0
Tl,Cn,0
Tl,Co,17
Tl,Cr,29
Tl,Cs,21
Tl,Cu,64
Tl,Db,0
Tl,Ds,0
Tl,Dy,5
Tl,Er,4
Tl,Es,0
Tl,Eu,3
Tl,F,1239
Tl,Fe,29
Tl,Fl,0
Tl,Fm,0
Tl,Fr,0
Tl,Ga,43
Tl,Gd,7
Tl,Ge,31
Tl,H,5638
Tl,He,0
Tl,Hf,10
Tl,Hg,52
Tl,Ho,3
Tl,Hs,0
Tl,I,350
Tl,In,62
Tl,Ir,11
Tl,K,32
Tl,Kr,0
Tl,La,23
Tl,Li,42
Tl,Lr,0
Tl,Lu,1
Tl,Lv,0
Tl,Mc,0
Tl,Md,0
Tl,Mg,16
Tl,Mn,14
Tl,Mo,17
Tl,Mt,0
Tl,N,3259
Tl,Na,45
Tl,Nb,19
Tl,Nd,6
Tl,Ne,0
Tl,Nh,0
Tl,Ni,25
Tl,No,0
Tl,Np,0
Tl,O,4520
Tl,Og,0
Tl,Os,6
Tl,P,831
Tl,Pa,2
Tl,Pb,45
Tl,Pd,14
Tl,Pm,1
Tl,Po,3
Tl,Pr,2
Tl,Pt,14
Tl,Pu,1
Tl,Ra,0
Tl,Rb,13
Tl,Re,16
Tl,Rf,0
Tl,Rg,0
Tl,Rh,10
Tl,Rn,0
Tl,Ru,15
Tl,S,1396
Tl,Sb,31
Tl,Sc,12
Tl,Se,69
Tl,Sg,0
Tl,Si,102
Tl,Sm,1
Tl,Sn,46
Tl,Sr,30
Tl,Ta,14
Tl,Tb,4
Tl,Tc,5
Tl,Te,29
Tl,Th,6
Tl,Ti,24
Tl,Tl,6312
Tl,Tm,3
Tl,Ts,0
Tl,U,22
Tl,V,43
Tl,W,22
Tl,Xe,1
Tl,Y,21
Tl,Yb,2
Tl,Zn,32
Tl,Zr,13
Tm,Ac,0
Tm,Ag,2
Tm,Al,32
Tm,Am,0
Tm,Ar,0
Tm,As,3
Tm,At,0
Tm,Au,5
Tm,B,43
Tm,Ba,12
Tm,Be,2
Tm,Bh,0
Tm,Bi,14
Tm,Bk,0
Tm,Br,20
Tm,C,684
Tm,Ca,8
Tm,Cd,4
Tm,Ce,7
Tm,Cf,0
Tm,Cl,86
Tm,Cm,0
Tm,Cn,0
Tm,Co,11
Tm,Cr,12
Tm,Cs,2
Tm,Cu,8
Tm,Db,0
Tm,Ds,0
Tm,Dy,38
Tm,Er,76
Tm,Es,0
Tm,Eu,16
Tm,F,126
Tm,Fe,17
Tm,Fl,0
Tm,Fm,0
Tm,Fr,0
Tm,Ga,8
Tm,Gd,29
Tm,Ge,12
Tm,H,887
Tm,He,0
Tm,Hf,5
Tm,Hg,6
Tm,Ho,72
Tm,Hs,0
Tm,I,39
Tm,In,18
Tm,Ir,0
Tm,K,11
Tm,Kr,0
Tm,La,16
Tm,Li,21
Tm,Lr,0
Tm,Lu,25
Tm,Lv,0
Tm,Mc,0
Tm,Md,0
Tm,Mg,11
Tm,Mn,13
Tm,Mo,3
Tm,Mt,0
Tm,N,411
Tm,Na,13
Tm,Nb,5
Tm,Nd,19
Tm,Ne,0
Tm,Nh,0
Tm,Ni,14
Tm,No,0
Tm,Np,2
Tm,O,797
Tm,Og,0
Tm,Os,1
Tm,P,80
Tm,Pa,0
Tm,Pb,5
Tm,Pd,2
Tm,Pm,10
Tm,Po,1
Tm,Pr,10
Tm,Pt,2
Tm,Pu,2
Tm,Ra,0
Tm,Rb,0
Tm,Re,0
Tm,Rf,0
Tm,Rg,0
Tm,Rh,3
Tm,Rn,0
Tm,Ru,1
Tm,S,135
Tm,Sb,7
Tm,Sc,15
Tm,Se,7
Tm,Sg,0
Tm,Si,45
Tm,Sm,15
Tm,Sn,11
Tm,Sr,7
Tm,Ta,4
Tm,Tb,26
Tm,Tc,2
Tm,Te,9
Tm,Th,4
Tm,Ti,6
Tm,Tl,3
Tm,Tm,1275
Tm,Ts,0
Tm,U,3
Tm,V,17
Tm,W,6
Tm,Xe,0
Tm,Y,59
Tm,Yb,55
Tm,Zn,6
Tm,Zr,14
Ts,Ac,0
Ts,Ag,0
Ts,Al,0
Ts,Am,0
Ts,Ar,0
Ts,As,0
Ts,At,0
Ts,Au,0
Ts,B,0
Ts,Ba,0
Ts,Be,0
Ts,Bh,0
Ts,Bi,0
Ts,Bk,0
Ts,Br,0
Ts,C,0
Ts,Ca,0
Ts,Cd,0
Ts,Ce,0
Ts,Cf,0
Ts,Cl,0
Ts,Cm,0
Ts,Cn,0
Ts,Co,0
Ts,Cr,0
Ts,Cs,0
Ts,Cu,0
Ts,Db,0
Ts,Ds,0
Ts,Dy,0
Ts,Er,0
Ts,Es,0
Ts,Eu,0
Ts,F,0
Ts,Fe,0
Ts,Fl,0
Ts,Fm,0
Ts,Fr,0
Ts,Ga,0
Ts,Gd,0
Ts,Ge,0
Ts,H,0
Ts,He,0
Ts,Hf,0
Ts,Hg,0
Ts,Ho,0
Ts,Hs,0
Ts,I,0
Ts,In,0
Ts,Ir,0
Ts,K,0
Ts,Kr,0
Ts,La,0
Ts,Li,0
Ts,Lr,0
Ts,Lu,0
Ts,Lv,0
Ts,Mc,0
Ts,Md,0
Ts,Mg,0
Ts,Mn,0
Ts,Mo,0
Ts,Mt,0
Ts,N,0
Ts,Na,0
Ts,Nb,0
Ts,Nd,0
Ts,Ne,0
Ts,Nh,0
Ts,Ni,0
Ts,No,0
Ts,Np,0
Ts,O,0
Ts,Og,0
Ts,Os,0
Ts,P,0
Ts,Pa,0
Ts,Pb,0
Ts,Pd,0
Ts,Pm,0
Ts,Po,0
Ts,Pr,0
Ts,Pt,0
Ts,Pu,0
Ts,Ra,0
Ts,Rb,0
Ts,Re,0
Ts,Rf,0
Ts,Rg,0
Ts,Rh,0
Ts,Rn,0
Ts,Ru,0
Ts,S,0
Ts,Sb,0
Ts,Sc,0
Ts,Se,0
Ts,Sg,0
Ts,Si,0
Ts,Sm,0
Ts,Sn,0
Ts,Sr,0
Ts,Ta,0
Ts,Tb,0
Ts,Tc,0
Ts,Te,0
Ts,Th,0
Ts,Ti,0
Ts,Tl,0
Ts,Tm,0
Ts,Ts,3
Ts,U,0
Ts,V,0
Ts,W,0
Ts,Xe,0
Ts,Y,0
Ts,Yb,0
Ts,Zn,0
Ts,Zr,0
U,Ac,21
U,Ag,14
U,Al,109
U,Am,10
U,Ar,36
U,As,35
U,At,3
U,Au,17
U,B,2957
U,Ba,37
U,Be,10
U,Bh,1
U,Bi,17
U,Bk,0
U,Br,1115
U,C,20160
U,Ca,54
U,Cd,14
U,Ce,16
U,Cf,0
U,Cl,2980
U,Cm,3
U,Cn,0
U,Co,31
U,Cr,24
U,Cs,73
U,Cu,89
U,Db,1
U,Ds,0
U,Dy,8
U,Er,8
U,Es,1
U,Eu,5
U,F,4216
U,Fe,91
U,Fl,0
U,Fm,3
U,Fr,0
U,Ga,11
U,Gd,24
U,Ge,15
U,H,20768
U,He,4
U,Hf,14
U,Hg,13
U,Ho,7
U,Hs,0
U,I,1120
U,In,15
U,Ir,12
U,K,405
U,Kr,0
U,La,5
U,Li,256
U,Lr,2
U,Lu,3
U,Lv,0
U,Mc,0
U,Md,0
U,Mg,65
U,Mn,46
U,Mo,71
U,Mt,4
U,N,15076
U,Na,426
U,Nb,40
U,Nd,18
U,Ne,0
U,Nh,0
U,Ni,51
U,No,1
U,Np,17
U,O,16452
U,Og,0
U,Os,22
U,P,1879
U,Pa,0
U,Pb,51
U,Pd,112
U,Pm,3
U,Po,3
U,Pr,5
U,Pt,55
U,Pu,67
U,Ra,3
U,Rb,29
U,Re,29
U,Rf,16
U,Rg,0
U,Rh,16
U,Rn,3
U,Ru,17
U,S,3884
U,Sb,30
U,Sc,9
U,Se,38
U,Sg,1
U,Si,811
U,Sm,7
U,Sn,53
U,Sr,8
U,Ta,19
U,Tb,9
U,Tc,6
U,Te,14
U,Th,74
U,Ti,40
U,Tl,22
U,Tm,3
U,Ts,0
U,U,21879
U,V,1455
U,W,785
U,Xe,1
U,Y,555
U,Yb,12
U,Zn,63
U,Zr,62
V,Ac,20
V,Ag,166
V,Al,524
V,Am,0
V,Ar,40
V,As,51
V,At,0
V,Au,56
V,B,2079
V,Ba,93
V,Be,25
V,Bh,0
V,Bi,310
V,Bk,0
V,Br,2118
V,C,33688
V,Ca,201
V,Cd,38
V,Ce,80
V,Cf,1
V,Cl,5899
V,Cm,0
V,Cn,0
V,Co,314
V,Cr,413
V,Cs,87
V,Cu,349
V,Db,0
V,Ds,0
V,Dy,14
V,Er,27
V,Es,1
V,Eu,37
V,F,4474
V,Fe,677
V,Fl,0
V,Fm,0
V,Fr,0
V,Ga,63
V,Gd,40
V,Ge,68
V,H,36811
V,He,4
V,Hf,49
V,Hg,17
V,Ho,14
V,Hs,1
V,I,7778
V,In,72
V,Ir,112
V,K,784
V,Kr,1
V,La,61
V,Li,623
V,Lr,0
V,Lu,8
V,Lv,0
V,Mc,0
V,Md,0
V,Mg,252
V,Mn,399
V,Mo,664
V,Mt,0
V,N,23047
V,Na,922
V,Nb,237
V,Nd,44
V,Ne,0
V,Nh,0
V,Ni,450
V,No,11
V,Np,2
V,O,28371
V,Og,0
V,Os,19
V,P,4034
V,Pa,3
V,Pb,94
V,Pd,111
V,Pm,6
V,Po,4
V,Pr,24
V,Pt,81
V,Pu,4
V,Ra,0
V,Rb,67
V,Re,48
V,Rf,40
V,Rg,0
V,Rh,29
V,Rn,0
V,Ru,56
V,S,5810
V,Sb,126
V,Sc,57
V,Se,116
V,Sg,0
V,Si,1488
V,Sm,14
V,Sn,206
V,Sr,62
V,Ta,87
V,Tb,22
V,Tc,8
V,Te,74
V,Th,18
V,Ti,685
V,Tl,43
V,Tm,17
V,Ts,0
V,U,1455
V,V,39871
V,W,2524
V,Xe,4
V,Y,1790
V,Yb,61
V,Zn,264
V,Zr,264
W,Ac,19
W,Ag,122
W,Al,274
W,Am,1
W,Ar,113
W,As,56
W,At,0
W,Au,112
W,B,2117
W,Ba,151
W,Be,23
W,Bh,0
W,Bi,141
W,Bk,1
W,Br,1608
W,C,38819
W,Ca,133
W,Cd,52
W,Ce,111
W,Cf,0
W,Cl,3704
W,Cm,6
W,Cn,0
W,Co,497
W,Cr,303
W,Cs,122
W,Cu,364
W,Db,0
W,Ds,0
W,Dy,12
W,Er,15
W,Es,1
W,Eu,20
W,F,3848
W,Fe,498
W,Fl,0
W,Fm,4
W,Fr,0
W,Ga,26
W,Gd,32
W,Ge,122
W,H,41224
W,He,1
W,Hf,86
W,Hg,25
W,Ho,11
W,Hs,0
W,I,941
W,In,88
W,Ir,64
W,K,584
W,Kr,1
W,La,82
W,Li,214
W,Lr,0
W,Lu,14
W,Lv,0
W,Mc,0
W,Md,0
W,Mg,155
W,Mn,249
W,Mo,1176
W,Mt,2
W,N,25958
W,Na,514
W,Nb,270
W,Nd,20
W,Ne,1
W,Nh,0
W,Ni,654
W,No,1
W,Np,0
W,O,29423
W,Og,0
W,Os,79
W,P,4097
W,Pa,1
W,Pb,143
W,Pd,119
W,Pm,3
W,Po,3
W,Pr,10
W,Pt,150
W,Pu,1
W,Ra,13
W,Rb,180
W,Re,160
W,Rf,56
W,Rg,0
W,Rh,51
W,Rn,0
W,Ru,100
W,S,5747
W,Sb,120
W,Sc,23
W,Se,159
W,Sg,0
W,Si,1485
W,Sm,23
W,Sn,261
W,Sr,65
W,Ta,265
W,Tb,15
W,Tc,9
W,Te,125
W,Th,36
W,Ti,511
W,Tl,22
W,Tm,6
W,Ts,0
W,U,785
W,V,2524
W,W,44325
W,Xe,4
W,Y,4583
W,Yb,19
W,Zn,152
W,Zr,249
Xe,Ac,0
Xe,Ag,1
Xe,Al,1
Xe,Am,0
Xe,Ar,22
Xe,As,0
Xe,At,0
Xe,Au,2
Xe,B,14
Xe,Ba,2
Xe,Be,1
Xe,Bh,0
Xe,Bi,0
Xe,Bk,0
Xe,Br,17
Xe,C,371
Xe,Ca,0
Xe,Cd,2
Xe,Ce,0
Xe,Cf,0
Xe,Cl,25
Xe,Cm,0
Xe,Cn,0
Xe,Co,0
Xe,Cr,0
Xe,Cs,3
Xe,Cu,3
Xe,Db,0
Xe,Ds,0
Xe,Dy,2
Xe,Er,0
Xe,Es,0
Xe,Eu,0
Xe,F,146
Xe,Fe,1
Xe,Fl,0
Xe,Fm,0
Xe,Fr,0
Xe,Ga,1
Xe,Gd,0
Xe,Ge,0
Xe,H,402
Xe,He,14
Xe,Hf,0
Xe,Hg,3
Xe,Ho,0
Xe,Hs,0
Xe,I,27
Xe,In,3
Xe,Ir,0
Xe,K,4
Xe,Kr,19
Xe,La,7
Xe,Li,3
Xe,Lr,0
Xe,Lu,0
Xe,Lv,0
Xe,Mc,0
Xe,Md,0
Xe,Mg,2
Xe,Mn,0
Xe,Mo,1
Xe,Mt,0
Xe,N,177
Xe,Na,9
Xe,Nb,0
Xe,Nd,0
Xe,Ne,14
Xe,Nh,0
Xe,Ni,0
Xe,No,0
Xe,Np,0
Xe,O,205
Xe,Og,0
Xe,Os,0
Xe,P,18
Xe,Pa,0
Xe,Pb,1
Xe,Pd,1
Xe,Pm,1
Xe,Po,0
Xe,Pr,0
Xe,Pt,3
Xe,Pu,0
Xe,Ra,0
Xe,Rb,4
Xe,Re,15
Xe,Rf,1
Xe,Rg,0
Xe,Rh,0
Xe,Rn,5
Xe,Ru,0
Xe,S,40
Xe,Sb,2
Xe,Sc,0
Xe,Se,3
Xe,Sg,0
Xe,Si,5
Xe,Sm,1
Xe,Sn,0
Xe,Sr,1
Xe,Ta,0
Xe,Tb,0
Xe,Tc,0
Xe,Te,6
Xe,Th,0
Xe,Ti,1
Xe,Tl,1
Xe,Tm,0
Xe,Ts,0
Xe,U,1
Xe,V,4
Xe,W,4
Xe,Xe,588
Xe,Y,1
Xe,Yb,4
Xe,Zn,6
Xe,Zr,0
Y,Ac,31
Y,Ag,56
Y,Al,588
Y,Am,59
Y,Ar,174
Y,As,28
Y,At,3
Y,Au,47
Y,B,5223
Y,Ba,245
Y,Be,19
Y,Bh,0
Y,Bi,64
Y,Bk,2
Y,Br,3137
Y,C,94327
Y,Ca,190
Y,Cd,33
Y,Ce,220
Y,Cf,0
Y,Cl,6487
Y,Cm,9
Y,Cn,0
Y,Co,178
Y,Cr,146
Y,Cs,54
Y,Cu,252
Y,Db,1
Y,Ds,0
Y,Dy,46
Y,Er,125
Y,Es,2
Y,Eu,141
Y,F,9646
Y,Fe,236
Y,Fl,0
Y,Fm,9
Y,Fr,0
Y,Ga,103
Y,Gd,244
Y,Ge,74
Y,H,95877
Y,He,0
Y,Hf,54
Y,Hg,11
Y,Ho,81
Y,Hs,0
Y,I,2670
Y,In,77
Y,Ir,631
Y,K,571
Y,Kr,0
Y,La,247
Y,Li,357
Y,Lr,2
Y,Lu,128
Y,Lv,0
Y,Mc,0
Y,Md,1
Y,Mg,235
Y,Mn,150
Y,Mo,73
Y,Mt,2
Y,N,63485
Y,Na,504
Y,Nb,81
Y,Nd,146
Y,Ne,1
Y,Nh,0
Y,Ni,183
Y,No,1
Y,Np,1
Y,O,66075
Y,Og,0
Y,Os,12
Y,P,5754
Y,Pa,4
Y,Pb,40
Y,Pd,142
Y,Pm,5
Y,Po,8
Y,Pr,50
Y,Pt,293
Y,Pu,4
Y,Ra,74
Y,Rb,311
Y,Re,173
Y,Rf,138
Y,Rg,0
Y,Rh,61
Y,Rn,2
Y,Ru,195
Y,S,14494
Y,Sb,31
Y,Sc,136
Y,Se,76
Y,Sg,2
Y,Si,2420
Y,Sm,57
Y,Sn,146
Y,Sr,135
Y,Ta,60
Y,Tb,106
Y,Tc,18
Y,Te,20
Y,Th,14
Y,Ti,163
Y,Tl,21
Y,Tm,59
Y,Ts,0
Y,U,555
Y,V,1790
Y,W,4583
Y,Xe,1
Y,Y,98196
Y,Yb,123
Y,Zn,219
Y,Zr,344
Yb,Ac,0
Yb,Ag,10
Yb,Al,69
Yb,Am,0
Yb,Ar,0
Yb,As,9
Yb,At,0
Yb,Au,5
Yb,B,92
Yb,Ba,29
Yb,Be,3
Yb,Bh,0
Yb,Bi,14
Yb,Bk,1
Yb,Br,62
Yb,C,2237
Yb,Ca,32
Yb,Cd,8
Yb,Ce,43
Yb,Cf,0
Yb,Cl,171
Yb,Cm,0
Yb,Cn,0
Yb,Co,19
Yb,Cr,12
Yb,Cs,4
Yb,Cu,32
Yb,Db,0
Yb,Ds,0
Yb,Dy,38
Yb,Er,117
Yb,Es,0
Yb,Eu,28
Yb,F,460
Yb,Fe,22
Yb,Fl,0
Yb,Fm,0
Yb,Fr,0
Yb,Ga,23
Yb,Gd,51
Yb,Ge,23
Yb,H,2574
Yb,He,1
Yb,Hf,11
Yb,Hg,1
Yb,Ho,49
Yb,Hs,0
Yb,I,83
Yb,In,25
Yb,Ir,4
Yb,K,38
Yb,Kr,0
Yb,La,39
Yb,Li,61
Yb,Lr,0
Yb,Lu,41
Yb,Lv,0
Yb,Mc,0
Yb,Md,0
Yb,Mg,34
Yb,Mn,28
Yb,Mo,9
Yb,Mt,0
Yb,N,1315
Yb,Na,66
Yb,Nb,24
Yb,Nd,55
Yb,Ne,0
Yb,Nh,0
Yb,Ni,27
Yb,No,0
Yb,Np,0
Yb,O,2156
Yb,Og,0
Yb,Os,3
Yb,P,154
Yb,Pa,0
Yb,Pb,14
Yb,Pd,10
Yb,Pm,6
Yb,Po,0
Yb,Pr,30
Yb,Pt,11
Yb,Pu,0
Yb,Ra,0
Yb,Rb,19
Yb,Re,6
Yb,Rf,0
Yb,Rg,0
Yb,Rh,7
Yb,Rn,0
Yb,Ru,7
Yb,S,522
Yb,Sb,13
Yb,Sc,25
Yb,Se,16
Yb,Sg,0
Yb,Si,253
Yb,Sm,21
Yb,Sn,27
Yb,Sr,23
Yb,Ta,14
Yb,Tb,35
Yb,Tc,0
Yb,Te,7
Yb,Th,6
Yb,Ti,17
Yb,Tl,2
Yb,Tm,55
Yb,Ts,0
Yb,U,12
Yb,V,61
Yb,W,19
Yb,Xe,4
Yb,Y,123
Yb,Yb,3286
Yb,Zn,30
Yb,Zr,38
Zn,Ac,20
Zn,Ag,563
Zn,Al,2019
Zn,Am,2
Zn,Ar,12
Zn,As,204
Zn,At,0
Zn,Au,223
Zn,B,2091
Zn,Ba,449
Zn,Be,452
Zn,Bh,0
Zn,Bi,415
Zn,Bk,1
Zn,Br,8585
Zn,C,64003
Zn,Ca,1360
Zn,Cd,707
Zn,Ce,144
Zn,Cf,1
Zn,Cl,12539
Zn,Cm,1
Zn,Cn,0
Zn,Co,835
Zn,Cr,571
Zn,Cs,72
Zn,Cu,2382
Zn,Db,0
Zn,Ds,0
Zn,Dy,52
Zn,Er,35
Zn,Es,0
Zn,Eu,52
Zn,F,6518
Zn,Fe,1508
Zn,Fl,0
Zn,Fm,0
Zn,Fr,0
Zn,Ga,497
Zn,Gd,68
Zn,Ge,335
Zn,H,70169
Zn,He,1
Zn,Hf,64
Zn,Hg,205
Zn,Ho,15
Zn,Hs,0
Zn,I,3910
Zn,In,898
Zn,Ir,115
Zn,K,851
Zn,Kr,1
Zn,La,175
Zn,Li,1141
Zn,Lr,0
Zn,Lu,8
Zn,Lv,0
Zn,Mc,0
Zn,Md,0
Zn,Mg,1848
Zn,Mn,1338
Zn,Mo,433
Zn,Mt,0
Zn,N,37554
Zn,Na,1724
Zn,Nb,142
Zn,Nd,79
Zn,Ne,0
Zn,Nh,0
Zn,Ni,966
Zn,No,0
Zn,Np,0
Zn,O,52278
Zn,Og,0
Zn,Os,16
Zn,P,6314
Zn,Pa,0
Zn,Pb,686
Zn,Pd,486
Zn,Pm,1
Zn,Po,4
Zn,Pr,27
Zn,Pt,179
Zn,Pu,1
Zn,Ra,1
Zn,Rb,38
Zn,Re,41
Zn,Rf,1
Zn,Rg,0
Zn,Rh,45
Zn,Rn,1
Zn,Ru,109
Zn,S,17763
Zn,Sb,254
Zn,Sc,49
Zn,Se,770
Zn,Sg,1
Zn,Si,3366
Zn,Sm,27
Zn,Sn,1170
Zn,Sr,314
Zn,Ta,77
Zn,Tb,43
Zn,Tc,6
Zn,Te,178
Zn,Th,18
Zn,Ti,778
Zn,Tl,32
Zn,Tm,6
Zn,Ts,0
Zn,U,63
Zn,V,264
Zn,W,152
Zn,Xe,6
Zn,Y,219
Zn,Yb,30
Zn,Zn,76233
Zn,Zr,382
Zr,Ac,4
Zr,Ag,124
Zr,Al,1485
Zr,Am,1
Zr,Ar,8
Zr,As,156
Zr,At,0
Zr,Au,63
Zr,B,1443
Zr,Ba,376
Zr,Be,52
Zr,Bh,0
Zr,Bi,198
Zr,Bk,0
Zr,Br,3303
Zr,C,99286
Zr,Ca,337
Zr,Cd,58
Zr,Ce,457
Zr,Cf,2
Zr,Cl,64242
Zr,Cm,1
Zr,Cn,0
Zr,Co,337
Zr,Cr,326
Zr,Cs,39
Zr,Cu,387
Zr,Db,0
Zr,Ds,0
Zr,Dy,28
Zr,Er,44
Zr,Es,0
Zr,Eu,19
Zr,F,7840
Zr,Fe,509
Zr,Fl,0
Zr,Fm,0
Zr,Fr,0
Zr,Ga,136
Zr,Gd,62
Zr,Ge,1306
Zr,H,102737
Zr,He,3
Zr,Hf,1009
Zr,Hg,14
Zr,Ho,20
Zr,Hs,0
Zr,I,860
Zr,In,218
Zr,Ir,63
Zr,K,296
Zr,Kr,0
Zr,La,427
Zr,Li,502
Zr,Lr,0
Zr,Lu,22
Zr,Lv,0
Zr,Mc,0
Zr,Md,0
Zr,Mg,467
Zr,Mn,297
Zr,Mo,277
Zr,Mt,0
Zr,N,18240
Zr,Na,523
Zr,Nb,407
Zr,Nd,108
Zr,Ne,1
Zr,Nh,0
Zr,Ni,410
Zr,No,1
Zr,Np,0
Zr,O,30668
Zr,Og,0
Zr,Os,12
Zr,P,4394
Zr,Pa,0
Zr,Pb,359
Zr,Pd,76
Zr,Pm,1
Zr,Po,3
Zr,Pr,93
Zr,Pt,107
Zr,Pu,8
Zr,Ra,0
Zr,Rb,46
Zr,Re,31
Zr,Rf,0
Zr,Rg,0
Zr,Rh,52
Zr,Rn,0
Zr,Ru,83
Zr,S,4323
Zr,Sb,157
Zr,Sc,98
Zr,Se,61
Zr,Sg,0
Zr,Si,34133
Zr,Sm,37
Zr,Sn,451
Zr,Sr,178
Zr,Ta,232
Zr,Tb,26
Zr,Tc,11
Zr,Te,39
Zr,Th,49
Zr,Ti,1485
Zr,Tl,13
Zr,Tm,14
Zr,Ts,0
Zr,U,62
Zr,V,264
Zr,W,249
Zr,Xe,0
Zr,Y,344
Zr,Yb,38
Zr,Zn,382
Zr,Zr,106659
