row_element,column_element,cooccurrence_count,row_element_count,conditional_probability
Ac,Ac,9776,9776,1.0
Ac,Ag,19,9776,0.0019435351882160392
Ac,Al,5,9776,0.0005114566284779051
Ac,Am,4,9776,0.0004091653027823241
Ac,Ar,5,9776,0.0005114566284779051
Ac,As,0,9776,0.0
Ac,At,0,9776,0.0
Ac,Au,32,9776,0.0032733224222585926
Ac,B,263,9776,0.026902618657937808
Ac,Ba,2,9776,0.00020458265139116204
Ac,Be,3,9776,0.00030687397708674305
Ac,Bh,0,9776,0.0
Ac,Bi,1,9776,0.00010229132569558102
Ac,Bk,0,9776,0.0
Ac,Br,460,9776,0.04705400981996727
Ac,C,9620,9776,0.9840425531914894
Ac,Ca,1,9776,0.00010229132569558102
Ac,Cd,1,9776,0.00010229132569558102
Ac,Ce,5,9776,0.0005114566284779051
Ac,Cf,0,9776,0.0
Ac,Cl,935,9776,0.09564238952536824
Ac,Cm,2,9776,0.00020458265139116204
Ac,Cn,0,9776,0.0
Ac,Co,19,9776,0.0019435351882160392
Ac,Cr,5,9776,0.0005114566284779051
Ac,Cs,12,9776,0.0012274959083469722
Ac,Cu,20,9776,0.0020458265139116204
Ac,Db,0,9776,0.0
Ac,Ds,0,9776,0.0
Ac,Dy,0,9776,0.0
Ac,Er,0,9776,0.0
Ac,Es,2,9776,0.00020458265139116204
Ac,Eu,0,9776,0.0
Ac,F,749,9776,0.07661620294599018
Ac,Fe,8,9776,0.0008183306055646482
Ac,Fl,0,9776,0.0
Ac,Fm,0,9776,0.0
Ac,Fr,0,9776,0.0
Ac,Ga,7,9776,0.0007160392798690671
Ac,Gd,9,9776,0.0009206219312602291
Ac,Ge,1,9776,0.00010229132569558102
Ac,H,9684,9776,0.9905891980360065
Ac,He,0,9776,0.0
Ac,Hf,4,9776,0.0004091653027823241
Ac,Hg,20,9776,0.0020458265139116204
Ac,Ho,0,9776,0.0
Ac,Hs,0,9776,0.0
Ac,I,248,9776,0.02536824877250409
Ac,In,4,9776,0.0004091653027823241
Ac,Ir,3,9776,0.00030687397708674305
Ac,K,54,9776,0.005523731587561375
Ac,Kr,0,9776,0.0
Ac,La,6,9776,0.0006137479541734861
Ac,Li,29,9776,0.0029664484451718495
Ac,Lr,0,9776,0.0
Ac,Lu,6,9776,0.0006137479541734861
Ac,Lv,0,9776,0.0
Ac,Mc,0,9776,0.0
Ac,Md,0,9776,0.0
Ac,Mg,12,9776,0.0012274959083469722
Ac,Mn,16,9776,0.0016366612111292963
Ac,Mo,2,9776,0.00020458265139116204
Ac,Mt,0,9776,0.0
Ac,N,6754,9776,0.6908756137479541
Ac,Na,210,9776,0.021481178396072012
Ac,Nb,5,9776,0.0005114566284779051
Ac,Nd,1,9776,0.00010229132569558102
Ac,Ne,0,9776,0.0
Ac,Nh,0,9776,0.0
Ac,Ni,4,9776,0.0004091653027823241
Ac,No,21,9776,0.002148117839607201
Ac,Np,27,9776,0.0027618657937806875
Ac,O,9098,9776,0.9306464811783961
Ac,Og,0,9776,0.0
Ac,Os,5,9776,0.0005114566284779051
Ac,P,409,9776,0.041837152209492634
Ac,Pa,0,9776,0.0
Ac,Pb,8,9776,0.0008183306055646482
Ac,Pd,42,9776,0.004296235679214402
Ac,Pm,0,9776,0.0
Ac,Po,2,9776,0.00020458265139116204
Ac,Pr,18,9776,0.0018412438625204583
Ac,Pt,5,9776,0.0005114566284779051
Ac,Pu,2,9776,0.00020458265139116204
Ac,Ra,2,9776,0.00020458265139116204
Ac,Rb,4,9776,0.0004091653027823241
Ac,Re,12,9776,0.0012274959083469722
Ac,Rf,3,9776,0.00030687397708674305
Ac,Rg,0,9776,0.0
Ac,Rh,7,9776,0.0007160392798690671
Ac,Rn,0,9776,0.0
Ac,Ru,8,9776,0.0008183306055646482
Ac,S,1732,9776,0.17716857610474632
Ac,Sb,1,9776,0.00010229132569558102
Ac,Sc,4,9776,0.0004091653027823241
Ac,Se,17,9776,0.0017389525368248773
Ac,Sg,0,9776,0.0
Ac,Si,167,9776,0.01708265139116203
Ac,Sm,5,9776,0.0005114566284779051
Ac,Sn,13,9776,0.0013297872340425532
Ac,Sr,1,9776,0.00010229132569558102
Ac,Ta,5,9776,0.0005114566284779051
Ac,Tb,0,9776,0.0
Ac,Tc,3,9776,0.00030687397708674305
Ac,Te,6,9776,0.0006137479541734861
Ac,Th,2,9776,0.00020458265139116204
Ac,Ti,3,9776,0.00030687397708674305
Ac,Tl,0,9776,0.0
Ac,Tm,0,9776,0.0
Ac,Ts,0,9776,0.0
Ac,U,21,9776,0.002148117839607201
Ac,V,20,9776,0.0020458265139116204
Ac,W,19,9776,0.0019435351882160392
Ac,Xe,0,9776,0.0
Ac,Y,31,9776,0.0031710310965630114
Ac,Yb,0,9776,0.0
Ac,Zn,20,9776,0.0020458265139116204
Ac,Zr,4,9776,0.0004091653027823241
Ag,Ac,19,19086,0.0009954940794299487
Ag,Ag,19086,19086,1.0
Ag,Al,376,19086,0.019700303887666352
Ag,Am,0,19086,0.0
Ag,Ar,8,19086,0.00041915540186524154
Ag,As,115,19086,0.006025358901812847
Ag,At,1,19086,0.00005239442523315519
Ag,Au,544,19086,0.028502567326836425
Ag,B,678,19086,0.03552342030807922
Ag,Ba,83,19086,0.004348737294351881
Ag,Be,20,19086,0.001047888504663104
Ag,Bh,0,19086,0.0
Ag,Bi,230,19086,0.012050717803625694
Ag,Bk,0,19086,0.0
Ag,Br,1033,19086,0.054123441265849316
Ag,C,13949,19086,0.7308498375772817
Ag,Ca,164,19086,0.008592685738237451
Ag,Cd,133,19086,0.0069684585560096405
Ag,Ce,65,19086,0.0034056376401550873
Ag,Cf,1,19086,0.00005239442523315519
Ag,Cl,2159,19086,0.11311956407838206
Ag,Cm,0,19086,0.0
Ag,Cn,0,19086,0.0
Ag,Co,159,19086,0.008330713612071676
Ag,Cr,161,19086,0.008435502462537986
Ag,Cs,55,19086,0.0028816933878235357
Ag,Cu,850,19086,0.044535261448181915
Ag,Db,0,19086,0.0
Ag,Ds,0,19086,0.0
Ag,Dy,13,19086,0.0006811275280310175
Ag,Er,8,19086,0.00041915540186524154
Ag,Es,0,19086,0.0
Ag,Eu,3,19086,0.00015718327569946557
Ag,F,2525,19086,0.13229592371371687
Ag,Fe,273,19086,0.014303678088651368
Ag,Fl,0,19086,0.0
Ag,Fm,0,19086,0.0
Ag,Fr,0,19086,0.0
Ag,Ga,136,19086,0.007125641831709106
Ag,Gd,17,19086,0.0008907052289636383
Ag,Ge,125,19086,0.006549303154144399
Ag,H,15702,19086,0.8226972650110028
Ag,He,1,19086,0.00005239442523315519
Ag,Hf,21,19086,0.0011002829298962591
Ag,Hg,114,19086,0.005972964476579692
Ag,Ho,1,19086,0.00005239442523315519
Ag,Hs,0,19086,0.0
Ag,I,992,19086,0.05197526983128995
Ag,In,313,19086,0.016399455097977574
Ag,Ir,106,19086,0.005553809074714451
Ag,K,326,19086,0.017080582626008593
Ag,Kr,0,19086,0.0
Ag,La,79,19086,0.00413915959341926
Ag,Li,249,19086,0.013046211883055643
Ag,Lr,0,19086,0.0
Ag,Lu,2,19086,0.00010478885046631039
Ag,Lv,0,19086,0.0
Ag,Mc,0,19086,0.0
Ag,Md,0,19086,0.0
Ag,Mg,212,19086,0.011107618149428901
Ag,Mn,148,19086,0.007754374934506969
Ag,Mo,129,19086,0.00675888085507702
Ag,Mt,0,19086,0.0
Ag,N,8559,19086,0.4484438855705753
Ag,Na,522,19086,0.02734988997170701
Ag,Nb,56,19086,0.0029340878130566907
Ag,Nd,24,19086,0.0012574662055957245
Ag,Ne,2,19086,0.00010478885046631039
Ag,Nh,0,19086,0.0
Ag,Ni,365,19086,0.019123965210101644
Ag,No,1,19086,0.00005239442523315519
Ag,Np,0,19086,0.0
Ag,O,12591,19086,0.659698208110657
Ag,Og,0,19086,0.0
Ag,Os,35,19086,0.0018338048831604318
Ag,P,2335,19086,0.12234098291941738
Ag,Pa,1,19086,0.00005239442523315519
Ag,Pb,259,19086,0.013570156135387194
Ag,Pd,222,19086,0.011631562401760453
Ag,Pm,0,19086,0.0
Ag,Po,6,19086,0.00031436655139893113
Ag,Pr,8,19086,0.00041915540186524154
Ag,Pt,224,19086,0.011736351252226763
Ag,Pu,1,19086,0.00005239442523315519
Ag,Ra,1,19086,0.00005239442523315519
Ag,Rb,28,19086,0.0014670439065283454
Ag,Re,35,19086,0.0018338048831604318
Ag,Rf,0,19086,0.0
Ag,Rg,0,19086,0.0
Ag,Rh,54,19086,0.0028292989625903803
Ag,Rn,0,19086,0.0
Ag,Ru,84,19086,0.0044011317195850365
Ag,S,4286,19086,0.22456250654930315
Ag,Sb,234,19086,0.012260295504558314
Ag,Sc,16,19086,0.0008383108037304831
Ag,Se,289,19086,0.015141988892381851
Ag,Sg,0,19086,0.0
Ag,Si,558,19086,0.0292360892801006
Ag,Sm,11,19086,0.0005763386775647072
Ag,Sn,430,19086,0.022529602850256732
Ag,Sr,45,19086,0.0023577491354919836
Ag,Ta,44,19086,0.0023053547102588287
Ag,Tb,5,19086,0.000261972126165776
Ag,Tc,9,19086,0.00047154982709839675
Ag,Te,129,19086,0.00675888085507702
Ag,Th,4,19086,0.00020957770093262077
Ag,Ti,255,19086,0.013360578434454574
Ag,Tl,33,19086,0.0017290160326941214
Ag,Tm,2,19086,0.00010478885046631039
Ag,Ts,0,19086,0.0
Ag,U,14,19086,0.0007335219532641727
Ag,V,166,19086,0.008697474588703761
Ag,W,122,19086,0.006392119878444933
Ag,Xe,1,19086,0.00005239442523315519
Ag,Y,56,19086,0.0029340878130566907
Ag,Yb,10,19086,0.000523944252331552
Ag,Zn,563,19086,0.029498061406266374
Ag,Zr,124,19086,0.006496908728911244
Al,Ac,5,82361,0.00006070834496909945
Al,Ag,376,82361,0.004565267541676279
Al,Al,82361,82361,1.0
Al,Am,5,82361,0.00006070834496909945
Al,Ar,34,82361,0.0004128167457898763
Al,As,174,82361,0.002112650404924661
Al,At,0,82361,0.0
Al,Au,270,82361,0.0032782506283313704
Al,B,3216,82361,0.039047607484124766
Al,Ba,669,82361,0.008122776556865507
Al,Be,243,82361,0.0029504255654982333
Al,Bh,0,82361,0.0
Al,Bi,266,82361,0.003229683952356091
Al,Bk,17,82361,0.00020640837289493815
Al,Br,3474,82361,0.0421801580845303
Al,C,63520,82361,0.7712388144874395
Al,Ca,2127,82361,0.025825329949854908
Al,Cd,110,82361,0.001335583589320188
Al,Ce,331,82361,0.004018892436954384
Al,Cf,1,82361,0.000012141668993819891
Al,Cl,13107,82361,0.1591408555019973
Al,Cm,0,82361,0.0
Al,Cn,0,82361,0.0
Al,Co,952,82361,0.011558868882116536
Al,Cr,988,82361,0.011995968965894051
Al,Cs,163,82361,0.001979092045992642
Al,Cu,1440,82361,0.017484003351100643
Al,Db,0,82361,0.0
Al,Ds,0,82361,0.0
Al,Dy,68,82361,0.0008256334915797526
Al,Er,85,82361,0.0010320418644746907
Al,Es,0,82361,0.0
Al,Eu,77,82361,0.0009349085125241316
Al,F,8223,82361,0.09984094413618096
Al,Fe,1795,82361,0.021794295843906703
Al,Fl,0,82361,0.0
Al,Fm,1,82361,0.000012141668993819891
Al,Fr,0,82361,0.0
Al,Ga,691,82361,0.008389893274729544
Al,Gd,151,82361,0.0018333920180668034
Al,Ge,252,82361,0.003059700586442612
Al,H,76273,82361,0.9260815191656245
Al,He,8,82361,0.00009713335195055913
Al,Hf,193,82361,0.002343342115807239
Al,Hg,67,82361,0.0008134918225859327
Al,Ho,35,82361,0.0004249584147836962
Al,Hs,0,82361,0.0
Al,I,2256,82361,0.027391605250057672
Al,In,500,82361,0.006070834496909945
Al,Ir,433,82361,0.005257342674324012
Al,K,1545,82361,0.01875887859545173
Al,Kr,3,82361,0.00003642500698145967
Al,La,436,82361,0.0052937676813054725
Al,Li,6181,82361,0.07504765605080074
Al,Lr,4,82361,0.000048566675975279565
Al,Lu,80,82361,0.0009713335195055912
Al,Lv,0,82361,0.0
Al,Mc,0,82361,0.0
Al,Md,0,82361,0.0
Al,Mg,3054,82361,0.03708065710712594
Al,Mn,1125,82361,0.013659377618047377
Al,Mo,602,82361,0.007309284734279574
Al,Mt,0,82361,0.0
Al,N,27850,82361,0.3381454814778839
Al,Na,3279,82361,0.03981253263073542
Al,Nb,338,82361,0.004103884119911123
Al,Nd,164,82361,0.001991233714986462
Al,Ne,2,82361,0.000024283337987639783
Al,Nh,0,82361,0.0
Al,Ni,1497,82361,0.018176078483748376
Al,No,0,82361,0.0
Al,Np,3,82361,0.00003642500698145967
Al,O,56763,82361,0.6891975570961985
Al,Og,0,82361,0.0
Al,Os,35,82361,0.0004249584147836962
Al,P,6995,82361,0.08493097461177014
Al,Pa,0,82361,0.0
Al,Pb,313,82361,0.0038003423950656256
Al,Pd,303,82361,0.003678925705127427
Al,Pm,6,82361,0.00007285001396291934
Al,Po,5,82361,0.00006070834496909945
Al,Pr,64,82361,0.000777066815604473
Al,Pt,237,82361,0.0028775755515353142
Al,Pu,14,82361,0.00016998336591347846
Al,Ra,6,82361,0.00007285001396291934
Al,Rb,73,82361,0.000886341836548852
Al,Re,90,82361,0.0010927502094437902
Al,Rf,4,82361,0.000048566675975279565
Al,Rg,0,82361,0.0
Al,Rh,98,82361,0.0011898835613943493
Al,Rn,0,82361,0.0
Al,Ru,126,82361,0.001529850293221306
Al,S,9315,82361,0.11309964667743228
Al,Sb,237,82361,0.0028775755515353142
Al,Sc,216,82361,0.0026226005026650963
Al,Se,209,82361,0.002537608819708357
Al,Sg,1,82361,0.000012141668993819891
Al,Si,6779,82361,0.08230837410910503
Al,Sm,76,82361,0.0009227668435303117
Al,Sn,659,82361,0.008001359866927307
Al,Sr,486,82361,0.005900851130996467
Al,Ta,249,82361,0.003023275579461153
Al,Tb,76,82361,0.0009227668435303117
Al,Tc,6,82361,0.00007285001396291934
Al,Te,100,82361,0.001214166899381989
Al,Th,27,82361,0.00032782506283313704
Al,Ti,2039,82361,0.024756863078398757
Al,Tl,32,82361,0.0003885334078022365
Al,Tm,32,82361,0.0003885334078022365
Al,Ts,0,82361,0.0
Al,U,109,82361,0.0013234419203263681
Al,V,524,82361,0.0063622345527616225
Al,W,274,82361,0.00332681730430665
Al,Xe,1,82361,0.000012141668993819891
Al,Y,588,82361,0.007139301368366095
Al,Yb,69,82361,0.0008377751605735725
Al,Zn,2019,82361,0.024514029698522358
Al,Zr,1485,82361,0.018030378455822536
Am,Ac,4,380,0.010526315789473684
Am,Ag,0,380,0.0
Am,Al,5,380,0.013157894736842105
Am,Am,380,380,1.0
Am,Ar,0,380,0.0
Am,As,0,380,0.0
Am,At,0,380,0.0
Am,Au,2,380,0.005263157894736842
Am,B,18,380,0.04736842105263158
Am,Ba,0,380,0.0
Am,Be,6,380,0.015789473684210527
Am,Bh,0,380,0.0
Am,Bi,1,380,0.002631578947368421
Am,Bk,0,380,0.0
Am,Br,9,380,0.02368421052631579
Am,C,236,380,0.6210526315789474
Am,Ca,1,380,0.002631578947368421
Am,Cd,0,380,0.0
Am,Ce,1,380,0.002631578947368421
Am,Cf,0,380,0.0
Am,Cl,21,380,0.05526315789473684
Am,Cm,3,380,0.007894736842105263
Am,Cn,0,380,0.0
Am,Co,0,380,0.0
Am,Cr,1,380,0.002631578947368421
Am,Cs,1,380,0.002631578947368421
Am,Cu,0,380,0.0
Am,Db,0,380,0.0
Am,Ds,0,380,0.0
Am,Dy,0,380,0.0
Am,Er,0,380,0.0
Am,Es,0,380,0.0
Am,Eu,4,380,0.010526315789473684
Am,F,22,380,0.05789473684210526
Am,Fe,2,380,0.005263157894736842
Am,Fl,0,380,0.0
Am,Fm,2,380,0.005263157894736842
Am,Fr,0,380,0.0
Am,Ga,2,380,0.005263157894736842
Am,Gd,0,380,0.0
Am,Ge,0,380,0.0
Am,H,265,380,0.6973684210526315
Am,He,0,380,0.0
Am,Hf,0,380,0.0
Am,Hg,0,380,0.0
Am,Ho,0,380,0.0
Am,Hs,0,380,0.0
Am,I,10,380,0.02631578947368421
Am,In,0,380,0.0
Am,Ir,0,380,0.0
Am,K,1,380,0.002631578947368421
Am,Kr,0,380,0.0
Am,La,0,380,0.0
Am,Li,1,380,0.002631578947368421
Am,Lr,0,380,0.0
Am,Lu,1,380,0.002631578947368421
Am,Lv,0,380,0.0
Am,Mc,0,380,0.0
Am,Md,0,380,0.0
Am,Mg,0,380,0.0
Am,Mn,0,380,0.0
Am,Mo,2,380,0.005263157894736842
Am,Mt,0,380,0.0
Am,N,152,380,0.4
Am,Na,1,380,0.002631578947368421
Am,Nb,0,380,0.0
Am,Nd,0,380,0.0
Am,Ne,0,380,0.0
Am,Nh,0,380,0.0
Am,Ni,0,380,0.0
Am,No,0,380,0.0
Am,Np,5,380,0.013157894736842105
Am,O,186,380,0.48947368421052634
Am,Og,0,380,0.0
Am,Os,0,380,0.0
Am,P,9,380,0.02368421052631579
Am,Pa,0,380,0.0
Am,Pb,0,380,0.0
Am,Pd,4,380,0.010526315789473684
Am,Pm,2,380,0.005263157894736842
Am,Po,0,380,0.0
Am,Pr,0,380,0.0
Am,Pt,2,380,0.005263157894736842
Am,Pu,7,380,0.018421052631578946
Am,Ra,0,380,0.0
Am,Rb,1,380,0.002631578947368421
Am,Re,0,380,0.0
Am,Rf,0,380,0.0
Am,Rg,0,380,0.0
Am,Rh,0,380,0.0
Am,Rn,0,380,0.0
Am,Ru,2,380,0.005263157894736842
Am,S,20,380,0.05263157894736842
Am,Sb,2,380,0.005263157894736842
Am,Sc,0,380,0.0
Am,Se,1,380,0.002631578947368421
Am,Sg,0,380,0.0
Am,Si,5,380,0.013157894736842105
Am,Sm,1,380,0.002631578947368421
Am,Sn,1,380,0.002631578947368421
Am,Sr,1,380,0.002631578947368421
Am,Ta,0,380,0.0
Am,Tb,1,380,0.002631578947368421
Am,Tc,0,380,0.0
Am,Te,0,380,0.0
Am,Th,1,380,0.002631578947368421
Am,Ti,0,380,0.0
Am,Tl,0,380,0.0
Am,Tm,0,380,0.0
Am,Ts,0,380,0.0
Am,U,10,380,0.02631578947368421
Am,V,0,380,0.0
Am,W,1,380,0.002631578947368421
Am,Xe,0,380,0.0
Am,Y,59,380,0.15526315789473685
Am,Yb,0,380,0.0
Am,Zn,2,380,0.005263157894736842
Am,Zr,1,380,0.002631578947368421
Ar,Ac,5,4079,0.001225790634959549
Ar,Ag,8,4079,0.001961265015935278
Ar,Al,34,4079,0.008335376317724933
Ar,Am,0,4079,0.0
Ar,Ar,4079,4079,1.0
Ar,As,4,4079,0.000980632507967639
Ar,At,0,4079,0.0
Ar,Au,4,4079,0.000980632507967639
Ar,B,299,4079,0.07330227997058103
Ar,Ba,3,4079,0.0007354743809757293
Ar,Be,2,4079,0.0004903162539838195
Ar,Bh,0,4079,0.0
Ar,Bi,1,4079,0.00024515812699190976
Ar,Bk,0,4079,0.0
Ar,Br,285,4079,0.06987006619269429
Ar,C,3635,4079,0.891149791615592
Ar,Ca,13,4079,0.003187055650894827
Ar,Cd,3,4079,0.0007354743809757293
Ar,Ce,2,4079,0.0004903162539838195
Ar,Cf,0,4079,0.0
Ar,Cl,566,4079,0.13875949987742095
Ar,Cm,0,4079,0.0
Ar,Cn,0,4079,0.0
Ar,Co,12,4079,0.0029418975239029173
Ar,Cr,3,4079,0.0007354743809757293
Ar,Cs,8,4079,0.001961265015935278
Ar,Cu,25,4079,0.006128953174797744
Ar,Db,0,4079,0.0
Ar,Ds,0,4079,0.0
Ar,Dy,0,4079,0.0
Ar,Er,1,4079,0.00024515812699190976
Ar,Es,0,4079,0.0
Ar,Eu,2,4079,0.0004903162539838195
Ar,F,569,4079,0.13949497425839666
Ar,Fe,36,4079,0.008825692571708753
Ar,Fl,0,4079,0.0
Ar,Fm,0,4079,0.0
Ar,Fr,0,4079,0.0
Ar,Ga,3,4079,0.0007354743809757293
Ar,Gd,0,4079,0.0
Ar,Ge,5,4079,0.001225790634959549
Ar,H,3779,4079,0.9264525619024271
Ar,He,29,4079,0.007109585682765384
Ar,Hf,1,4079,0.00024515812699190976
Ar,Hg,7,4079,0.0017161068889433686
Ar,Ho,0,4079,0.0
Ar,Hs,0,4079,0.0
Ar,I,181,4079,0.04437362098553567
Ar,In,3,4079,0.0007354743809757293
Ar,Ir,13,4079,0.003187055650894827
Ar,K,49,4079,0.01201274822260358
Ar,Kr,20,4079,0.004903162539838196
Ar,La,4,4079,0.000980632507967639
Ar,Li,67,4079,0.016425594508457955
Ar,Lr,0,4079,0.0
Ar,Lu,0,4079,0.0
Ar,Lv,0,4079,0.0
Ar,Mc,0,4079,0.0
Ar,Md,0,4079,0.0
Ar,Mg,26,4079,0.006374111301789654
Ar,Mn,4,4079,0.000980632507967639
Ar,Mo,16,4079,0.003922530031870556
Ar,Mt,0,4079,0.0
Ar,N,2146,4079,0.5261093405246384
Ar,Na,101,4079,0.02476097082618289
Ar,Nb,4,4079,0.000980632507967639
Ar,Nd,2,4079,0.0004903162539838195
Ar,Ne,23,4079,0.005638636920813925
Ar,Nh,0,4079,0.0
Ar,Ni,9,4079,0.002206423142927188
Ar,No,2,4079,0.0004903162539838195
Ar,Np,0,4079,0.0
Ar,O,2551,4079,0.6253983819563619
Ar,Og,0,4079,0.0
Ar,Os,1,4079,0.00024515812699190976
Ar,P,553,4079,0.13557244422652612
Ar,Pa,1,4079,0.00024515812699190976
Ar,Pb,4,4079,0.000980632507967639
Ar,Pd,37,4079,0.009070850698700662
Ar,Pm,0,4079,0.0
Ar,Po,0,4079,0.0
Ar,Pr,3,4079,0.0007354743809757293
Ar,Pt,24,4079,0.005883795047805835
Ar,Pu,0,4079,0.0
Ar,Ra,0,4079,0.0
Ar,Rb,4,4079,0.000980632507967639
Ar,Re,3,4079,0.0007354743809757293
Ar,Rf,6,4079,0.0014709487619514587
Ar,Rg,0,4079,0.0
Ar,Rh,5,4079,0.001225790634959549
Ar,Rn,2,4079,0.0004903162539838195
Ar,Ru,71,4079,0.017406227016425593
Ar,S,759,4079,0.18607501838685953
Ar,Sb,0,4079,0.0
Ar,Sc,0,4079,0.0
Ar,Se,3,4079,0.0007354743809757293
Ar,Sg,0,4079,0.0
Ar,Si,133,4079,0.032606030889924004
Ar,Sm,2,4079,0.0004903162539838195
Ar,Sn,21,4079,0.0051483206668301055
Ar,Sr,1,4079,0.00024515812699190976
Ar,Ta,2,4079,0.0004903162539838195
Ar,Tb,0,4079,0.0
Ar,Tc,1,4079,0.00024515812699190976
Ar,Te,0,4079,0.0
Ar,Th,1,4079,0.00024515812699190976
Ar,Ti,6,4079,0.0014709487619514587
Ar,Tl,1,4079,0.00024515812699190976
Ar,Tm,0,4079,0.0
Ar,Ts,0,4079,0.0
Ar,U,36,4079,0.008825692571708753
Ar,V,40,4079,0.009806325079676392
Ar,W,113,4079,0.027702868350085806
Ar,Xe,22,4079,0.005393478793822015
Ar,Y,174,4079,0.042657514096592304
Ar,Yb,0,4079,0.0
Ar,Zn,12,4079,0.0029418975239029173
Ar,Zr,8,4079,0.001961265015935278
As,Ac,0,33552,0.0
As,Ag,115,33552,0.003427515498330949
As,Al,174,33552,0.005185979971387697
As,Am,0,33552,0.0
As,Ar,4,33552,0.00011921793037672866
As,As,33552,33552,1.0
As,At,6,33552,0.000178826895565093
As,Au,113,33552,0.0033679065331425847
As,B,354,33552,0.010550786838340487
As,Ba,55,33552,0.001639246542680019
As,Be,15,33552,0.0004470672389127325
As,Bh,0,33552,0.0
As,Bi,184,33552,0.005484024797329518
As,Bk,0,33552,0.0
As,Br,1309,33552,0.03901406771578445
As,C,30191,33552,0.8998271340009537
As,Ca,187,33552,0.005573438245112065
As,Cd,130,33552,0.0038745827372436816
As,Ce,15,33552,0.0004470672389127325
As,Cf,0,33552,0.0
As,Cl,4409,33552,0.13140796375774916
As,Cm,0,33552,0.0
As,Cn,0,33552,0.0
As,Co,96,33552,0.002861230329041488
As,Cr,162,33552,0.004828326180257511
As,Cs,29,33552,0.0008643299952312827
As,Cu,346,33552,0.010312350977587028
As,Db,0,33552,0.0
As,Ds,0,33552,0.0
As,Dy,3,33552,0.0000894134477825465
As,Er,4,33552,0.00011921793037672866
As,Es,1,33552,0.000029804482594182164
As,Eu,5,33552,0.00014902241297091082
As,F,4360,33552,0.12994754411063425
As,Fe,342,33552,0.0101931330472103
As,Fl,0,33552,0.0
As,Fm,1,33552,0.000029804482594182164
As,Fr,0,33552,0.0
As,Ga,256,33552,0.007629947544110634
As,Gd,17,33552,0.0005066762041010968
As,Ge,196,33552,0.005841678588459704
As,H,32160,33552,0.9585121602288984
As,He,1,33552,0.000029804482594182164
As,Hf,11,33552,0.00032784930853600383
As,Hg,116,33552,0.003457319980925131
As,Ho,4,33552,0.00011921793037672866
As,Hs,0,33552,0.0
As,I,946,33552,0.028195040534096327
As,In,147,33552,0.004381258941344778
As,Ir,33,33552,0.0009835479256080114
As,K,175,33552,0.005215784453981879
As,Kr,0,33552,0.0
As,La,26,33552,0.0007749165474487363
As,Li,212,33552,0.006318550309966619
As,Lr,0,33552,0.0
As,Lu,7,33552,0.00020863137815927516
As,Lv,0,33552,0.0
As,Mc,0,33552,0.0
As,Md,0,33552,0.0
As,Mg,87,33552,0.0025929899856938486
As,Mn,107,33552,0.0031890796375774917
As,Mo,83,33552,0.0024737720553171198
As,Mt,0,33552,0.0
As,N,17582,33552,0.5240224129709108
As,Na,845,33552,0.02518478779208393
As,Nb,16,33552,0.0004768717215069146
As,Nd,5,33552,0.00014902241297091082
As,Ne,0,33552,0.0
As,Nh,0,33552,0.0
As,Ni,141,33552,0.0042024320457796855
As,No,0,33552,0.0
As,Np,0,33552,0.0
As,O,23743,33552,0.7076478302336672
As,Og,0,33552,0.0
As,Os,25,33552,0.0007451120648545542
As,P,1650,33552,0.04917739628040057
As,Pa,0,33552,0.0
As,Pb,248,33552,0.007391511683357177
As,Pd,106,33552,0.0031592751549833096
As,Pm,2,33552,0.00005960896518836433
As,Po,4,33552,0.00011921793037672866
As,Pr,3,33552,0.0000894134477825465
As,Pt,128,33552,0.003814973772055317
As,Pu,1,33552,0.000029804482594182164
As,Ra,1,33552,0.000029804482594182164
As,Rb,30,33552,0.000894134477825465
As,Re,28,33552,0.0008345255126371007
As,Rf,1,33552,0.000029804482594182164
As,Rg,0,33552,0.0
As,Rh,94,33552,0.0028016213638531236
As,Rn,0,33552,0.0
As,Ru,42,33552,0.001251788268955651
As,S,6722,33552,0.20034573199809252
As,Sb,404,33552,0.012041010968049595
As,Sc,6,33552,0.000178826895565093
As,Se,315,33552,0.009388412017167383
As,Sg,0,33552,0.0
As,Si,650,33552,0.019372913686218407
As,Sm,11,33552,0.00032784930853600383
As,Sn,135,33552,0.004023605150214592
As,Sr,41,33552,0.0012219837863614688
As,Ta,17,33552,0.0005066762041010968
As,Tb,4,33552,0.00011921793037672866
As,Tc,24,33552,0.000715307582260372
As,Te,128,33552,0.003814973772055317
As,Th,11,33552,0.00032784930853600383
As,Ti,76,33552,0.0022651406771578447
As,Tl,30,33552,0.000894134477825465
As,Tm,3,33552,0.0000894134477825465
As,Ts,0,33552,0.0
As,U,35,33552,0.0010431568907963758
As,V,51,33552,0.0015200286123032904
As,W,56,33552,0.0016690510252742013
As,Xe,0,33552,0.0
As,Y,28,33552,0.0008345255126371007
As,Yb,9,33552,0.0002682403433476395
As,Zn,204,33552,0.006080114449213162
As,Zr,156,33552,0.004649499284692418
At,Ac,0,1164,0.0
At,Ag,1,1164,0.000859106529209622
At,Al,0,1164,0.0
At,Am,0,1164,0.0
At,Ar,0,1164,0.0
At,As,6,1164,0.005154639175257732
At,At,1164,1164,1.0
At,Au,4,1164,0.003436426116838488
At,B,12,1164,0.010309278350515464
At,Ba,0,1164,0.0
At,Be,0,1164,0.0
At,Bh,0,1164,0.0
At,Bi,5,1164,0.00429553264604811
At,Bk,0,1164,0.0
At,Br,42,1164,0.03608247422680412
At,C,1078,1164,0.9261168384879725
At,Ca,3,1164,0.002577319587628866
At,Cd,0,1164,0.0
At,Ce,1,1164,0.000859106529209622
At,Cf,0,1164,0.0
At,Cl,68,1164,0.058419243986254296
At,Cm,0,1164,0.0
At,Cn,0,1164,0.0
At,Co,0,1164,0.0
At,Cr,0,1164,0.0
At,Cs,0,1164,0.0
At,Cu,2,1164,0.001718213058419244
At,Db,0,1164,0.0
At,Ds,0,1164,0.0
At,Dy,0,1164,0.0
At,Er,0,1164,0.0
At,Es,0,1164,0.0
At,Eu,0,1164,0.0
At,F,298,1164,0.25601374570446733
At,Fe,0,1164,0.0
At,Fl,0,1164,0.0
At,Fm,0,1164,0.0
At,Fr,0,1164,0.0
At,Ga,0,1164,0.0
At,Gd,0,1164,0.0
At,Ge,1,1164,0.000859106529209622
At,H,1094,1164,0.9398625429553265
At,He,0,1164,0.0
At,Hf,0,1164,0.0
At,Hg,1,1164,0.000859106529209622
At,Ho,0,1164,0.0
At,Hs,0,1164,0.0
At,I,82,1164,0.070446735395189
At,In,0,1164,0.0
At,Ir,0,1164,0.0
At,K,4,1164,0.003436426116838488
At,Kr,0,1164,0.0
At,La,0,1164,0.0
At,Li,1,1164,0.000859106529209622
At,Lr,0,1164,0.0
At,Lu,0,1164,0.0
At,Lv,0,1164,0.0
At,Mc,0,1164,0.0
At,Md,0,1164,0.0
At,Mg,0,1164,0.0
At,Mn,0,1164,0.0
At,Mo,1,1164,0.000859106529209622
At,Mt,0,1164,0.0
At,N,838,1164,0.7199312714776632
At,Na,11,1164,0.009450171821305841
At,Nb,0,1164,0.0
At,Nd,0,1164,0.0
At,Ne,0,1164,0.0
At,Nh,0,1164,0.0
At,Ni,0,1164,0.0
At,No,0,1164,0.0
At,Np,0,1164,0.0
At,O,845,1164,0.7259450171821306
At,Og,0,1164,0.0
At,Os,0,1164,0.0
At,P,31,1164,0.02663230240549828
At,Pa,0,1164,0.0
At,Pb,0,1164,0.0
At,Pd,0,1164,0.0
At,Pm,0,1164,0.0
At,Po,1,1164,0.000859106529209622
At,Pr,0,1164,0.0
At,Pt,3,1164,0.002577319587628866
At,Pu,0,1164,0.0
At,Ra,0,1164,0.0
At,Rb,0,1164,0.0
At,Re,3,1164,0.002577319587628866
At,Rf,0,1164,0.0
At,Rg,0,1164,0.0
At,Rh,0,1164,0.0
At,Rn,0,1164,0.0
At,Ru,0,1164,0.0
At,S,155,1164,0.1331615120274914
At,Sb,0,1164,0.0
At,Sc,0,1164,0.0
At,Se,2,1164,0.001718213058419244
At,Sg,0,1164,0.0
At,Si,9,1164,0.007731958762886598
At,Sm,0,1164,0.0
At,Sn,11,1164,0.009450171821305841
At,Sr,0,1164,0.0
At,Ta,0,1164,0.0
At,Tb,0,1164,0.0
At,Tc,0,1164,0.0
At,Te,0,1164,0.0
At,Th,0,1164,0.0
At,Ti,3,1164,0.002577319587628866
At,Tl,0,1164,0.0
At,Tm,0,1164,0.0
At,Ts,0,1164,0.0
At,U,3,1164,0.002577319587628866
At,V,0,1164,0.0
At,W,0,1164,0.0
At,Xe,0,1164,0.0
At,Y,3,1164,0.002577319587628866
At,Yb,0,1164,0.0
At,Zn,0,1164,0.0
At,Zr,0,1164,0.0
Au,Ac,32,18070,0.001770890979524073
Au,Ag,544,18070,0.03010514665190924
Au,Al,270,18070,0.014941892639734366
Au,Am,2,18070,0.00011068068622025456
Au,Ar,4,18070,0.00022136137244050912
Au,As,113,18070,0.006253458771444383
Au,At,4,18070,0.00022136137244050912
Au,Au,18070,18070,1.0
Au,B,468,18070,0.025899280575539568
Au,Ba,22,18070,0.0012174875484228002
Au,Be,20,18070,0.0011068068622025456
Au,Bh,0,18070,0.0
Au,Bi,94,18070,0.005201992252351965
Au,Bk,0,18070,0.0
Au,Br,470,18070,0.026009961261759824
Au,C,14861,18070,0.8224128389596016
Au,Ca,77,18070,0.004261206419479801
Au,Cd,74,18070,0.004095185390149419
Au,Ce,33,18070,0.0018262313226342004
Au,Cf,1,18070,0.00005534034311012728
Au,Cl,3111,18070,0.17216380741560597
Au,Cm,1,18070,0.00005534034311012728
Au,Cn,0,18070,0.0
Au,Co,131,18070,0.007249584947426674
Au,Cr,138,18070,0.007636967349197565
Au,Cs,48,18070,0.0026563364692861096
Au,Cu,478,18070,0.02645268400664084
Au,Db,0,18070,0.0
Au,Ds,0,18070,0.0
Au,Dy,11,18070,0.0006087437742114001
Au,Er,3,18070,0.00016602102933038185
Au,Es,0,18070,0.0
Au,Eu,6,18070,0.0003320420586607637
Au,F,1678,18070,0.09286109573879359
Au,Fe,316,18070,0.01748754842280022
Au,Fl,0,18070,0.0
Au,Fm,1,18070,0.00005534034311012728
Au,Fr,0,18070,0.0
Au,Ga,63,18070,0.0034864416159380188
Au,Gd,15,18070,0.0008301051466519093
Au,Ge,126,18070,0.0069728832318760375
Au,H,15942,18070,0.8822357498616491
Au,He,1,18070,0.00005534034311012728
Au,Hf,22,18070,0.0012174875484228002
Au,Hg,39,18070,0.002158273381294964
Au,Ho,3,18070,0.00016602102933038185
Au,Hs,0,18070,0.0
Au,I,266,18070,0.014720531267293857
Au,In,135,18070,0.007470946319867183
Au,Ir,88,18070,0.004869950193691201
Au,K,362,18070,0.020033204205866077
Au,Kr,1,18070,0.00005534034311012728
Au,La,31,18070,0.0017155506364139458
Au,Li,111,18070,0.006142778085224129
Au,Lr,0,18070,0.0
Au,Lu,5,18070,0.0002767017155506364
Au,Lv,0,18070,0.0
Au,Mc,0,18070,0.0
Au,Md,0,18070,0.0
Au,Mg,96,18070,0.005312672938572219
Au,Mn,103,18070,0.00570005534034311
Au,Mo,134,18070,0.007415605976757056
Au,Mt,0,18070,0.0
Au,N,8704,18070,0.48168234643054786
Au,Na,521,18070,0.028832318760376313
Au,Nb,41,18070,0.002268954067515219
Au,Nd,14,18070,0.000774764803541782
Au,Ne,4,18070,0.00022136137244050912
Au,Nh,0,18070,0.0
Au,Ni,351,18070,0.019424460431654675
Au,No,0,18070,0.0
Au,Np,0,18070,0.0
Au,O,7847,18070,0.43425567238516877
Au,Og,0,18070,0.0
Au,Os,32,18070,0.001770890979524073
Au,P,6036,18070,0.3340343110127283
Au,Pa,0,18070,0.0
Au,Pb,126,18070,0.0069728832318760375
Au,Pd,240,18070,0.013281682346430549
Au,Pm,0,18070,0.0
Au,Po,4,18070,0.00022136137244050912
Au,Pr,9,18070,0.0004980630879911456
Au,Pt,278,18070,0.015384615384615385
Au,Pu,2,18070,0.00011068068622025456
Au,Ra,1,18070,0.00005534034311012728
Au,Rb,26,18070,0.0014388489208633094
Au,Re,57,18070,0.003154399557277255
Au,Rf,0,18070,0.0
Au,Rg,0,18070,0.0
Au,Rh,60,18070,0.003320420586607637
Au,Rn,0,18070,0.0
Au,Ru,98,18070,0.0054233536247924735
Au,S,4314,18070,0.2387382401770891
Au,Sb,160,18070,0.008854454897620365
Au,Sc,11,18070,0.0006087437742114001
Au,Se,294,18070,0.01627006087437742
Au,Sg,0,18070,0.0
Au,Si,798,18070,0.044161593801881574
Au,Sm,9,18070,0.0004980630879911456
Au,Sn,152,18070,0.008411732152739347
Au,Sr,17,18070,0.0009407858328721638
Au,Ta,40,18070,0.002213613724405091
Au,Tb,5,18070,0.0002767017155506364
Au,Tc,6,18070,0.0003320420586607637
Au,Te,91,18070,0.005035971223021582
Au,Th,9,18070,0.0004980630879911456
Au,Ti,218,18070,0.012064194798007747
Au,Tl,21,18070,0.001162147205312673
Au,Tm,5,18070,0.0002767017155506364
Au,Ts,0,18070,0.0
Au,U,17,18070,0.0009407858328721638
Au,V,56,18070,0.003099059214167128
Au,W,112,18070,0.006198118428334256
Au,Xe,2,18070,0.00011068068622025456
Au,Y,47,18070,0.0026009961261759824
Au,Yb,5,18070,0.0002767017155506364
Au,Zn,223,18070,0.012340896513558384
Au,Zr,63,18070,0.0034864416159380188
B,Ac,263,1315877,0.00019986670486679225
B,Ag,678,1315877,0.0005152457258543162
B,Al,3216,1315877,0.0024439974252912695
B,Am,18,1315877,0.000013679090066928747
B,Ar,299,1315877,0.00022722488500064977
B,As,354,1315877,0.0002690221046495987
B,At,12,1315877,9.119393377952498e-6
B,Au,468,1315877,0.00035565634174014745
B,B,1315877,1315877,1.0
B,Ba,552,1315877,0.00041949209538581496
B,Be,184,1315877,0.00013983069846193832
B,Bh,6,1315877,4.559696688976249e-6
B,Bi,560,1315877,0.0004255716909711166
B,Bk,1,1315877,7.599494481627082e-7
B,Br,108965,1315877,0.0828078916190495
B,C,1300301,1315877,0.9881630273954176
B,Ca,1090,1315877,0.000828344898497352
B,Cd,171,1315877,0.0001299513556358231
B,Ce,244,1315877,0.00018542766535170082
B,Cf,1,1315877,7.599494481627082e-7
B,Cl,145978,1315877,0.11093590054389582
B,Cm,15,1315877,0.000011399241722440623
B,Cn,0,1315877,0.0
B,Co,1202,1315877,0.0009134592366915752
B,Cr,590,1315877,0.00044837017441599783
B,Cs,1362,1315877,0.0010350511483976086
B,Cu,2605,1315877,0.001979668312463855
B,Db,1,1315877,7.599494481627082e-7
B,Ds,0,1315877,0.0
B,Dy,64,1315877,0.000048636764682413324
B,Er,52,1315877,0.000039517371304460825
B,Es,11,1315877,8.35944392978979e-6
B,Eu,182,1315877,0.0001383107995656129
B,F,307853,1315877,0.23395271746523422
B,Fe,3074,1315877,0.002336084603652165
B,Fl,0,1315877,0.0
B,Fm,55,1315877,0.00004179721964894895
B,Fr,3,1315877,2.2798483444881245e-6
B,Ga,227,1315877,0.00017250852473293477
B,Gd,216,1315877,0.00016414908080314498
B,Ge,873,1315877,0.0006634358682460443
B,H,1307425,1315877,0.9935769072641288
B,He,14,1315877,0.000010639292274277915
B,Hf,136,1315877,0.00010335312495012831
B,Hg,147,1315877,0.00011171256887991811
B,Ho,61,1315877,0.000046356916337925204
B,Hs,3,1315877,2.2798483444881245e-6
B,I,36395,1315877,0.027658360165881767
B,In,188,1315877,0.00014287049625458914
B,Ir,5056,1315877,0.0038423044099106527
B,K,22315,1315877,0.016958271935750835
B,Kr,3,1315877,2.2798483444881245e-6
B,La,291,1315877,0.0002211452894153481
B,Li,10622,1315877,0.008072183038384287
B,Lr,11,1315877,8.35944392978979e-6
B,Lu,157,1315877,0.00011931206336154519
B,Lv,0,1315877,0.0
B,Mc,0,1315877,0.0
B,Md,2,1315877,1.5198988963254164e-6
B,Mg,2769,1315877,0.002104300021962539
B,Mn,937,1315877,0.0007120726329284576
B,Mo,708,1315877,0.0005380442092991974
B,Mt,0,1315877,0.0
B,N,1003826,1315877,0.7628570147513788
B,Na,21848,1315877,0.016603375543458847
B,Nb,205,1315877,0.0001557896368733552
B,Nd,283,1315877,0.00021506569383004644
B,Ne,2,1315877,1.5198988963254164e-6
B,Nh,0,1315877,0.0
B,Ni,1386,1315877,0.0010532899351535137
B,No,16,1315877,0.000012159191170603331
B,Np,3,1315877,2.2798483444881245e-6
B,O,1024493,1315877,0.7785628899965574
B,Og,0,1315877,0.0
B,Os,263,1315877,0.00019986670486679225
B,P,62166,1315877,0.04724301739448292
B,Pa,18,1315877,0.000013679090066928747
B,Pb,480,1315877,0.00036477573511809993
B,Pd,6479,1315877,0.004923712474646186
B,Pm,11,1315877,8.35944392978979e-6
B,Po,27,1315877,0.000020518635100393123
B,Pr,106,1315877,0.00008055464150524708
B,Pt,6813,1315877,0.005177535590332531
B,Pu,2,1315877,1.5198988963254164e-6
B,Ra,3,1315877,2.2798483444881245e-6
B,Rb,482,1315877,0.00036629563401442537
B,Re,435,1315877,0.0003305780099507781
B,Rf,127,1315877,0.00009651357991666394
B,Rg,0,1315877,0.0
B,Rh,1514,1315877,0.0011505634645183403
B,Rn,2,1315877,1.5198988963254164e-6
B,Ru,1179,1315877,0.000895980399383833
B,S,245084,1315877,0.18625145055350917
B,Sb,418,1315877,0.00031765886933201204
B,Sc,120,1315877,0.00009119393377952498
B,Se,4137,1315877,0.003143910867049124
B,Sg,7,1315877,5.319646137138957e-6
B,Si,47790,1315877,0.036317984127695824
B,Sm,92,1315877,0.00006991534923096916
B,Sn,2691,1315877,0.0020450239650058478
B,Sr,346,1315877,0.00026294250906429707
B,Ta,147,1315877,0.00011171256887991811
B,Tb,119,1315877,0.00009043398433136228
B,Tc,42,1315877,0.00003191787682283375
B,Te,581,1315877,0.0004415306293825335
B,Th,50,1315877,0.00003799747240813541
B,Ti,1099,1315877,0.0008351844435308163
B,Tl,228,1315877,0.00017326847418109749
B,Tm,43,1315877,0.000032677826270996454
B,Ts,0,1315877,0.0
B,U,2957,1315877,0.0022471705182171282
B,V,2079,1315877,0.0015799349027302704
B,W,2117,1315877,0.0016088129817604534
B,Xe,14,1315877,0.000010639292274277915
B,Y,5223,1315877,0.003969215967753825
B,Yb,92,1315877,0.00006991534923096916
B,Zn,2091,1315877,0.001589054296108223
B,Zr,1443,1315877,0.001096607053698788
Ba,Ac,2,15764,0.0001268713524486171
Ba,Ag,83,15764,0.00526516112661761
Ba,Al,669,15764,0.04243846739406242
Ba,Am,0,15764,0.0
Ba,Ar,3,15764,0.00019030702867292565
Ba,As,55,15764,0.00348896219233697
Ba,At,0,15764,0.0
Ba,Au,22,15764,0.001395584876934788
Ba,B,552,15764,0.03501649327581832
Ba,Ba,15764,15764,1.0
Ba,Be,32,15764,0.0020299416391778738
Ba,Bh,0,15764,0.0
Ba,Bi,202,15764,0.012814006597310327
Ba,Bk,0,15764,0.0
Ba,Br,254,15764,0.01611266176097437
Ba,C,9809,15764,0.6222405480842426
Ba,Ca,864,15764,0.054808424257802586
Ba,Cd,168,15764,0.010657193605683837
Ba,Ce,114,15764,0.007231667089571175
Ba,Cf,0,15764,0.0
Ba,Cl,1330,15764,0.08436944937833037
Ba,Cm,0,15764,0.0
Ba,Cn,0,15764,0.0
Ba,Co,179,15764,0.01135498604415123
Ba,Cr,153,15764,0.009705658462319208
Ba,Cs,63,15764,0.003996447602131439
Ba,Cu,505,15764,0.032035016493275816
Ba,Db,3,15764,0.00019030702867292565
Ba,Ds,0,15764,0.0
Ba,Dy,15,15764,0.0009515351433646283
Ba,Er,14,15764,0.0008880994671403197
Ba,Es,0,15764,0.0
Ba,Eu,83,15764,0.00526516112661761
Ba,F,819,15764,0.051953818827708706
Ba,Fe,313,15764,0.019855366658208577
Ba,Fl,0,15764,0.0
Ba,Fm,1,15764,0.00006343567622430856
Ba,Fr,0,15764,0.0
Ba,Ga,82,15764,0.005201725450393302
Ba,Gd,71,15764,0.004503933011925907
Ba,Ge,89,15764,0.005645775183963461
Ba,H,12906,15764,0.8187008373509261
Ba,He,2,15764,0.0001268713524486171
Ba,Hf,43,15764,0.0027277340776452677
Ba,Hg,72,15764,0.004567368688150216
Ba,Ho,15,15764,0.0009515351433646283
Ba,Hs,0,15764,0.0
Ba,I,192,15764,0.012179649835067242
Ba,In,58,15764,0.003679269221009896
Ba,Ir,17,15764,0.0010784064958132453
Ba,K,304,15764,0.0192844455721898
Ba,Kr,1,15764,0.00006343567622430856
Ba,La,224,15764,0.014209591474245116
Ba,Li,290,15764,0.01839634610504948
Ba,Lr,0,15764,0.0
Ba,Lu,11,15764,0.000697792438467394
Ba,Lv,0,15764,0.0
Ba,Mc,0,15764,0.0
Ba,Md,1,15764,0.00006343567622430856
Ba,Mg,549,15764,0.034826186247145396
Ba,Mn,251,15764,0.015922354732301445
Ba,Mo,58,15764,0.003679269221009896
Ba,Mt,0,15764,0.0
Ba,N,2999,15764,0.19024359299670135
Ba,Na,464,15764,0.029434153768079167
Ba,Nb,156,15764,0.009895965490992134
Ba,Nd,89,15764,0.005645775183963461
Ba,Ne,2,15764,0.0001268713524486171
Ba,Nh,0,15764,0.0
Ba,Ni,174,15764,0.011037807663029689
Ba,No,0,15764,0.0
Ba,Np,0,15764,0.0
Ba,O,12748,15764,0.8086780005074854
Ba,Og,0,15764,0.0
Ba,Os,14,15764,0.0008880994671403197
Ba,P,1491,15764,0.09458259325044405
Ba,Pa,0,15764,0.0
Ba,Pb,257,15764,0.016302968789647296
Ba,Pd,49,15764,0.003108348134991119
Ba,Pm,3,15764,0.00019030702867292565
Ba,Po,4,15764,0.0002537427048972342
Ba,Pr,41,15764,0.002600862725196651
Ba,Pt,62,15764,0.00393301192590713
Ba,Pu,2,15764,0.0001268713524486171
Ba,Ra,7,15764,0.0004440497335701599
Ba,Rb,50,15764,0.0031717838112154274
Ba,Re,22,15764,0.001395584876934788
Ba,Rf,0,15764,0.0
Ba,Rg,0,15764,0.0
Ba,Rh,20,15764,0.001268713524486171
Ba,Rn,1,15764,0.00006343567622430856
Ba,Ru,22,15764,0.001395584876934788
Ba,S,3989,15764,0.2530449124587668
Ba,Sb,82,15764,0.005201725450393302
Ba,Sc,33,15764,0.0020933773154021822
Ba,Se,192,15764,0.012179649835067242
Ba,Sg,0,15764,0.0
Ba,Si,852,15764,0.05404719614311088
Ba,Sm,60,15764,0.0038061405734585133
Ba,Sn,118,15764,0.007485409794468409
Ba,Sr,702,15764,0.044531844709464606
Ba,Ta,96,15764,0.006089824917533621
Ba,Tb,22,15764,0.001395584876934788
Ba,Tc,9,15764,0.000570921086018777
Ba,Te,38,15764,0.002410555696523725
Ba,Th,19,15764,0.0012052778482618625
Ba,Ti,697,15764,0.04421466632834306
Ba,Tl,39,15764,0.0024739913727480334
Ba,Tm,12,15764,0.0007612281146917026
Ba,Ts,0,15764,0.0
Ba,U,37,15764,0.0023471200202994165
Ba,V,93,15764,0.005899517888860695
Ba,W,151,15764,0.009578787109870592
Ba,Xe,2,15764,0.0001268713524486171
Ba,Y,245,15764,0.015541740674955595
Ba,Yb,29,15764,0.001839634610504948
Ba,Zn,449,15764,0.028482618624714538
Ba,Zr,376,15764,0.023851814260340016
Be,Ac,3,3233,0.0009279307145066501
Be,Ag,20,3233,0.006186204763377668
Be,Al,243,3233,0.07516238787503866
Be,Am,6,3233,0.0018558614290133002
Be,Ar,2,3233,0.0006186204763377668
Be,As,15,3233,0.0046396535725332505
Be,At,0,3233,0.0
Be,Au,20,3233,0.006186204763377668
Be,B,184,3233,0.05691308382307454
Be,Ba,32,3233,0.009897927621404269
Be,Be,3233,3233,1.0
Be,Bh,0,3233,0.0
Be,Bi,14,3233,0.004330343334364367
Be,Bk,0,3233,0.0
Be,Br,48,3233,0.014846891432106402
Be,C,2059,3233,0.6368697803897309
Be,Ca,78,3233,0.024126198577172905
Be,Cd,25,3233,0.007732755954222085
Be,Ce,12,3233,0.0037117228580266005
Be,Cf,0,3233,0.0
Be,Cl,163,3233,0.050417568821527994
Be,Cm,1,3233,0.0003093102381688834
Be,Cn,0,3233,0.0
Be,Co,42,3233,0.012991030003093103
Be,Cr,45,3233,0.013918960717599753
Be,Cs,24,3233,0.007423445716053201
Be,Cu,114,3233,0.03526136715125271
Be,Db,0,3233,0.0
Be,Ds,0,3233,0.0
Be,Dy,2,3233,0.0006186204763377668
Be,Er,3,3233,0.0009279307145066501
Be,Es,0,3233,0.0
Be,Eu,7,3233,0.0021651716671821837
Be,F,424,3233,0.13114754098360656
Be,Fe,48,3233,0.014846891432106402
Be,Fl,0,3233,0.0
Be,Fm,0,3233,0.0
Be,Fr,1,3233,0.0003093102381688834
Be,Ga,56,3233,0.01732137333745747
Be,Gd,3,3233,0.0009279307145066501
Be,Ge,15,3233,0.0046396535725332505
Be,H,2781,3233,0.8601917723476648
Be,He,1,3233,0.0003093102381688834
Be,Hf,9,3233,0.0027837921435199505
Be,Hg,15,3233,0.0046396535725332505
Be,Ho,3,3233,0.0009279307145066501
Be,Hs,0,3233,0.0
Be,I,52,3233,0.016084132384781936
Be,In,14,3233,0.004330343334364367
Be,Ir,25,3233,0.007732755954222085
Be,K,72,3233,0.022270337148159604
Be,Kr,0,3233,0.0
Be,La,11,3233,0.0034024126198577173
Be,Li,96,3233,0.029693782864212804
Be,Lr,0,3233,0.0
Be,Lu,1,3233,0.0003093102381688834
Be,Lv,0,3233,0.0
Be,Mc,0,3233,0.0
Be,Md,0,3233,0.0
Be,Mg,94,3233,0.02907516238787504
Be,Mn,41,3233,0.012681719764924219
Be,Mo,22,3233,0.006804825239715435
Be,Mt,0,3233,0.0
Be,N,1434,3233,0.44355088153417876
Be,Na,86,3233,0.02660068048252397
Be,Nb,34,3233,0.010516548097742036
Be,Nd,5,3233,0.001546551190844417
Be,Ne,1,3233,0.0003093102381688834
Be,Nh,0,3233,0.0
Be,Ni,52,3233,0.016084132384781936
Be,No,1,3233,0.0003093102381688834
Be,Np,0,3233,0.0
Be,O,2175,3233,0.6727497680173213
Be,Og,0,3233,0.0
Be,Os,7,3233,0.0021651716671821837
Be,P,190,3233,0.05876894525208785
Be,Pa,0,3233,0.0
Be,Pb,17,3233,0.005258274048871018
Be,Pd,30,3233,0.009279307145066501
Be,Pm,2,3233,0.0006186204763377668
Be,Po,5,3233,0.001546551190844417
Be,Pr,2,3233,0.0006186204763377668
Be,Pt,11,3233,0.0034024126198577173
Be,Pu,4,3233,0.0012372409526755336
Be,Ra,1,3233,0.0003093102381688834
Be,Rb,22,3233,0.006804825239715435
Be,Re,6,3233,0.0018558614290133002
Be,Rf,1,3233,0.0003093102381688834
Be,Rg,0,3233,0.0
Be,Rh,7,3233,0.0021651716671821837
Be,Rn,0,3233,0.0
Be,Ru,6,3233,0.0018558614290133002
Be,S,782,3233,0.24188060624806682
Be,Sb,22,3233,0.006804825239715435
Be,Sc,11,3233,0.0034024126198577173
Be,Se,39,3233,0.012063099288586452
Be,Sg,0,3233,0.0
Be,Si,295,3233,0.0912465202598206
Be,Sm,4,3233,0.0012372409526755336
Be,Sn,26,3233,0.008042066192390968
Be,Sr,36,3233,0.011135168574079802
Be,Ta,22,3233,0.006804825239715435
Be,Tb,5,3233,0.001546551190844417
Be,Tc,5,3233,0.001546551190844417
Be,Te,24,3233,0.007423445716053201
Be,Th,5,3233,0.001546551190844417
Be,Ti,46,3233,0.014228270955768636
Be,Tl,16,3233,0.0049489638107021346
Be,Tm,2,3233,0.0006186204763377668
Be,Ts,0,3233,0.0
Be,U,10,3233,0.003093102381688834
Be,V,25,3233,0.007732755954222085
Be,W,23,3233,0.007114135477884318
Be,Xe,1,3233,0.0003093102381688834
Be,Y,19,3233,0.005876894525208784
Be,Yb,3,3233,0.0009279307145066501
Be,Zn,452,3233,0.1398082276523353
Be,Zr,52,3233,0.016084132384781936
Bh,Ac,0,74,0.0
Bh,Ag,0,74,0.0
Bh,Al,0,74,0.0
Bh,Am,0,74,0.0
Bh,Ar,0,74,0.0
Bh,As,0,74,0.0
Bh,At,0,74,0.0
Bh,Au,0,74,0.0
Bh,B,6,74,0.08108108108108109
Bh,Ba,0,74,0.0
Bh,Be,0,74,0.0
Bh,Bh,74,74,1.0
Bh,Bi,0,74,0.0
Bh,Bk,0,74,0.0
Bh,Br,7,74,0.0945945945945946
Bh,C,57,74,0.7702702702702703
Bh,Ca,0,74,0.0
Bh,Cd,0,74,0.0
Bh,Ce,0,74,0.0
Bh,Cf,0,74,0.0
Bh,Cl,5,74,0.06756756756756757
Bh,Cm,0,74,0.0
Bh,Cn,0,74,0.0
Bh,Co,0,74,0.0
Bh,Cr,0,74,0.0
Bh,Cs,0,74,0.0
Bh,Cu,0,74,0.0
Bh,Db,0,74,0.0
Bh,Ds,0,74,0.0
Bh,Dy,0,74,0.0
Bh,Er,0,74,0.0
Bh,Es,0,74,0.0
Bh,Eu,0,74,0.0
Bh,F,7,74,0.0945945945945946
Bh,Fe,0,74,0.0
Bh,Fl,0,74,0.0
Bh,Fm,0,74,0.0
Bh,Fr,0,74,0.0
Bh,Ga,0,74,0.0
Bh,Gd,0,74,0.0
Bh,Ge,0,74,0.0
Bh,H,58,74,0.7837837837837838
Bh,He,0,74,0.0
Bh,Hf,0,74,0.0
Bh,Hg,0,74,0.0
Bh,Ho,0,74,0.0
Bh,Hs,0,74,0.0
Bh,I,3,74,0.04054054054054054
Bh,In,0,74,0.0
Bh,Ir,0,74,0.0
Bh,K,2,74,0.02702702702702703
Bh,Kr,0,74,0.0
Bh,La,0,74,0.0
Bh,Li,0,74,0.0
Bh,Lr,0,74,0.0
Bh,Lu,0,74,0.0
Bh,Lv,0,74,0.0
Bh,Mc,0,74,0.0
Bh,Md,0,74,0.0
Bh,Mg,0,74,0.0
Bh,Mn,0,74,0.0
Bh,Mo,0,74,0.0
Bh,Mt,0,74,0.0
Bh,N,36,74,0.4864864864864865
Bh,Na,2,74,0.02702702702702703
Bh,Nb,0,74,0.0
Bh,Nd,0,74,0.0
Bh,Ne,0,74,0.0
Bh,Nh,0,74,0.0
Bh,Ni,0,74,0.0
Bh,No,0,74,0.0
Bh,Np,0,74,0.0
Bh,O,42,74,0.5675675675675675
Bh,Og,0,74,0.0
Bh,Os,0,74,0.0
Bh,P,2,74,0.02702702702702703
Bh,Pa,0,74,0.0
Bh,Pb,0,74,0.0
Bh,Pd,0,74,0.0
Bh,Pm,0,74,0.0
Bh,Po,0,74,0.0
Bh,Pr,0,74,0.0
Bh,Pt,0,74,0.0
Bh,Pu,0,74,0.0
Bh,Ra,0,74,0.0
Bh,Rb,0,74,0.0
Bh,Re,0,74,0.0
Bh,Rf,0,74,0.0
Bh,Rg,0,74,0.0
Bh,Rh,0,74,0.0
Bh,Rn,0,74,0.0
Bh,Ru,0,74,0.0
Bh,S,7,74,0.0945945945945946
Bh,Sb,0,74,0.0
Bh,Sc,0,74,0.0
Bh,Se,0,74,0.0
Bh,Sg,0,74,0.0
Bh,Si,0,74,0.0
Bh,Sm,0,74,0.0
Bh,Sn,0,74,0.0
Bh,Sr,0,74,0.0
Bh,Ta,0,74,0.0
Bh,Tb,0,74,0.0
Bh,Tc,0,74,0.0
Bh,Te,0,74,0.0
Bh,Th,0,74,0.0
Bh,Ti,0,74,0.0
Bh,Tl,0,74,0.0
Bh,Tm,0,74,0.0
Bh,Ts,0,74,0.0
Bh,U,1,74,0.013513513513513514
Bh,V,0,74,0.0
Bh,W,0,74,0.0
Bh,Xe,0,74,0.0
Bh,Y,0,74,0.0
Bh,Yb,0,74,0.0
Bh,Zn,0,74,0.0
Bh,Zr,0,74,0.0
Bi,Ac,1,15692,0.0000637267397399949
Bi,Ag,230,15692,0.014657150140198827
Bi,Al,266,15692,0.016951312770838643
Bi,Am,1,15692,0.0000637267397399949
Bi,Ar,1,15692,0.0000637267397399949
Bi,As,184,15692,0.011725720112159062
Bi,At,5,15692,0.00031863369869997453
Bi,Au,94,15692,0.005990313535559521
Bi,B,560,15692,0.035686974254397145
Bi,Ba,202,15692,0.01287280142747897
Bi,Be,14,15692,0.0008921743563599286
Bi,Bh,0,15692,0.0
Bi,Bi,15692,15692,1.0
Bi,Bk,11,15692,0.000700994137139944
Bi,Br,485,15692,0.030907468773897526
Bi,C,10397,15692,0.662566913076727
Bi,Ca,243,15692,0.01548559775681876
Bi,Cd,129,15692,0.008220749426459343
Bi,Ce,91,15692,0.005799133316339536
Bi,Cf,0,15692,0.0
Bi,Cl,1340,15692,0.08539383125159317
Bi,Cm,2,15692,0.0001274534794799898
Bi,Cn,0,15692,0.0
Bi,Co,213,15692,0.013573795564618914
Bi,Cr,99,15692,0.006308947234259495
Bi,Cs,46,15692,0.0029314300280397654
Bi,Cu,507,15692,0.03230945704817741
Bi,Db,0,15692,0.0
Bi,Ds,0,15692,0.0
Bi,Dy,14,15692,0.0008921743563599286
Bi,Er,34,15692,0.0021667091511598266
Bi,Es,0,15692,0.0
Bi,Eu,10,15692,0.0006372673973999491
Bi,F,1209,15692,0.07704562834565383
Bi,Fe,445,15692,0.028358399184297733
Bi,Fl,0,15692,0.0
Bi,Fm,0,15692,0.0
Bi,Fr,0,15692,0.0
Bi,Ga,111,15692,0.007073668111139434
Bi,Gd,26,15692,0.0016568952332398675
Bi,Ge,196,15692,0.012490440989039
Bi,H,13168,15692,0.8391537088962528
Bi,He,2,15692,0.0001274534794799898
Bi,Hf,36,15692,0.0022941626306398166
Bi,Hg,47,15692,0.0029951567677797605
Bi,Ho,12,15692,0.0007647208768799389
Bi,Hs,0,15692,0.0
Bi,I,455,15692,0.02899566658169768
Bi,In,253,15692,0.01612286515421871
Bi,Ir,136,15692,0.008666836604639306
Bi,K,322,15692,0.02052001019627836
Bi,Kr,1,15692,0.0000637267397399949
Bi,La,115,15692,0.007328575070099414
Bi,Li,212,15692,0.013510068824878919
Bi,Lr,0,15692,0.0
Bi,Lu,16,15692,0.0010196278358399185
Bi,Lv,0,15692,0.0
Bi,Mc,0,15692,0.0
Bi,Md,0,15692,0.0
Bi,Mg,156,15692,0.009941371399439205
Bi,Mn,206,15692,0.01312770838643895
Bi,Mo,307,15692,0.019564109100178435
Bi,Mt,0,15692,0.0
Bi,N,4004,15692,0.2551618659189396
Bi,Na,317,15692,0.020201376497578385
Bi,Nb,173,15692,0.011024725975019118
Bi,Nd,40,15692,0.0025490695895997962
Bi,Ne,0,15692,0.0
Bi,Nh,0,15692,0.0
Bi,Ni,217,15692,0.013828702523578894
Bi,No,1,15692,0.0000637267397399949
Bi,Np,1,15692,0.0000637267397399949
Bi,O,9467,15692,0.6033010451185318
Bi,Og,0,15692,0.0
Bi,Os,12,15692,0.0007647208768799389
Bi,P,978,15692,0.06232475146571501
Bi,Pa,0,15692,0.0
Bi,Pb,458,15692,0.029186846800917664
Bi,Pd,72,15692,0.004588325261279633
Bi,Pm,0,15692,0.0
Bi,Po,9,15692,0.0005735406576599542
Bi,Pr,8,15692,0.0005098139179199592
Bi,Pt,133,15692,0.008475656385419321
Bi,Pu,3,15692,0.00019118021921998472
Bi,Ra,1,15692,0.0000637267397399949
Bi,Rb,34,15692,0.0021667091511598266
Bi,Re,16,15692,0.0010196278358399185
Bi,Rf,2,15692,0.0001274534794799898
Bi,Rg,0,15692,0.0
Bi,Rh,23,15692,0.0014657150140198827
Bi,Rn,0,15692,0.0
Bi,Ru,43,15692,0.002740249808819781
Bi,S,2380,15692,0.15166964058118787
Bi,Sb,436,15692,0.027784858526637778
Bi,Sc,31,15692,0.001975528931939842
Bi,Se,218,15692,0.013892429263318889
Bi,Sg,0,15692,0.0
Bi,Si,681,15692,0.043397909762936525
Bi,Sm,29,15692,0.0018480754524598522
Bi,Sn,373,15692,0.0237700739230181
Bi,Sr,272,15692,0.017333673209278613
Bi,Ta,134,15692,0.008539383125159316
Bi,Tb,18,15692,0.0011470813153199083
Bi,Tc,6,15692,0.00038236043843996943
Bi,Te,311,15692,0.019819016059138415
Bi,Th,14,15692,0.0008921743563599286
Bi,Ti,388,15692,0.02472597501911802
Bi,Tl,34,15692,0.0021667091511598266
Bi,Tm,14,15692,0.0008921743563599286
Bi,Ts,0,15692,0.0
Bi,U,17,15692,0.0010833545755799133
Bi,V,310,15692,0.01975528931939842
Bi,W,141,15692,0.008985470303339281
Bi,Xe,0,15692,0.0
Bi,Y,64,15692,0.004078511343359674
Bi,Yb,14,15692,0.0008921743563599286
Bi,Zn,415,15692,0.026446596992097886
Bi,Zr,198,15692,0.01261789446851899
Bk,Ac,0,169,0.0
Bk,Ag,0,169,0.0
Bk,Al,17,169,0.10059171597633136
Bk,Am,0,169,0.0
Bk,Ar,0,169,0.0
Bk,As,0,169,0.0
Bk,At,0,169,0.0
Bk,Au,0,169,0.0
Bk,B,1,169,0.005917159763313609
Bk,Ba,0,169,0.0
Bk,Be,0,169,0.0
Bk,Bh,0,169,0.0
Bk,Bi,11,169,0.0650887573964497
Bk,Bk,169,169,1.0
Bk,Br,4,169,0.023668639053254437
Bk,C,113,169,0.6686390532544378
Bk,Ca,0,169,0.0
Bk,Cd,0,169,0.0
Bk,Ce,1,169,0.005917159763313609
Bk,Cf,1,169,0.005917159763313609
Bk,Cl,10,169,0.05917159763313609
Bk,Cm,2,169,0.011834319526627219
Bk,Cn,0,169,0.0
Bk,Co,0,169,0.0
Bk,Cr,1,169,0.005917159763313609
Bk,Cs,0,169,0.0
Bk,Cu,1,169,0.005917159763313609
Bk,Db,0,169,0.0
Bk,Ds,0,169,0.0
Bk,Dy,2,169,0.011834319526627219
Bk,Er,0,169,0.0
Bk,Es,0,169,0.0
Bk,Eu,0,169,0.0
Bk,F,8,169,0.047337278106508875
Bk,Fe,1,169,0.005917159763313609
Bk,Fl,0,169,0.0
Bk,Fm,0,169,0.0
Bk,Fr,0,169,0.0
Bk,Ga,0,169,0.0
Bk,Gd,0,169,0.0
Bk,Ge,0,169,0.0
Bk,H,121,169,0.7159763313609467
Bk,He,0,169,0.0
Bk,Hf,0,169,0.0
Bk,Hg,0,169,0.0
Bk,Ho,0,169,0.0
Bk,Hs,0,169,0.0
Bk,I,4,169,0.023668639053254437
Bk,In,0,169,0.0
Bk,Ir,0,169,0.0
Bk,K,0,169,0.0
Bk,Kr,0,169,0.0
Bk,La,0,169,0.0
Bk,Li,8,169,0.047337278106508875
Bk,Lr,0,169,0.0
Bk,Lu,0,169,0.0
Bk,Lv,0,169,0.0
Bk,Mc,0,169,0.0
Bk,Md,0,169,0.0
Bk,Mg,1,169,0.005917159763313609
Bk,Mn,0,169,0.0
Bk,Mo,0,169,0.0
Bk,Mt,0,169,0.0
Bk,N,97,169,0.5739644970414202
Bk,Na,0,169,0.0
Bk,Nb,1,169,0.005917159763313609
Bk,Nd,0,169,0.0
Bk,Ne,0,169,0.0
Bk,Nh,0,169,0.0
Bk,Ni,0,169,0.0
Bk,No,1,169,0.005917159763313609
Bk,Np,0,169,0.0
Bk,O,52,169,0.3076923076923077
Bk,Og,0,169,0.0
Bk,Os,0,169,0.0
Bk,P,3,169,0.01775147928994083
Bk,Pa,0,169,0.0
Bk,Pb,2,169,0.011834319526627219
Bk,Pd,0,169,0.0
Bk,Pm,0,169,0.0
Bk,Po,0,169,0.0
Bk,Pr,0,169,0.0
Bk,Pt,1,169,0.005917159763313609
Bk,Pu,0,169,0.0
Bk,Ra,0,169,0.0
Bk,Rb,0,169,0.0
Bk,Re,0,169,0.0
Bk,Rf,0,169,0.0
Bk,Rg,0,169,0.0
Bk,Rh,0,169,0.0
Bk,Rn,0,169,0.0
Bk,Ru,0,169,0.0
Bk,S,11,169,0.0650887573964497
Bk,Sb,0,169,0.0
Bk,Sc,0,169,0.0
Bk,Se,0,169,0.0
Bk,Sg,0,169,0.0
Bk,Si,4,169,0.023668639053254437
Bk,Sm,0,169,0.0
Bk,Sn,0,169,0.0
Bk,Sr,0,169,0.0
Bk,Ta,0,169,0.0
Bk,Tb,0,169,0.0
Bk,Tc,0,169,0.0
Bk,Te,0,169,0.0
Bk,Th,0,169,0.0
Bk,Ti,2,169,0.011834319526627219
Bk,Tl,0,169,0.0
Bk,Tm,0,169,0.0
Bk,Ts,0,169,0.0
Bk,U,0,169,0.0
Bk,V,0,169,0.0
Bk,W,1,169,0.005917159763313609
Bk,Xe,0,169,0.0
Bk,Y,2,169,0.011834319526627219
Bk,Yb,1,169,0.005917159763313609
Bk,Zn,1,169,0.005917159763313609
Bk,Zr,0,169,0.0
Br,Ac,460,8607410,0.00005344232469465263
Br,Ag,1033,8607410,0.00012001287262951341
Br,Al,3474,8607410,0.00040360573041135485
Br,Am,9,8607410,1.0456107005475514e-6
Br,Ar,285,8607410,0.00003311100551733913
Br,As,1309,8607410,0.00015207826744630497
Br,At,42,8607410,4.879516602555241e-6
Br,Au,470,8607410,0.00005460411436192769
Br,B,108965,8607410,0.01265944110946266
Br,Ba,254,8607410,0.00002950945754878645
Br,Be,48,8607410,5.576590402920275e-6
Br,Bh,7,8607410,8.1325276709254e-7
Br,Bi,485,8607410,0.00005634679886284027
Br,Bk,4,8607410,4.6471586691002285e-7
Br,Br,8607410,8607410,1.0
Br,C,8600478,8607410,0.999194647402645
Br,Ca,621,8607410,0.00007214713833778105
Br,Cd,219,8607410,0.000025443193713323753
Br,Ce,120,8607410,0.000013941476007300687
Br,Cf,9,8607410,1.0456107005475514e-6
Br,Cl,1537766,8607410,0.17865606494868955
Br,Cm,12,8607410,1.3941476007300687e-6
Br,Cn,0,8607410,0.0
Br,Co,1474,8607410,0.00017124779695634344
Br,Cr,401,8607410,0.00004658776565772979
Br,Cs,2390,8607410,0.0002776677304787387
Br,Cu,4043,8607410,0.00046971156247930563
Br,Db,2,8607410,2.3235793345501143e-7
Br,Ds,0,8607410,0.0
Br,Dy,38,8607410,4.4148007356452175e-6
Br,Er,30,8607410,3.4853690018251717e-6
Br,Es,14,8607410,1.62650553418508e-6
Br,Eu,91,8607410,0.00001057228597220302
Br,F,1759791,8607410,0.204450700036364
Br,Fe,2796,8607410,0.000324836390970106
Br,Fl,0,8607410,0.0
Br,Fm,57,8607410,6.622201103467826e-6
Br,Fr,1,8607410,1.1617896672750571e-7
Br,Ga,305,8607410,0.00003543458485188924
Br,Gd,98,8607410,0.00001138553873929556
Br,Ge,1009,8607410,0.00011722457742805328
Br,H,8600376,8607410,0.9991827971480387
Br,He,9,8607410,1.0456107005475514e-6
Br,Hf,573,8607410,0.00006657054793486078
Br,Hg,1109,8607410,0.00012884247410080383
Br,Ho,43,8607410,4.995695569282746e-6
Br,Hs,1,8607410,1.1617896672750571e-7
Br,I,172902,8607410,0.020087575705119192
Br,In,528,8607410,0.00006134249443212302
Br,Ir,1768,8607410,0.00020540441317423011
Br,K,14276,8607410,0.0016585709290018716
Br,Kr,2,8607410,2.3235793345501143e-7
Br,La,114,8607410,0.000013244402206935652
Br,Li,11518,8607410,0.0013381493387674109
Br,Lr,22,8607410,2.555937268005126e-6
Br,Lu,25,8607410,2.904474168187643e-6
Br,Lv,0,8607410,0.0
Br,Mc,0,8607410,0.0
Br,Md,1,8607410,1.1617896672750571e-7
Br,Mg,17480,8607410,0.0020308083383968
Br,Mn,1343,8607410,0.00015602835231504018
Br,Mo,760,8607410,0.00008829601471290435
Br,Mt,2,8607410,2.3235793345501143e-7
Br,N,7527966,8607410,0.8745913114397943
Br,Na,23450,8607410,0.0027243967697600092
Br,Nb,83,8607410,9.642854238382974e-6
Br,Nd,110,8607410,0.00001277968634002563
Br,Ne,3,8607410,3.485369001825172e-7
Br,Nh,0,8607410,0.0
Br,Ni,3167,8607410,0.00036793878762601064
Br,No,16,8607410,1.8588634676400914e-6
Br,Np,10,8607410,1.1617896672750572e-6
Br,O,7126588,8607410,0.8279596301326415
Br,Og,0,8607410,0.0
Br,Os,355,8607410,0.00004124353318826453
Br,P,97632,8607410,0.011342784879539838
Br,Pa,8,8607410,9.294317338200457e-7
Br,Pb,724,8607410,0.00008411357191071414
Br,Pd,7894,8607410,0.0009171167633469301
Br,Pm,8,8607410,9.294317338200457e-7
Br,Po,55,8607410,6.389843170012815e-6
Br,Pr,93,8607410,0.000010804643905658031
Br,Pt,1990,8607410,0.00023119614378773638
Br,Pu,7,8607410,8.1325276709254e-7
Br,Ra,3,8607410,3.485369001825172e-7
Br,Rb,267,8607410,0.000031019784116244024
Br,Re,415,8607410,0.000048214271191914875
Br,Rf,64,8607410,7.435453870560366e-6
Br,Rg,0,8607410,0.0
Br,Rh,312,8607410,0.000036247837618981784
Br,Rn,3,8607410,3.485369001825172e-7
Br,Ru,1197,8607410,0.00013906622317282435
Br,S,2388328,8607410,0.2774734792463703
Br,Sb,673,8607410,0.00007818844460761135
Br,Sc,68,8607410,7.900169737470389e-6
Br,Se,5125,8607410,0.0005954172044784668
Br,Sg,7,8607410,8.1325276709254e-7
Br,Si,85325,8607410,0.009912970336024425
Br,Sm,45,8607410,5.228053502737757e-6
Br,Sn,8009,8607410,0.0009304773445205933
Br,Sr,100,8607410,0.000011617896672750572
Br,Ta,86,8607410,9.991391138565492e-6
Br,Tb,48,8607410,5.576590402920275e-6
Br,Tc,53,8607410,6.157485236557803e-6
Br,Te,1108,8607410,0.00012872629513407634
Br,Th,34,8607410,3.950084868735194e-6
Br,Ti,1814,8607410,0.00021074864564369538
Br,Tl,333,8607410,0.000038687595920259405
Br,Tm,20,8607410,2.3235793345501143e-6
Br,Ts,0,8607410,0.0
Br,U,1115,8607410,0.00012953954790116887
Br,V,2118,8607410,0.0002460670515288571
Br,W,1608,8607410,0.0001868157784978292
Br,Xe,17,8607410,1.975042434367597e-6
Br,Y,3137,8607410,0.00036445341862418544
Br,Yb,62,8607410,7.2030959371053545e-6
Br,Zn,8585,8607410,0.0009973964293556366
Br,Zr,3303,8607410,0.00038373912710095137
C,Ac,9620,124377664,0.00007734507700675259
C,Ag,13949,124377664,0.00011215036165979127
C,Al,63520,124377664,0.0005107026290508238
C,Am,236,124377664,1.8974467955918516e-6
C,Ar,3635,124377664,0.000029225504669391443
C,As,30191,124377664,0.00024273650934624404
C,At,1078,124377664,8.667151040881423e-6
C,Au,14861,124377664,0.00011948286792072248
C,B,1300301,124377664,0.010454457482012205
C,Ba,9809,124377664,0.00007886464244898505
C,Be,2059,124377664,0.000016554419288659417
C,Bh,57,124377664,4.5828164130820143e-7
C,Bi,10397,124377664,0.00008359217938037492
C,Bk,113,124377664,9.085232538215221e-7
C,Br,8600478,124377664,0.06914809076973821
C,C,124377664,124377664,1.0
C,Ca,34970,124377664,0.000281159806956979
C,Cd,4895,124377664,0.00003935594095094116
C,Ce,4187,124377664,0.000033663600564165604
C,Cf,186,124377664,1.4954453558478152e-6
C,Cl,21879392,124377664,0.17591094169448301
C,Cm,616,124377664,4.952657737646528e-6
C,Cn,0,124377664,0.0
C,Co,36555,124377664,0.00029390325259686496
C,Cr,19537,124377664,0.00015707804256558477
C,Cs,10241,124377664,0.00008233793488837352
C,Cu,55369,124377664,0.000445168354343751
C,Db,90,124377664,7.236025915392655e-7
C,Ds,3,124377664,2.4120086384642182e-8
C,Dy,1454,124377664,0.000011690201867756577
C,Er,1215,124377664,9.768634985780083e-6
C,Es,315,124377664,2.5326090703874292e-6
C,Eu,4267,124377664,0.00003430680286775606
C,F,25327714,124377664,0.2036355498685037
C,Fe,67578,124377664,0.0005433290659004498
C,Fl,0,124377664,0.0
C,Fm,2086,124377664,0.000016771500066121198
C,Fr,47,124377664,3.7788135335939415e-7
C,Ga,7805,124377664,0.00006275242474404408
C,Gd,5931,124377664,0.000047685410782437595
C,Ge,43085,124377664,0.0003464046406274361
C,H,124330564,124377664,0.9996213146437611
C,He,214,124377664,1.7205661621044755e-6
C,Hf,20467,124377664,0.00016455526934482386
C,Hg,13253,124377664,0.00010655450161855428
C,Ho,1147,124377664,9.221913027728194e-6
C,Hs,57,124377664,4.5828164130820143e-7
C,I,2534288,124377664,0.020375748494520687
C,In,9122,124377664,0.00007334114266690199
C,Ir,167601,124377664,0.0013475168660508048
C,K,143041,124377664,0.0011500537588485342
C,Kr,47,124377664,3.7788135335939415e-7
C,La,3892,124377664,0.00003129179206967579
C,Li,106245,124377664,0.0008542128593121028
C,Lr,835,124377664,6.7134240437254075e-6
C,Lu,1951,124377664,0.0000156860961788123
C,Lv,0,124377664,0.0
C,Mc,0,124377664,0.0
C,Md,61,124377664,4.904417564877244e-7
C,Mg,51422,124377664,0.00041343436069035677
C,Mn,21225,124377664,0.00017064961117134345
C,Mo,12947,124377664,0.00010409425280732077
C,Mt,65,124377664,5.226018716672472e-7
C,N,110890006,124377664,0.8915588413044966
C,Na,391677,124377664,0.0031490943582924984
C,Nb,2912,124377664,0.000023412563850692677
C,Nd,3626,124377664,0.000029153144410237515
C,Ne,95,124377664,7.638027355136691e-7
C,Nh,0,124377664,0.0
C,Ni,39452,124377664,0.00031719521601563446
C,No,303,124377664,2.4361287248488603e-6
C,Np,341,124377664,2.741649819054328e-6
C,O,109232420,124377664,0.8782318021345055
C,Og,0,124377664,0.0
C,Os,7714,124377664,0.00006202078212370993
C,P,2469495,124377664,0.019854810908813983
C,Pa,200,124377664,1.6080057589761454e-6
C,Pb,12547,124377664,0.00010087824128936848
C,Pd,45812,124377664,0.00036832979915107586
C,Pm,210,124377664,1.6884060469249527e-6
C,Po,1143,124377664,9.18975291254867e-6
C,Pr,2588,124377664,0.000020807594521151323
C,Pt,139533,124377664,0.0011218493378360925
C,Pu,216,124377664,1.736646219694237e-6
C,Ra,159,124377664,1.2783645783860356e-6
C,Rb,9755,124377664,0.00007843048089406149
C,Re,8849,124377664,0.00007114621480589955
C,Rf,5112,124377664,0.00004110062719943028
C,Rg,1,124377664,8.040028794880727e-9
C,Rh,13083,124377664,0.00010518769672342455
C,Rn,66,124377664,5.306419004621279e-7
C,Ru,36176,124377664,0.0002908560816836052
C,S,36283770,124377664,0.29172255558682947
C,Sb,14466,124377664,0.0001163070565467446
C,Sc,2205,124377664,0.000017728263492712004
C,Se,115187,124377664,0.0009261067967959263
C,Sg,121,124377664,9.72843484180568e-7
C,Si,1805054,124377664,0.014512686136314635
C,Sm,2206,124377664,0.000017736303521506883
C,Sn,102244,124377664,0.0008220447041037851
C,Sr,3622,124377664,0.000029120984295057995
C,Ta,2907,124377664,0.000023372363706718272
C,Tb,1983,124377664,0.00001594337710024848
C,Tc,3302,124377664,0.00002654817508069616
C,Te,17785,124377664,0.00014299191211695374
C,Th,932,124377664,7.4933068368288375e-6
C,Ti,66990,124377664,0.00053860152896906
C,Tl,5316,124377664,0.00004274079307358594
C,Tm,684,124377664,5.499379695698418e-6
C,Ts,0,124377664,0.0
C,U,20160,124377664,0.00016208698050479547
C,V,33688,124377664,0.00027085249004194195
C,W,38819,124377664,0.00031210587778847496
C,Xe,371,124377664,2.98285068290075e-6
C,Y,94327,124377664,0.0007583917961347143
C,Yb,2237,124377664,0.000017985544414148187
C,Zn,64003,124377664,0.0005145859629587512
C,Zr,99286,124377664,0.0007982622989285279
Ca,Ac,1,47081,0.000021239990654404112
Ca,Ag,164,47081,0.0034833584673222744
Ca,Al,2127,47081,0.04517746012191755
Ca,Am,1,47081,0.000021239990654404112
Ca,Ar,13,47081,0.00027611987850725345
Ca,As,187,47081,0.003971878252373569
Ca,At,3,47081,0.00006371997196321234
Ca,Au,77,47081,0.0016354792803891167
Ca,B,1090,47081,0.023151589813300483
Ca,Ba,864,47081,0.018351351925405154
Ca,Be,78,47081,0.0016567192710435208
Ca,Bh,0,47081,0.0
Ca,Bi,243,47081,0.0051613177290202
Ca,Bk,0,47081,0.0
Ca,Br,621,47081,0.013190034196384953
Ca,C,34970,47081,0.7427624731845118
Ca,Ca,47081,47081,1.0
Ca,Cd,132,47081,0.002803678766381343
Ca,Ce,182,47081,0.003865678299101548
Ca,Cf,0,47081,0.0
Ca,Cl,4754,47081,0.10097491557103715
Ca,Cm,1,47081,0.000021239990654404112
Ca,Cn,0,47081,0.0
Ca,Co,226,47081,0.004800237887895329
Ca,Cr,289,47081,0.006138357299122789
Ca,Cs,80,47081,0.001699199252352329
Ca,Cu,674,47081,0.014315753701068372
Ca,Db,3,47081,0.00006371997196321234
Ca,Ds,0,47081,0.0
Ca,Dy,22,47081,0.00046727979439689047
Ca,Er,16,47081,0.0003398398504704658
Ca,Es,0,47081,0.0
Ca,Eu,60,47081,0.0012743994392642468
Ca,F,3037,47081,0.0645058516174253
Ca,Fe,1155,47081,0.02453218920583675
Ca,Fl,0,47081,0.0
Ca,Fm,0,47081,0.0
Ca,Fr,4,47081,0.00008495996261761645
Ca,Ga,111,47081,0.0023576389626388562
Ca,Gd,74,47081,0.0015717593084259042
Ca,Ge,91,47081,0.001932839149550774
Ca,H,42508,47081,0.90286952273741
Ca,He,1,47081,0.000021239990654404112
Ca,Hf,25,47081,0.0005309997663601028
Ca,Hg,75,47081,0.0015929992990803084
Ca,Ho,10,47081,0.0002123999065440411
Ca,Hs,0,47081,0.0
Ca,I,505,47081,0.010726195280474077
Ca,In,78,47081,0.0016567192710435208
Ca,Ir,14,47081,0.00029735986916165755
Ca,K,1531,47081,0.03251842569189269
Ca,Kr,1,47081,0.000021239990654404112
Ca,La,268,47081,0.0056923174953803024
Ca,Li,575,47081,0.012212994626282364
Ca,Lr,0,47081,0.0
Ca,Lu,29,47081,0.0006159597289777192
Ca,Lv,0,47081,0.0
Ca,Mc,0,47081,0.0
Ca,Md,0,47081,0.0
Ca,Mg,2740,47081,0.05819757439306727
Ca,Mn,756,47081,0.01605743293472951
Ca,Mo,158,47081,0.0033559185233958495
Ca,Mt,0,47081,0.0
Ca,N,14149,47081,0.3005246277691638
Ca,Na,3020,47081,0.06414477177630042
Ca,Nb,99,47081,0.0021027590747860073
Ca,Nd,51,47081,0.0010832395233746097
Ca,Ne,6,47081,0.00012743994392642468
Ca,Nh,0,47081,0.0
Ca,Ni,267,47081,0.005671077504725898
Ca,No,2,47081,0.000042479981308808224
Ca,Np,0,47081,0.0
Ca,O,41308,47081,0.877381533952125
Ca,Og,0,47081,0.0
Ca,Os,14,47081,0.00029735986916165755
Ca,P,6284,47081,0.13347210127227543
Ca,Pa,1,47081,0.000021239990654404112
Ca,Pb,418,47081,0.008878316093540919
Ca,Pd,46,47081,0.0009770395701025891
Ca,Pm,0,47081,0.0
Ca,Po,7,47081,0.00014867993458082877
Ca,Pr,35,47081,0.0007433996729041439
Ca,Pt,33,47081,0.0007009196915953357
Ca,Pu,1,47081,0.000021239990654404112
Ca,Ra,1,47081,0.000021239990654404112
Ca,Rb,48,47081,0.0010195195514113974
Ca,Re,20,47081,0.0004247998130880822
Ca,Rf,1,47081,0.000021239990654404112
Ca,Rg,0,47081,0.0
Ca,Rh,17,47081,0.0003610798411248699
Ca,Rn,1,47081,0.000021239990654404112
Ca,Ru,29,47081,0.0006159597289777192
Ca,S,12219,47081,0.25953144580616383
Ca,Sb,120,47081,0.0025487988785284936
Ca,Sc,39,47081,0.0008283596355217604
Ca,Se,200,47081,0.004247998130880822
Ca,Sg,0,47081,0.0
Ca,Si,2443,47081,0.05188929716870925
Ca,Sm,39,47081,0.0008283596355217604
Ca,Sn,206,47081,0.004375438074807247
Ca,Sr,883,47081,0.01875491174783883
Ca,Ta,67,47081,0.0014230793738450756
Ca,Tb,16,47081,0.0003398398504704658
Ca,Tc,9,47081,0.00019115991588963702
Ca,Te,32,47081,0.0006796797009409316
Ca,Th,8,47081,0.0001699199252352329
Ca,Ti,658,47081,0.013975913850597906
Ca,Tl,55,47081,0.0011681994859922263
Ca,Tm,8,47081,0.0001699199252352329
Ca,Ts,0,47081,0.0
Ca,U,54,47081,0.001146959495337822
Ca,V,201,47081,0.004269238121535226
Ca,W,133,47081,0.002824918757035747
Ca,Xe,0,47081,0.0
Ca,Y,190,47081,0.004035598224336781
Ca,Yb,32,47081,0.0006796797009409316
Ca,Zn,1360,47081,0.02888638728998959
Ca,Zr,337,47081,0.007157876850534186
Cd,Ac,1,7961,0.00012561236025624922
Cd,Ag,133,7961,0.016706443914081145
Cd,Al,110,7961,0.013817359628187413
Cd,Am,0,7961,0.0
Cd,Ar,3,7961,0.00037683708076874763
Cd,As,130,7961,0.016329606833312398
Cd,At,0,7961,0.0
Cd,Au,74,7961,0.009295314658962443
Cd,B,171,7961,0.021479713603818614
Cd,Ba,168,7961,0.021102876523049867
Cd,Be,25,7961,0.0031403090064062306
Cd,Bh,0,7961,0.0
Cd,Bi,129,7961,0.01620399447305615
Cd,Bk,0,7961,0.0
Cd,Br,219,7961,0.027509106896118577
Cd,C,4895,7961,0.6148725034543399
Cd,Ca,132,7961,0.016580831553824896
Cd,Cd,7961,7961,1.0
Cd,Ce,28,7961,0.003517146087174978
Cd,Cf,0,7961,0.0
Cd,Cl,748,7961,0.09395804547167441
Cd,Cm,2,7961,0.00025122472051249844
Cd,Cn,0,7961,0.0
Cd,Co,117,7961,0.014696646149981158
Cd,Cr,176,7961,0.022107775405099863
Cd,Cs,24,7961,0.003014696646149981
Cd,Cu,318,7961,0.03994473056148725
Cd,Db,0,7961,0.0
Cd,Ds,0,7961,0.0
Cd,Dy,10,7961,0.0012561236025624921
Cd,Er,4,7961,0.0005024494410249969
Cd,Es,0,7961,0.0
Cd,Eu,15,7961,0.0018841854038437382
Cd,F,373,7961,0.04685341037558096
Cd,Fe,151,7961,0.018967466398693632
Cd,Fl,0,7961,0.0
Cd,Fm,0,7961,0.0
Cd,Fr,0,7961,0.0
Cd,Ga,156,7961,0.019595528199974878
Cd,Gd,12,7961,0.0015073483230749905
Cd,Ge,178,7961,0.02235900012561236
Cd,H,6100,7961,0.7662353975631202
Cd,He,3,7961,0.00037683708076874763
Cd,Hf,9,7961,0.0011305112423062428
Cd,Hg,250,7961,0.031403090064062306
Cd,Ho,5,7961,0.0006280618012812461
Cd,Hs,0,7961,0.0
Cd,I,163,7961,0.02047481472176862
Cd,In,286,7961,0.03592513503328727
Cd,Ir,11,7961,0.0013817359628187414
Cd,K,114,7961,0.014319809069212411
Cd,Kr,1,7961,0.00012561236025624922
Cd,La,17,7961,0.0021354101243562366
Cd,Li,74,7961,0.009295314658962443
Cd,Lr,0,7961,0.0
Cd,Lu,3,7961,0.00037683708076874763
Cd,Lv,0,7961,0.0
Cd,Mc,0,7961,0.0
Cd,Md,0,7961,0.0
Cd,Mg,103,7961,0.01293807310639367
Cd,Mn,105,7961,0.013189297826906168
Cd,Mo,55,7961,0.0069086798140937065
Cd,Mt,0,7961,0.0
Cd,N,2590,7961,0.3253360130636855
Cd,Na,82,7961,0.010300213541012435
Cd,Nb,21,7961,0.0026378595653812334
Cd,Nd,14,7961,0.001758573043587489
Cd,Ne,3,7961,0.00037683708076874763
Cd,Nh,0,7961,0.0
Cd,Ni,222,7961,0.027885943976887324
Cd,No,0,7961,0.0
Cd,Np,1,7961,0.00012561236025624922
Cd,O,4969,7961,0.6241678181133024
Cd,Og,0,7961,0.0
Cd,Os,7,7961,0.0008792865217937445
Cd,P,492,7961,0.06180128124607461
Cd,Pa,0,7961,0.0
Cd,Pb,339,7961,0.042582590126868484
Cd,Pd,26,7961,0.0032659213666624796
Cd,Pm,0,7961,0.0
Cd,Po,4,7961,0.0005024494410249969
Cd,Pr,5,7961,0.0006280618012812461
Cd,Pt,26,7961,0.0032659213666624796
Cd,Pu,3,7961,0.00037683708076874763
Cd,Ra,0,7961,0.0
Cd,Rb,12,7961,0.0015073483230749905
Cd,Re,19,7961,0.002386634844868735
Cd,Rf,0,7961,0.0
Cd,Rg,0,7961,0.0
Cd,Rh,14,7961,0.001758573043587489
Cd,Rn,0,7961,0.0
Cd,Ru,14,7961,0.001758573043587489
Cd,S,1637,7961,0.20562743373947998
Cd,Sb,88,7961,0.011053887702549932
Cd,Sc,6,7961,0.0007536741615374953
Cd,Se,384,7961,0.0482351463383997
Cd,Sg,0,7961,0.0
Cd,Si,194,7961,0.024368797889712347
Cd,Sm,11,7961,0.0013817359628187414
Cd,Sn,252,7961,0.031654314784574804
Cd,Sr,34,7961,0.004270820248712473
Cd,Ta,17,7961,0.0021354101243562366
Cd,Tb,15,7961,0.0018841854038437382
Cd,Tc,5,7961,0.0006280618012812461
Cd,Te,195,7961,0.024494410249968596
Cd,Th,12,7961,0.0015073483230749905
Cd,Ti,63,7961,0.007913578696143701
Cd,Tl,34,7961,0.004270820248712473
Cd,Tm,4,7961,0.0005024494410249969
Cd,Ts,0,7961,0.0
Cd,U,14,7961,0.001758573043587489
Cd,V,38,7961,0.00477326968973747
Cd,W,52,7961,0.006531842733324959
Cd,Xe,2,7961,0.00025122472051249844
Cd,Y,33,7961,0.004145207888456224
Cd,Yb,8,7961,0.0010048988820499938
Cd,Zn,707,7961,0.0888079387011682
Cd,Zr,58,7961,0.007285516894862455
Ce,Ac,5,8261,0.0006052536012589275
Ce,Ag,65,8261,0.007868296816366057
Ce,Al,331,8261,0.040067788403341
Ce,Am,1,8261,0.0001210507202517855
Ce,Ar,2,8261,0.000242101440503571
Ce,As,15,8261,0.0018157608037767826
Ce,At,1,8261,0.0001210507202517855
Ce,Au,33,8261,0.0039946737683089215
Ce,B,244,8261,0.029536375741435663
Ce,Ba,114,8261,0.013799782108703546
Ce,Be,12,8261,0.001452608643021426
Ce,Bh,0,8261,0.0
Ce,Bi,91,8261,0.01101561554291248
Ce,Bk,1,8261,0.0001210507202517855
Ce,Br,120,8261,0.01452608643021426
Ce,C,4187,8261,0.5068393656942258
Ce,Ca,182,8261,0.02203123108582496
Ce,Cd,28,8261,0.003389420167049994
Ce,Ce,8261,8261,1.0
Ce,Cf,1,8261,0.0001210507202517855
Ce,Cl,703,8261,0.08509865633700521
Ce,Cm,1,8261,0.0001210507202517855
Ce,Cn,0,8261,0.0
Ce,Co,210,8261,0.025420651252874956
Ce,Cr,82,8261,0.00992615906064641
Ce,Cs,23,8261,0.0027841665657910666
Ce,Cu,235,8261,0.028446919259169593
Ce,Db,0,8261,0.0
Ce,Ds,0,8261,0.0
Ce,Dy,15,8261,0.0018157608037767826
Ce,Er,41,8261,0.004963079530323205
Ce,Es,1,8261,0.0001210507202517855
Ce,Eu,67,8261,0.008110398256869628
Ce,F,598,8261,0.07238833071056773
Ce,Fe,283,8261,0.0342573538312553
Ce,Fl,0,8261,0.0
Ce,Fm,0,8261,0.0
Ce,Fr,0,8261,0.0
Ce,Ga,23,8261,0.0027841665657910666
Ce,Gd,101,8261,0.012226122745430335
Ce,Ge,33,8261,0.0039946737683089215
Ce,H,5919,8261,0.7164992131703184
Ce,He,0,8261,0.0
Ce,Hf,40,8261,0.00484202881007142
Ce,Hg,7,8261,0.0008473550417624985
Ce,Ho,20,8261,0.00242101440503571
Ce,Hs,1,8261,0.0001210507202517855
Ce,I,135,8261,0.01634184723399104
Ce,In,70,8261,0.008473550417624985
Ce,Ir,42,8261,0.0050841302505749905
Ce,K,177,8261,0.021425977484566032
Ce,Kr,0,8261,0.0
Ce,La,553,8261,0.06694104829923737
Ce,Li,146,8261,0.017673405156760684
Ce,Lr,0,8261,0.0
Ce,Lu,35,8261,0.004236775208812492
Ce,Lv,0,8261,0.0
Ce,Mc,0,8261,0.0
Ce,Md,0,8261,0.0
Ce,Mg,286,8261,0.03462050599201065
Ce,Mn,300,8261,0.03631521607553565
Ce,Mo,163,8261,0.019731267401041037
Ce,Mt,0,8261,0.0
Ce,N,2203,8261,0.26667473671468345
Ce,Na,225,8261,0.027236412056651737
Ce,Nb,63,8261,0.007626195375862487
Ce,Nd,198,8261,0.023968042609853527
Ce,Ne,1,8261,0.0001210507202517855
Ce,Nh,0,8261,0.0
Ce,Ni,222,8261,0.02687325989589638
Ce,No,0,8261,0.0
Ce,Np,2,8261,0.000242101440503571
Ce,O,5557,8261,0.672678852439172
Ce,Og,0,8261,0.0
Ce,Os,3,8261,0.0003631521607553565
Ce,P,519,8261,0.06282532381067667
Ce,Pa,3,8261,0.0003631521607553565
Ce,Pb,37,8261,0.004478876649316063
Ce,Pd,51,8261,0.00617358673284106
Ce,Pm,7,8261,0.0008473550417624985
Ce,Po,4,8261,0.000484202881007142
Ce,Pr,159,8261,0.019247064520033896
Ce,Pt,39,8261,0.004720978089819634
Ce,Pu,9,8261,0.0010894564822660695
Ce,Ra,1,8261,0.0001210507202517855
Ce,Rb,23,8261,0.0027841665657910666
Ce,Re,12,8261,0.001452608643021426
Ce,Rf,1,8261,0.0001210507202517855
Ce,Rg,0,8261,0.0
Ce,Rh,35,8261,0.004236775208812492
Ce,Rn,1,8261,0.0001210507202517855
Ce,Ru,51,8261,0.00617358673284106
Ce,S,890,8261,0.1077351410240891
Ce,Sb,65,8261,0.007868296816366057
Ce,Sc,31,8261,0.0037525723278053506
Ce,Se,32,8261,0.003873623048057136
Ce,Sg,0,8261,0.0
Ce,Si,415,8261,0.05023604890449098
Ce,Sm,71,8261,0.008594601137876771
Ce,Sn,124,8261,0.015010289311221402
Ce,Sr,118,8261,0.014283984989710688
Ce,Ta,50,8261,0.006052536012589275
Ce,Tb,109,8261,0.01319452850744462
Ce,Tc,0,8261,0.0
Ce,Te,8,8261,0.000968405762014284
Ce,Th,31,8261,0.0037525723278053506
Ce,Ti,290,8261,0.035104708873017795
Ce,Tl,13,8261,0.0015736593632732115
Ce,Tm,7,8261,0.0008473550417624985
Ce,Ts,0,8261,0.0
Ce,U,16,8261,0.001936811524028568
Ce,V,80,8261,0.00968405762014284
Ce,W,111,8261,0.01343662994794819
Ce,Xe,0,8261,0.0
Ce,Y,220,8261,0.02663115845539281
Ce,Yb,43,8261,0.005205180970826777
Ce,Zn,144,8261,0.01743130371625711
Ce,Zr,457,8261,0.05532017915506597
Cf,Ac,0,237,0.0
Cf,Ag,1,237,0.004219409282700422
Cf,Al,1,237,0.004219409282700422
Cf,Am,0,237,0.0
Cf,Ar,0,237,0.0
Cf,As,0,237,0.0
Cf,At,0,237,0.0
Cf,Au,1,237,0.004219409282700422
Cf,B,1,237,0.004219409282700422
Cf,Ba,0,237,0.0
Cf,Be,0,237,0.0
Cf,Bh,0,237,0.0
Cf,Bi,0,237,0.0
Cf,Bk,1,237,0.004219409282700422
Cf,Br,9,237,0.0379746835443038
Cf,C,186,237,0.7848101265822784
Cf,Ca,0,237,0.0
Cf,Cd,0,237,0.0
Cf,Ce,1,237,0.004219409282700422
Cf,Cf,237,237,1.0
Cf,Cl,32,237,0.1350210970464135
Cf,Cm,5,237,0.02109704641350211
Cf,Cn,0,237,0.0
Cf,Co,2,237,0.008438818565400843
Cf,Cr,1,237,0.004219409282700422
Cf,Cs,0,237,0.0
Cf,Cu,0,237,0.0
Cf,Db,0,237,0.0
Cf,Ds,0,237,0.0
Cf,Dy,0,237,0.0
Cf,Er,0,237,0.0
Cf,Es,0,237,0.0
Cf,Eu,0,237,0.0
Cf,F,45,237,0.189873417721519
Cf,Fe,0,237,0.0
Cf,Fl,0,237,0.0
Cf,Fm,0,237,0.0
Cf,Fr,0,237,0.0
Cf,Ga,1,237,0.004219409282700422
Cf,Gd,0,237,0.0
Cf,Ge,0,237,0.0
Cf,H,190,237,0.8016877637130801
Cf,He,0,237,0.0
Cf,Hf,1,237,0.004219409282700422
Cf,Hg,0,237,0.0
Cf,Ho,0,237,0.0
Cf,Hs,0,237,0.0
Cf,I,4,237,0.016877637130801686
Cf,In,0,237,0.0
Cf,Ir,1,237,0.004219409282700422
Cf,K,1,237,0.004219409282700422
Cf,Kr,0,237,0.0
Cf,La,3,237,0.012658227848101266
Cf,Li,2,237,0.008438818565400843
Cf,Lr,0,237,0.0
Cf,Lu,0,237,0.0
Cf,Lv,0,237,0.0
Cf,Mc,0,237,0.0
Cf,Md,0,237,0.0
Cf,Mg,0,237,0.0
Cf,Mn,0,237,0.0
Cf,Mo,0,237,0.0
Cf,Mt,0,237,0.0
Cf,N,116,237,0.48945147679324896
Cf,Na,1,237,0.004219409282700422
Cf,Nb,0,237,0.0
Cf,Nd,0,237,0.0
Cf,Ne,0,237,0.0
Cf,Nh,0,237,0.0
Cf,Ni,0,237,0.0
Cf,No,0,237,0.0
Cf,Np,0,237,0.0
Cf,O,158,237,0.6666666666666666
Cf,Og,0,237,0.0
Cf,Os,0,237,0.0
Cf,P,7,237,0.029535864978902954
Cf,Pa,0,237,0.0
Cf,Pb,0,237,0.0
Cf,Pd,1,237,0.004219409282700422
Cf,Pm,0,237,0.0
Cf,Po,0,237,0.0
Cf,Pr,0,237,0.0
Cf,Pt,0,237,0.0
Cf,Pu,0,237,0.0
Cf,Ra,0,237,0.0
Cf,Rb,0,237,0.0
Cf,Re,0,237,0.0
Cf,Rf,3,237,0.012658227848101266
Cf,Rg,0,237,0.0
Cf,Rh,0,237,0.0
Cf,Rn,0,237,0.0
Cf,Ru,0,237,0.0
Cf,S,47,237,0.19831223628691982
Cf,Sb,0,237,0.0
Cf,Sc,0,237,0.0
Cf,Se,0,237,0.0
Cf,Sg,0,237,0.0
Cf,Si,14,237,0.05907172995780591
Cf,Sm,0,237,0.0
Cf,Sn,0,237,0.0
Cf,Sr,0,237,0.0
Cf,Ta,1,237,0.004219409282700422
Cf,Tb,0,237,0.0
Cf,Tc,0,237,0.0
Cf,Te,0,237,0.0
Cf,Th,0,237,0.0
Cf,Ti,0,237,0.0
Cf,Tl,0,237,0.0
Cf,Tm,0,237,0.0
Cf,Ts,0,237,0.0
Cf,U,0,237,0.0
Cf,V,1,237,0.004219409282700422
Cf,W,0,237,0.0
Cf,Xe,0,237,0.0
Cf,Y,0,237,0.0
Cf,Yb,0,237,0.0
Cf,Zn,1,237,0.004219409282700422
Cf,Zr,2,237,0.008438818565400843
Cl,Ac,935,21906474,0.0000426814465897159
Cl,Ag,2159,21906474,0.00009855534030716216
Cl,Al,13107,21906474,0.0005983162785576538
Cl,Am,21,21906474,9.586207255444212e-7
Cl,Ar,566,21906474,0.000025837110983721067
Cl,As,4409,21906474,0.00020126470375835017
Cl,At,68,21906474,3.1041052065247925e-6
Cl,Au,3111,21906474,0.00014201281319850927
Cl,B,145978,21906474,0.00666369220350112
Cl,Ba,1330,21906474,0.00006071264595114668
Cl,Be,163,21906474,7.440722774463841e-6
Cl,Bh,5,21906474,2.2824302989152887e-7
Cl,Bi,1340,21906474,0.00006116913201092973
Cl,Bk,10,21906474,4.5648605978305774e-7
Cl,Br,1537766,21906474,0.07019687422083536
Cl,C,21879392,21906474,0.9987637444528955
Cl,Ca,4754,21906474,0.00021701347282086566
Cl,Cd,748,21906474,0.00003414515727177272
Cl,Ce,703,21906474,0.00003209097000274896
Cl,Cf,32,21906474,1.4607553913057847e-6
Cl,Cl,21906474,21906474,1.0
Cl,Cm,97,21906474,4.42791477989566e-6
Cl,Cn,0,21906474,0.0
Cl,Co,6191,21906474,0.00028261051961169106
Cl,Cr,4186,21906474,0.00019108506462518798
Cl,Cs,3194,21906474,0.00014580164749470863
Cl,Cu,10565,21906474,0.0004822775221608005
Cl,Db,35,21906474,1.597701209240702e-6
Cl,Ds,1,21906474,4.564860597830577e-8
Cl,Dy,189,21906474,8.627586529899792e-6
Cl,Er,155,21906474,7.075533926637395e-6
Cl,Es,44,21906474,2.008538663045454e-6
Cl,Eu,310,21906474,0.00001415106785327479
Cl,F,4874045,21906474,0.22249335972553136
Cl,Fe,12315,21906474,0.0005621625826228356
Cl,Fl,0,21906474,0.0
Cl,Fm,160,21906474,7.303776956528924e-6
Cl,Fr,4,21906474,1.825944239132231e-7
Cl,Ga,1179,21906474,0.00005381970644842251
Cl,Gd,454,21906474,0.000020724467114150823
Cl,Ge,3876,21906474,0.00017693399677191319
Cl,H,21886637,21906474,0.9990944686032084
Cl,He,24,21906474,1.0955665434793385e-6
Cl,Hf,7740,21906474,0.0003533202102720867
Cl,Hg,3658,21906474,0.00016698260066864252
Cl,Ho,162,21906474,7.395074168485535e-6
Cl,Hs,11,21906474,5.021346657613635e-7
Cl,I,340123,21906474,0.015526140811159295
Cl,In,1590,21906474,0.00007258128350550618
Cl,Ir,2849,21906474,0.00013005287843219314
Cl,K,25132,21906474,0.0011472407654467807
Cl,Kr,9,21906474,4.10837453804752e-7
Cl,La,442,21906474,0.000020176683842411152
Cl,Li,20690,21906474,0.0009444696576911464
Cl,Lr,42,21906474,1.9172414510888425e-6
Cl,Lu,152,21906474,6.938588108702478e-6
Cl,Lv,0,21906474,0.0
Cl,Mc,0,21906474,0.0
Cl,Md,4,21906474,1.825944239132231e-7
Cl,Mg,14872,21906474,0.0006788860681093635
Cl,Mn,5402,21906474,0.0002465937694948078
Cl,Mo,1604,21906474,0.00007322036398920246
Cl,Mt,4,21906474,1.825944239132231e-7
Cl,N,20277317,21906474,0.9256312540302013
Cl,Na,65498,21906474,0.0029898923943670716
Cl,Nb,625,21906474,0.000028530378736441107
Cl,Nd,679,21906474,0.00003099540345926962
Cl,Ne,14,21906474,6.390804836962809e-7
Cl,Nh,0,21906474,0.0
Cl,Ni,6431,21906474,0.0002935661850464844
Cl,No,31,21906474,1.415106785327479e-6
Cl,Np,37,21906474,1.6889984211973137e-6
Cl,O,19198868,21906474,0.8764015605615034
Cl,Og,0,21906474,0.0
Cl,Os,1773,21906474,0.00008093497839953613
Cl,P,268862,21906474,0.012273175500539246
Cl,Pa,16,21906474,7.303776956528924e-7
Cl,Pb,1418,21906474,0.00006472972327723759
Cl,Pd,14880,21906474,0.0006792512569571899
Cl,Pm,19,21906474,8.673235135878097e-7
Cl,Po,117,21906474,5.340886899461775e-6
Cl,Pr,389,21906474,0.000017757307725560944
Cl,Pt,11808,21906474,0.0005390187393918346
Cl,Pu,41,21906474,1.8715928451105367e-6
Cl,Ra,6,21906474,2.738916358698346e-7
Cl,Rb,628,21906474,0.000028667324554376025
Cl,Re,1000,21906474,0.00004564860597830578
Cl,Rf,193,21906474,8.810180953813015e-6
Cl,Rg,0,21906474,0.0
Cl,Rh,2764,21906474,0.00012617274692403716
Cl,Rn,4,21906474,1.825944239132231e-7
Cl,Ru,17523,21906474,0.0007999005225578521
Cl,S,6845558,21906474,0.3124901798436389
Cl,Sb,2945,21906474,0.0001344351446061105
Cl,Sc,241,21906474,0.000011001314040771691
Cl,Se,9787,21906474,0.0004467629067096786
Cl,Sg,8,21906474,3.651888478264462e-7
Cl,Si,207836,21906474,0.009487423672107158
Cl,Sm,246,21906474,0.00001122955707066322
Cl,Sn,13794,21906474,0.0006296768708647498
Cl,Sr,513,21906474,0.000023417734866870863
Cl,Ta,647,21906474,0.000029534648067963835
Cl,Tb,178,21906474,8.125451864138428e-6
Cl,Tc,418,21906474,0.000019081117298931814
Cl,Te,1994,21906474,0.00009102332032074172
Cl,Th,149,21906474,6.80164229076756e-6
Cl,Ti,30461,21906474,0.0013905021867051722
Cl,Tl,768,21906474,0.00003505812939133883
Cl,Tm,86,21906474,3.9257801141342965e-6
Cl,Ts,0,21906474,0.0
Cl,U,2980,21906474,0.0001360328458153512
Cl,V,5899,21906474,0.00026928112666602577
Cl,W,3704,21906474,0.00016908243654364458
Cl,Xe,25,21906474,1.1412151494576443e-6
Cl,Y,6487,21906474,0.00029612250698126953
Cl,Yb,171,21906474,7.805911622290288e-6
Cl,Zn,12539,21906474,0.0005723878703619761
Cl,Zr,64242,21906474,0.0029325577452583196
Cm,Ac,2,692,0.002890173410404624
Cm,Ag,0,692,0.0
Cm,Al,0,692,0.0
Cm,Am,3,692,0.004335260115606936
Cm,Ar,0,692,0.0
Cm,As,0,692,0.0
Cm,At,0,692,0.0
Cm,Au,1,692,0.001445086705202312
Cm,B,15,692,0.02167630057803468
Cm,Ba,0,692,0.0
Cm,Be,1,692,0.001445086705202312
Cm,Bh,0,692,0.0
Cm,Bi,2,692,0.002890173410404624
Cm,Bk,2,692,0.002890173410404624
Cm,Br,12,692,0.017341040462427744
Cm,C,616,692,0.8901734104046243
Cm,Ca,1,692,0.001445086705202312
Cm,Cd,2,692,0.002890173410404624
Cm,Ce,1,692,0.001445086705202312
Cm,Cf,5,692,0.0072254335260115606
Cm,Cl,97,692,0.14017341040462428
Cm,Cm,692,692,1.0
Cm,Cn,0,692,0.0
Cm,Co,16,692,0.023121387283236993
Cm,Cr,2,692,0.002890173410404624
Cm,Cs,2,692,0.002890173410404624
Cm,Cu,1,692,0.001445086705202312
Cm,Db,0,692,0.0
Cm,Ds,0,692,0.0
Cm,Dy,0,692,0.0
Cm,Er,2,692,0.002890173410404624
Cm,Es,1,692,0.001445086705202312
Cm,Eu,0,692,0.0
Cm,F,214,692,0.3092485549132948
Cm,Fe,0,692,0.0
Cm,Fl,0,692,0.0
Cm,Fm,1,692,0.001445086705202312
Cm,Fr,0,692,0.0
Cm,Ga,0,692,0.0
Cm,Gd,0,692,0.0
Cm,Ge,0,692,0.0
Cm,H,624,692,0.9017341040462428
Cm,He,0,692,0.0
Cm,Hf,1,692,0.001445086705202312
Cm,Hg,0,692,0.0
Cm,Ho,0,692,0.0
Cm,Hs,0,692,0.0
Cm,I,16,692,0.023121387283236993
Cm,In,0,692,0.0
Cm,Ir,0,692,0.0
Cm,K,10,692,0.014450867052023121
Cm,Kr,0,692,0.0
Cm,La,6,692,0.008670520231213872
Cm,Li,0,692,0.0
Cm,Lr,0,692,0.0
Cm,Lu,0,692,0.0
Cm,Lv,0,692,0.0
Cm,Mc,0,692,0.0
Cm,Md,0,692,0.0
Cm,Mg,1,692,0.001445086705202312
Cm,Mn,1,692,0.001445086705202312
Cm,Mo,2,692,0.002890173410404624
Cm,Mt,0,692,0.0
Cm,N,431,692,0.6228323699421965
Cm,Na,3,692,0.004335260115606936
Cm,Nb,0,692,0.0
Cm,Nd,5,692,0.0072254335260115606
Cm,Ne,0,692,0.0
Cm,Nh,0,692,0.0
Cm,Ni,1,692,0.001445086705202312
Cm,No,0,692,0.0
Cm,Np,0,692,0.0
Cm,O,474,692,0.684971098265896
Cm,Og,0,692,0.0
Cm,Os,1,692,0.001445086705202312
Cm,P,19,692,0.02745664739884393
Cm,Pa,0,692,0.0
Cm,Pb,1,692,0.001445086705202312
Cm,Pd,1,692,0.001445086705202312
Cm,Pm,0,692,0.0
Cm,Po,0,692,0.0
Cm,Pr,0,692,0.0
Cm,Pt,0,692,0.0
Cm,Pu,18,692,0.02601156069364162
Cm,Ra,0,692,0.0
Cm,Rb,1,692,0.001445086705202312
Cm,Re,0,692,0.0
Cm,Rf,3,692,0.004335260115606936
Cm,Rg,0,692,0.0
Cm,Rh,0,692,0.0
Cm,Rn,0,692,0.0
Cm,Ru,2,692,0.002890173410404624
Cm,S,114,692,0.16473988439306358
Cm,Sb,0,692,0.0
Cm,Sc,1,692,0.001445086705202312
Cm,Se,0,692,0.0
Cm,Sg,0,692,0.0
Cm,Si,10,692,0.014450867052023121
Cm,Sm,1,692,0.001445086705202312
Cm,Sn,0,692,0.0
Cm,Sr,0,692,0.0
Cm,Ta,0,692,0.0
Cm,Tb,1,692,0.001445086705202312
Cm,Tc,0,692,0.0
Cm,Te,0,692,0.0
Cm,Th,0,692,0.0
Cm,Ti,0,692,0.0
Cm,Tl,0,692,0.0
Cm,Tm,0,692,0.0
Cm,Ts,0,692,0.0
Cm,U,3,692,0.004335260115606936
Cm,V,0,692,0.0
Cm,W,6,692,0.008670520231213872
Cm,Xe,0,692,0.0
Cm,Y,9,692,0.01300578034682081
Cm,Yb,0,692,0.0
Cm,Zn,1,692,0.001445086705202312
Cm,Zr,1,692,0.001445086705202312
Cn,Ac,0,7,0.0
Cn,Ag,0,7,0.0
Cn,Al,0,7,0.0
Cn,Am,0,7,0.0
Cn,Ar,0,7,0.0
Cn,As,0,7,0.0
Cn,At,0,7,0.0
Cn,Au,0,7,0.0
Cn,B,0,7,0.0
Cn,Ba,0,7,0.0
Cn,Be,0,7,0.0
Cn,Bh,0,7,0.0
Cn,Bi,0,7,0.0
Cn,Bk,0,7,0.0
Cn,Br,0,7,0.0
Cn,C,0,7,0.0
Cn,Ca,0,7,0.0
Cn,Cd,0,7,0.0
Cn,Ce,0,7,0.0
Cn,Cf,0,7,0.0
Cn,Cl,0,7,0.0
Cn,Cm,0,7,0.0
Cn,Cn,7,7,1.0
Cn,Co,0,7,0.0
Cn,Cr,0,7,0.0
Cn,Cs,0,7,0.0
Cn,Cu,0,7,0.0
Cn,Db,0,7,0.0
Cn,Ds,0,7,0.0
Cn,Dy,0,7,0.0
Cn,Er,0,7,0.0
Cn,Es,0,7,0.0
Cn,Eu,0,7,0.0
Cn,F,0,7,0.0
Cn,Fe,0,7,0.0
Cn,Fl,0,7,0.0
Cn,Fm,0,7,0.0
Cn,Fr,0,7,0.0
Cn,Ga,0,7,0.0
Cn,Gd,0,7,0.0
Cn,Ge,0,7,0.0
Cn,H,0,7,0.0
Cn,He,0,7,0.0
Cn,Hf,0,7,0.0
Cn,Hg,0,7,0.0
Cn,Ho,0,7,0.0
Cn,Hs,0,7,0.0
Cn,I,0,7,0.0
Cn,In,0,7,0.0
Cn,Ir,0,7,0.0
Cn,K,0,7,0.0
Cn,Kr,0,7,0.0
Cn,La,0,7,0.0
Cn,Li,0,7,0.0
Cn,Lr,0,7,0.0
Cn,Lu,0,7,0.0
Cn,Lv,0,7,0.0
Cn,Mc,0,7,0.0
Cn,Md,0,7,0.0
Cn,Mg,0,7,0.0
Cn,Mn,0,7,0.0
Cn,Mo,0,7,0.0
Cn,Mt,0,7,0.0
Cn,N,0,7,0.0
Cn,Na,0,7,0.0
Cn,Nb,0,7,0.0
Cn,Nd,0,7,0.0
Cn,Ne,0,7,0.0
Cn,Nh,0,7,0.0
Cn,Ni,0,7,0.0
Cn,No,0,7,0.0
Cn,Np,0,7,0.0
Cn,O,0,7,0.0
Cn,Og,0,7,0.0
Cn,Os,0,7,0.0
Cn,P,0,7,0.0
Cn,Pa,0,7,0.0
Cn,Pb,0,7,0.0
Cn,Pd,0,7,0.0
Cn,Pm,0,7,0.0
Cn,Po,0,7,0.0
Cn,Pr,0,7,0.0
Cn,Pt,0,7,0.0
Cn,Pu,0,7,0.0
Cn,Ra,0,7,0.0
Cn,Rb,0,7,0.0
Cn,Re,0,7,0.0
Cn,Rf,0,7,0.0
Cn,Rg,0,7,0.0
Cn,Rh,0,7,0.0
Cn,Rn,0,7,0.0
Cn,Ru,0,7,0.0
Cn,S,0,7,0.0
Cn,Sb,0,7,0.0
Cn,Sc,0,7,0.0
Cn,Se,0,7,0.0
Cn,Sg,0,7,0.0
Cn,Si,0,7,0.0
Cn,Sm,0,7,0.0
Cn,Sn,0,7,0.0
Cn,Sr,0,7,0.0
Cn,Ta,0,7,0.0
Cn,Tb,0,7,0.0
Cn,Tc,0,7,0.0
Cn,Te,0,7,0.0
Cn,Th,0,7,0.0
Cn,Ti,0,7,0.0
Cn,Tl,0,7,0.0
Cn,Tm,0,7,0.0
Cn,Ts,0,7,0.0
Cn,U,0,7,0.0
Cn,V,0,7,0.0
Cn,W,0,7,0.0
Cn,Xe,0,7,0.0
Cn,Y,0,7,0.0
Cn,Yb,0,7,0.0
Cn,Zn,0,7,0.0
Cn,Zr,0,7,0.0
Co,Ac,19,45781,0.00041501933116358313
Co,Ag,159,45781,0.0034730565081584064
Co,Al,952,45781,0.0207946528035648
Co,Am,0,45781,0.0
Co,Ar,12,45781,0.000262117472313842
Co,As,96,45781,0.002096939778510736
Co,At,0,45781,0.0
Co,Au,131,45781,0.0028614490727594416
Co,B,1202,45781,0.02625543347676984
Co,Ba,179,45781,0.00390991896201481
Co,Be,42,45781,0.0009174111530984469
Co,Bh,0,45781,0.0
Co,Bi,213,45781,0.004652585133570695
Co,Bk,0,45781,0.0
Co,Br,1474,45781,0.03219676284921692
Co,C,36555,45781,0.7984753500360412
Co,Ca,226,45781,0.004936545728577358
Co,Cd,117,45781,0.0025556453550599594
Co,Ce,210,45781,0.004587055765492235
Co,Cf,2,45781,0.00004368624538564033
Co,Cl,6191,45781,0.13523077259124963
Co,Cm,16,45781,0.00034948996308512264
Co,Cn,0,45781,0.0
Co,Co,45781,45781,1.0
Co,Cr,849,45781,0.01854481116620432
Co,Cs,51,45781,0.0011139992573338284
Co,Cu,986,45781,0.021537318975120682
Co,Db,0,45781,0.0
Co,Ds,0,45781,0.0
Co,Dy,64,45781,0.0013979598523404906
Co,Er,23,45781,0.0005023918219348638
Co,Es,1,45781,0.000021843122692820165
Co,Eu,26,45781,0.0005679211900133243
Co,F,2918,45781,0.06373823201764925
Co,Fe,1905,45781,0.04161114872982242
Co,Fl,0,45781,0.0
Co,Fm,0,45781,0.0
Co,Fr,3,45781,0.0000655293680784605
Co,Ga,88,45781,0.0019221947969681745
Co,Gd,90,45781,0.001965881042353815
Co,Ge,129,45781,0.0028177628273738015
Co,H,40391,45781,0.8822655686856993
Co,He,2,45781,0.00004368624538564033
Co,Hf,64,45781,0.0013979598523404906
Co,Hg,62,45781,0.0013542736069548503
Co,Ho,21,45781,0.00045870557654922346
Co,Hs,0,45781,0.0
Co,I,676,45781,0.014765950940346433
Co,In,110,45781,0.002402743496210218
Co,Ir,127,45781,0.002774076581988161
Co,K,556,45781,0.012144776217208011
Co,Kr,1,45781,0.000021843122692820165
Co,La,263,45781,0.005744741268211704
Co,Li,1067,45781,0.023306611913239118
Co,Lr,0,45781,0.0
Co,Lu,6,45781,0.000131058736156921
Co,Lv,0,45781,0.0
Co,Mc,0,45781,0.0
Co,Md,0,45781,0.0
Co,Mg,421,45781,0.00919595465367729
Co,Mn,1645,45781,0.03593193682968917
Co,Mo,733,45781,0.01601100893383718
Co,Mt,0,45781,0.0
Co,N,27856,45781,0.6084620257311986
Co,Na,1331,45781,0.02907319630414364
Co,Nb,173,45781,0.0037788602258578886
Co,Nd,80,45781,0.0017474498154256132
Co,Ne,0,45781,0.0
Co,Nh,0,45781,0.0
Co,Ni,2827,45781,0.06175050785260261
Co,No,3,45781,0.0000655293680784605
Co,Np,3,45781,0.0000655293680784605
Co,O,32623,45781,0.7125881916078722
Co,Og,0,45781,0.0
Co,Os,37,45781,0.0008081955396343462
Co,P,5245,45781,0.11456717852384177
Co,Pa,0,45781,0.0
Co,Pb,126,45781,0.0027522334592953407
Co,Pd,234,45781,0.005111290710119919
Co,Pm,7,45781,0.00015290185884974115
Co,Po,6,45781,0.000131058736156921
Co,Pr,65,45781,0.0014198029750333108
Co,Pt,350,45781,0.007645092942487058
Co,Pu,9,45781,0.00019658810423538148
Co,Ra,1,45781,0.000021843122692820165
Co,Rb,33,45781,0.0007208230488630655
Co,Re,172,45781,0.0037570171031650686
Co,Rf,2,45781,0.00004368624538564033
Co,Rg,0,45781,0.0
Co,Rh,150,45781,0.0032764684039230246
Co,Rn,0,45781,0.0
Co,Ru,271,45781,0.005919486249754265
Co,S,6140,45781,0.1341167733339158
Co,Sb,167,45781,0.0036478014897009677
Co,Sc,44,45781,0.0009610973984840873
Co,Se,232,45781,0.005067604464734279
Co,Sg,0,45781,0.0
Co,Si,1798,45781,0.03927393460169066
Co,Sm,118,45781,0.0025774884777527794
Co,Sn,306,45781,0.006683995544002971
Co,Sr,233,45781,0.005089447587427099
Co,Ta,185,45781,0.004040977698171731
Co,Tb,81,45781,0.0017692929381184334
Co,Tc,9,45781,0.00019658810423538148
Co,Te,47,45781,0.0010266267665625477
Co,Th,32,45781,0.0006989799261702453
Co,Ti,575,45781,0.012559795548371595
Co,Tl,17,45781,0.0003713330857779428
Co,Tm,11,45781,0.00024027434962102181
Co,Ts,0,45781,0.0
Co,U,31,45781,0.0006771368034774252
Co,V,314,45781,0.006858740525545532
Co,W,497,45781,0.010856031978331623
Co,Xe,0,45781,0.0
Co,Y,178,45781,0.0038880758393219895
Co,Yb,19,45781,0.00041501933116358313
Co,Zn,835,45781,0.01823900744850484
Co,Zr,337,45781,0.007361132347480395
Cr,Ac,5,27069,0.00018471314049281465
Cr,Ag,161,27069,0.005947763123868632
Cr,Al,988,27069,0.036499316561380175
Cr,Am,1,27069,0.00003694262809856293
Cr,Ar,3,27069,0.0001108278842956888
Cr,As,162,27069,0.005984705751967195
Cr,At,0,27069,0.0
Cr,Au,138,27069,0.005098082677601684
Cr,B,590,27069,0.02179615057815213
Cr,Ba,153,27069,0.005652222099080129
Cr,Be,45,27069,0.0016624182644353318
Cr,Bh,0,27069,0.0
Cr,Bi,99,27069,0.0036573201817577303
Cr,Bk,1,27069,0.00003694262809856293
Cr,Br,401,27069,0.014813993867523736
Cr,C,19537,27069,0.721748125161624
Cr,Ca,289,27069,0.010676419520484688
Cr,Cd,176,27069,0.006501902545347076
Cr,Ce,82,27069,0.0030292955040821606
Cr,Cf,1,27069,0.00003694262809856293
Cr,Cl,4186,27069,0.15464184122058444
Cr,Cm,2,27069,0.00007388525619712587
Cr,Cn,0,27069,0.0
Cr,Co,849,27069,0.03136429125567993
Cr,Cr,27069,27069,1.0
Cr,Cs,63,27069,0.0023273855702094647
Cr,Cu,943,27069,0.03483689829694484
Cr,Db,0,27069,0.0
Cr,Ds,0,27069,0.0
Cr,Dy,27,27069,0.0009974509586611992
Cr,Er,20,27069,0.0007388525619712586
Cr,Es,1,27069,0.00003694262809856293
Cr,Eu,22,27069,0.0008127378181683845
Cr,F,1425,27069,0.052643245040452175
Cr,Fe,1241,27069,0.0458458014703166
Cr,Fl,0,27069,0.0
Cr,Fm,0,27069,0.0
Cr,Fr,0,27069,0.0
Cr,Ga,57,27069,0.002105729801618087
Cr,Gd,22,27069,0.0008127378181683845
Cr,Ge,91,27069,0.0033617791569692267
Cr,H,22965,27069,0.8483874542834977
Cr,He,2,27069,0.00007388525619712587
Cr,Hf,89,27069,0.003287893900772101
Cr,Hg,104,27069,0.0038420333222505447
Cr,Ho,20,27069,0.0007388525619712586
Cr,Hs,0,27069,0.0
Cr,I,217,27069,0.008016550297388157
Cr,In,65,27069,0.0024012708264065903
Cr,Ir,34,27069,0.0012560493553511398
Cr,K,609,27069,0.022498060512024826
Cr,Kr,1,27069,0.00003694262809856293
Cr,La,136,27069,0.005024197421404559
Cr,Li,355,27069,0.01311463297498984
Cr,Lr,0,27069,0.0
Cr,Lu,15,27069,0.000554139421478444
Cr,Lv,0,27069,0.0
Cr,Mc,0,27069,0.0
Cr,Md,0,27069,0.0
Cr,Mg,379,27069,0.014001256049355352
Cr,Mn,796,27069,0.029406331966456093
Cr,Mo,680,27069,0.025120987107022794
Cr,Mt,0,27069,0.0
Cr,N,11876,27069,0.4387306512985334
Cr,Na,2084,27069,0.07698843695740515
Cr,Nb,253,27069,0.009346484908936421
Cr,Nd,56,27069,0.002068787173519524
Cr,Ne,0,27069,0.0
Cr,Nh,0,27069,0.0
Cr,Ni,1186,27069,0.04381395692489564
Cr,No,0,27069,0.0
Cr,Np,3,27069,0.0001108278842956888
Cr,O,19429,27069,0.7177583213269793
Cr,Og,0,27069,0.0
Cr,Os,22,27069,0.0008127378181683845
Cr,P,2310,27069,0.08533747090768037
Cr,Pa,0,27069,0.0
Cr,Pb,263,27069,0.009715911189922051
Cr,Pd,104,27069,0.0038420333222505447
Cr,Pm,7,27069,0.0002585983966899405
Cr,Po,5,27069,0.00018471314049281465
Cr,Pr,17,27069,0.0006280246776755699
Cr,Pt,194,27069,0.007166869851121208
Cr,Pu,4,27069,0.00014777051239425173
Cr,Ra,0,27069,0.0
Cr,Rb,42,27069,0.0015515903801396431
Cr,Re,84,27069,0.0031031807602792862
Cr,Rf,1,27069,0.00003694262809856293
Cr,Rg,0,27069,0.0
Cr,Rh,58,27069,0.00214267242971665
Cr,Rn,0,27069,0.0
Cr,Ru,63,27069,0.0023273855702094647
Cr,S,4797,27069,0.17721378698880638
Cr,Sb,162,27069,0.005984705751967195
Cr,Sc,47,27069,0.0017363035206324577
Cr,Se,187,27069,0.006908271454431268
Cr,Sg,0,27069,0.0
Cr,Si,1919,27069,0.07089290332114227
Cr,Sm,26,27069,0.0009605083305626362
Cr,Sn,242,27069,0.008940115999852229
Cr,Sr,129,27069,0.004765599024714618
Cr,Ta,159,27069,0.005873877867671506
Cr,Tb,39,27069,0.0014407624958439544
Cr,Tc,9,27069,0.0003324836528870664
Cr,Te,58,27069,0.00214267242971665
Cr,Th,18,27069,0.0006649673057741328
Cr,Ti,709,27069,0.02619232332188112
Cr,Tl,29,27069,0.001071336214858325
Cr,Tm,12,27069,0.0004433115371827552
Cr,Ts,0,27069,0.0
Cr,U,24,27069,0.0008866230743655104
Cr,V,413,27069,0.015257305404706491
Cr,W,303,27069,0.011193616313864568
Cr,Xe,0,27069,0.0
Cr,Y,146,27069,0.005393623702390188
Cr,Yb,12,27069,0.0004433115371827552
Cr,Zn,571,27069,0.021094240644279436
Cr,Zr,326,27069,0.012043296760131515
Cs,Ac,12,12307,0.0009750548468351345
Cs,Ag,55,12307,0.0044690013813277
Cs,Al,163,12307,0.01324449500284391
Cs,Am,1,12307,0.00008125457056959453
Cs,Ar,8,12307,0.0006500365645567563
Cs,As,29,12307,0.002356382546518242
Cs,At,0,12307,0.0
Cs,Au,48,12307,0.003900219387340538
Cs,B,1362,12307,0.11066872511578776
Cs,Ba,63,12307,0.005119037945884456
Cs,Be,24,12307,0.001950109693670269
Cs,Bh,0,12307,0.0
Cs,Bi,46,12307,0.003737710246201349
Cs,Bk,0,12307,0.0
Cs,Br,2390,12307,0.19419842366133094
Cs,C,10241,12307,0.8321280572032177
Cs,Ca,80,12307,0.006500365645567563
Cs,Cd,24,12307,0.001950109693670269
Cs,Ce,23,12307,0.0018688551231006744
Cs,Cf,0,12307,0.0
Cs,Cl,3194,12307,0.25952709839928495
Cs,Cm,2,12307,0.00016250914113918907
Cs,Cn,0,12307,0.0
Cs,Co,51,12307,0.004143983099049321
Cs,Cr,63,12307,0.005119037945884456
Cs,Cs,12307,12307,1.0
Cs,Cu,145,12307,0.011781912732591208
Cs,Db,0,12307,0.0
Cs,Ds,0,12307,0.0
Cs,Dy,15,12307,0.0012188185585439181
Cs,Er,2,12307,0.00016250914113918907
Cs,Es,4,12307,0.00032501828227837813
Cs,Eu,14,12307,0.0011375639879743235
Cs,F,3607,12307,0.2930852360445275
Cs,Fe,101,12307,0.008206711627529048
Cs,Fl,0,12307,0.0
Cs,Fm,9,12307,0.0007312911351263509
Cs,Fr,3,12307,0.00024376371170878363
Cs,Ga,31,12307,0.0025188916876574307
Cs,Gd,6,12307,0.00048752742341756725
Cs,Ge,38,12307,0.0030876736816445923
Cs,H,11097,12307,0.9016819696107906
Cs,He,2,12307,0.00016250914113918907
Cs,Hf,13,12307,0.0010563094174047291
Cs,Hg,23,12307,0.0018688551231006744
Cs,Ho,3,12307,0.00024376371170878363
Cs,Hs,0,12307,0.0
Cs,I,903,12307,0.07337287722434387
Cs,In,43,12307,0.003493946534492565
Cs,Ir,39,12307,0.003168928252214187
Cs,K,489,12307,0.03973348500853173
Cs,Kr,0,12307,0.0
Cs,La,35,12307,0.0028439099699358087
Cs,Li,398,12307,0.032339319086698626
Cs,Lr,0,12307,0.0
Cs,Lu,4,12307,0.00032501828227837813
Cs,Lv,0,12307,0.0
Cs,Mc,0,12307,0.0
Cs,Md,0,12307,0.0
Cs,Mg,112,12307,0.009100511903794588
Cs,Mn,105,12307,0.008531729909807427
Cs,Mo,50,12307,0.004062728528479727
Cs,Mt,0,12307,0.0
Cs,N,7507,12307,0.6099780612659462
Cs,Na,748,12307,0.060778418786056713
Cs,Nb,27,12307,0.0021938734053790526
Cs,Nd,9,12307,0.0007312911351263509
Cs,Ne,1,12307,0.00008125457056959453
Cs,Nh,0,12307,0.0
Cs,Ni,40,12307,0.0032501828227837815
Cs,No,0,12307,0.0
Cs,Np,0,12307,0.0
Cs,O,10259,12307,0.8335906394734703
Cs,Og,0,12307,0.0
Cs,Os,51,12307,0.004143983099049321
Cs,P,991,12307,0.08052327943446819
Cs,Pa,0,12307,0.0
Cs,Pb,160,12307,0.013000731291135126
Cs,Pd,312,12307,0.025351426017713497
Cs,Pm,1,12307,0.00008125457056959453
Cs,Po,3,12307,0.00024376371170878363
Cs,Pr,9,12307,0.0007312911351263509
Cs,Pt,27,12307,0.0021938734053790526
Cs,Pu,3,12307,0.00024376371170878363
Cs,Ra,2,12307,0.00016250914113918907
Cs,Rb,141,12307,0.011456894450312831
Cs,Re,16,12307,0.0013000731291135125
Cs,Rf,2,12307,0.00016250914113918907
Cs,Rg,0,12307,0.0
Cs,Rh,15,12307,0.0012188185585439181
Cs,Rn,0,12307,0.0
Cs,Ru,44,12307,0.0035752011050621596
Cs,S,3304,12307,0.26846510116194033
Cs,Sb,72,12307,0.005850329081010807
Cs,Sc,12,12307,0.0009750548468351345
Cs,Se,51,12307,0.004143983099049321
Cs,Sg,0,12307,0.0
Cs,Si,496,12307,0.04030226700251889
Cs,Sm,8,12307,0.0006500365645567563
Cs,Sn,99,12307,0.00804420248638986
Cs,Sr,52,12307,0.0042252376696189165
Cs,Ta,21,12307,0.0017063459819614854
Cs,Tb,6,12307,0.00048752742341756725
Cs,Tc,7,12307,0.0005687819939871618
Cs,Te,29,12307,0.002356382546518242
Cs,Th,9,12307,0.0007312911351263509
Cs,Ti,61,12307,0.004956528804745267
Cs,Tl,21,12307,0.0017063459819614854
Cs,Tm,2,12307,0.00016250914113918907
Cs,Ts,0,12307,0.0
Cs,U,73,12307,0.0059315836515804014
Cs,V,87,12307,0.007069147639554725
Cs,W,122,12307,0.009913057609490534
Cs,Xe,3,12307,0.00024376371170878363
Cs,Y,54,12307,0.004387746810758105
Cs,Yb,4,12307,0.00032501828227837813
Cs,Zn,72,12307,0.005850329081010807
Cs,Zr,39,12307,0.003168928252214187
Cu,Ac,20,67388,0.0002967887457707604
Cu,Ag,850,67388,0.012613521695257316
Cu,Al,1440,67388,0.021368789695494748
Cu,Am,0,67388,0.0
Cu,Ar,25,67388,0.0003709859322134505
Cu,As,346,67388,0.0051344453018341545
Cu,At,2,67388,0.000029678874577076036
Cu,Au,478,67388,0.007093251023921173
Cu,B,2605,67388,0.038656734136641537
Cu,Ba,505,67388,0.007493915830711699
Cu,Be,114,67388,0.001691695850893334
Cu,Bh,0,67388,0.0
Cu,Bi,507,67388,0.007523594705288775
Cu,Bk,1,67388,0.000014839437288538018
Cu,Br,4043,67388,0.05999584495755921
Cu,C,55369,67388,0.8216448032290615
Cu,Ca,674,67388,0.010001780732474624
Cu,Cd,318,67388,0.00471894105775509
Cu,Ce,235,67388,0.0034872677628064344
Cu,Cf,0,67388,0.0
Cu,Cl,10565,67388,0.15677865495340418
Cu,Cm,1,67388,0.000014839437288538018
Cu,Cn,0,67388,0.0
Cu,Co,986,67388,0.014631685166498487
Cu,Cr,943,67388,0.013993589363091351
Cu,Cs,145,67388,0.002151718406838013
Cu,Cu,67388,67388,1.0
Cu,Db,0,67388,0.0
Cu,Ds,0,67388,0.0
Cu,Dy,61,67388,0.0009052056746008192
Cu,Er,36,67388,0.0005342197423873687
Cu,Es,0,67388,0.0
Cu,Eu,36,67388,0.0005342197423873687
Cu,F,6692,67388,0.09930551433489643
Cu,Fe,1920,67388,0.028491719593992996
Cu,Fl,0,67388,0.0
Cu,Fm,13,67388,0.00019291268475099424
Cu,Fr,0,67388,0.0
Cu,Ga,391,67388,0.005802219979818365
Cu,Gd,109,67388,0.001617498664450644
Cu,Ge,261,67388,0.0038730931323084227
Cu,H,60556,67388,0.8986169644447083
Cu,He,1,67388,0.000014839437288538018
Cu,Hf,48,67388,0.0007122929898498249
Cu,Hg,149,67388,0.0022110761559921647
Cu,Ho,26,67388,0.0003858253695019885
Cu,Hs,0,67388,0.0
Cu,I,2723,67388,0.04040778773668902
Cu,In,617,67388,0.009155932807027957
Cu,Ir,318,67388,0.00471894105775509
Cu,K,1157,67388,0.017169228942838486
Cu,Kr,1,67388,0.000014839437288538018
Cu,La,229,67388,0.0033982311390752065
Cu,Li,1873,67388,0.02779426604143171
Cu,Lr,0,67388,0.0
Cu,Lu,11,67388,0.0001632338101739182
Cu,Lv,0,67388,0.0
Cu,Mc,0,67388,0.0
Cu,Md,0,67388,0.0
Cu,Mg,1014,67388,0.01504718941057755
Cu,Mn,1283,67388,0.01903899804119428
Cu,Mo,661,67388,0.00980886804772363
Cu,Mt,0,67388,0.0
Cu,N,43552,67388,0.6462871727904078
Cu,Na,3178,67388,0.04715973170297382
Cu,Nb,196,67388,0.0029085297085534516
Cu,Nd,108,67388,0.001602659227162106
Cu,Ne,3,67388,0.00004451831186561406
Cu,Nh,0,67388,0.0
Cu,Ni,1825,67388,0.027081973051581883
Cu,No,2,67388,0.000029678874577076036
Cu,Np,8,67388,0.00011871549830830414
Cu,O,45840,67388,0.6802398053065828
Cu,Og,0,67388,0.0
Cu,Os,89,67388,0.0013207099186798837
Cu,P,6196,67388,0.09194515343978156
Cu,Pa,0,67388,0.0
Cu,Pb,599,67388,0.008888822935834274
Cu,Pd,560,67388,0.008310084881581291
Cu,Pm,10,67388,0.0001483943728853802
Cu,Po,5,67388,0.0000741971864426901
Cu,Pr,47,67388,0.0006974535525612869
Cu,Pt,695,67388,0.010313408915533923
Cu,Pu,10,67388,0.0001483943728853802
Cu,Ra,2,67388,0.000029678874577076036
Cu,Rb,52,67388,0.000771650739003977
Cu,Re,79,67388,0.0011723155457945035
Cu,Rf,3,67388,0.00004451831186561406
Cu,Rg,0,67388,0.0
Cu,Rh,64,67388,0.0009497239864664331
Cu,Rn,0,67388,0.0
Cu,Ru,228,67388,0.003383391701786668
Cu,S,17712,67388,0.2628361132545854
Cu,Sb,308,67388,0.0045705466848697095
Cu,Sc,48,67388,0.0007122929898498249
Cu,Se,859,67388,0.012747076630854158
Cu,Sg,0,67388,0.0
Cu,Si,2419,67388,0.03589659880097347
Cu,Sm,89,67388,0.0013207099186798837
Cu,Sn,1025,67388,0.01521042322075147
Cu,Sr,251,67388,0.0037246987594230425
Cu,Ta,104,67388,0.001543301478007954
Cu,Tb,50,67388,0.000741971864426901
Cu,Tc,20,67388,0.0002967887457707604
Cu,Te,166,67388,0.002463346589897311
Cu,Th,25,67388,0.0003709859322134505
Cu,Ti,749,67388,0.011114738529114977
Cu,Tl,64,67388,0.0009497239864664331
Cu,Tm,8,67388,0.00011871549830830414
Cu,Ts,0,67388,0.0
Cu,U,89,67388,0.0013207099186798837
Cu,V,349,67388,0.005178963613699769
Cu,W,364,67388,0.005401555173027839
Cu,Xe,3,67388,0.00004451831186561406
Cu,Y,252,67388,0.0037395381967115808
Cu,Yb,32,67388,0.00047486199323321657
Cu,Zn,2382,67388,0.03534753962129756
Cu,Zr,387,67388,0.005742862230664213
Db,Ac,0,105,0.0
Db,Ag,0,105,0.0
Db,Al,0,105,0.0
Db,Am,0,105,0.0
Db,Ar,0,105,0.0
Db,As,0,105,0.0
Db,At,0,105,0.0
Db,Au,0,105,0.0
Db,B,1,105,0.009523809523809525
Db,Ba,3,105,0.02857142857142857
Db,Be,0,105,0.0
Db,Bh,0,105,0.0
Db,Bi,0,105,0.0
Db,Bk,0,105,0.0
Db,Br,2,105,0.01904761904761905
Db,C,90,105,0.8571428571428571
Db,Ca,3,105,0.02857142857142857
Db,Cd,0,105,0.0
Db,Ce,0,105,0.0
Db,Cf,0,105,0.0
Db,Cl,35,105,0.3333333333333333
Db,Cm,0,105,0.0
Db,Cn,0,105,0.0
Db,Co,0,105,0.0
Db,Cr,0,105,0.0
Db,Cs,0,105,0.0
Db,Cu,0,105,0.0
Db,Db,105,105,1.0
Db,Ds,0,105,0.0
Db,Dy,0,105,0.0
Db,Er,0,105,0.0
Db,Es,0,105,0.0
Db,Eu,0,105,0.0
Db,F,4,105,0.0380952380952381
Db,Fe,0,105,0.0
Db,Fl,0,105,0.0
Db,Fm,0,105,0.0
Db,Fr,0,105,0.0
Db,Ga,0,105,0.0
Db,Gd,0,105,0.0
Db,Ge,0,105,0.0
Db,H,90,105,0.8571428571428571
Db,He,0,105,0.0
Db,Hf,0,105,0.0
Db,Hg,0,105,0.0
Db,Ho,0,105,0.0
Db,Hs,0,105,0.0
Db,I,0,105,0.0
Db,In,0,105,0.0
Db,Ir,0,105,0.0
Db,K,0,105,0.0
Db,Kr,0,105,0.0
Db,La,0,105,0.0
Db,Li,2,105,0.01904761904761905
Db,Lr,0,105,0.0
Db,Lu,0,105,0.0
Db,Lv,0,105,0.0
Db,Mc,0,105,0.0
Db,Md,0,105,0.0
Db,Mg,0,105,0.0
Db,Mn,0,105,0.0
Db,Mo,0,105,0.0
Db,Mt,0,105,0.0
Db,N,61,105,0.580952380952381
Db,Na,5,105,0.047619047619047616
Db,Nb,0,105,0.0
Db,Nd,0,105,0.0
Db,Ne,0,105,0.0
Db,Nh,0,105,0.0
Db,Ni,0,105,0.0
Db,No,0,105,0.0
Db,Np,0,105,0.0
Db,O,76,105,0.7238095238095238
Db,Og,0,105,0.0
Db,Os,0,105,0.0
Db,P,15,105,0.14285714285714285
Db,Pa,0,105,0.0
Db,Pb,0,105,0.0
Db,Pd,0,105,0.0
Db,Pm,0,105,0.0
Db,Po,0,105,0.0
Db,Pr,0,105,0.0
Db,Pt,0,105,0.0
Db,Pu,0,105,0.0
Db,Ra,0,105,0.0
Db,Rb,0,105,0.0
Db,Re,0,105,0.0
Db,Rf,0,105,0.0
Db,Rg,0,105,0.0
Db,Rh,0,105,0.0
Db,Rn,0,105,0.0
Db,Ru,0,105,0.0
Db,S,19,105,0.18095238095238095
Db,Sb,0,105,0.0
Db,Sc,0,105,0.0
Db,Se,0,105,0.0
Db,Sg,0,105,0.0
Db,Si,0,105,0.0
Db,Sm,0,105,0.0
Db,Sn,0,105,0.0
Db,Sr,0,105,0.0
Db,Ta,0,105,0.0
Db,Tb,0,105,0.0
Db,Tc,0,105,0.0
Db,Te,0,105,0.0
Db,Th,0,105,0.0
Db,Ti,0,105,0.0
Db,Tl,0,105,0.0
Db,Tm,0,105,0.0
Db,Ts,0,105,0.0
Db,U,1,105,0.009523809523809525
Db,V,0,105,0.0
Db,W,0,105,0.0
Db,Xe,0,105,0.0
Db,Y,1,105,0.009523809523809525
Db,Yb,0,105,0.0
Db,Zn,0,105,0.0
Db,Zr,0,105,0.0
Ds,Ac,0,11,0.0
Ds,Ag,0,11,0.0
Ds,Al,0,11,0.0
Ds,Am,0,11,0.0
Ds,Ar,0,11,0.0
Ds,As,0,11,0.0
Ds,At,0,11,0.0
Ds,Au,0,11,0.0
Ds,B,0,11,0.0
Ds,Ba,0,11,0.0
Ds,Be,0,11,0.0
Ds,Bh,0,11,0.0
Ds,Bi,0,11,0.0
Ds,Bk,0,11,0.0
Ds,Br,0,11,0.0
Ds,C,3,11,0.2727272727272727
Ds,Ca,0,11,0.0
Ds,Cd,0,11,0.0
Ds,Ce,0,11,0.0
Ds,Cf,0,11,0.0
Ds,Cl,1,11,0.09090909090909091
Ds,Cm,0,11,0.0
Ds,Cn,0,11,0.0
Ds,Co,0,11,0.0
Ds,Cr,0,11,0.0
Ds,Cs,0,11,0.0
Ds,Cu,0,11,0.0
Ds,Db,0,11,0.0
Ds,Ds,11,11,1.0
Ds,Dy,0,11,0.0
Ds,Er,0,11,0.0
Ds,Es,0,11,0.0
Ds,Eu,0,11,0.0
Ds,F,0,11,0.0
Ds,Fe,0,11,0.0
Ds,Fl,0,11,0.0
Ds,Fm,0,11,0.0
Ds,Fr,0,11,0.0
Ds,Ga,0,11,0.0
Ds,Gd,0,11,0.0
Ds,Ge,0,11,0.0
Ds,H,3,11,0.2727272727272727
Ds,He,0,11,0.0
Ds,Hf,0,11,0.0
Ds,Hg,0,11,0.0
Ds,Ho,0,11,0.0
Ds,Hs,0,11,0.0
Ds,I,0,11,0.0
Ds,In,0,11,0.0
Ds,Ir,0,11,0.0
Ds,K,0,11,0.0
Ds,Kr,0,11,0.0
Ds,La,0,11,0.0
Ds,Li,0,11,0.0
Ds,Lr,0,11,0.0
Ds,Lu,0,11,0.0
Ds,Lv,0,11,0.0
Ds,Mc,0,11,0.0
Ds,Md,0,11,0.0
Ds,Mg,0,11,0.0
Ds,Mn,0,11,0.0
Ds,Mo,0,11,0.0
Ds,Mt,0,11,0.0
Ds,N,2,11,0.18181818181818182
Ds,Na,0,11,0.0
Ds,Nb,0,11,0.0
Ds,Nd,0,11,0.0
Ds,Ne,0,11,0.0
Ds,Nh,0,11,0.0
Ds,Ni,0,11,0.0
Ds,No,0,11,0.0
Ds,Np,0,11,0.0
Ds,O,3,11,0.2727272727272727
Ds,Og,0,11,0.0
Ds,Os,0,11,0.0
Ds,P,0,11,0.0
Ds,Pa,0,11,0.0
Ds,Pb,0,11,0.0
Ds,Pd,0,11,0.0
Ds,Pm,0,11,0.0
Ds,Po,0,11,0.0
Ds,Pr,0,11,0.0
Ds,Pt,0,11,0.0
Ds,Pu,0,11,0.0
Ds,Ra,0,11,0.0
Ds,Rb,0,11,0.0
Ds,Re,0,11,0.0
Ds,Rf,0,11,0.0
Ds,Rg,0,11,0.0
Ds,Rh,0,11,0.0
Ds,Rn,0,11,0.0
Ds,Ru,0,11,0.0
Ds,S,1,11,0.09090909090909091
Ds,Sb,0,11,0.0
Ds,Sc,0,11,0.0
Ds,Se,0,11,0.0
Ds,Sg,0,11,0.0
Ds,Si,0,11,0.0
Ds,Sm,0,11,0.0
Ds,Sn,0,11,0.0
Ds,Sr,0,11,0.0
Ds,Ta,0,11,0.0
Ds,Tb,0,11,0.0
Ds,Tc,0,11,0.0
Ds,Te,1,11,0.09090909090909091
Ds,Th,0,11,0.0
Ds,Ti,0,11,0.0
Ds,Tl,0,11,0.0
Ds,Tm,0,11,0.0
Ds,Ts,0,11,0.0
Ds,U,0,11,0.0
Ds,V,0,11,0.0
Ds,W,0,11,0.0
Ds,Xe,0,11,0.0
Ds,Y,0,11,0.0
Ds,Yb,0,11,0.0
Ds,Zn,0,11,0.0
Ds,Zr,0,11,0.0
Dy,Ac,0,2319,0.0
Dy,Ag,13,2319,0.00560586459680897
Dy,Al,68,2319,0.029322984044846918
Dy,Am,0,2319,0.0
Dy,Ar,0,2319,0.0
Dy,As,3,2319,0.00129366106080207
Dy,At,0,2319,0.0
Dy,Au,11,2319,0.004743423889607589
Dy,B,64,2319,0.027598102630444158
Dy,Ba,15,2319,0.00646830530401035
Dy,Be,2,2319,0.0008624407072013799
Dy,Bh,0,2319,0.0
Dy,Bi,14,2319,0.00603708495040966
Dy,Bk,2,2319,0.0008624407072013799
Dy,Br,38,2319,0.016386373436826217
Dy,C,1454,2319,0.6269943941354031
Dy,Ca,22,2319,0.009486847779215178
Dy,Cd,10,2319,0.004312203536006899
Dy,Ce,15,2319,0.00646830530401035
Dy,Cf,0,2319,0.0
Dy,Cl,189,2319,0.0815006468305304
Dy,Cm,0,2319,0.0
Dy,Cn,0,2319,0.0
Dy,Co,64,2319,0.027598102630444158
Dy,Cr,27,2319,0.01164294954721863
Dy,Cs,15,2319,0.00646830530401035
Dy,Cu,61,2319,0.02630444156964209
Dy,Db,0,2319,0.0
Dy,Ds,0,2319,0.0
Dy,Dy,2319,2319,1.0
Dy,Er,58,2319,0.02501078050884002
Dy,Es,0,2319,0.0
Dy,Eu,73,2319,0.03147908581285037
Dy,F,227,2319,0.09788702026735661
Dy,Fe,88,2319,0.03794739111686071
Dy,Fl,0,2319,0.0
Dy,Fm,0,2319,0.0
Dy,Fr,0,2319,0.0
Dy,Ga,18,2319,0.007761966364812419
Dy,Gd,56,2319,0.02414833980163864
Dy,Ge,9,2319,0.0038809831824062097
Dy,H,1745,2319,0.7524795170332039
Dy,He,0,2319,0.0
Dy,Hf,17,2319,0.007330746011211729
Dy,Hg,6,2319,0.00258732212160414
Dy,Ho,80,2319,0.03449762828805519
Dy,Hs,0,2319,0.0
Dy,I,33,2319,0.014230271668822769
Dy,In,19,2319,0.008193186718413108
Dy,Ir,23,2319,0.009918068132815868
Dy,K,14,2319,0.00603708495040966
Dy,Kr,0,2319,0.0
Dy,La,27,2319,0.01164294954721863
Dy,Li,30,2319,0.0129366106080207
Dy,Lr,0,2319,0.0
Dy,Lu,16,2319,0.0068995256576110395
Dy,Lv,0,2319,0.0
Dy,Mc,0,2319,0.0
Dy,Md,0,2319,0.0
Dy,Mg,32,2319,0.013799051315222079
Dy,Mn,28,2319,0.01207416990081932
Dy,Mo,22,2319,0.009486847779215178
Dy,Mt,0,2319,0.0
Dy,N,970,2319,0.41828374299266924
Dy,Na,34,2319,0.014661492022423459
Dy,Nb,8,2319,0.0034497628288055198
Dy,Nd,68,2319,0.029322984044846918
Dy,Ne,0,2319,0.0
Dy,Nh,0,2319,0.0
Dy,Ni,79,2319,0.03406640793445451
Dy,No,0,2319,0.0
Dy,Np,3,2319,0.00129366106080207
Dy,O,1618,2319,0.6977145321259164
Dy,Og,0,2319,0.0
Dy,Os,5,2319,0.0021561017680034496
Dy,P,113,2319,0.048727899956877964
Dy,Pa,2,2319,0.0008624407072013799
Dy,Pb,5,2319,0.0021561017680034496
Dy,Pd,9,2319,0.0038809831824062097
Dy,Pm,11,2319,0.004743423889607589
Dy,Po,0,2319,0.0
Dy,Pr,29,2319,0.01250539025442001
Dy,Pt,20,2319,0.008624407072013798
Dy,Pu,3,2319,0.00129366106080207
Dy,Ra,0,2319,0.0
Dy,Rb,6,2319,0.00258732212160414
Dy,Re,25,2319,0.01078050884001725
Dy,Rf,1,2319,0.00043122035360068997
Dy,Rg,0,2319,0.0
Dy,Rh,7,2319,0.00301854247520483
Dy,Rn,0,2319,0.0
Dy,Ru,8,2319,0.0034497628288055198
Dy,S,182,2319,0.07848210435532557
Dy,Sb,11,2319,0.004743423889607589
Dy,Sc,22,2319,0.009486847779215178
Dy,Se,17,2319,0.007330746011211729
Dy,Sg,0,2319,0.0
Dy,Si,67,2319,0.028891763691246228
Dy,Sm,36,2319,0.015523932729624839
Dy,Sn,17,2319,0.007330746011211729
Dy,Sr,22,2319,0.009486847779215178
Dy,Ta,7,2319,0.00301854247520483
Dy,Tb,113,2319,0.048727899956877964
Dy,Tc,2,2319,0.0008624407072013799
Dy,Te,4,2319,0.0017248814144027599
Dy,Th,8,2319,0.0034497628288055198
Dy,Ti,33,2319,0.014230271668822769
Dy,Tl,5,2319,0.0021561017680034496
Dy,Tm,38,2319,0.016386373436826217
Dy,Ts,0,2319,0.0
Dy,U,8,2319,0.0034497628288055198
Dy,V,14,2319,0.00603708495040966
Dy,W,12,2319,0.00517464424320828
Dy,Xe,2,2319,0.0008624407072013799
Dy,Y,46,2319,0.019836136265631736
Dy,Yb,38,2319,0.016386373436826217
Dy,Zn,52,2319,0.02242345838723588
Dy,Zr,28,2319,0.01207416990081932
Er,Ac,0,2201,0.0
Er,Ag,8,2201,0.003634711494775102
Er,Al,85,2201,0.03861880963198546
Er,Am,0,2201,0.0
Er,Ar,1,2201,0.00045433893684688776
Er,As,4,2201,0.001817355747387551
Er,At,0,2201,0.0
Er,Au,3,2201,0.0013630168105406633
Er,B,52,2201,0.023625624716038164
Er,Ba,14,2201,0.006360745115856429
Er,Be,3,2201,0.0013630168105406633
Er,Bh,0,2201,0.0
Er,Bi,34,2201,0.015447523852794184
Er,Bk,0,2201,0.0
Er,Br,30,2201,0.013630168105406633
Er,C,1215,2201,0.5520218082689686
Er,Ca,16,2201,0.007269422989550204
Er,Cd,4,2201,0.001817355747387551
Er,Ce,41,2201,0.0186278964107224
Er,Cf,0,2201,0.0
Er,Cl,155,2201,0.07042253521126761
Er,Cm,2,2201,0.0009086778736937755
Er,Cn,0,2201,0.0
Er,Co,23,2201,0.010449795547478418
Er,Cr,20,2201,0.009086778736937756
Er,Cs,2,2201,0.0009086778736937755
Er,Cu,36,2201,0.01635620172648796
Er,Db,0,2201,0.0
Er,Ds,0,2201,0.0
Er,Dy,58,2201,0.026351658337119492
Er,Er,2201,2201,1.0
Er,Es,0,2201,0.0
Er,Eu,31,2201,0.014084507042253521
Er,F,225,2201,0.10222626079054975
Er,Fe,34,2201,0.015447523852794184
Er,Fl,0,2201,0.0
Er,Fm,0,2201,0.0
Er,Fr,0,2201,0.0
Er,Ga,21,2201,0.009541117673784643
Er,Gd,50,2201,0.02271694684234439
Er,Ge,26,2201,0.011812812358019082
Er,H,1581,2201,0.7183098591549296
Er,He,0,2201,0.0
Er,Hf,18,2201,0.00817810086324398
Er,Hg,1,2201,0.00045433893684688776
Er,Ho,86,2201,0.03907314856883235
Er,Hs,0,2201,0.0
Er,I,26,2201,0.011812812358019082
Er,In,18,2201,0.00817810086324398
Er,Ir,3,2201,0.0013630168105406633
Er,K,16,2201,0.007269422989550204
Er,Kr,0,2201,0.0
Er,La,37,2201,0.016810540663334848
Er,Li,35,2201,0.01590186278964107
Er,Lr,0,2201,0.0
Er,Lu,35,2201,0.01590186278964107
Er,Lv,0,2201,0.0
Er,Mc,0,2201,0.0
Er,Md,3,2201,0.0013630168105406633
Er,Mg,35,2201,0.01590186278964107
Er,Mn,16,2201,0.007269422989550204
Er,Mo,22,2201,0.009995456610631531
Er,Mt,0,2201,0.0
Er,N,650,2201,0.29532030895047706
Er,Na,23,2201,0.010449795547478418
Er,Nb,14,2201,0.006360745115856429
Er,Nd,37,2201,0.016810540663334848
Er,Ne,0,2201,0.0
Er,Nh,0,2201,0.0
Er,Ni,37,2201,0.016810540663334848
Er,No,2,2201,0.0009086778736937755
Er,Np,2,2201,0.0009086778736937755
Er,O,1376,2201,0.6251703771013176
Er,Og,0,2201,0.0
Er,Os,3,2201,0.0013630168105406633
Er,P,109,2201,0.049522944116310766
Er,Pa,0,2201,0.0
Er,Pb,6,2201,0.0027260336210813267
Er,Pd,6,2201,0.0027260336210813267
Er,Pm,10,2201,0.004543389368468878
Er,Po,1,2201,0.00045433893684688776
Er,Pr,19,2201,0.008632439800090867
Er,Pt,8,2201,0.003634711494775102
Er,Pu,3,2201,0.0013630168105406633
Er,Ra,0,2201,0.0
Er,Rb,7,2201,0.0031803725579282144
Er,Re,10,2201,0.004543389368468878
Er,Rf,0,2201,0.0
Er,Rg,0,2201,0.0
Er,Rh,6,2201,0.0027260336210813267
Er,Rn,0,2201,0.0
Er,Ru,10,2201,0.004543389368468878
Er,S,183,2201,0.08314402544298047
Er,Sb,11,2201,0.004997728305315766
Er,Sc,41,2201,0.0186278964107224
Er,Se,17,2201,0.007723761926397092
Er,Sg,0,2201,0.0
Er,Si,147,2201,0.0667878237164925
Er,Sm,29,2201,0.013175829168559746
Er,Sn,13,2201,0.005906406179009541
Er,Sr,6,2201,0.0027260336210813267
Er,Ta,6,2201,0.0027260336210813267
Er,Tb,42,2201,0.019082235347569285
Er,Tc,0,2201,0.0
Er,Te,15,2201,0.0068150840527033164
Er,Th,8,2201,0.003634711494775102
Er,Ti,39,2201,0.017719218537028625
Er,Tl,4,2201,0.001817355747387551
Er,Tm,76,2201,0.03452975920036347
Er,Ts,0,2201,0.0
Er,U,8,2201,0.003634711494775102
Er,V,27,2201,0.01226715129486597
Er,W,15,2201,0.0068150840527033164
Er,Xe,0,2201,0.0
Er,Y,125,2201,0.05679236710586097
Er,Yb,117,2201,0.05315765561108587
Er,Zn,35,2201,0.01590186278964107
Er,Zr,44,2201,0.019990913221263062
Es,Ac,2,359,0.005571030640668524
Es,Ag,0,359,0.0
Es,Al,0,359,0.0
Es,Am,0,359,0.0
Es,Ar,0,359,0.0
Es,As,1,359,0.002785515320334262
Es,At,0,359,0.0
Es,Au,0,359,0.0
Es,B,11,359,0.03064066852367688
Es,Ba,0,359,0.0
Es,Be,0,359,0.0
Es,Bh,0,359,0.0
Es,Bi,0,359,0.0
Es,Bk,0,359,0.0
Es,Br,14,359,0.03899721448467967
Es,C,315,359,0.8774373259052924
Es,Ca,0,359,0.0
Es,Cd,0,359,0.0
Es,Ce,1,359,0.002785515320334262
Es,Cf,0,359,0.0
Es,Cl,44,359,0.12256267409470752
Es,Cm,1,359,0.002785515320334262
Es,Cn,0,359,0.0
Es,Co,1,359,0.002785515320334262
Es,Cr,1,359,0.002785515320334262
Es,Cs,4,359,0.011142061281337047
Es,Cu,0,359,0.0
Es,Db,0,359,0.0
Es,Ds,0,359,0.0
Es,Dy,0,359,0.0
Es,Er,0,359,0.0
Es,Es,359,359,1.0
Es,Eu,0,359,0.0
Es,F,92,359,0.2562674094707521
Es,Fe,0,359,0.0
Es,Fl,0,359,0.0
Es,Fm,1,359,0.002785515320334262
Es,Fr,0,359,0.0
Es,Ga,0,359,0.0
Es,Gd,0,359,0.0
Es,Ge,1,359,0.002785515320334262
Es,H,322,359,0.8969359331476323
Es,He,0,359,0.0
Es,Hf,0,359,0.0
Es,Hg,0,359,0.0
Es,Ho,0,359,0.0
Es,Hs,0,359,0.0
Es,I,9,359,0.025069637883008356
Es,In,0,359,0.0
Es,Ir,0,359,0.0
Es,K,2,359,0.005571030640668524
Es,Kr,0,359,0.0
Es,La,4,359,0.011142061281337047
Es,Li,0,359,0.0
Es,Lr,0,359,0.0
Es,Lu,0,359,0.0
Es,Lv,0,359,0.0
Es,Mc,0,359,0.0
Es,Md,0,359,0.0
Es,Mg,0,359,0.0
Es,Mn,0,359,0.0
Es,Mo,1,359,0.002785515320334262
Es,Mt,0,359,0.0
Es,N,262,359,0.7298050139275766
Es,Na,1,359,0.002785515320334262
Es,Nb,0,359,0.0
Es,Nd,0,359,0.0
Es,Ne,0,359,0.0
Es,Nh,0,359,0.0
Es,Ni,0,359,0.0
Es,No,0,359,0.0
Es,Np,0,359,0.0
Es,O,223,359,0.6211699164345403
Es,Og,0,359,0.0
Es,Os,0,359,0.0
Es,P,21,359,0.0584958217270195
Es,Pa,0,359,0.0
Es,Pb,0,359,0.0
Es,Pd,0,359,0.0
Es,Pm,0,359,0.0
Es,Po,0,359,0.0
Es,Pr,0,359,0.0
Es,Pt,0,359,0.0
Es,Pu,0,359,0.0
Es,Ra,0,359,0.0
Es,Rb,1,359,0.002785515320334262
Es,Re,0,359,0.0
Es,Rf,1,359,0.002785515320334262
Es,Rg,0,359,0.0
Es,Rh,0,359,0.0
Es,Rn,0,359,0.0
Es,Ru,4,359,0.011142061281337047
Es,S,46,359,0.12813370473537605
Es,Sb,0,359,0.0
Es,Sc,0,359,0.0
Es,Se,7,359,0.019498607242339833
Es,Sg,0,359,0.0
Es,Si,4,359,0.011142061281337047
Es,Sm,0,359,0.0
Es,Sn,0,359,0.0
Es,Sr,0,359,0.0
Es,Ta,0,359,0.0
Es,Tb,0,359,0.0
Es,Tc,0,359,0.0
Es,Te,1,359,0.002785515320334262
Es,Th,0,359,0.0
Es,Ti,0,359,0.0
Es,Tl,0,359,0.0
Es,Tm,0,359,0.0
Es,Ts,0,359,0.0
Es,U,1,359,0.002785515320334262
Es,V,1,359,0.002785515320334262
Es,W,1,359,0.002785515320334262
Es,Xe,0,359,0.0
Es,Y,2,359,0.005571030640668524
Es,Yb,0,359,0.0
Es,Zn,0,359,0.0
Es,Zr,0,359,0.0
Eu,Ac,0,5611,0.0
Eu,Ag,3,5611,0.0005346640527535199
Eu,Al,77,5611,0.013723044020673677
Eu,Am,4,5611,0.0007128854036713598
Eu,Ar,2,5611,0.0003564427018356799
Eu,As,5,5611,0.0008911067545891997
Eu,At,0,5611,0.0
Eu,Au,6,5611,0.0010693281055070398
Eu,B,182,5611,0.032436285867046874
Eu,Ba,83,5611,0.014792372126180717
Eu,Be,7,5611,0.0012475494564248798
Eu,Bh,0,5611,0.0
Eu,Bi,10,5611,0.0017822135091783995
Eu,Bk,0,5611,0.0
Eu,Br,91,5611,0.016218142933523437
Eu,C,4267,5611,0.760470504366423
Eu,Ca,60,5611,0.010693281055070397
Eu,Cd,15,5611,0.002673320263767599
Eu,Ce,67,5611,0.011940830511495278
Eu,Cf,0,5611,0.0
Eu,Cl,310,5611,0.055248618784530384
Eu,Cm,0,5611,0.0
Eu,Cn,0,5611,0.0
Eu,Co,26,5611,0.004633755123863839
Eu,Cr,22,5611,0.003920869720192479
Eu,Cs,14,5611,0.0024950989128497596
Eu,Cu,36,5611,0.006415968633042239
Eu,Db,0,5611,0.0
Eu,Ds,0,5611,0.0
Eu,Dy,73,5611,0.013010158617002316
Eu,Er,31,5611,0.0055248618784530384
Eu,Es,0,5611,0.0
Eu,Eu,5611,5611,1.0
Eu,F,1549,5611,0.2760648725717341
Eu,Fe,32,5611,0.0057030832293708785
Eu,Fl,0,5611,0.0
Eu,Fm,0,5611,0.0
Eu,Fr,0,5611,0.0
Eu,Ga,33,5611,0.0058813045802887185
Eu,Gd,125,5611,0.022277668864729993
Eu,Ge,10,5611,0.0017822135091783995
Eu,H,4769,5611,0.8499376225271787
Eu,He,0,5611,0.0
Eu,Hf,9,5611,0.0016039921582605597
Eu,Hg,4,5611,0.0007128854036713598
Eu,Ho,28,5611,0.004990197825699519
Eu,Hs,0,5611,0.0
Eu,I,80,5611,0.014257708073427196
Eu,In,14,5611,0.0024950989128497596
Eu,Ir,56,5611,0.009980395651399038
Eu,K,35,5611,0.006237747282124399
Eu,Kr,2,5611,0.0003564427018356799
Eu,La,59,5611,0.010515059704152558
Eu,Li,44,5611,0.007841739440384958
Eu,Lr,0,5611,0.0
Eu,Lu,13,5611,0.0023168775619319196
Eu,Lv,0,5611,0.0
Eu,Mc,0,5611,0.0
Eu,Md,0,5611,0.0
Eu,Mg,71,5611,0.012653715915166636
Eu,Mn,32,5611,0.0057030832293708785
Eu,Mo,8,5611,0.0014257708073427196
Eu,Mt,0,5611,0.0
Eu,N,2685,5611,0.4785243272144003
Eu,Na,127,5611,0.022634111566565675
Eu,Nb,8,5611,0.0014257708073427196
Eu,Nd,55,5611,0.009802174300481198
Eu,Ne,1,5611,0.00017822135091783995
Eu,Nh,0,5611,0.0
Eu,Ni,41,5611,0.007307075387631438
Eu,No,0,5611,0.0
Eu,Np,3,5611,0.0005346640527535199
Eu,O,4519,5611,0.8053822847977188
Eu,Og,0,5611,0.0
Eu,Os,4,5611,0.0007128854036713598
Eu,P,840,5611,0.14970593477098557
Eu,Pa,0,5611,0.0
Eu,Pb,13,5611,0.0023168775619319196
Eu,Pd,9,5611,0.0016039921582605597
Eu,Pm,15,5611,0.002673320263767599
Eu,Po,0,5611,0.0
Eu,Pr,34,5611,0.0060595259312065585
Eu,Pt,30,5611,0.005346640527535198
Eu,Pu,4,5611,0.0007128854036713598
Eu,Ra,0,5611,0.0
Eu,Rb,16,5611,0.0028515416146854392
Eu,Re,5,5611,0.0008911067545891997
Eu,Rf,0,5611,0.0
Eu,Rg,0,5611,0.0
Eu,Rh,9,5611,0.0016039921582605597
Eu,Rn,0,5611,0.0
Eu,Ru,9,5611,0.0016039921582605597
Eu,S,994,5611,0.17715202281233292
Eu,Sb,18,5611,0.0032079843165211193
Eu,Sc,11,5611,0.0019604348600962395
Eu,Se,20,5611,0.003564427018356799
Eu,Sg,0,5611,0.0
Eu,Si,147,5611,0.026198538584922475
Eu,Sm,92,5611,0.016396364284441276
Eu,Sn,15,5611,0.002673320263767599
Eu,Sr,128,5611,0.022812332917483514
Eu,Ta,3,5611,0.0005346640527535199
Eu,Tb,128,5611,0.022812332917483514
Eu,Tc,0,5611,0.0
Eu,Te,7,5611,0.0012475494564248798
Eu,Th,4,5611,0.0007128854036713598
Eu,Ti,35,5611,0.006237747282124399
Eu,Tl,3,5611,0.0005346640527535199
Eu,Tm,16,5611,0.0028515416146854392
Eu,Ts,0,5611,0.0
Eu,U,5,5611,0.0008911067545891997
Eu,V,37,5611,0.006594189983960079
Eu,W,20,5611,0.003564427018356799
Eu,Xe,0,5611,0.0
Eu,Y,141,5611,0.025129210479415433
Eu,Yb,28,5611,0.004990197825699519
Eu,Zn,52,5611,0.009267510247727678
Eu,Zr,19,5611,0.0033862056674389593
F,Ac,749,25344252,0.000029553052108225564
F,Ag,2525,25344252,0.00009962811291491262
F,Al,8223,25344252,0.00032445226633636695
F,Am,22,25344252,8.680469244071595e-7
F,Ar,569,25344252,0.000022450849999439713
F,As,4360,25344252,0.00017203111774614615
F,At,298,25344252,0.000011758090157878796
F,Au,1678,25344252,0.00006620830632523699
F,B,307853,25344252,0.012146856809978058
F,Ba,819,25344252,0.00003231501959497562
F,Be,424,25344252,0.000016729631634028892
F,Bh,7,25344252,2.761967486750053e-7
F,Bi,1209,25344252,0.000047703124164011626
F,Bk,8,25344252,3.156534270571489e-7
F,Br,1759791,25344252,0.0694355075067909
F,C,25327714,25344252,0.9993474654529161
F,Ca,3037,25344252,0.00011982993224657015
F,Cd,373,25344252,0.000014717341036539567
F,Ce,598,25344252,0.00002359509367252188
F,Cf,45,25344252,1.7755505271964625e-6
F,Cl,4874045,25344252,0.19231362598509516
F,Cm,214,25344252,8.443729173778732e-6
F,Cn,0,25344252,0.0
F,Co,2918,25344252,0.00011513458751909506
F,Cr,1425,25344252,0.00005622576669455465
F,Cs,3607,25344252,0.000142320238924392
F,Cu,6692,25344252,0.00026404409173330504
F,Db,4,25344252,1.5782671352857444e-7
F,Ds,0,25344252,0.0
F,Dy,227,25344252,8.9566659927466e-6
F,Er,225,25344252,8.877752635982312e-6
F,Es,92,25344252,3.630014411157212e-6
F,Eu,1549,25344252,0.00006111839481394046
F,F,25344252,25344252,1.0
F,Fe,6191,25344252,0.0002442762958638511
F,Fl,0,25344252,0.0
F,Fm,330,25344252,0.000013020703866107393
F,Fr,5,25344252,1.9728339191071807e-7
F,Ga,843,25344252,0.000033261979876147066
F,Gd,360,25344252,0.0000142044042175717
F,Ge,5620,25344252,0.0002217465325076471
F,H,25310016,25344252,0.9986491611589089
F,He,35,25344252,1.3809837433750264e-6
F,Hf,2146,25344252,0.00008467403180808019
F,Hg,945,25344252,0.00003728656107112571
F,Ho,175,25344252,6.904918716875132e-6
F,Hs,11,25344252,4.3402346220357974e-7
F,I,496334,25344252,0.019583691008122867
F,In,1060,25344252,0.00004182407908507223
F,Ir,31522,25344252,0.001243753415961931
F,K,37012,25344252,0.0014603705802798993
F,Kr,18,25344252,7.10220210878585e-7
F,La,507,25344252,0.000020004535939746813
F,Li,21602,25344252,0.0008523431664110663
F,Lr,179,25344252,7.062745430403707e-6
F,Lu,220,25344252,8.680469244071595e-6
F,Lv,0,25344252,0.0
F,Mc,0,25344252,0.0
F,Md,16,25344252,6.313068541142978e-7
F,Mg,7289,25344252,0.0002875997287274448
F,Mn,2468,25344252,0.00009737908224713043
F,Mo,1333,25344252,0.000052595752283397435
F,Mt,0,25344252,0.0
F,N,23130199,25344252,0.9126408228579798
F,Na,48619,25344252,0.0019183442462614403
F,Nb,496,25344252,0.00001957051247754323
F,Nd,386,25344252,0.000015230277855507435
F,Ne,19,25344252,7.496768892607286e-7
F,Nh,0,25344252,0.0
F,Ni,3341,25344252,0.0001318247624747418
F,No,44,25344252,1.736093848814319e-6
F,Np,41,25344252,1.617723813667888e-6
F,O,22252948,25344252,0.8780274122905659
F,Og,0,25344252,0.0
F,Os,1762,25344252,0.00006952266730933705
F,P,347549,25344252,0.01371312911503563
F,Pa,26,25344252,1.025873637935734e-6
F,Pb,1108,25344252,0.00004371799964741512
F,Pd,7784,25344252,0.00030713078452660587
F,Pm,34,25344252,1.3415270649928828e-6
F,Po,117,25344252,4.6164313707108026e-6
F,Pr,434,25344252,0.000017124198417850327
F,Pt,12752,25344252,0.0005031515627290954
F,Pu,51,25344252,2.012290597489324e-6
F,Ra,11,25344252,4.3402346220357974e-7
F,Rb,1237,25344252,0.00004880791115871165
F,Re,906,25344252,0.00003574775061422211
F,Rf,1120,25344252,0.000044191479788000844
F,Rg,0,25344252,0.0
F,Rh,2917,25344252,0.00011509513084071292
F,Rn,6,25344252,2.3674007029286167e-7
F,Ru,5972,25344252,0.00023563528329816164
F,S,7067743,25344252,0.27886966243864686
F,Sb,4117,25344252,0.00016244314489928524
F,Sc,505,25344252,0.000019925622582982523
F,Se,10435,25344252,0.0004117304389176686
F,Sg,17,25344252,6.707635324964414e-7
F,Si,222746,25344252,0.008788817282908961
F,Sm,231,25344252,9.114492706275174e-6
F,Sn,10205,25344252,0.00040265540288977555
F,Sr,485,25344252,0.00001913648901533965
F,Ta,382,25344252,0.000015072451141978859
F,Tb,276,25344252,0.000010890043233471637
F,Tc,174,25344252,6.865462038492989e-6
F,Te,1634,25344252,0.00006447221247642266
F,Th,120,25344252,4.734801405857234e-6
F,Ti,5867,25344252,0.00023149233206803656
F,Tl,1239,25344252,0.000048886824515475934
F,Tm,126,25344252,4.971541476150095e-6
F,Ts,0,25344252,0.0
F,U,4216,25344252,0.00016634935605911745
F,V,4474,25344252,0.0001765291790817105
F,W,3848,25344252,0.00015182929841448862
F,Xe,146,25344252,5.760675043792968e-6
F,Y,9646,25344252,0.00038059911967415727
F,Yb,460,25344252,0.000018150072055786062
F,Zn,6518,25344252,0.0002571786296948121
F,Zr,7840,25344252,0.0003093403585160059
Fe,Ac,8,81651,0.00009797797944911882
Fe,Ag,273,81651,0.0033434985487011794
Fe,Al,1795,81651,0.021983809138896034
Fe,Am,2,81651,0.000024494494862279704
Fe,Ar,36,81651,0.00044090090752103465
Fe,As,342,81651,0.004188558621449829
Fe,At,0,81651,0.0
Fe,Au,316,81651,0.003870130188240193
Fe,B,3074,81651,0.0376480386033239
Fe,Ba,313,81651,0.0038333884459467735
Fe,Be,48,81651,0.0005878678766947129
Fe,Bh,0,81651,0.0
Fe,Bi,445,81651,0.005450025106857234
Fe,Bk,1,81651,0.000012247247431139852
Fe,Br,2796,81651,0.03424330381746703
Fe,C,67578,81651,0.8276444869015689
Fe,Ca,1155,81651,0.014145570782966528
Fe,Cd,151,81651,0.0018493343621021176
Fe,Ce,283,81651,0.003465971023012578
Fe,Cf,0,81651,0.0
Fe,Cl,12315,81651,0.15082485211448726
Fe,Cm,0,81651,0.0
Fe,Cn,0,81651,0.0
Fe,Co,1905,81651,0.023331006356321418
Fe,Cr,1241,81651,0.015198834062044555
Fe,Cs,101,81651,0.001236971990545125
Fe,Cu,1920,81651,0.023514715067788513
Fe,Db,0,81651,0.0
Fe,Ds,0,81651,0.0
Fe,Dy,88,81651,0.001077757773940307
Fe,Er,34,81651,0.00041640641265875496
Fe,Es,0,81651,0.0
Fe,Eu,32,81651,0.00039191191779647526
Fe,F,6191,81651,0.07582270884618682
Fe,Fe,81651,81651,1.0
Fe,Fl,0,81651,0.0
Fe,Fm,7,81651,0.00008573073201797896
Fe,Fr,0,81651,0.0
Fe,Ga,149,81651,0.0018248398672398379
Fe,Gd,113,81651,0.0013839389597188033
Fe,Ge,147,81651,0.0018003453723775581
Fe,H,73637,81651,0.9018505590868452
Fe,He,9,81651,0.00011022522688025866
Fe,Hf,79,81651,0.0009675325470600482
Fe,Hg,152,81651,0.0018615816095332574
Fe,Ho,40,81651,0.0004898898972455941
Fe,Hs,0,81651,0.0
Fe,I,1413,81651,0.01730536062020061
Fe,In,142,81651,0.0017391091352218589
Fe,Ir,110,81651,0.0013471972174253838
Fe,K,1680,81651,0.020575375684314952
Fe,Kr,2,81651,0.000024494494862279704
Fe,La,289,81651,0.003539454507599417
Fe,Li,1265,81651,0.015492768000391913
Fe,Lr,0,81651,0.0
Fe,Lu,16,81651,0.00019595595889823763
Fe,Lv,0,81651,0.0
Fe,Mc,0,81651,0.0
Fe,Md,1,81651,0.000012247247431139852
Fe,Mg,1391,81651,0.017035921176715534
Fe,Mn,2382,81651,0.029172943380975126
Fe,Mo,967,81651,0.011843088265912237
Fe,Mt,0,81651,0.0
Fe,N,40104,81651,0.4911636109784326
Fe,Na,2648,81651,0.03243071119765833
Fe,Nb,302,81651,0.0036986687242042352
Fe,Nd,267,81651,0.0032700150641143404
Fe,Ne,2,81651,0.000024494494862279704
Fe,Nh,0,81651,0.0
Fe,Ni,2460,81651,0.030128228680604035
Fe,No,4,81651,0.00004898898972455941
Fe,Np,18,81651,0.00022045045376051732
Fe,O,51614,81651,0.6321294289108523
Fe,Og,0,81651,0.0
Fe,Os,65,81651,0.0007960710830240903
Fe,P,14369,81651,0.17598069833804852
Fe,Pa,3,81651,0.000036741742293419554
Fe,Pb,388,81651,0.004751932003282262
Fe,Pd,1138,81651,0.01393736757663715
Fe,Pm,5,81651,0.00006123623715569926
Fe,Po,8,81651,0.00009797797944911882
Fe,Pr,82,81651,0.0010042742893534677
Fe,Pt,295,81651,0.003612937992186256
Fe,Pu,9,81651,0.00011022522688025866
Fe,Ra,6,81651,0.00007348348458683911
Fe,Rb,67,81651,0.00082056557788637
Fe,Re,77,81651,0.0009430380521977686
Fe,Rf,1,81651,0.000012247247431139852
Fe,Rg,0,81651,0.0
Fe,Rh,233,81651,0.0028536086514555853
Fe,Rn,1,81651,0.000012247247431139852
Fe,Ru,413,81651,0.005058113189060759
Fe,S,11883,81651,0.14553404122423486
Fe,Sb,326,81651,0.003992602662551591
Fe,Sc,51,81651,0.0006246096189881324
Fe,Se,591,81651,0.007238123231803652
Fe,Sg,0,81651,0.0
Fe,Si,4109,81651,0.05032393969455365
Fe,Sm,95,81651,0.001163488505958286
Fe,Sn,601,81651,0.00736059570611505
Fe,Sr,295,81651,0.003612937992186256
Fe,Ta,142,81651,0.0017391091352218589
Fe,Tb,75,81651,0.0009185435573354888
Fe,Tc,19,81651,0.00023269770119165717
Fe,Te,113,81651,0.0013839389597188033
Fe,Th,38,81651,0.00046539540238331434
Fe,Ti,996,81651,0.012198258441415291
Fe,Tl,29,81651,0.0003551701755030557
Fe,Tm,17,81651,0.00020820320632937748
Fe,Ts,0,81651,0.0
Fe,U,91,81651,0.0011144995162337265
Fe,V,677,81651,0.008291386510881679
Fe,W,498,81651,0.006099129220707646
Fe,Xe,1,81651,0.000012247247431139852
Fe,Y,236,81651,0.002890350393749005
Fe,Yb,22,81651,0.00026943944348507674
Fe,Zn,1508,81651,0.018468849126158895
Fe,Zr,509,81651,0.006233848942450184
Fl,Ac,0,8,0.0
Fl,Ag,0,8,0.0
Fl,Al,0,8,0.0
Fl,Am,0,8,0.0
Fl,Ar,0,8,0.0
Fl,As,0,8,0.0
Fl,At,0,8,0.0
Fl,Au,0,8,0.0
Fl,B,0,8,0.0
Fl,Ba,0,8,0.0
Fl,Be,0,8,0.0
Fl,Bh,0,8,0.0
Fl,Bi,0,8,0.0
Fl,Bk,0,8,0.0
Fl,Br,0,8,0.0
Fl,C,0,8,0.0
Fl,Ca,0,8,0.0
Fl,Cd,0,8,0.0
Fl,Ce,0,8,0.0
Fl,Cf,0,8,0.0
Fl,Cl,0,8,0.0
Fl,Cm,0,8,0.0
Fl,Cn,0,8,0.0
Fl,Co,0,8,0.0
Fl,Cr,0,8,0.0
Fl,Cs,0,8,0.0
Fl,Cu,0,8,0.0
Fl,Db,0,8,0.0
Fl,Ds,0,8,0.0
Fl,Dy,0,8,0.0
Fl,Er,0,8,0.0
Fl,Es,0,8,0.0
Fl,Eu,0,8,0.0
Fl,F,0,8,0.0
Fl,Fe,0,8,0.0
Fl,Fl,8,8,1.0
Fl,Fm,0,8,0.0
Fl,Fr,0,8,0.0
Fl,Ga,0,8,0.0
Fl,Gd,0,8,0.0
Fl,Ge,0,8,0.0
Fl,H,0,8,0.0
Fl,He,0,8,0.0
Fl,Hf,0,8,0.0
Fl,Hg,0,8,0.0
Fl,Ho,0,8,0.0
Fl,Hs,0,8,0.0
Fl,I,0,8,0.0
Fl,In,0,8,0.0
Fl,Ir,0,8,0.0
Fl,K,0,8,0.0
Fl,Kr,0,8,0.0
Fl,La,0,8,0.0
Fl,Li,0,8,0.0
Fl,Lr,0,8,0.0
Fl,Lu,0,8,0.0
Fl,Lv,0,8,0.0
Fl,Mc,0,8,0.0
Fl,Md,0,8,0.0
Fl,Mg,0,8,0.0
Fl,Mn,0,8,0.0
Fl,Mo,0,8,0.0
Fl,Mt,0,8,0.0
Fl,N,0,8,0.0
Fl,Na,0,8,0.0
Fl,Nb,0,8,0.0
Fl,Nd,0,8,0.0
Fl,Ne,0,8,0.0
Fl,Nh,0,8,0.0
Fl,Ni,0,8,0.0
Fl,No,0,8,0.0
Fl,Np,0,8,0.0
Fl,O,0,8,0.0
Fl,Og,0,8,0.0
Fl,Os,0,8,0.0
Fl,P,0,8,0.0
Fl,Pa,0,8,0.0
Fl,Pb,0,8,0.0
Fl,Pd,0,8,0.0
Fl,Pm,0,8,0.0
Fl,Po,0,8,0.0
Fl,Pr,0,8,0.0
Fl,Pt,0,8,0.0
Fl,Pu,0,8,0.0
Fl,Ra,0,8,0.0
Fl,Rb,0,8,0.0
Fl,Re,0,8,0.0
Fl,Rf,0,8,0.0
Fl,Rg,0,8,0.0
Fl,Rh,0,8,0.0
Fl,Rn,0,8,0.0
Fl,Ru,0,8,0.0
Fl,S,0,8,0.0
Fl,Sb,0,8,0.0
Fl,Sc,0,8,0.0
Fl,Se,0,8,0.0
Fl,Sg,0,8,0.0
Fl,Si,0,8,0.0
Fl,Sm,0,8,0.0
Fl,Sn,0,8,0.0
Fl,Sr,0,8,0.0
Fl,Ta,0,8,0.0
Fl,Tb,0,8,0.0
Fl,Tc,0,8,0.0
Fl,Te,0,8,0.0
Fl,Th,0,8,0.0
Fl,Ti,0,8,0.0
Fl,Tl,0,8,0.0
Fl,Tm,0,8,0.0
Fl,Ts,0,8,0.0
Fl,U,0,8,0.0
Fl,V,0,8,0.0
Fl,W,0,8,0.0
Fl,Xe,0,8,0.0
Fl,Y,0,8,0.0
Fl,Yb,0,8,0.0
Fl,Zn,0,8,0.0
Fl,Zr,0,8,0.0
Fm,Ac,0,2120,0.0
Fm,Ag,0,2120,0.0
Fm,Al,1,2120,0.0004716981132075472
Fm,Am,2,2120,0.0009433962264150943
Fm,Ar,0,2120,0.0
Fm,As,1,2120,0.0004716981132075472
Fm,At,0,2120,0.0
Fm,Au,1,2120,0.0004716981132075472
Fm,B,55,2120,0.025943396226415096
Fm,Ba,1,2120,0.0004716981132075472
Fm,Be,0,2120,0.0
Fm,Bh,0,2120,0.0
Fm,Bi,0,2120,0.0
Fm,Bk,0,2120,0.0
Fm,Br,57,2120,0.02688679245283019
Fm,C,2086,2120,0.9839622641509433
Fm,Ca,0,2120,0.0
Fm,Cd,0,2120,0.0
Fm,Ce,0,2120,0.0
Fm,Cf,0,2120,0.0
Fm,Cl,160,2120,0.07547169811320754
Fm,Cm,1,2120,0.0004716981132075472
Fm,Cn,0,2120,0.0
Fm,Co,0,2120,0.0
Fm,Cr,0,2120,0.0
Fm,Cs,9,2120,0.0042452830188679245
Fm,Cu,13,2120,0.006132075471698114
Fm,Db,0,2120,0.0
Fm,Ds,0,2120,0.0
Fm,Dy,0,2120,0.0
Fm,Er,0,2120,0.0
Fm,Es,1,2120,0.0004716981132075472
Fm,Eu,0,2120,0.0
Fm,F,330,2120,0.15566037735849056
Fm,Fe,7,2120,0.0033018867924528303
Fm,Fl,0,2120,0.0
Fm,Fm,2120,2120,1.0
Fm,Fr,0,2120,0.0
Fm,Ga,2,2120,0.0009433962264150943
Fm,Gd,0,2120,0.0
Fm,Ge,0,2120,0.0
Fm,H,2090,2120,0.9858490566037735
Fm,He,0,2120,0.0
Fm,Hf,0,2120,0.0
Fm,Hg,0,2120,0.0
Fm,Ho,0,2120,0.0
Fm,Hs,0,2120,0.0
Fm,I,9,2120,0.0042452830188679245
Fm,In,0,2120,0.0
Fm,Ir,2,2120,0.0009433962264150943
Fm,K,6,2120,0.002830188679245283
Fm,Kr,0,2120,0.0
Fm,La,0,2120,0.0
Fm,Li,1,2120,0.0004716981132075472
Fm,Lr,0,2120,0.0
Fm,Lu,0,2120,0.0
Fm,Lv,0,2120,0.0
Fm,Mc,0,2120,0.0
Fm,Md,0,2120,0.0
Fm,Mg,0,2120,0.0
Fm,Mn,0,2120,0.0
Fm,Mo,0,2120,0.0
Fm,Mt,0,2120,0.0
Fm,N,2008,2120,0.9471698113207547
Fm,Na,4,2120,0.0018867924528301887
Fm,Nb,1,2120,0.0004716981132075472
Fm,Nd,2,2120,0.0009433962264150943
Fm,Ne,0,2120,0.0
Fm,Nh,0,2120,0.0
Fm,Ni,0,2120,0.0
Fm,No,0,2120,0.0
Fm,Np,0,2120,0.0
Fm,O,2027,2120,0.9561320754716981
Fm,Og,0,2120,0.0
Fm,Os,0,2120,0.0
Fm,P,196,2120,0.09245283018867924
Fm,Pa,0,2120,0.0
Fm,Pb,4,2120,0.0018867924528301887
Fm,Pd,11,2120,0.005188679245283019
Fm,Pm,0,2120,0.0
Fm,Po,0,2120,0.0
Fm,Pr,1,2120,0.0004716981132075472
Fm,Pt,0,2120,0.0
Fm,Pu,0,2120,0.0
Fm,Ra,0,2120,0.0
Fm,Rb,0,2120,0.0
Fm,Re,2,2120,0.0009433962264150943
Fm,Rf,0,2120,0.0
Fm,Rg,0,2120,0.0
Fm,Rh,0,2120,0.0
Fm,Rn,0,2120,0.0
Fm,Ru,3,2120,0.0014150943396226414
Fm,S,378,2120,0.17830188679245282
Fm,Sb,2,2120,0.0009433962264150943
Fm,Sc,0,2120,0.0
Fm,Se,1,2120,0.0004716981132075472
Fm,Sg,0,2120,0.0
Fm,Si,20,2120,0.009433962264150943
Fm,Sm,0,2120,0.0
Fm,Sn,0,2120,0.0
Fm,Sr,0,2120,0.0
Fm,Ta,3,2120,0.0014150943396226414
Fm,Tb,0,2120,0.0
Fm,Tc,0,2120,0.0
Fm,Te,0,2120,0.0
Fm,Th,0,2120,0.0
Fm,Ti,4,2120,0.0018867924528301887
Fm,Tl,0,2120,0.0
Fm,Tm,0,2120,0.0
Fm,Ts,0,2120,0.0
Fm,U,3,2120,0.0014150943396226414
Fm,V,0,2120,0.0
Fm,W,4,2120,0.0018867924528301887
Fm,Xe,0,2120,0.0
Fm,Y,9,2120,0.0042452830188679245
Fm,Yb,0,2120,0.0
Fm,Zn,0,2120,0.0
Fm,Zr,0,2120,0.0
Fr,Ac,0,105,0.0
Fr,Ag,0,105,0.0
Fr,Al,0,105,0.0
Fr,Am,0,105,0.0
Fr,Ar,0,105,0.0
Fr,As,0,105,0.0
Fr,At,0,105,0.0
Fr,Au,0,105,0.0
Fr,B,3,105,0.02857142857142857
Fr,Ba,0,105,0.0
Fr,Be,1,105,0.009523809523809525
Fr,Bh,0,105,0.0
Fr,Bi,0,105,0.0
Fr,Bk,0,105,0.0
Fr,Br,1,105,0.009523809523809525
Fr,C,47,105,0.44761904761904764
Fr,Ca,4,105,0.0380952380952381
Fr,Cd,0,105,0.0
Fr,Ce,0,105,0.0
Fr,Cf,0,105,0.0
Fr,Cl,4,105,0.0380952380952381
Fr,Cm,0,105,0.0
Fr,Cn,0,105,0.0
Fr,Co,3,105,0.02857142857142857
Fr,Cr,0,105,0.0
Fr,Cs,3,105,0.02857142857142857
Fr,Cu,0,105,0.0
Fr,Db,0,105,0.0
Fr,Ds,0,105,0.0
Fr,Dy,0,105,0.0
Fr,Er,0,105,0.0
Fr,Es,0,105,0.0
Fr,Eu,0,105,0.0
Fr,F,5,105,0.047619047619047616
Fr,Fe,0,105,0.0
Fr,Fl,0,105,0.0
Fr,Fm,0,105,0.0
Fr,Fr,105,105,1.0
Fr,Ga,0,105,0.0
Fr,Gd,0,105,0.0
Fr,Ge,2,105,0.01904761904761905
Fr,H,64,105,0.6095238095238096
Fr,He,0,105,0.0
Fr,Hf,0,105,0.0
Fr,Hg,0,105,0.0
Fr,Ho,0,105,0.0
Fr,Hs,0,105,0.0
Fr,I,1,105,0.009523809523809525
Fr,In,0,105,0.0
Fr,Ir,0,105,0.0
Fr,K,2,105,0.01904761904761905
Fr,Kr,0,105,0.0
Fr,La,0,105,0.0
Fr,Li,0,105,0.0
Fr,Lr,0,105,0.0
Fr,Lu,0,105,0.0
Fr,Lv,0,105,0.0
Fr,Mc,0,105,0.0
Fr,Md,0,105,0.0
Fr,Mg,0,105,0.0
Fr,Mn,0,105,0.0
Fr,Mo,1,105,0.009523809523809525
Fr,Mt,0,105,0.0
Fr,N,7,105,0.06666666666666667
Fr,Na,0,105,0.0
Fr,Nb,0,105,0.0
Fr,Nd,0,105,0.0
Fr,Ne,0,105,0.0
Fr,Nh,0,105,0.0
Fr,Ni,0,105,0.0
Fr,No,0,105,0.0
Fr,Np,0,105,0.0
Fr,O,57,105,0.5428571428571428
Fr,Og,0,105,0.0
Fr,Os,0,105,0.0
Fr,P,3,105,0.02857142857142857
Fr,Pa,0,105,0.0
Fr,Pb,0,105,0.0
Fr,Pd,0,105,0.0
Fr,Pm,0,105,0.0
Fr,Po,0,105,0.0
Fr,Pr,1,105,0.009523809523809525
Fr,Pt,0,105,0.0
Fr,Pu,0,105,0.0
Fr,Ra,0,105,0.0
Fr,Rb,0,105,0.0
Fr,Re,0,105,0.0
Fr,Rf,0,105,0.0
Fr,Rg,0,105,0.0
Fr,Rh,0,105,0.0
Fr,Rn,0,105,0.0
Fr,Ru,0,105,0.0
Fr,S,20,105,0.19047619047619047
Fr,Sb,0,105,0.0
Fr,Sc,0,105,0.0
Fr,Se,0,105,0.0
Fr,Sg,0,105,0.0
Fr,Si,1,105,0.009523809523809525
Fr,Sm,0,105,0.0
Fr,Sn,0,105,0.0
Fr,Sr,0,105,0.0
Fr,Ta,0,105,0.0
Fr,Tb,0,105,0.0
Fr,Tc,0,105,0.0
Fr,Te,0,105,0.0
Fr,Th,1,105,0.009523809523809525
Fr,Ti,0,105,0.0
Fr,Tl,0,105,0.0
Fr,Tm,0,105,0.0
Fr,Ts,0,105,0.0
Fr,U,0,105,0.0
Fr,V,0,105,0.0
Fr,W,0,105,0.0
Fr,Xe,0,105,0.0
Fr,Y,0,105,0.0
Fr,Yb,0,105,0.0
Fr,Zn,0,105,0.0
Fr,Zr,0,105,0.0
Ga,Ac,7,11650,0.0006008583690987124
Ga,Ag,136,11650,0.01167381974248927
Ga,Al,691,11650,0.059313304721030045
Ga,Am,2,11650,0.00017167381974248928
Ga,Ar,3,11650,0.0002575107296137339
Ga,As,256,11650,0.021974248927038628
Ga,At,0,11650,0.0
Ga,Au,63,11650,0.005407725321888412
Ga,B,227,11650,0.01948497854077253
Ga,Ba,82,11650,0.00703862660944206
Ga,Be,56,11650,0.0048068669527896995
Ga,Bh,0,11650,0.0
Ga,Bi,111,11650,0.009527896995708154
Ga,Bk,0,11650,0.0
Ga,Br,305,11650,0.026180257510729613
Ga,C,7805,11650,0.6699570815450644
Ga,Ca,111,11650,0.009527896995708154
Ga,Cd,156,11650,0.013390557939914163
Ga,Ce,23,11650,0.0019742489270386265
Ga,Cf,1,11650,0.00008583690987124464
Ga,Cl,1179,11650,0.10120171673819743
Ga,Cm,0,11650,0.0
Ga,Cn,0,11650,0.0
Ga,Co,88,11650,0.007553648068669528
Ga,Cr,57,11650,0.004892703862660944
Ga,Cs,31,11650,0.0026609442060085836
Ga,Cu,391,11650,0.033562231759656655
Ga,Db,0,11650,0.0
Ga,Ds,0,11650,0.0
Ga,Dy,18,11650,0.0015450643776824034
Ga,Er,21,11650,0.0018025751072961373
Ga,Es,0,11650,0.0
Ga,Eu,33,11650,0.002832618025751073
Ga,F,843,11650,0.07236051502145922
Ga,Fe,149,11650,0.01278969957081545
Ga,Fl,0,11650,0.0
Ga,Fm,2,11650,0.00017167381974248928
Ga,Fr,0,11650,0.0
Ga,Ga,11650,11650,1.0
Ga,Gd,108,11650,0.009270386266094421
Ga,Ge,294,11650,0.025236051502145924
Ga,H,10103,11650,0.8672103004291846
Ga,He,0,11650,0.0
Ga,Hf,28,11650,0.0024034334763948497
Ga,Hg,45,11650,0.0038626609442060085
Ga,Ho,13,11650,0.0011158798283261802
Ga,Hs,0,11650,0.0
Ga,I,327,11650,0.028068669527896994
Ga,In,1019,11650,0.08746781115879829
Ga,Ir,55,11650,0.004721030042918455
Ga,K,80,11650,0.0068669527896995704
Ga,Kr,0,11650,0.0
Ga,La,137,11650,0.011759656652360515
Ga,Li,155,11650,0.013304721030042918
Ga,Lr,0,11650,0.0
Ga,Lu,38,11650,0.0032618025751072963
Ga,Lv,0,11650,0.0
Ga,Mc,0,11650,0.0
Ga,Md,0,11650,0.0
Ga,Mg,139,11650,0.011931330472103005
Ga,Mn,90,11650,0.007725321888412017
Ga,Mo,45,11650,0.0038626609442060085
Ga,Mt,0,11650,0.0
Ga,N,4614,11650,0.3960515021459228
Ga,Na,149,11650,0.01278969957081545
Ga,Nb,64,11650,0.005493562231759657
Ga,Nd,59,11650,0.005064377682403433
Ga,Ne,1,11650,0.00008583690987124464
Ga,Nh,0,11650,0.0
Ga,Ni,90,11650,0.007725321888412017
Ga,No,0,11650,0.0
Ga,Np,4,11650,0.00034334763948497857
Ga,O,6179,11650,0.5303862660944206
Ga,Og,0,11650,0.0
Ga,Os,7,11650,0.0006008583690987124
Ga,P,560,11650,0.048068669527897
Ga,Pa,0,11650,0.0
Ga,Pb,97,11650,0.008326180257510729
Ga,Pd,48,11650,0.004120171673819743
Ga,Pm,4,11650,0.00034334763948497857
Ga,Po,4,11650,0.00034334763948497857
Ga,Pr,18,11650,0.0015450643776824034
Ga,Pt,56,11650,0.0048068669527896995
Ga,Pu,10,11650,0.0008583690987124463
Ga,Ra,8,11650,0.0006866952789699571
Ga,Rb,19,11650,0.0016309012875536481
Ga,Re,23,11650,0.0019742489270386265
Ga,Rf,0,11650,0.0
Ga,Rg,0,11650,0.0
Ga,Rh,36,11650,0.003090128755364807
Ga,Rn,0,11650,0.0
Ga,Ru,34,11650,0.0029184549356223175
Ga,S,1482,11650,0.12721030042918455
Ga,Sb,143,11650,0.012274678111587983
Ga,Sc,85,11650,0.007296137339055794
Ga,Se,382,11650,0.03278969957081545
Ga,Sg,0,11650,0.0
Ga,Si,536,11650,0.04600858369098713
Ga,Sm,23,11650,0.0019742489270386265
Ga,Sn,308,11650,0.026437768240343346
Ga,Sr,109,11650,0.009356223175965666
Ga,Ta,52,11650,0.004463519313304721
Ga,Tb,38,11650,0.0032618025751072963
Ga,Tc,8,11650,0.0006866952789699571
Ga,Te,81,11650,0.006952789699570815
Ga,Th,12,11650,0.0010300429184549357
Ga,Ti,114,11650,0.009785407725321889
Ga,Tl,43,11650,0.0036909871244635195
Ga,Tm,8,11650,0.0006866952789699571
Ga,Ts,0,11650,0.0
Ga,U,11,11650,0.000944206008583691
Ga,V,63,11650,0.005407725321888412
Ga,W,26,11650,0.0022317596566523604
Ga,Xe,1,11650,0.00008583690987124464
Ga,Y,103,11650,0.008841201716738198
Ga,Yb,23,11650,0.0019742489270386265
Ga,Zn,497,11650,0.042660944206008584
Ga,Zr,136,11650,0.01167381974248927
Gd,Ac,9,7718,0.001166105208603265
Gd,Ag,17,7718,0.0022026431718061676
Gd,Al,151,7718,0.01956465405545478
Gd,Am,0,7718,0.0
Gd,Ar,0,7718,0.0
Gd,As,17,7718,0.0022026431718061676
Gd,At,0,7718,0.0
Gd,Au,15,7718,0.0019435086810054417
Gd,B,216,7718,0.02798652500647836
Gd,Ba,71,7718,0.009199274423425758
Gd,Be,3,7718,0.00038870173620108835
Gd,Bh,0,7718,0.0
Gd,Bi,26,7718,0.0033687483804094327
Gd,Bk,0,7718,0.0
Gd,Br,98,7718,0.012697590049235553
Gd,C,5931,7718,0.7684633324695517
Gd,Ca,74,7718,0.009587976159626846
Gd,Cd,12,7718,0.0015548069448043534
Gd,Ce,101,7718,0.013086291785436641
Gd,Cf,0,7718,0.0
Gd,Cl,454,7718,0.058823529411764705
Gd,Cm,0,7718,0.0
Gd,Cn,0,7718,0.0
Gd,Co,90,7718,0.011661052086032651
Gd,Cr,22,7718,0.0028504793988079814
Gd,Cs,6,7718,0.0007774034724021767
Gd,Cu,109,7718,0.014122829748639544
Gd,Db,0,7718,0.0
Gd,Ds,0,7718,0.0
Gd,Dy,56,7718,0.007255765742420316
Gd,Er,50,7718,0.0064783622700181395
Gd,Es,0,7718,0.0
Gd,Eu,125,7718,0.01619590567504535
Gd,F,360,7718,0.046644208344130605
Gd,Fe,113,7718,0.014641098730240994
Gd,Fl,0,7718,0.0
Gd,Fm,0,7718,0.0
Gd,Fr,0,7718,0.0
Gd,Ga,108,7718,0.01399326250323918
Gd,Gd,7718,7718,1.0
Gd,Ge,41,7718,0.005312257061414874
Gd,H,6652,7718,0.8618813164032133
Gd,He,1,7718,0.0001295672454003628
Gd,Hf,21,7718,0.0027209121534076184
Gd,Hg,3,7718,0.00038870173620108835
Gd,Ho,44,7718,0.005700958797615963
Gd,Hs,0,7718,0.0
Gd,I,83,7718,0.010754081368230112
Gd,In,31,7718,0.004016584607411246
Gd,Ir,14,7718,0.001813941435605079
Gd,K,59,7718,0.007644467478621405
Gd,Kr,0,7718,0.0
Gd,La,99,7718,0.012827157294635917
Gd,Li,42,7718,0.005441824306815237
Gd,Lr,0,7718,0.0
Gd,Lu,68,7718,0.00881057268722467
Gd,Lv,0,7718,0.0
Gd,Mc,0,7718,0.0
Gd,Md,1,7718,0.0001295672454003628
Gd,Mg,106,7718,0.013734128012438455
Gd,Mn,72,7718,0.00932884166882612
Gd,Mo,18,7718,0.00233221041720653
Gd,Mt,0,7718,0.0
Gd,N,5176,7718,0.6706400621922778
Gd,Na,385,7718,0.04988338947913967
Gd,Nb,6,7718,0.0007774034724021767
Gd,Nd,56,7718,0.007255765742420316
Gd,Ne,0,7718,0.0
Gd,Nh,0,7718,0.0
Gd,Ni,97,7718,0.012568022803835191
Gd,No,0,7718,0.0
Gd,Np,3,7718,0.00038870173620108835
Gd,O,6466,7718,0.8377818087587457
Gd,Og,0,7718,0.0
Gd,Os,5,7718,0.000647836227001814
Gd,P,538,7718,0.06970717802539518
Gd,Pa,0,7718,0.0
Gd,Pb,8,7718,0.0010365379632029023
Gd,Pd,11,7718,0.0014252396994039907
Gd,Pm,15,7718,0.0019435086810054417
Gd,Po,1,7718,0.0001295672454003628
Gd,Pr,31,7718,0.004016584607411246
Gd,Pt,57,7718,0.007385332987820679
Gd,Pu,6,7718,0.0007774034724021767
Gd,Ra,0,7718,0.0
Gd,Rb,3,7718,0.00038870173620108835
Gd,Re,8,7718,0.0010365379632029023
Gd,Rf,1,7718,0.0001295672454003628
Gd,Rg,0,7718,0.0
Gd,Rh,10,7718,0.001295672454003628
Gd,Rn,0,7718,0.0
Gd,Ru,9,7718,0.001166105208603265
Gd,S,1094,7718,0.14174656646799688
Gd,Sb,15,7718,0.0019435086810054417
Gd,Sc,52,7718,0.006737496760818865
Gd,Se,15,7718,0.0019435086810054417
Gd,Sg,0,7718,0.0
Gd,Si,239,7718,0.030966571650686708
Gd,Sm,71,7718,0.009199274423425758
Gd,Sn,32,7718,0.004146151852811609
Gd,Sr,61,7718,0.00790360196942213
Gd,Ta,15,7718,0.0019435086810054417
Gd,Tb,113,7718,0.014641098730240994
Gd,Tc,5,7718,0.000647836227001814
Gd,Te,6,7718,0.0007774034724021767
Gd,Th,5,7718,0.000647836227001814
Gd,Ti,38,7718,0.004923555325213786
Gd,Tl,7,7718,0.0009069707178025395
Gd,Tm,29,7718,0.003757450116610521
Gd,Ts,0,7718,0.0
Gd,U,24,7718,0.003109613889608707
Gd,V,40,7718,0.005182689816014512
Gd,W,32,7718,0.004146151852811609
Gd,Xe,0,7718,0.0
Gd,Y,244,7718,0.03161440787768852
Gd,Yb,51,7718,0.006607929515418502
Gd,Zn,68,7718,0.00881057268722467
Gd,Zr,62,7718,0.008033169214822493
Ge,Ac,1,47164,0.000021202612161818335
Ge,Ag,125,47164,0.002650326520227292
Ge,Al,252,47164,0.0053430582647782205
Ge,Am,0,47164,0.0
Ge,Ar,5,47164,0.00010601306080909168
Ge,As,196,47164,0.004155711983716394
Ge,At,1,47164,0.000021202612161818335
Ge,Au,126,47164,0.0026715291323891103
Ge,B,873,47164,0.018509880417267408
Ge,Ba,89,47164,0.0018870324824018319
Ge,Be,15,47164,0.00031803918242727505
Ge,Bh,0,47164,0.0
Ge,Bi,196,47164,0.004155711983716394
Ge,Bk,0,47164,0.0
Ge,Br,1009,47164,0.0213934356712747
Ge,C,43085,47164,0.913514544991943
Ge,Ca,91,47164,0.0019294377067254685
Ge,Cd,178,47164,0.0037740649648036638
Ge,Ce,33,47164,0.0006996862013400051
Ge,Cf,0,47164,0.0
Ge,Cl,3876,47164,0.08218132473920788
Ge,Cm,0,47164,0.0
Ge,Cn,0,47164,0.0
Ge,Co,129,47164,0.002735136968874565
Ge,Cr,91,47164,0.0019294377067254685
Ge,Cs,38,47164,0.0008056992621490968
Ge,Cu,261,47164,0.005533881774234585
Ge,Db,0,47164,0.0
Ge,Ds,0,47164,0.0
Ge,Dy,9,47164,0.00019082350945636502
Ge,Er,26,47164,0.0005512679162072767
Ge,Es,1,47164,0.000021202612161818335
Ge,Eu,10,47164,0.00021202612161818336
Ge,F,5620,47164,0.11915868034941905
Ge,Fe,147,47164,0.0031167839877872952
Ge,Fl,0,47164,0.0
Ge,Fm,0,47164,0.0
Ge,Fr,2,47164,0.00004240522432363667
Ge,Ga,294,47164,0.0062335679755745905
Ge,Gd,41,47164,0.0008693070986345517
Ge,Ge,47164,47164,1.0
Ge,H,45391,47164,0.9624077686370961
Ge,He,4,47164,0.00008481044864727334
Ge,Hf,597,47164,0.012657959460605547
Ge,Hg,47,47164,0.0009965227716054617
Ge,Ho,10,47164,0.00021202612161818336
Ge,Hs,0,47164,0.0
Ge,I,386,47164,0.008184208294461877
Ge,In,243,47164,0.005152234755321856
Ge,Ir,12712,47164,0.2695276058010347
Ge,K,148,47164,0.0031379865999491136
Ge,Kr,0,47164,0.0
Ge,La,59,47164,0.0012509541175472819
Ge,Li,479,47164,0.010156051225510982
Ge,Lr,1,47164,0.000021202612161818335
Ge,Lu,17,47164,0.0003604444067509117
Ge,Lv,0,47164,0.0
Ge,Mc,0,47164,0.0
Ge,Md,0,47164,0.0
Ge,Mg,144,47164,0.0030531761513018403
Ge,Mn,114,47164,0.00241709778644729
Ge,Mo,88,47164,0.0018658298702400136
Ge,Mt,0,47164,0.0
Ge,N,27003,47164,0.5725341362055806
Ge,Na,188,47164,0.003986091086421847
Ge,Nb,55,47164,0.0011661436689000084
Ge,Nd,14,47164,0.0002968365702654567
Ge,Ne,1,47164,0.000021202612161818335
Ge,Nh,0,47164,0.0
Ge,Ni,179,47164,0.003795267576965482
Ge,No,0,47164,0.0
Ge,Np,3,47164,0.000063607836485455
Ge,O,24232,47164,0.5137816979051819
Ge,Og,0,47164,0.0
Ge,Os,19,47164,0.0004028496310745484
Ge,P,1593,47164,0.03377576117377661
Ge,Pa,0,47164,0.0
Ge,Pb,150,47164,0.0031803918242727506
Ge,Pd,117,47164,0.0024807056229327455
Ge,Pm,0,47164,0.0
Ge,Po,5,47164,0.00010601306080909168
Ge,Pr,11,47164,0.0002332287337800017
Ge,Pt,602,47164,0.012763972521414639
Ge,Pu,5,47164,0.00010601306080909168
Ge,Ra,1,47164,0.000021202612161818335
Ge,Rb,40,47164,0.0008481044864727334
Ge,Re,35,47164,0.0007420914256636418
Ge,Rf,0,47164,0.0
Ge,Rg,0,47164,0.0
Ge,Rh,30,47164,0.0006360783648545501
Ge,Rn,0,47164,0.0
Ge,Ru,24,47164,0.00050886269188364
Ge,S,7085,47164,0.15022050716648291
Ge,Sb,270,47164,0.005724705283690951
Ge,Sc,35,47164,0.0007420914256636418
Ge,Se,709,47164,0.015032652022729201
Ge,Sg,0,47164,0.0
Ge,Si,5566,47164,0.11801373929268086
Ge,Sm,17,47164,0.0003604444067509117
Ge,Sn,747,47164,0.0158383512848783
Ge,Sr,54,47164,0.0011449410567381901
Ge,Ta,41,47164,0.0008693070986345517
Ge,Tb,13,47164,0.0002756339581036384
Ge,Tc,16,47164,0.00033924179458909336
Ge,Te,463,47164,0.00981680943092189
Ge,Th,7,47164,0.00014841828513272834
Ge,Ti,267,47164,0.005661097447205496
Ge,Tl,31,47164,0.0006572809770163684
Ge,Tm,12,47164,0.00025443134594182
Ge,Ts,0,47164,0.0
Ge,U,15,47164,0.00031803918242727505
Ge,V,68,47164,0.001441777627003647
Ge,W,122,47164,0.002586718683741837
Ge,Xe,0,47164,0.0
Ge,Y,74,47164,0.0015689932999745568
Ge,Yb,23,47164,0.0004876600797218217
Ge,Zn,335,47164,0.007102875074209143
Ge,Zr,1306,47164,0.027690611483334748
H,Ac,9684,124461855,0.00007780697146125614
H,Ag,15702,124461855,0.00012615913526276785
H,Al,76273,124461855,0.0006128222980446499
H,Am,265,124461855,2.129166402027352e-6
H,Ar,3779,124461855,0.000030362716351929674
H,As,32160,124461855,0.00025839242071396093
H,At,1094,124461855,8.789841674784615e-6
H,Au,15942,124461855,0.00012808743690988697
H,B,1307425,124461855,0.010504624087436267
H,Ba,12906,124461855,0.00010369442107383021
H,Be,2781,124461855,0.000022344195335992703
H,Bh,58,124461855,4.660062313871186e-7
H,Bi,13168,124461855,0.00010579948370526857
H,Bk,121,124461855,9.721854137558853e-7
H,Br,8600376,124461855,0.06910049669434865
H,C,124330564,124461855,0.9989451306185337
H,Ca,42508,124461855,0.00034153436006557995
H,Cd,6100,124461855,0.00004901100019761075
H,Ce,5919,124461855,0.000047556739372075084
H,Cf,190,124461855,1.5265721373026298e-6
H,Cl,21886637,124461855,0.17585015907082535
H,Cm,624,124461855,5.0135842825096895e-6
H,Cn,0,124461855,0.0
H,Co,40391,124461855,0.0003245251326199501
H,Cr,22965,124461855,0.00018451436385870997
H,Cs,11097,124461855,0.0000891598474086699
H,Cu,60556,124461855,0.0004865426439289371
H,Db,90,124461855,7.231131176696667e-7
H,Ds,3,124461855,2.410377058898889e-8
H,Dy,1745,124461855,0.000014020359892595205
H,Er,1581,124461855,0.000012702687100397146
H,Es,322,124461855,2.587138043218141e-6
H,Eu,4769,124461855,0.00003831696064629601
H,F,25310016,124461855,0.20335560642254608
H,Fe,73637,124461855,0.000591643118287125
H,Fl,0,124461855,0.0
H,Fm,2090,124461855,0.000016792293510328927
H,Fr,64,124461855,5.142137725650963e-7
H,Ga,10103,124461855,0.00008117346475351825
H,Gd,6652,124461855,0.0000534460939859847
H,Ge,45391,124461855,0.00036469808360159824
H,H,124461855,124461855,1.0
H,He,285,124461855,2.289858205953945e-6
H,Hf,21130,124461855,0.00016977089084844508
H,Hg,13632,124461855,0.00010952753355636552
H,Ho,1383,124461855,0.000011111838241523879
H,Hs,58,124461855,4.660062313871186e-7
H,I,2536634,124461855,0.020380814668076414
H,In,11830,124461855,0.00009504920202257952
H,Ir,168237,124461855,0.001351715350859908
H,K,149862,124461855,0.001204079756002351
H,Kr,66,124461855,5.302829529577556e-7
H,La,5652,124461855,0.00004541150378965507
H,Li,111890,124461855,0.0008989902970673224
H,Lr,838,124461855,6.732986584524231e-6
H,Lu,2262,124461855,0.000018174243024097624
H,Lv,0,124461855,0.0
H,Mc,0,124461855,0.0
H,Md,66,124461855,5.302829529577556e-7
H,Mg,58666,124461855,0.0004713572684578741
H,Mn,25915,124461855,0.00020821640493788238
H,Mo,16365,124461855,0.0001314860685629344
H,Mt,67,124461855,5.383175431540852e-7
H,N,110902560,124461855,0.8910566213238587
H,Na,403126,124461855,0.0032389522074855784
H,Nb,4408,124461855,0.00003541647358542101
H,Nd,4355,124461855,0.00003499064030501554
H,Ne,135,124461855,1.0846696765045e-6
H,Nh,0,124461855,0.0
H,Ni,44385,124461855,0.00035661528586409066
H,No,318,124461855,2.5549996824328224e-6
H,Np,369,124461855,2.9647637824456334e-6
H,O,109291364,124461855,0.8781113217378931
H,Og,0,124461855,0.0
H,Os,8017,124461855,0.00006441330960397464
H,P,2494649,124461855,0.020043482398683515
H,Pa,209,124461855,1.6792293510328928e-6
H,Pb,15378,124461855,0.00012355592803915707
H,Pd,47085,124461855,0.00037830867939418067
H,Pm,262,124461855,2.1050626314383633e-6
H,Po,1255,124461855,0.000010083410696393687
H,Pr,2985,124461855,0.000023983251736043947
H,Pt,141218,124461855,0.0011346287583452778
H,Pu,314,124461855,2.522861321647504e-6
H,Ra,177,124461855,1.4221224647503446e-6
H,Rb,10363,124461855,0.00008326245820456396
H,Re,9226,124461855,0.00007412712915133717
H,Rf,5118,124461855,0.00004112103262481505
H,Rg,1,124461855,8.03459019632963e-9
H,Rh,13748,124461855,0.00011045954601913975
H,Rn,83,124461855,6.668709862953593e-7
H,Ru,37356,124461855,0.00030014015137408965
H,S,36299205,124461855,0.2916492366275595
H,Sb,16878,124461855,0.0001356078133336515
H,Sc,2748,124461855,0.000022079053859513823
H,Se,117649,124461855,0.0009452615020079847
H,Sg,119,124461855,9.561162333632261e-7
H,Si,1818349,124461855,0.014609689048905788
H,Sm,2592,124461855,0.0000208256577888864
H,Sn,105723,124461855,0.0008494409793265575
H,Sr,6059,124461855,0.00004868158199956123
H,Ta,3981,124461855,0.00003198570357158826
H,Tb,2325,124461855,0.00001868042220646639
H,Tc,3396,124461855,0.000027285468306735425
H,Te,19319,124461855,0.00015522024800289214
H,Th,1192,124461855,9.577231514024919e-6
H,Ti,72229,124461855,0.0005803304152906929
H,Tl,5638,124461855,0.00004529901952690645
H,Tm,887,124461855,7.126681504144382e-6
H,Ts,0,124461855,0.0
H,U,20768,124461855,0.00016686236919737375
H,V,36811,124461855,0.00029576129971709003
H,W,41224,124461855,0.0003312179462534927
H,Xe,402,124461855,3.2299052589245115e-6
H,Y,95877,124461855,0.000770332404253496
H,Yb,2574,124461855,0.00002068103516535247
H,Zn,70169,124461855,0.0005637791594862539
H,Zr,102737,124461855,0.0008254496930003172
He,Ac,0,415,0.0
He,Ag,1,415,0.0024096385542168677
He,Al,8,415,0.01927710843373494
He,Am,0,415,0.0
He,Ar,29,415,0.06987951807228916
He,As,1,415,0.0024096385542168677
He,At,0,415,0.0
He,Au,1,415,0.0024096385542168677
He,B,14,415,0.033734939759036145
He,Ba,2,415,0.004819277108433735
He,Be,1,415,0.0024096385542168677
He,Bh,0,415,0.0
He,Bi,2,415,0.004819277108433735
He,Bk,0,415,0.0
He,Br,9,415,0.021686746987951807
He,C,214,415,0.5156626506024097
He,Ca,1,415,0.0024096385542168677
He,Cd,3,415,0.007228915662650603
He,Ce,0,415,0.0
He,Cf,0,415,0.0
He,Cl,24,415,0.05783132530120482
He,Cm,0,415,0.0
He,Cn,0,415,0.0
He,Co,2,415,0.004819277108433735
He,Cr,2,415,0.004819277108433735
He,Cs,2,415,0.004819277108433735
He,Cu,1,415,0.0024096385542168677
He,Db,0,415,0.0
He,Ds,0,415,0.0
He,Dy,0,415,0.0
He,Er,0,415,0.0
He,Es,0,415,0.0
He,Eu,0,415,0.0
He,F,35,415,0.08433734939759036
He,Fe,9,415,0.021686746987951807
He,Fl,0,415,0.0
He,Fm,0,415,0.0
He,Fr,0,415,0.0
He,Ga,0,415,0.0
He,Gd,1,415,0.0024096385542168677
He,Ge,4,415,0.00963855421686747
He,H,285,415,0.6867469879518072
He,He,415,415,1.0
He,Hf,27,415,0.06506024096385542
He,Hg,22,415,0.05301204819277108
He,Ho,1,415,0.0024096385542168677
He,Hs,0,415,0.0
He,I,5,415,0.012048192771084338
He,In,1,415,0.0024096385542168677
He,Ir,0,415,0.0
He,K,2,415,0.004819277108433735
He,Kr,12,415,0.02891566265060241
He,La,2,415,0.004819277108433735
He,Li,15,415,0.03614457831325301
He,Lr,0,415,0.0
He,Lu,0,415,0.0
He,Lv,0,415,0.0
He,Mc,0,415,0.0
He,Md,0,415,0.0
He,Mg,3,415,0.007228915662650603
He,Mn,0,415,0.0
He,Mo,1,415,0.0024096385542168677
He,Mt,0,415,0.0
He,N,97,415,0.23373493975903614
He,Na,8,415,0.01927710843373494
He,Nb,1,415,0.0024096385542168677
He,Nd,1,415,0.0024096385542168677
He,Ne,21,415,0.05060240963855422
He,Nh,0,415,0.0
He,Ni,3,415,0.007228915662650603
He,No,0,415,0.0
He,Np,0,415,0.0
He,O,170,415,0.40963855421686746
He,Og,0,415,0.0
He,Os,0,415,0.0
He,P,11,415,0.02650602409638554
He,Pa,0,415,0.0
He,Pb,1,415,0.0024096385542168677
He,Pd,0,415,0.0
He,Pm,0,415,0.0
He,Po,0,415,0.0
He,Pr,0,415,0.0
He,Pt,1,415,0.0024096385542168677
He,Pu,1,415,0.0024096385542168677
He,Ra,0,415,0.0
He,Rb,1,415,0.0024096385542168677
He,Re,1,415,0.0024096385542168677
He,Rf,0,415,0.0
He,Rg,0,415,0.0
He,Rh,1,415,0.0024096385542168677
He,Rn,2,415,0.004819277108433735
He,Ru,1,415,0.0024096385542168677
He,S,38,415,0.09156626506024096
He,Sb,0,415,0.0
He,Sc,0,415,0.0
He,Se,5,415,0.012048192771084338
He,Sg,0,415,0.0
He,Si,21,415,0.05060240963855422
He,Sm,1,415,0.0024096385542168677
He,Sn,4,415,0.00963855421686747
He,Sr,1,415,0.0024096385542168677
He,Ta,1,415,0.0024096385542168677
He,Tb,0,415,0.0
He,Tc,0,415,0.0
He,Te,0,415,0.0
He,Th,3,415,0.007228915662650603
He,Ti,6,415,0.014457831325301205
He,Tl,0,415,0.0
He,Tm,0,415,0.0
He,Ts,0,415,0.0
He,U,4,415,0.00963855421686747
He,V,4,415,0.00963855421686747
He,W,1,415,0.0024096385542168677
He,Xe,14,415,0.033734939759036145
He,Y,0,415,0.0
He,Yb,1,415,0.0024096385542168677
He,Zn,1,415,0.0024096385542168677
He,Zr,3,415,0.007228915662650603
Hf,Ac,4,22172,0.00018040772145047808
Hf,Ag,21,22172,0.0009471405376150099
Hf,Al,193,22172,0.008704672559985567
Hf,Am,0,22172,0.0
Hf,Ar,1,22172,0.00004510193036261952
Hf,As,11,22172,0.0004961212339888147
Hf,At,0,22172,0.0
Hf,Au,22,22172,0.0009922424679776295
Hf,B,136,22172,0.006133862529316254
Hf,Ba,43,22172,0.0019393830055926395
Hf,Be,9,22172,0.0004059173732635757
Hf,Bh,0,22172,0.0
Hf,Bi,36,22172,0.0016236694930543028
Hf,Bk,0,22172,0.0
Hf,Br,573,22172,0.025843406097780984
Hf,C,20467,22172,0.9231012087317337
Hf,Ca,25,22172,0.001127548259065488
Hf,Cd,9,22172,0.0004059173732635757
Hf,Ce,40,22172,0.0018040772145047808
Hf,Cf,1,22172,0.00004510193036261952
Hf,Cl,7740,22172,0.3490889410066751
Hf,Cm,1,22172,0.00004510193036261952
Hf,Cn,0,22172,0.0
Hf,Co,64,22172,0.002886523543207649
Hf,Cr,89,22172,0.004014071802273137
Hf,Cs,13,22172,0.0005863250947140537
Hf,Cu,48,22172,0.002164892657405737
Hf,Db,0,22172,0.0
Hf,Ds,0,22172,0.0
Hf,Dy,17,22172,0.0007667328161645318
Hf,Er,18,22172,0.0008118347465271514
Hf,Es,0,22172,0.0
Hf,Eu,9,22172,0.0004059173732635757
Hf,F,2146,22172,0.09678874255818148
Hf,Fe,79,22172,0.003563052498646942
Hf,Fl,0,22172,0.0
Hf,Fm,0,22172,0.0
Hf,Fr,0,22172,0.0
Hf,Ga,28,22172,0.0012628540501533466
Hf,Gd,21,22172,0.0009471405376150099
Hf,Ge,597,22172,0.026925852426483852
Hf,H,21130,22172,0.9530037885621505
Hf,He,27,22172,0.0012177521197907271
Hf,Hf,22172,22172,1.0
Hf,Hg,65,22172,0.0029316254735702687
Hf,Ho,16,22172,0.0007216308858019123
Hf,Hs,0,22172,0.0
Hf,I,202,22172,0.009110589933249143
Hf,In,58,22172,0.0026159119610319323
Hf,Ir,26,22172,0.0011726501894281074
Hf,K,32,22172,0.0014432617716038246
Hf,Kr,1,22172,0.00004510193036261952
Hf,La,80,22172,0.0036081544290095615
Hf,Li,32,22172,0.0014432617716038246
Hf,Lr,0,22172,0.0
Hf,Lu,17,22172,0.0007667328161645318
Hf,Lv,0,22172,0.0
Hf,Mc,0,22172,0.0
Hf,Md,2,22172,0.00009020386072523904
Hf,Mg,56,22172,0.0025257081003066933
Hf,Mn,26,22172,0.0011726501894281074
Hf,Mo,70,22172,0.0031571351253833666
Hf,Mt,0,22172,0.0
Hf,N,6405,22172,0.28887786397257803
Hf,Na,48,22172,0.002164892657405737
Hf,Nb,110,22172,0.004961212339888148
Hf,Nd,22,22172,0.0009922424679776295
Hf,Ne,2,22172,0.00009020386072523904
Hf,Nh,0,22172,0.0
Hf,Ni,63,22172,0.0028414216128450297
Hf,No,0,22172,0.0
Hf,Np,0,22172,0.0
Hf,O,6245,22172,0.2816615551145589
Hf,Og,0,22172,0.0
Hf,Os,13,22172,0.0005863250947140537
Hf,P,1036,22172,0.04672559985567382
Hf,Pa,0,22172,0.0
Hf,Pb,32,22172,0.0014432617716038246
Hf,Pd,17,22172,0.0007667328161645318
Hf,Pm,2,22172,0.00009020386072523904
Hf,Po,3,22172,0.00013530579108785856
Hf,Pr,16,22172,0.0007216308858019123
Hf,Pt,37,22172,0.0016687714234169223
Hf,Pu,1,22172,0.00004510193036261952
Hf,Ra,0,22172,0.0
Hf,Rb,22,22172,0.0009922424679776295
Hf,Re,48,22172,0.002164892657405737
Hf,Rf,0,22172,0.0
Hf,Rg,0,22172,0.0
Hf,Rh,21,22172,0.0009471405376150099
Hf,Rn,0,22172,0.0
Hf,Ru,16,22172,0.0007216308858019123
Hf,S,840,22172,0.0378856215046004
Hf,Sb,17,22172,0.0007667328161645318
Hf,Sc,24,22172,0.0010824463287028685
Hf,Se,28,22172,0.0012628540501533466
Hf,Sg,0,22172,0.0
Hf,Si,5243,22172,0.23646942089121414
Hf,Sm,8,22172,0.00036081544290095615
Hf,Sn,96,22172,0.004329785314811474
Hf,Sr,28,22172,0.0012628540501533466
Hf,Ta,135,22172,0.006088760598953635
Hf,Tb,15,22172,0.0006765289554392928
Hf,Tc,5,22172,0.0002255096518130976
Hf,Te,20,22172,0.0009020386072523904
Hf,Th,14,22172,0.0006314270250766733
Hf,Ti,293,22172,0.01321486559624752
Hf,Tl,10,22172,0.0004510193036261952
Hf,Tm,5,22172,0.0002255096518130976
Hf,Ts,0,22172,0.0
Hf,U,14,22172,0.0006314270250766733
Hf,V,49,22172,0.0022099945877683564
Hf,W,86,22172,0.003878766011185279
Hf,Xe,0,22172,0.0
Hf,Y,54,22172,0.0024355042395814543
Hf,Yb,11,22172,0.0004961212339888147
Hf,Zn,64,22172,0.002886523543207649
Hf,Zr,1009,22172,0.045507847735883095
Hg,Ac,20,15140,0.001321003963011889
Hg,Ag,114,15140,0.0075297225891677675
Hg,Al,67,15140,0.004425363276089828
Hg,Am,0,15140,0.0
Hg,Ar,7,15140,0.0004623513870541612
Hg,As,116,15140,0.007661822985468956
Hg,At,1,15140,0.00006605019815059445
Hg,Au,39,15140,0.0025759577278731834
Hg,B,147,15140,0.009709379128137385
Hg,Ba,72,15140,0.0047556142668428005
Hg,Be,15,15140,0.0009907529722589167
Hg,Bh,0,15140,0.0
Hg,Bi,47,15140,0.003104359313077939
Hg,Bk,0,15140,0.0
Hg,Br,1109,15140,0.07324966974900925
Hg,C,13253,15140,0.8753632760898282
Hg,Ca,75,15140,0.004953764861294584
Hg,Cd,250,15140,0.016512549537648614
Hg,Ce,7,15140,0.0004623513870541612
Hg,Cf,0,15140,0.0
Hg,Cl,3658,15140,0.2416116248348745
Hg,Cm,0,15140,0.0
Hg,Cn,0,15140,0.0
Hg,Co,62,15140,0.004095112285336856
Hg,Cr,104,15140,0.006869220607661823
Hg,Cs,23,15140,0.0015191545574636724
Hg,Cu,149,15140,0.009841479524438573
Hg,Db,0,15140,0.0
Hg,Ds,0,15140,0.0
Hg,Dy,6,15140,0.0003963011889035667
Hg,Er,1,15140,0.00006605019815059445
Hg,Es,0,15140,0.0
Hg,Eu,4,15140,0.0002642007926023778
Hg,F,945,15140,0.062417437252311754
Hg,Fe,152,15140,0.010039630118890357
Hg,Fl,0,15140,0.0
Hg,Fm,0,15140,0.0
Hg,Fr,0,15140,0.0
Hg,Ga,45,15140,0.00297225891677675
Hg,Gd,3,15140,0.00019815059445178336
Hg,Ge,47,15140,0.003104359313077939
Hg,H,13632,15140,0.9003963011889036
Hg,He,22,15140,0.001453104359313078
Hg,Hf,65,15140,0.0042932628797886395
Hg,Hg,15140,15140,1.0
Hg,Ho,11,15140,0.000726552179656539
Hg,Hs,0,15140,0.0
Hg,I,647,15140,0.04273447820343461
Hg,In,98,15140,0.006472919418758256
Hg,Ir,12,15140,0.0007926023778071334
Hg,K,121,15140,0.007992073976221929
Hg,Kr,2,15140,0.0001321003963011889
Hg,La,10,15140,0.0006605019815059445
Hg,Li,57,15140,0.0037648612945838838
Hg,Lr,0,15140,0.0
Hg,Lu,7,15140,0.0004623513870541612
Hg,Lv,0,15140,0.0
Hg,Mc,0,15140,0.0
Hg,Md,0,15140,0.0
Hg,Mg,38,15140,0.002509907529722589
Hg,Mn,48,15140,0.003170409511228534
Hg,Mo,19,15140,0.0012549537648612946
Hg,Mt,0,15140,0.0
Hg,N,5409,15140,0.3572655217965654
Hg,Na,588,15140,0.03883751651254954
Hg,Nb,8,15140,0.0005284015852047556
Hg,Nd,5,15140,0.00033025099075297226
Hg,Ne,5,15140,0.00033025099075297226
Hg,Nh,0,15140,0.0
Hg,Ni,60,15140,0.003963011889035667
Hg,No,0,15140,0.0
Hg,Np,0,15140,0.0
Hg,O,10402,15140,0.6870541611624835
Hg,Og,0,15140,0.0
Hg,Os,13,15140,0.0008586525759577279
Hg,P,538,15140,0.03553500660501981
Hg,Pa,0,15140,0.0
Hg,Pb,158,15140,0.010435931307793923
Hg,Pd,24,15140,0.001585204755614267
Hg,Pm,0,15140,0.0
Hg,Po,5,15140,0.00033025099075297226
Hg,Pr,1,15140,0.00006605019815059445
Hg,Pt,37,15140,0.002443857331571995
Hg,Pu,1,15140,0.00006605019815059445
Hg,Ra,0,15140,0.0
Hg,Rb,13,15140,0.0008586525759577279
Hg,Re,9,15140,0.0005944517833553501
Hg,Rf,0,15140,0.0
Hg,Rg,0,15140,0.0
Hg,Rh,11,15140,0.000726552179656539
Hg,Rn,0,15140,0.0
Hg,Ru,20,15140,0.001321003963011889
Hg,S,2933,15140,0.19372523117569354
Hg,Sb,48,15140,0.003170409511228534
Hg,Sc,13,15140,0.0008586525759577279
Hg,Se,219,15140,0.014464993394980185
Hg,Sg,0,15140,0.0
Hg,Si,464,15140,0.030647291941875824
Hg,Sm,5,15140,0.00033025099075297226
Hg,Sn,104,15140,0.006869220607661823
Hg,Sr,26,15140,0.0017173051519154558
Hg,Ta,10,15140,0.0006605019815059445
Hg,Tb,8,15140,0.0005284015852047556
Hg,Tc,5,15140,0.00033025099075297226
Hg,Te,121,15140,0.007992073976221929
Hg,Th,3,15140,0.00019815059445178336
Hg,Ti,34,15140,0.0022457067371202113
Hg,Tl,52,15140,0.0034346103038309117
Hg,Tm,6,15140,0.0003963011889035667
Hg,Ts,0,15140,0.0
Hg,U,13,15140,0.0008586525759577279
Hg,V,17,15140,0.0011228533685601057
Hg,W,25,15140,0.0016512549537648614
Hg,Xe,3,15140,0.00019815059445178336
Hg,Y,11,15140,0.000726552179656539
Hg,Yb,1,15140,0.00006605019815059445
Hg,Zn,205,15140,0.013540290620871863
Hg,Zr,14,15140,0.0009247027741083224
Ho,Ac,0,1848,0.0
Ho,Ag,1,1848,0.0005411255411255411
Ho,Al,35,1848,0.01893939393939394
Ho,Am,0,1848,0.0
Ho,Ar,0,1848,0.0
Ho,As,4,1848,0.0021645021645021645
Ho,At,0,1848,0.0
Ho,Au,3,1848,0.0016233766233766235
Ho,B,61,1848,0.03300865800865801
Ho,Ba,15,1848,0.008116883116883116
Ho,Be,3,1848,0.0016233766233766235
Ho,Bh,0,1848,0.0
Ho,Bi,12,1848,0.006493506493506494
Ho,Bk,0,1848,0.0
Ho,Br,43,1848,0.023268398268398268
Ho,C,1147,1848,0.6206709956709957
Ho,Ca,10,1848,0.005411255411255411
Ho,Cd,5,1848,0.0027056277056277055
Ho,Ce,20,1848,0.010822510822510822
Ho,Cf,0,1848,0.0
Ho,Cl,162,1848,0.08766233766233766
Ho,Cm,0,1848,0.0
Ho,Cn,0,1848,0.0
Ho,Co,21,1848,0.011363636363636364
Ho,Cr,20,1848,0.010822510822510822
Ho,Cs,3,1848,0.0016233766233766235
Ho,Cu,26,1848,0.01406926406926407
Ho,Db,0,1848,0.0
Ho,Ds,0,1848,0.0
Ho,Dy,80,1848,0.04329004329004329
Ho,Er,86,1848,0.046536796536796536
Ho,Es,0,1848,0.0
Ho,Eu,28,1848,0.015151515151515152
Ho,F,175,1848,0.0946969696969697
Ho,Fe,40,1848,0.021645021645021644
Ho,Fl,0,1848,0.0
Ho,Fm,0,1848,0.0
Ho,Fr,0,1848,0.0
Ho,Ga,13,1848,0.007034632034632035
Ho,Gd,44,1848,0.023809523809523808
Ho,Ge,10,1848,0.005411255411255411
Ho,H,1383,1848,0.7483766233766234
Ho,He,1,1848,0.0005411255411255411
Ho,Hf,16,1848,0.008658008658008658
Ho,Hg,11,1848,0.005952380952380952
Ho,Ho,1848,1848,1.0
Ho,Hs,0,1848,0.0
Ho,I,28,1848,0.015151515151515152
Ho,In,26,1848,0.01406926406926407
Ho,Ir,1,1848,0.0005411255411255411
Ho,K,11,1848,0.005952380952380952
Ho,Kr,0,1848,0.0
Ho,La,17,1848,0.0091991341991342
Ho,Li,35,1848,0.01893939393939394
Ho,Lr,0,1848,0.0
Ho,Lu,29,1848,0.015692640692640692
Ho,Lv,0,1848,0.0
Ho,Mc,0,1848,0.0
Ho,Md,0,1848,0.0
Ho,Mg,17,1848,0.0091991341991342
Ho,Mn,15,1848,0.008116883116883116
Ho,Mo,10,1848,0.005411255411255411
Ho,Mt,0,1848,0.0
Ho,N,661,1848,0.35768398268398266
Ho,Na,12,1848,0.006493506493506494
Ho,Nb,6,1848,0.003246753246753247
Ho,Nd,31,1848,0.016774891774891776
Ho,Ne,0,1848,0.0
Ho,Nh,0,1848,0.0
Ho,Ni,30,1848,0.016233766233766232
Ho,No,2,1848,0.0010822510822510823
Ho,Np,2,1848,0.0010822510822510823
Ho,O,1142,1848,0.6179653679653679
Ho,Og,0,1848,0.0
Ho,Os,2,1848,0.0010822510822510823
Ho,P,73,1848,0.039502164502164504
Ho,Pa,0,1848,0.0
Ho,Pb,6,1848,0.003246753246753247
Ho,Pd,5,1848,0.0027056277056277055
Ho,Pm,12,1848,0.006493506493506494
Ho,Po,0,1848,0.0
Ho,Pr,27,1848,0.01461038961038961
Ho,Pt,2,1848,0.0010822510822510823
Ho,Pu,2,1848,0.0010822510822510823
Ho,Ra,0,1848,0.0
Ho,Rb,10,1848,0.005411255411255411
Ho,Re,1,1848,0.0005411255411255411
Ho,Rf,0,1848,0.0
Ho,Rg,0,1848,0.0
Ho,Rh,7,1848,0.003787878787878788
Ho,Rn,0,1848,0.0
Ho,Ru,4,1848,0.0021645021645021645
Ho,S,160,1848,0.08658008658008658
Ho,Sb,7,1848,0.003787878787878788
Ho,Sc,26,1848,0.01406926406926407
Ho,Se,6,1848,0.003246753246753247
Ho,Sg,0,1848,0.0
Ho,Si,47,1848,0.025432900432900432
Ho,Sm,25,1848,0.013528138528138528
Ho,Sn,13,1848,0.007034632034632035
Ho,Sr,10,1848,0.005411255411255411
Ho,Ta,8,1848,0.004329004329004329
Ho,Tb,51,1848,0.027597402597402596
Ho,Tc,0,1848,0.0
Ho,Te,3,1848,0.0016233766233766235
Ho,Th,9,1848,0.00487012987012987
Ho,Ti,18,1848,0.00974025974025974
Ho,Tl,3,1848,0.0016233766233766235
Ho,Tm,72,1848,0.03896103896103896
Ho,Ts,0,1848,0.0
Ho,U,7,1848,0.003787878787878788
Ho,V,14,1848,0.007575757575757576
Ho,W,11,1848,0.005952380952380952
Ho,Xe,0,1848,0.0
Ho,Y,81,1848,0.04383116883116883
Ho,Yb,49,1848,0.026515151515151516
Ho,Zn,15,1848,0.008116883116883116
Ho,Zr,20,1848,0.010822510822510822
Hs,Ac,0,69,0.0
Hs,Ag,0,69,0.0
Hs,Al,0,69,0.0
Hs,Am,0,69,0.0
Hs,Ar,0,69,0.0
Hs,As,0,69,0.0
Hs,At,0,69,0.0
Hs,Au,0,69,0.0
Hs,B,3,69,0.043478260869565216
Hs,Ba,0,69,0.0
Hs,Be,0,69,0.0
Hs,Bh,0,69,0.0
Hs,Bi,0,69,0.0
Hs,Bk,0,69,0.0
Hs,Br,1,69,0.014492753623188406
Hs,C,57,69,0.8260869565217391
Hs,Ca,0,69,0.0
Hs,Cd,0,69,0.0
Hs,Ce,1,69,0.014492753623188406
Hs,Cf,0,69,0.0
Hs,Cl,11,69,0.15942028985507245
Hs,Cm,0,69,0.0
Hs,Cn,0,69,0.0
Hs,Co,0,69,0.0
Hs,Cr,0,69,0.0
Hs,Cs,0,69,0.0
Hs,Cu,0,69,0.0
Hs,Db,0,69,0.0
Hs,Ds,0,69,0.0
Hs,Dy,0,69,0.0
Hs,Er,0,69,0.0
Hs,Es,0,69,0.0
Hs,Eu,0,69,0.0
Hs,F,11,69,0.15942028985507245
Hs,Fe,0,69,0.0
Hs,Fl,0,69,0.0
Hs,Fm,0,69,0.0
Hs,Fr,0,69,0.0
Hs,Ga,0,69,0.0
Hs,Gd,0,69,0.0
Hs,Ge,0,69,0.0
Hs,H,58,69,0.8405797101449275
Hs,He,0,69,0.0
Hs,Hf,0,69,0.0
Hs,Hg,0,69,0.0
Hs,Ho,0,69,0.0
Hs,Hs,69,69,1.0
Hs,I,2,69,0.028985507246376812
Hs,In,0,69,0.0
Hs,Ir,0,69,0.0
Hs,K,0,69,0.0
Hs,Kr,0,69,0.0
Hs,La,0,69,0.0
Hs,Li,0,69,0.0
Hs,Lr,0,69,0.0
Hs,Lu,0,69,0.0
Hs,Lv,0,69,0.0
Hs,Mc,0,69,0.0
Hs,Md,0,69,0.0
Hs,Mg,0,69,0.0
Hs,Mn,0,69,0.0
Hs,Mo,0,69,0.0
Hs,Mt,0,69,0.0
Hs,N,42,69,0.6086956521739131
Hs,Na,1,69,0.014492753623188406
Hs,Nb,0,69,0.0
Hs,Nd,0,69,0.0
Hs,Ne,0,69,0.0
Hs,Nh,0,69,0.0
Hs,Ni,0,69,0.0
Hs,No,0,69,0.0
Hs,Np,0,69,0.0
Hs,O,41,69,0.5942028985507246
Hs,Og,0,69,0.0
Hs,Os,0,69,0.0
Hs,P,3,69,0.043478260869565216
Hs,Pa,0,69,0.0
Hs,Pb,0,69,0.0
Hs,Pd,0,69,0.0
Hs,Pm,0,69,0.0
Hs,Po,0,69,0.0
Hs,Pr,0,69,0.0
Hs,Pt,0,69,0.0
Hs,Pu,0,69,0.0
Hs,Ra,0,69,0.0
Hs,Rb,0,69,0.0
Hs,Re,0,69,0.0
Hs,Rf,0,69,0.0
Hs,Rg,0,69,0.0
Hs,Rh,0,69,0.0
Hs,Rn,1,69,0.014492753623188406
Hs,Ru,0,69,0.0
Hs,S,16,69,0.2318840579710145
Hs,Sb,0,69,0.0
Hs,Sc,1,69,0.014492753623188406
Hs,Se,0,69,0.0
Hs,Sg,0,69,0.0
Hs,Si,0,69,0.0
Hs,Sm,0,69,0.0
Hs,Sn,0,69,0.0
Hs,Sr,0,69,0.0
Hs,Ta,0,69,0.0
Hs,Tb,0,69,0.0
Hs,Tc,0,69,0.0
Hs,Te,0,69,0.0
Hs,Th,0,69,0.0
Hs,Ti,0,69,0.0
Hs,Tl,0,69,0.0
Hs,Tm,0,69,0.0
Hs,Ts,0,69,0.0
Hs,U,0,69,0.0
Hs,V,1,69,0.014492753623188406
Hs,W,0,69,0.0
Hs,Xe,0,69,0.0
Hs,Y,0,69,0.0
Hs,Yb,0,69,0.0
Hs,Zn,0,69,0.0
Hs,Zr,0,69,0.0
I,Ac,248,2542800,0.00009753028157936133
I,Ag,992,2542800,0.00039012112631744533
I,Al,2256,2542800,0.0008872109485606419
I,Am,10,2542800,3.932672644329086e-6
I,Ar,181,2542800,0.00007118137486235646
I,As,946,2542800,0.00037203083215353155
I,At,82,2542800,0.000032247915683498506
I,Au,266,2542800,0.00010460909233915369
I,B,36395,2542800,0.014312962089035708
I,Ba,192,2542800,0.00007550731477111845
I,Be,52,2542800,0.000020449897750511246
I,Bh,3,2542800,1.1798017932987258e-6
I,Bi,455,2542800,0.00017893660531697342
I,Bk,4,2542800,1.5730690577316344e-6
I,Br,172902,2542800,0.06799669655497877
I,C,2534288,2542800,0.9966525090451471
I,Ca,505,2542800,0.00019859996853861884
I,Cd,163,2542800,0.0000641025641025641
I,Ce,135,2542800,0.00005309108069844266
I,Cf,4,2542800,1.5730690577316344e-6
I,Cl,340123,2542800,0.13375924178071416
I,Cm,16,2542800,6.292276230926537e-6
I,Cn,0,2542800,0.0
I,Co,676,2542800,0.0002658486707566462
I,Cr,217,2542800,0.00008533899638194116
I,Cs,903,2542800,0.0003551203397829165
I,Cu,2723,2542800,0.0010708667610508102
I,Db,0,2542800,0.0
I,Ds,0,2542800,0.0
I,Dy,33,2542800,0.000012977819726285983
I,Er,26,2542800,0.000010224948875255623
I,Es,9,2542800,3.5394053798961775e-6
I,Eu,80,2542800,0.000031461381154632686
I,F,496334,2542800,0.19519191442504327
I,Fe,1413,2542800,0.0005556866446436999
I,Fl,0,2542800,0.0
I,Fm,9,2542800,3.5394053798961775e-6
I,Fr,1,2542800,3.932672644329086e-7
I,Ga,327,2542800,0.0001285983954695611
I,Gd,83,2542800,0.000032641182947931416
I,Ge,386,2542800,0.00015180116407110272
I,H,2536634,2542800,0.9975751140475067
I,He,5,2542800,1.966336322164543e-6
I,Hf,202,2542800,0.00007943998741544754
I,Hg,647,2542800,0.00025444392008809185
I,Ho,28,2542800,0.000011011483404121442
I,Hs,2,2542800,7.865345288658172e-7
I,I,2542800,2542800,1.0
I,In,328,2542800,0.00012899166273399403
I,Ir,433,2542800,0.00017028472549944943
I,K,6029,2542800,0.002371008337266006
I,Kr,2,2542800,7.865345288658172e-7
I,La,59,2542800,0.000023202768601541606
I,Li,4097,2542800,0.0016112159823816266
I,Lr,57,2542800,0.00002241623407267579
I,Lu,119,2542800,0.00004679880446751612
I,Lv,0,2542800,0.0
I,Mc,0,2542800,0.0
I,Md,1,2542800,3.932672644329086e-7
I,Mg,2664,2542800,0.0010476639924492685
I,Mn,575,2542800,0.00022612867704892246
I,Mo,243,2542800,0.0000955639452571968
I,Mt,0,2542800,0.0
I,N,2231635,2542800,0.877628991662734
I,Na,10476,2542800,0.004119867862199151
I,Nb,54,2542800,0.000021236432279377063
I,Nd,98,2542800,0.000038540191914425046
I,Ne,1,2542800,3.932672644329086e-7
I,Nh,0,2542800,0.0
I,Ni,657,2542800,0.000258376592732421
I,No,6,2542800,2.3596035865974516e-6
I,Np,21,2542800,8.25861255309108e-6
I,O,2043855,2542800,0.8037812647475224
I,Og,0,2542800,0.0
I,Os,306,2542800,0.00012033978291647003
I,P,45602,2542800,0.0179337737926695
I,Pa,3,2542800,1.1798017932987258e-6
I,Pb,781,2542800,0.0003071417335221016
I,Pd,2715,2542800,0.0010677206229353468
I,Pm,10,2542800,3.932672644329086e-6
I,Po,76,2542800,0.000029888312096901053
I,Pr,56,2542800,0.000022022966808242883
I,Pt,1847,2542800,0.0007263646374075822
I,Pu,7,2542800,2.7528708510303604e-6
I,Ra,1,2542800,3.932672644329086e-7
I,Rb,221,2542800,0.0000869120654396728
I,Re,229,2542800,0.00009005820355513607
I,Rf,127,2542800,0.000049944942582979396
I,Rg,0,2542800,0.0
I,Rh,323,2542800,0.0001270253264118295
I,Rn,1,2542800,3.932672644329086e-7
I,Ru,766,2542800,0.000301242724555608
I,S,613829,2542800,0.24139885165958785
I,Sb,752,2542800,0.00029573698285354725
I,Sc,72,2542800,0.00002831524303916942
I,Se,2224,2542800,0.0008746263960987887
I,Sg,5,2542800,1.966336322164543e-6
I,Si,38852,2542800,0.015279219757747365
I,Sm,218,2542800,0.00008573226364637407
I,Sn,3247,2542800,0.0012769388076136542
I,Sr,107,2542800,0.00004207959729432122
I,Ta,47,2542800,0.000018483561428346703
I,Tb,47,2542800,0.000018483561428346703
I,Tc,43,2542800,0.00001691049237061507
I,Te,819,2542800,0.00032208588957055215
I,Th,45,2542800,0.000017697026899480886
I,Ti,691,2542800,0.00027174767972313983
I,Tl,350,2542800,0.00013764354255151802
I,Tm,39,2542800,0.000015337423312883436
I,Ts,0,2542800,0.0
I,U,1120,2542800,0.00044045933616485765
I,V,7778,2542800,0.003058832782759163
I,W,941,2542800,0.000370064495831367
I,Xe,27,2542800,0.000010618216139688532
I,Y,2670,2542800,0.001050023596035866
I,Yb,83,2542800,0.000032641182947931416
I,Zn,3910,2542800,0.0015376750039326726
I,Zr,860,2542800,0.0003382098474123014
In,Ac,4,14006,0.000285591889190347
In,Ag,313,14006,0.022347565329144652
In,Al,500,14006,0.035698986148793375
In,Am,0,14006,0.0
In,Ar,3,14006,0.00021419391689276026
In,As,147,14006,0.010495501927745251
In,At,0,14006,0.0
In,Au,135,14006,0.00963872626017421
In,B,188,14006,0.013422818791946308
In,Ba,58,14006,0.004141082393260031
In,Be,14,14006,0.0009995716121662145
In,Bh,0,14006,0.0
In,Bi,253,14006,0.01806368699128945
In,Bk,0,14006,0.0
In,Br,528,14006,0.037698129373125805
In,C,9122,14006,0.6512923032985863
In,Ca,78,14006,0.005569041839211766
In,Cd,286,14006,0.02041982007710981
In,Ce,70,14006,0.004997858060831073
In,Cf,0,14006,0.0
In,Cl,1590,14006,0.11352277595316293
In,Cm,0,14006,0.0
In,Cn,0,14006,0.0
In,Co,110,14006,0.007853776952734542
In,Cr,65,14006,0.004640868199343139
In,Cs,43,14006,0.0030701128087962304
In,Cu,617,14006,0.044052548907611025
In,Db,0,14006,0.0
In,Ds,0,14006,0.0
In,Dy,19,14006,0.0013565614736541483
In,Er,18,14006,0.0012851635013565615
In,Es,0,14006,0.0
In,Eu,14,14006,0.0009995716121662145
In,F,1060,14006,0.07568185063544196
In,Fe,142,14006,0.010138512066257318
In,Fl,0,14006,0.0
In,Fm,0,14006,0.0
In,Fr,0,14006,0.0
In,Ga,1019,14006,0.0727545337712409
In,Gd,31,14006,0.002213337141225189
In,Ge,243,14006,0.01734970726831358
In,H,11830,14006,0.8446380122804512
In,He,1,14006,0.00007139797229758674
In,Hf,58,14006,0.004141082393260031
In,Hg,98,14006,0.006997001285163501
In,Ho,26,14006,0.0018563472797372554
In,Hs,0,14006,0.0
In,I,328,14006,0.023418534913608454
In,In,14006,14006,1.0
In,Ir,34,14006,0.0024275310581179494
In,K,82,14006,0.0058546337284021135
In,Kr,0,14006,0.0
In,La,45,14006,0.0032129087533914035
In,Li,132,14006,0.009424532343281451
In,Lr,0,14006,0.0
In,Lu,14,14006,0.0009995716121662145
In,Lv,0,14006,0.0
In,Mc,0,14006,0.0
In,Md,0,14006,0.0
In,Mg,143,14006,0.010209910038554905
In,Mn,84,14006,0.005997429672997287
In,Mo,71,14006,0.005069256033128659
In,Mt,0,14006,0.0
In,N,5167,14006,0.36891332286163075
In,Na,182,14006,0.012994430958160788
In,Nb,59,14006,0.004212480365557618
In,Nd,41,14006,0.0029273168642010568
In,Ne,1,14006,0.00007139797229758674
In,Nh,0,14006,0.0
In,Ni,135,14006,0.00963872626017421
In,No,0,14006,0.0
In,Np,1,14006,0.00007139797229758674
In,O,8127,14006,0.5802513208624875
In,Og,0,14006,0.0
In,Os,10,14006,0.0007139797229758674
In,P,571,14006,0.040768242181922036
In,Pa,0,14006,0.0
In,Pb,189,14006,0.013494216764243895
In,Pd,54,14006,0.0038554905040696845
In,Pm,4,14006,0.000285591889190347
In,Po,3,14006,0.00021419391689276026
In,Pr,21,14006,0.0014993574182493217
In,Pt,59,14006,0.004212480365557618
In,Pu,2,14006,0.0001427959445951735
In,Ra,1,14006,0.00007139797229758674
In,Rb,16,14006,0.001142367556761388
In,Re,21,14006,0.0014993574182493217
In,Rf,0,14006,0.0
In,Rg,0,14006,0.0
In,Rh,16,14006,0.001142367556761388
In,Rn,0,14006,0.0
In,Ru,29,14006,0.0020705411966300156
In,S,2084,14006,0.1487933742681708
In,Sb,240,14006,0.01713551335142082
In,Sc,51,14006,0.0036412965871769243
In,Se,452,14006,0.03227188347850921
In,Sg,0,14006,0.0
In,Si,412,14006,0.02941596458660574
In,Sm,28,14006,0.001999143224332429
In,Sn,933,14006,0.06661430815364844
In,Sr,39,14006,0.002784520919605883
In,Ta,70,14006,0.004997858060831073
In,Tb,24,14006,0.001713551335142082
In,Tc,7,14006,0.0004997858060831073
In,Te,128,14006,0.009138940454091103
In,Th,17,14006,0.0012137655290589747
In,Ti,186,14006,0.013280022847351134
In,Tl,62,14006,0.004426674282450378
In,Tm,18,14006,0.0012851635013565615
In,Ts,0,14006,0.0
In,U,15,14006,0.0010709695844638013
In,V,72,14006,0.005140654005426246
In,W,88,14006,0.006283021562187634
In,Xe,3,14006,0.00021419391689276026
In,Y,77,14006,0.005497643866914179
In,Yb,25,14006,0.0017849493074396686
In,Zn,898,14006,0.0641153791232329
In,Zr,218,14006,0.015564757960873912
Ir,Ac,3,169603,0.00001768836636144408
Ir,Ag,106,169603,0.0006249889447710242
Ir,Al,433,169603,0.0025530208781684286
Ir,Am,0,169603,0.0
Ir,Ar,13,169603,0.00007664958756625767
Ir,As,33,169603,0.00019457202997588487
Ir,At,0,169603,0.0
Ir,Au,88,169603,0.0005188587466023597
Ir,B,5056,169603,0.029810793441153755
Ir,Ba,17,169603,0.00010023407604818311
Ir,Be,25,169603,0.000147403053012034
Ir,Bh,0,169603,0.0
Ir,Bi,136,169603,0.0008018726083854649
Ir,Bk,0,169603,0.0
Ir,Br,1768,169603,0.010424343909011043
Ir,C,167601,169603,0.9881959635147963
Ir,Ca,14,169603,0.00008254570968673903
Ir,Cd,11,169603,0.00006485734332529496
Ir,Ce,42,169603,0.0002476371290602171
Ir,Cf,1,169603,5.8961221204813595e-6
Ir,Cl,2849,169603,0.016798051921251392
Ir,Cm,0,169603,0.0
Ir,Cn,0,169603,0.0
Ir,Co,127,169603,0.0007488075093011326
Ir,Cr,34,169603,0.00020046815209636621
Ir,Cs,39,169603,0.000229948762698773
Ir,Cu,318,169603,0.0018749668343130722
Ir,Db,0,169603,0.0
Ir,Ds,0,169603,0.0
Ir,Dy,23,169603,0.00013561080877107126
Ir,Er,3,169603,0.00001768836636144408
Ir,Es,0,169603,0.0
Ir,Eu,56,169603,0.0003301828387469561
Ir,F,31522,169603,0.1858575614818134
Ir,Fe,110,169603,0.0006485734332529495
Ir,Fl,0,169603,0.0
Ir,Fm,2,169603,0.000011792244240962719
Ir,Fr,0,169603,0.0
Ir,Ga,55,169603,0.00032428671662647476
Ir,Gd,14,169603,0.00008254570968673903
Ir,Ge,12712,169603,0.07495150439555905
Ir,H,168237,169603,0.9919458971834224
Ir,He,0,169603,0.0
Ir,Hf,26,169603,0.00015329917513251534
Ir,Hg,12,169603,0.00007075346544577631
Ir,Ho,1,169603,5.8961221204813595e-6
Ir,Hs,0,169603,0.0
Ir,I,433,169603,0.0025530208781684286
Ir,In,34,169603,0.00020046815209636621
Ir,Ir,169603,169603,1.0
Ir,K,271,169603,0.0015978490946504484
Ir,Kr,0,169603,0.0
Ir,La,30,169603,0.0001768836636144408
Ir,Li,158,169603,0.0009315872950360548
Ir,Lr,0,169603,0.0
Ir,Lu,5,169603,0.000029480610602406797
Ir,Lv,0,169603,0.0
Ir,Mc,0,169603,0.0
Ir,Md,2,169603,0.000011792244240962719
Ir,Mg,34,169603,0.00020046815209636621
Ir,Mn,72,169603,0.00042452079267465785
Ir,Mo,61,169603,0.0003596634493493629
Ir,Mt,0,169603,0.0
Ir,N,164437,169603,0.9695406331255932
Ir,Na,201,169603,0.0011851205462167533
Ir,Nb,33,169603,0.00019457202997588487
Ir,Nd,8,169603,0.000047168976963850876
Ir,Ne,0,169603,0.0
Ir,Nh,0,169603,0.0
Ir,Ni,128,169603,0.000754703631421614
Ir,No,0,169603,0.0
Ir,Np,0,169603,0.0
Ir,O,115610,169603,0.68165067834885
Ir,Og,0,169603,0.0
Ir,Os,443,169603,0.0026119820993732424
Ir,P,5438,169603,0.03206311209117763
Ir,Pa,1,169603,5.8961221204813595e-6
Ir,Pb,18,169603,0.00010613019816866446
Ir,Pd,267,169603,0.001574264606168523
Ir,Pm,1,169603,5.8961221204813595e-6
Ir,Po,3,169603,0.00001768836636144408
Ir,Pr,13,169603,0.00007664958756625767
Ir,Pt,3677,169603,0.021680041037009958
Ir,Pu,3,169603,0.00001768836636144408
Ir,Ra,1,169603,5.8961221204813595e-6
Ir,Rb,22,169603,0.00012971468665058991
Ir,Re,186,169603,0.0010966787144095329
Ir,Rf,0,169603,0.0
Ir,Rg,0,169603,0.0
Ir,Rh,427,169603,0.0025176441454455405
Ir,Rn,0,169603,0.0
Ir,Ru,394,169603,0.0023230721154696558
Ir,S,33850,169603,0.19958373377829403
Ir,Sb,88,169603,0.0005188587466023597
Ir,Sc,13,169603,0.00007664958756625767
Ir,Se,1026,169603,0.006049421295613875
Ir,Sg,0,169603,0.0
Ir,Si,29897,169603,0.1762763630360312
Ir,Sm,9,169603,0.00005306509908433223
Ir,Sn,119,169603,0.0007016385323372818
Ir,Sr,20,169603,0.00011792244240962719
Ir,Ta,145,169603,0.0008549377074697971
Ir,Tb,27,169603,0.0001591952972529967
Ir,Tc,7,169603,0.00004127285484336951
Ir,Te,149,169603,0.0008785221959517226
Ir,Th,16,169603,0.00009433795392770175
Ir,Ti,133,169603,0.0007841842420240208
Ir,Tl,11,169603,0.00006485734332529496
Ir,Tm,0,169603,0.0
Ir,Ts,0,169603,0.0
Ir,U,12,169603,0.00007075346544577631
Ir,V,112,169603,0.0006603656774939122
Ir,W,64,169603,0.000377351815710807
Ir,Xe,0,169603,0.0
Ir,Y,631,169603,0.0037204530580237376
Ir,Yb,4,169603,0.000023584488481925438
Ir,Zn,115,169603,0.0006780540438553563
Ir,Zr,63,169603,0.00037145569359032566
K,Ac,54,156190,0.00034573276138037006
K,Ag,326,156190,0.0020872014853703822
K,Al,1545,156190,0.009891798450605033
K,Am,1,156190,6.402458544080927e-6
K,Ar,49,156190,0.0003137204686599654
K,As,175,156190,0.0011204302452141623
K,At,4,156190,0.000025609834176323708
K,Au,362,156190,0.0023176899929572958
K,B,22315,156190,0.1428708624111659
K,Ba,304,156190,0.0019463473974006018
K,Be,72,156190,0.00046097701517382677
K,Bh,2,156190,0.000012804917088161854
K,Bi,322,156190,0.0020615916511940585
K,Bk,0,156190,0.0
K,Br,14276,156190,0.09140149817529931
K,C,143041,156190,0.9158140726038799
K,Ca,1531,156190,0.0098021640309879
K,Cd,114,156190,0.0007298802740252257
K,Ce,177,156190,0.0011332351623023242
K,Cf,1,156190,6.402458544080927e-6
K,Cl,25132,156190,0.16090658812984185
K,Cm,10,156190,0.00006402458544080927
K,Cn,0,156190,0.0
K,Co,556,156190,0.0035597669505089955
K,Cr,609,156190,0.0038990972533452847
K,Cs,489,156190,0.0031308022280555734
K,Cu,1157,156190,0.007407644535501632
K,Db,0,156190,0.0
K,Ds,0,156190,0.0
K,Dy,14,156190,0.00008963441961713298
K,Er,16,156190,0.00010243933670529483
K,Es,2,156190,0.000012804917088161854
K,Eu,35,156190,0.00022408604904283245
K,F,37012,156190,0.23696779563352327
K,Fe,1680,156190,0.010756130354055957
K,Fl,0,156190,0.0
K,Fm,6,156190,0.00003841475126448556
K,Fr,2,156190,0.000012804917088161854
K,Ga,80,156190,0.0005121966835264742
K,Gd,59,156190,0.0003777450541007747
K,Ge,148,156190,0.0009475638645239772
K,H,149862,156190,0.9594852423330559
K,He,2,156190,0.000012804917088161854
K,Hf,32,156190,0.00020487867341058966
K,Hg,121,156190,0.0007746974838337921
K,Ho,11,156190,0.0000704270439848902
K,Hs,0,156190,0.0
K,I,6029,156190,0.03860042256226391
K,In,82,156190,0.000525001600614636
K,Ir,271,156190,0.0017350662654459312
K,K,156190,156190,1.0
K,Kr,3,156190,0.00001920737563224278
K,La,105,156190,0.0006722581471284973
K,Li,2934,156190,0.01878481336833344
K,Lr,0,156190,0.0
K,Lu,34,156190,0.00021768359049875152
K,Lv,0,156190,0.0
K,Mc,0,156190,0.0
K,Md,0,156190,0.0
K,Mg,1884,156190,0.012062231897048466
K,Mn,909,156190,0.005819834816569563
K,Mo,256,156190,0.0016390293872847173
K,Mt,2,156190,0.000012804917088161854
K,N,90483,156190,0.5793136564440745
K,Na,9422,156190,0.060323964402330496
K,Nb,219,156190,0.001402138421153723
K,Nd,31,156190,0.00019847621486650873
K,Ne,2,156190,0.000012804917088161854
K,Nh,0,156190,0.0
K,Ni,454,156190,0.002906716179012741
K,No,2,156190,0.000012804917088161854
K,Np,9,156190,0.000057622126896728346
K,O,135299,156190,0.8662462385556053
K,Og,0,156190,0.0
K,Os,243,156190,0.0015557974262116652
K,P,14617,156190,0.09358473653883091
K,Pa,0,156190,0.0
K,Pb,214,156190,0.0013701261284333184
K,Pd,1591,156190,0.010186311543632755
K,Pm,1,156190,6.402458544080927e-6
K,Po,9,156190,0.000057622126896728346
K,Pr,17,156190,0.00010884179524937576
K,Pt,728,156190,0.004660989820090915
K,Pu,5,156190,0.000032012292720404635
K,Ra,3,156190,0.00001920737563224278
K,Rb,159,156190,0.0010179909085088674
K,Re,109,156190,0.0006978679813048211
K,Rf,9,156190,0.000057622126896728346
K,Rg,0,156190,0.0
K,Rh,164,156190,0.001050003201229272
K,Rn,7,156190,0.00004481720980856649
K,Ru,348,156190,0.0022280555733401627
K,S,53926,156190,0.34525897944810807
K,Sb,371,156190,0.002375312119854024
K,Sc,37,156190,0.0002368909661309943
K,Se,608,156190,0.0038926947948012035
K,Sg,1,156190,6.402458544080927e-6
K,Si,4860,156190,0.031115948524233307
K,Sm,48,156190,0.0003073180101158845
K,Sn,541,156190,0.0034637300723477813
K,Sr,203,156190,0.0012996990844484281
K,Ta,115,156190,0.0007362827325693066
K,Tb,35,156190,0.00022408604904283245
K,Tc,10,156190,0.00006402458544080927
K,Te,85,156190,0.0005442089762468788
K,Th,32,156190,0.00020487867341058966
K,Ti,650,156190,0.004161598053652602
K,Tl,32,156190,0.00020487867341058966
K,Tm,11,156190,0.0000704270439848902
K,Ts,0,156190,0.0
K,U,405,156190,0.0025929957103527756
K,V,784,156190,0.0050195274985594465
K,W,584,156190,0.0037390357897432616
K,Xe,4,156190,0.000025609834176323708
K,Y,571,156190,0.0036558038286702093
K,Yb,38,156190,0.00024329342467507522
K,Zn,851,156190,0.005448492221012869
K,Zr,296,156190,0.0018951277290479543
Kr,Ac,0,166,0.0
Kr,Ag,0,166,0.0
Kr,Al,3,166,0.018072289156626505
Kr,Am,0,166,0.0
Kr,Ar,20,166,0.12048192771084337
Kr,As,0,166,0.0
Kr,At,0,166,0.0
Kr,Au,1,166,0.006024096385542169
Kr,B,3,166,0.018072289156626505
Kr,Ba,1,166,0.006024096385542169
Kr,Be,0,166,0.0
Kr,Bh,0,166,0.0
Kr,Bi,1,166,0.006024096385542169
Kr,Bk,0,166,0.0
Kr,Br,2,166,0.012048192771084338
Kr,C,47,166,0.28313253012048195
Kr,Ca,1,166,0.006024096385542169
Kr,Cd,1,166,0.006024096385542169
Kr,Ce,0,166,0.0
Kr,Cf,0,166,0.0
Kr,Cl,9,166,0.05421686746987952
Kr,Cm,0,166,0.0
Kr,Cn,0,166,0.0
Kr,Co,1,166,0.006024096385542169
Kr,Cr,1,166,0.006024096385542169
Kr,Cs,0,166,0.0
Kr,Cu,1,166,0.006024096385542169
Kr,Db,0,166,0.0
Kr,Ds,0,166,0.0
Kr,Dy,0,166,0.0
Kr,Er,0,166,0.0
Kr,Es,0,166,0.0
Kr,Eu,2,166,0.012048192771084338
Kr,F,18,166,0.10843373493975904
Kr,Fe,2,166,0.012048192771084338
Kr,Fl,0,166,0.0
Kr,Fm,0,166,0.0
Kr,Fr,0,166,0.0
Kr,Ga,0,166,0.0
Kr,Gd,0,166,0.0
Kr,Ge,0,166,0.0
Kr,H,66,166,0.39759036144578314
Kr,He,12,166,0.07228915662650602
Kr,Hf,1,166,0.006024096385542169
Kr,Hg,2,166,0.012048192771084338
Kr,Ho,0,166,0.0
Kr,Hs,0,166,0.0
Kr,I,2,166,0.012048192771084338
Kr,In,0,166,0.0
Kr,Ir,0,166,0.0
Kr,K,3,166,0.018072289156626505
Kr,Kr,166,166,1.0
Kr,La,1,166,0.006024096385542169
Kr,Li,1,166,0.006024096385542169
Kr,Lr,0,166,0.0
Kr,Lu,0,166,0.0
Kr,Lv,0,166,0.0
Kr,Mc,0,166,0.0
Kr,Md,0,166,0.0
Kr,Mg,0,166,0.0
Kr,Mn,0,166,0.0
Kr,Mo,0,166,0.0
Kr,Mt,0,166,0.0
Kr,N,21,166,0.12650602409638553
Kr,Na,3,166,0.018072289156626505
Kr,Nb,0,166,0.0
Kr,Nd,0,166,0.0
Kr,Ne,12,166,0.07228915662650602
Kr,Nh,0,166,0.0
Kr,Ni,2,166,0.012048192771084338
Kr,No,0,166,0.0
Kr,Np,0,166,0.0
Kr,O,31,166,0.18674698795180722
Kr,Og,0,166,0.0
Kr,Os,0,166,0.0
Kr,P,2,166,0.012048192771084338
Kr,Pa,0,166,0.0
Kr,Pb,1,166,0.006024096385542169
Kr,Pd,0,166,0.0
Kr,Pm,0,166,0.0
Kr,Po,0,166,0.0
Kr,Pr,0,166,0.0
Kr,Pt,1,166,0.006024096385542169
Kr,Pu,0,166,0.0
Kr,Ra,0,166,0.0
Kr,Rb,1,166,0.006024096385542169
Kr,Re,0,166,0.0
Kr,Rf,0,166,0.0
Kr,Rg,0,166,0.0
Kr,Rh,0,166,0.0
Kr,Rn,3,166,0.018072289156626505
Kr,Ru,0,166,0.0
Kr,S,3,166,0.018072289156626505
Kr,Sb,0,166,0.0
Kr,Sc,0,166,0.0
Kr,Se,0,166,0.0
Kr,Sg,0,166,0.0
Kr,Si,1,166,0.006024096385542169
Kr,Sm,0,166,0.0
Kr,Sn,0,166,0.0
Kr,Sr,0,166,0.0
Kr,Ta,0,166,0.0
Kr,Tb,0,166,0.0
Kr,Tc,0,166,0.0
Kr,Te,0,166,0.0
Kr,Th,0,166,0.0
Kr,Ti,1,166,0.006024096385542169
Kr,Tl,0,166,0.0
Kr,Tm,0,166,0.0
Kr,Ts,0,166,0.0
Kr,U,0,166,0.0
Kr,V,1,166,0.006024096385542169
Kr,W,1,166,0.006024096385542169
Kr,Xe,19,166,0.1144578313253012
Kr,Y,0,166,0.0
Kr,Yb,0,166,0.0
Kr,Zn,1,166,0.006024096385542169
Kr,Zr,0,166,0.0
La,Ac,6,8114,0.0007394626571358146
La,Ag,79,8114,0.009736258318954893
La,Al,436,8114,0.053734286418535865
La,Am,0,8114,0.0
La,Ar,4,8114,0.0004929751047572097
La,As,26,8114,0.0032043381809218636
La,At,0,8114,0.0
La,Au,31,8114,0.0038205570618683755
La,B,291,8114,0.03586393887108701
La,Ba,224,8114,0.027606605866403747
La,Be,11,8114,0.0013556815380823268
La,Bh,0,8114,0.0
La,Bi,115,8114,0.01417303426176978
La,Bk,0,8114,0.0
La,Br,114,8114,0.014049790485580478
La,C,3892,8114,0.4796647769287651
La,Ca,268,8114,0.03302933201873305
La,Cd,17,8114,0.0020951441952181413
La,Ce,553,8114,0.06815380823268424
La,Cf,3,8114,0.0003697313285679073
La,Cl,442,8114,0.05447374907567168
La,Cm,6,8114,0.0007394626571358146
La,Cn,0,8114,0.0
La,Co,263,8114,0.03241311313778654
La,Cr,136,8114,0.01676115356174513
La,Cs,35,8114,0.004313532166625585
La,Cu,229,8114,0.02822282474735026
La,Db,0,8114,0.0
La,Ds,0,8114,0.0
La,Dy,27,8114,0.003327581957111166
La,Er,37,8114,0.004560019719004191
La,Es,4,8114,0.0004929751047572097
La,Eu,59,8114,0.007271382795168844
La,F,507,8114,0.062484594527976334
La,Fe,289,8114,0.03561745131870841
La,Fl,0,8114,0.0
La,Fm,0,8114,0.0
La,Fr,0,8114,0.0
La,Ga,137,8114,0.016884397337934433
La,Gd,99,8114,0.012201133842740942
La,Ge,59,8114,0.007271382795168844
La,H,5652,8114,0.6965738230219374
La,He,2,8114,0.00024648755237860487
La,Hf,80,8114,0.009859502095144195
La,Hg,10,8114,0.0012324377618930244
La,Ho,17,8114,0.0020951441952181413
La,Hs,0,8114,0.0
La,I,59,8114,0.007271382795168844
La,In,45,8114,0.00554596992851861
La,Ir,30,8114,0.003697313285679073
La,K,105,8114,0.012940596499876757
La,Kr,1,8114,0.00012324377618930243
La,La,8114,8114,1.0
La,Li,345,8114,0.04251910278530934
La,Lr,3,8114,0.0003697313285679073
La,Lu,37,8114,0.004560019719004191
La,Lv,0,8114,0.0
La,Mc,0,8114,0.0
La,Md,1,8114,0.00012324377618930243
La,Mg,230,8114,0.02834606852353956
La,Mn,391,8114,0.04818831649001725
La,Mo,111,8114,0.013680059157012571
La,Mt,0,8114,0.0
La,N,1830,8114,0.22553611042642346
La,Na,170,8114,0.020951441952181415
La,Nb,101,8114,0.012447621395119547
La,Nd,201,8114,0.024771999014049792
La,Ne,0,8114,0.0
La,Nh,0,8114,0.0
La,Ni,264,8114,0.03253635691397584
La,No,0,8114,0.0
La,Np,0,8114,0.0
La,O,5241,8114,0.6459206310081341
La,Og,0,8114,0.0
La,Os,10,8114,0.0012324377618930244
La,P,490,8114,0.06038945033275819
La,Pa,8,8114,0.0009859502095144195
La,Pb,145,8114,0.017870347547448855
La,Pd,53,8114,0.0065319201380330295
La,Pm,6,8114,0.0007394626571358146
La,Po,3,8114,0.0003697313285679073
La,Pr,134,8114,0.016514666009366526
La,Pt,43,8114,0.005299482376140005
La,Pu,1,8114,0.00012324377618930243
La,Ra,1,8114,0.00012324377618930243
La,Rb,27,8114,0.003327581957111166
La,Re,27,8114,0.003327581957111166
La,Rf,0,8114,0.0
La,Rg,0,8114,0.0
La,Rh,22,8114,0.0027113630761646536
La,Rn,0,8114,0.0
La,Ru,63,8114,0.007764357899926053
La,S,612,8114,0.0754251910278531
La,Sb,57,8114,0.007024895242790239
La,Sc,90,8114,0.01109193985703722
La,Se,30,8114,0.003697313285679073
La,Sg,0,8114,0.0
La,Si,447,8114,0.05508996795661819
La,Sm,63,8114,0.007764357899926053
La,Sn,94,8114,0.011584914961794429
La,Sr,474,8114,0.058417549913729355
La,Ta,115,8114,0.01417303426176978
La,Tb,76,8114,0.009366526990386986
La,Tc,4,8114,0.0004929751047572097
La,Te,26,8114,0.0032043381809218636
La,Th,12,8114,0.0014789253142716292
La,Ti,341,8114,0.04202612768055213
La,Tl,23,8114,0.002834606852353956
La,Tm,16,8114,0.001971900419028839
La,Ts,0,8114,0.0
La,U,5,8114,0.0006162188809465122
La,V,61,8114,0.007517870347547449
La,W,82,8114,0.0101059896475228
La,Xe,7,8114,0.0008627064333251171
La,Y,247,8114,0.0304412127187577
La,Yb,39,8114,0.004806507271382795
La,Zn,175,8114,0.021567660833127927
La,Zr,427,8114,0.05262509243283214
Li,Ac,29,117297,0.00024723564967560975
Li,Ag,249,117297,0.0021228164403181665
Li,Al,6181,117297,0.05269529484982566
Li,Am,1,117297,8.52536723019344e-6
Li,Ar,67,117297,0.0005711996044229606
Li,As,212,117297,0.0018073778528010095
Li,At,1,117297,8.52536723019344e-6
Li,Au,111,117297,0.0009463157625514719
Li,B,10622,117297,0.09055645071911472
Li,Ba,290,117297,0.002472356496756098
Li,Be,96,117297,0.0008184352540985703
Li,Bh,0,117297,0.0
Li,Bi,212,117297,0.0018073778528010095
Li,Bk,8,117297,0.00006820293784154753
Li,Br,11518,117297,0.09819517975736805
Li,C,106245,117297,0.9057776413719021
Li,Ca,575,117297,0.004902086157361228
Li,Cd,74,117297,0.0006308771750343146
Li,Ce,146,117297,0.0012447036156082423
Li,Cf,2,117297,0.00001705073446038688
Li,Cl,20690,117297,0.1763898479927023
Li,Cm,0,117297,0.0
Li,Cn,0,117297,0.0
Li,Co,1067,117297,0.0090965668346164
Li,Cr,355,117297,0.0030265053667186716
Li,Cs,398,117297,0.0033930961576169893
Li,Cu,1873,117297,0.015968012822152315
Li,Db,2,117297,0.00001705073446038688
Li,Ds,0,117297,0.0
Li,Dy,30,117297,0.0002557610169058032
Li,Er,35,117297,0.0002983878530567704
Li,Es,0,117297,0.0
Li,Eu,44,117297,0.00037511615812851136
Li,F,21602,117297,0.1841649829066387
Li,Fe,1265,117297,0.010784589546194703
Li,Fl,0,117297,0.0
Li,Fm,1,117297,8.52536723019344e-6
Li,Fr,0,117297,0.0
Li,Ga,155,117297,0.0013214319206799833
Li,Gd,42,117297,0.00035806542366812453
Li,Ge,479,117297,0.004083650903262658
Li,H,111890,117297,0.9539033393863441
Li,He,15,117297,0.0001278805084529016
Li,Hf,32,117297,0.0002728117513661901
Li,Hg,57,117297,0.0004859459321210261
Li,Ho,35,117297,0.0002983878530567704
Li,Hs,0,117297,0.0
Li,I,4097,117297,0.034928429542102526
Li,In,132,117297,0.001125348474385534
Li,Ir,158,117297,0.0013470080223705635
Li,K,2934,117297,0.025013427453387554
Li,Kr,1,117297,8.52536723019344e-6
Li,La,345,117297,0.002941251694416737
Li,Li,117297,117297,1.0
Li,Lr,13,117297,0.00011082977399251473
Li,Lu,53,117297,0.00045184446320025237
Li,Lv,0,117297,0.0
Li,Mc,0,117297,0.0
Li,Md,1,117297,8.52536723019344e-6
Li,Mg,2194,117297,0.018704655703044408
Li,Mn,1675,117297,0.014279990110574013
Li,Mo,193,117297,0.001645395875427334
Li,Mt,1,117297,8.52536723019344e-6
Li,N,63553,117297,0.5418126635804837
Li,Na,4917,117297,0.041919230670861146
Li,Nb,312,117297,0.0026599145758203534
Li,Nd,100,117297,0.000852536723019344
Li,Ne,2,117297,0.00001705073446038688
Li,Nh,0,117297,0.0
Li,Ni,1181,117297,0.010068458698858453
Li,No,0,117297,0.0
Li,Np,2,117297,0.00001705073446038688
Li,O,92454,117297,0.7882043019003043
Li,Og,0,117297,0.0
Li,Os,29,117297,0.00024723564967560975
Li,P,14924,117297,0.12723258054340691
Li,Pa,0,117297,0.0
Li,Pb,190,117297,0.0016198197737367537
Li,Pd,678,117297,0.005780198982071153
Li,Pm,1,117297,8.52536723019344e-6
Li,Po,9,117297,0.00007672830507174097
Li,Pr,35,117297,0.0002983878530567704
Li,Pt,160,117297,0.0013640587568309506
Li,Pu,2,117297,0.00001705073446038688
Li,Ra,5,117297,0.000042626836150967206
Li,Rb,145,117297,0.001236178248378049
Li,Re,24,117297,0.00020460881352464257
Li,Rf,10,117297,0.00008525367230193441
Li,Rg,0,117297,0.0
Li,Rh,92,117297,0.0007843337851777965
Li,Rn,0,117297,0.0
Li,Ru,208,117297,0.0017732763838802356
Li,S,29320,117297,0.24996376718927169
Li,Sb,192,117297,0.0016368705081971405
Li,Sc,74,117297,0.0006308771750343146
Li,Se,527,117297,0.004492868530311943
Li,Sg,2,117297,0.00001705073446038688
Li,Si,9442,117297,0.08049651738748646
Li,Sm,66,117297,0.000562674237192767
Li,Sn,887,117297,0.0075620007331815816
Li,Sr,224,117297,0.0019096822595633307
Li,Ta,183,117297,0.0015601422031253996
Li,Tb,26,117297,0.00022165954798502945
Li,Tc,13,117297,0.00011082977399251473
Li,Te,191,117297,0.0016283451409669471
Li,Th,16,117297,0.00013640587568309505
Li,Ti,979,117297,0.008346334518359378
Li,Tl,42,117297,0.00035806542366812453
Li,Tm,21,117297,0.00017903271183406227
Li,Ts,0,117297,0.0
Li,U,256,117297,0.002182494010929521
Li,V,623,117297,0.005311303784410514
Li,W,214,117297,0.0018244285872613963
Li,Xe,3,117297,0.00002557610169058032
Li,Y,357,117297,0.0030435561011790584
Li,Yb,61,117297,0.0005200474010417999
Li,Zn,1141,117297,0.009727444009650716
Li,Zr,502,117297,0.0042797343495571075
Lr,Ac,0,861,0.0
Lr,Ag,0,861,0.0
Lr,Al,4,861,0.004645760743321719
Lr,Am,0,861,0.0
Lr,Ar,0,861,0.0
Lr,As,0,861,0.0
Lr,At,0,861,0.0
Lr,Au,0,861,0.0
Lr,B,11,861,0.012775842044134728
Lr,Ba,0,861,0.0
Lr,Be,0,861,0.0
Lr,Bh,0,861,0.0
Lr,Bi,0,861,0.0
Lr,Bk,0,861,0.0
Lr,Br,22,861,0.025551684088269456
Lr,C,835,861,0.9698025551684089
Lr,Ca,0,861,0.0
Lr,Cd,0,861,0.0
Lr,Ce,0,861,0.0
Lr,Cf,0,861,0.0
Lr,Cl,42,861,0.04878048780487805
Lr,Cm,0,861,0.0
Lr,Cn,0,861,0.0
Lr,Co,0,861,0.0
Lr,Cr,0,861,0.0
Lr,Cs,0,861,0.0
Lr,Cu,0,861,0.0
Lr,Db,0,861,0.0
Lr,Ds,0,861,0.0
Lr,Dy,0,861,0.0
Lr,Er,0,861,0.0
Lr,Es,0,861,0.0
Lr,Eu,0,861,0.0
Lr,F,179,861,0.20789779326364694
Lr,Fe,0,861,0.0
Lr,Fl,0,861,0.0
Lr,Fm,0,861,0.0
Lr,Fr,0,861,0.0
Lr,Ga,0,861,0.0
Lr,Gd,0,861,0.0
Lr,Ge,1,861,0.0011614401858304297
Lr,H,838,861,0.9732868757259001
Lr,He,0,861,0.0
Lr,Hf,0,861,0.0
Lr,Hg,0,861,0.0
Lr,Ho,0,861,0.0
Lr,Hs,0,861,0.0
Lr,I,57,861,0.06620209059233449
Lr,In,0,861,0.0
Lr,Ir,0,861,0.0
Lr,K,0,861,0.0
Lr,Kr,0,861,0.0
Lr,La,3,861,0.003484320557491289
Lr,Li,13,861,0.015098722415795587
Lr,Lr,861,861,1.0
Lr,Lu,0,861,0.0
Lr,Lv,0,861,0.0
Lr,Mc,0,861,0.0
Lr,Md,0,861,0.0
Lr,Mg,0,861,0.0
Lr,Mn,2,861,0.0023228803716608595
Lr,Mo,0,861,0.0
Lr,Mt,0,861,0.0
Lr,N,753,861,0.8745644599303136
Lr,Na,0,861,0.0
Lr,Nb,0,861,0.0
Lr,Nd,0,861,0.0
Lr,Ne,0,861,0.0
Lr,Nh,0,861,0.0
Lr,Ni,0,861,0.0
Lr,No,0,861,0.0
Lr,Np,0,861,0.0
Lr,O,557,861,0.6469221835075494
Lr,Og,0,861,0.0
Lr,Os,0,861,0.0
Lr,P,7,861,0.008130081300813009
Lr,Pa,0,861,0.0
Lr,Pb,0,861,0.0
Lr,Pd,1,861,0.0011614401858304297
Lr,Pm,0,861,0.0
Lr,Po,0,861,0.0
Lr,Pr,2,861,0.0023228803716608595
Lr,Pt,2,861,0.0023228803716608595
Lr,Pu,0,861,0.0
Lr,Ra,0,861,0.0
Lr,Rb,2,861,0.0023228803716608595
Lr,Re,0,861,0.0
Lr,Rf,0,861,0.0
Lr,Rg,0,861,0.0
Lr,Rh,0,861,0.0
Lr,Rn,0,861,0.0
Lr,Ru,0,861,0.0
Lr,S,108,861,0.1254355400696864
Lr,Sb,0,861,0.0
Lr,Sc,0,861,0.0
Lr,Se,0,861,0.0
Lr,Sg,0,861,0.0
Lr,Si,8,861,0.009291521486643438
Lr,Sm,0,861,0.0
Lr,Sn,0,861,0.0
Lr,Sr,1,861,0.0011614401858304297
Lr,Ta,0,861,0.0
Lr,Tb,0,861,0.0
Lr,Tc,0,861,0.0
Lr,Te,0,861,0.0
Lr,Th,0,861,0.0
Lr,Ti,0,861,0.0
Lr,Tl,0,861,0.0
Lr,Tm,0,861,0.0
Lr,Ts,0,861,0.0
Lr,U,2,861,0.0023228803716608595
Lr,V,0,861,0.0
Lr,W,0,861,0.0
Lr,Xe,0,861,0.0
Lr,Y,2,861,0.0023228803716608595
Lr,Yb,0,861,0.0
Lr,Zn,0,861,0.0
Lr,Zr,0,861,0.0
Lu,Ac,6,2717,0.002208317997791682
Lu,Ag,2,2717,0.000736105999263894
Lu,Al,80,2717,0.02944423997055576
Lu,Am,1,2717,0.000368052999631947
Lu,Ar,0,2717,0.0
Lu,As,7,2717,0.002576370997423629
Lu,At,0,2717,0.0
Lu,Au,5,2717,0.001840264998159735
Lu,B,157,2717,0.05778432094221568
Lu,Ba,11,2717,0.004048582995951417
Lu,Be,1,2717,0.000368052999631947
Lu,Bh,0,2717,0.0
Lu,Bi,16,2717,0.005888847994111152
Lu,Bk,0,2717,0.0
Lu,Br,25,2717,0.009201324990798674
Lu,C,1951,2717,0.7180714022819286
Lu,Ca,29,2717,0.010673536989326464
Lu,Cd,3,2717,0.001104158998895841
Lu,Ce,35,2717,0.012881854987118146
Lu,Cf,0,2717,0.0
Lu,Cl,152,2717,0.055944055944055944
Lu,Cm,0,2717,0.0
Lu,Cn,0,2717,0.0
Lu,Co,6,2717,0.002208317997791682
Lu,Cr,15,2717,0.005520794994479205
Lu,Cs,4,2717,0.001472211998527788
Lu,Cu,11,2717,0.004048582995951417
Lu,Db,0,2717,0.0
Lu,Ds,0,2717,0.0
Lu,Dy,16,2717,0.005888847994111152
Lu,Er,35,2717,0.012881854987118146
Lu,Es,0,2717,0.0
Lu,Eu,13,2717,0.004784688995215311
Lu,F,220,2717,0.08097165991902834
Lu,Fe,16,2717,0.005888847994111152
Lu,Fl,0,2717,0.0
Lu,Fm,0,2717,0.0
Lu,Fr,0,2717,0.0
Lu,Ga,38,2717,0.013986013986013986
Lu,Gd,68,2717,0.025027603974972397
Lu,Ge,17,2717,0.006256900993743099
Lu,H,2262,2717,0.8325358851674641
Lu,He,0,2717,0.0
Lu,Hf,17,2717,0.006256900993743099
Lu,Hg,7,2717,0.002576370997423629
Lu,Ho,29,2717,0.010673536989326464
Lu,Hs,0,2717,0.0
Lu,I,119,2717,0.043798306956201696
Lu,In,14,2717,0.005152741994847258
Lu,Ir,5,2717,0.001840264998159735
Lu,K,34,2717,0.012513801987486198
Lu,Kr,0,2717,0.0
Lu,La,37,2717,0.013617960986382039
Lu,Li,53,2717,0.01950680898049319
Lu,Lr,0,2717,0.0
Lu,Lu,2717,2717,1.0
Lu,Lv,0,2717,0.0
Lu,Mc,0,2717,0.0
Lu,Md,2,2717,0.000736105999263894
Lu,Mg,14,2717,0.005152741994847258
Lu,Mn,15,2717,0.005520794994479205
Lu,Mo,8,2717,0.002944423997055576
Lu,Mt,0,2717,0.0
Lu,N,1547,2717,0.569377990430622
Lu,Na,23,2717,0.008465218991534781
Lu,Nb,13,2717,0.004784688995215311
Lu,Nd,13,2717,0.004784688995215311
Lu,Ne,0,2717,0.0
Lu,Nh,0,2717,0.0
Lu,Ni,22,2717,0.008097165991902834
Lu,No,1,2717,0.000368052999631947
Lu,Np,0,2717,0.0
Lu,O,2033,2717,0.7482517482517482
Lu,Og,0,2717,0.0
Lu,Os,4,2717,0.001472211998527788
Lu,P,122,2717,0.04490246595509753
Lu,Pa,1,2717,0.000368052999631947
Lu,Pb,8,2717,0.002944423997055576
Lu,Pd,14,2717,0.005152741994847258
Lu,Pm,1,2717,0.000368052999631947
Lu,Po,0,2717,0.0
Lu,Pr,9,2717,0.003312476996687523
Lu,Pt,9,2717,0.003312476996687523
Lu,Pu,0,2717,0.0
Lu,Ra,0,2717,0.0
Lu,Rb,8,2717,0.002944423997055576
Lu,Re,6,2717,0.002208317997791682
Lu,Rf,0,2717,0.0
Lu,Rg,0,2717,0.0
Lu,Rh,6,2717,0.002208317997791682
Lu,Rn,0,2717,0.0
Lu,Ru,4,2717,0.001472211998527788
Lu,S,311,2717,0.11446448288553551
Lu,Sb,5,2717,0.001840264998159735
Lu,Sc,49,2717,0.0180345969819654
Lu,Se,5,2717,0.001840264998159735
Lu,Sg,0,2717,0.0
Lu,Si,305,2717,0.11225616488774383
Lu,Sm,15,2717,0.005520794994479205
Lu,Sn,7,2717,0.002576370997423629
Lu,Sr,11,2717,0.004048582995951417
Lu,Ta,14,2717,0.005152741994847258
Lu,Tb,23,2717,0.008465218991534781
Lu,Tc,2,2717,0.000736105999263894
Lu,Te,3,2717,0.001104158998895841
Lu,Th,3,2717,0.001104158998895841
Lu,Ti,22,2717,0.008097165991902834
Lu,Tl,1,2717,0.000368052999631947
Lu,Tm,25,2717,0.009201324990798674
Lu,Ts,0,2717,0.0
Lu,U,3,2717,0.001104158998895841
Lu,V,8,2717,0.002944423997055576
Lu,W,14,2717,0.005152741994847258
Lu,Xe,0,2717,0.0
Lu,Y,128,2717,0.047110783952889215
Lu,Yb,41,2717,0.015090172984909826
Lu,Zn,8,2717,0.002944423997055576
Lu,Zr,22,2717,0.008097165991902834
Lv,Ac,0,5,0.0
Lv,Ag,0,5,0.0
Lv,Al,0,5,0.0
Lv,Am,0,5,0.0
Lv,Ar,0,5,0.0
Lv,As,0,5,0.0
Lv,At,0,5,0.0
Lv,Au,0,5,0.0
Lv,B,0,5,0.0
Lv,Ba,0,5,0.0
Lv,Be,0,5,0.0
Lv,Bh,0,5,0.0
Lv,Bi,0,5,0.0
Lv,Bk,0,5,0.0
Lv,Br,0,5,0.0
Lv,C,0,5,0.0
Lv,Ca,0,5,0.0
Lv,Cd,0,5,0.0
Lv,Ce,0,5,0.0
Lv,Cf,0,5,0.0
Lv,Cl,0,5,0.0
Lv,Cm,0,5,0.0
Lv,Cn,0,5,0.0
Lv,Co,0,5,0.0
Lv,Cr,0,5,0.0
Lv,Cs,0,5,0.0
Lv,Cu,0,5,0.0
Lv,Db,0,5,0.0
Lv,Ds,0,5,0.0
Lv,Dy,0,5,0.0
Lv,Er,0,5,0.0
Lv,Es,0,5,0.0
Lv,Eu,0,5,0.0
Lv,F,0,5,0.0
Lv,Fe,0,5,0.0
Lv,Fl,0,5,0.0
Lv,Fm,0,5,0.0
Lv,Fr,0,5,0.0
Lv,Ga,0,5,0.0
Lv,Gd,0,5,0.0
Lv,Ge,0,5,0.0
Lv,H,0,5,0.0
Lv,He,0,5,0.0
Lv,Hf,0,5,0.0
Lv,Hg,0,5,0.0
Lv,Ho,0,5,0.0
Lv,Hs,0,5,0.0
Lv,I,0,5,0.0
Lv,In,0,5,0.0
Lv,Ir,0,5,0.0
Lv,K,0,5,0.0
Lv,Kr,0,5,0.0
Lv,La,0,5,0.0
Lv,Li,0,5,0.0
Lv,Lr,0,5,0.0
Lv,Lu,0,5,0.0
Lv,Lv,5,5,1.0
Lv,Mc,0,5,0.0
Lv,Md,0,5,0.0
Lv,Mg,0,5,0.0
Lv,Mn,0,5,0.0
Lv,Mo,0,5,0.0
Lv,Mt,0,5,0.0
Lv,N,0,5,0.0
Lv,Na,0,5,0.0
Lv,Nb,0,5,0.0
Lv,Nd,0,5,0.0
Lv,Ne,0,5,0.0
Lv,Nh,0,5,0.0
Lv,Ni,0,5,0.0
Lv,No,0,5,0.0
Lv,Np,0,5,0.0
Lv,O,0,5,0.0
Lv,Og,0,5,0.0
Lv,Os,0,5,0.0
Lv,P,0,5,0.0
Lv,Pa,0,5,0.0
Lv,Pb,0,5,0.0
Lv,Pd,0,5,0.0
Lv,Pm,0,5,0.0
Lv,Po,0,5,0.0
Lv,Pr,0,5,0.0
Lv,Pt,0,5,0.0
Lv,Pu,0,5,0.0
Lv,Ra,0,5,0.0
Lv,Rb,0,5,0.0
Lv,Re,0,5,0.0
Lv,Rf,0,5,0.0
Lv,Rg,0,5,0.0
Lv,Rh,0,5,0.0
Lv,Rn,0,5,0.0
Lv,Ru,0,5,0.0
Lv,S,0,5,0.0
Lv,Sb,0,5,0.0
Lv,Sc,0,5,0.0
Lv,Se,0,5,0.0
Lv,Sg,0,5,0.0
Lv,Si,0,5,0.0
Lv,Sm,0,5,0.0
Lv,Sn,0,5,0.0
Lv,Sr,0,5,0.0
Lv,Ta,0,5,0.0
Lv,Tb,0,5,0.0
Lv,Tc,0,5,0.0
Lv,Te,0,5,0.0
Lv,Th,0,5,0.0
Lv,Ti,0,5,0.0
Lv,Tl,0,5,0.0
Lv,Tm,0,5,0.0
Lv,Ts,0,5,0.0
Lv,U,0,5,0.0
Lv,V,0,5,0.0
Lv,W,0,5,0.0
Lv,Xe,0,5,0.0
Lv,Y,0,5,0.0
Lv,Yb,0,5,0.0
Lv,Zn,0,5,0.0
Lv,Zr,0,5,0.0
Mc,Ac,0,5,0.0
Mc,Ag,0,5,0.0
Mc,Al,0,5,0.0
Mc,Am,0,5,0.0
Mc,Ar,0,5,0.0
Mc,As,0,5,0.0
Mc,At,0,5,0.0
Mc,Au,0,5,0.0
Mc,B,0,5,0.0
Mc,Ba,0,5,0.0
Mc,Be,0,5,0.0
Mc,Bh,0,5,0.0
Mc,Bi,0,5,0.0
Mc,Bk,0,5,0.0
Mc,Br,0,5,0.0
Mc,C,0,5,0.0
Mc,Ca,0,5,0.0
Mc,Cd,0,5,0.0
Mc,Ce,0,5,0.0
Mc,Cf,0,5,0.0
Mc,Cl,0,5,0.0
Mc,Cm,0,5,0.0
Mc,Cn,0,5,0.0
Mc,Co,0,5,0.0
Mc,Cr,0,5,0.0
Mc,Cs,0,5,0.0
Mc,Cu,0,5,0.0
Mc,Db,0,5,0.0
Mc,Ds,0,5,0.0
Mc,Dy,0,5,0.0
Mc,Er,0,5,0.0
Mc,Es,0,5,0.0
Mc,Eu,0,5,0.0
Mc,F,0,5,0.0
Mc,Fe,0,5,0.0
Mc,Fl,0,5,0.0
Mc,Fm,0,5,0.0
Mc,Fr,0,5,0.0
Mc,Ga,0,5,0.0
Mc,Gd,0,5,0.0
Mc,Ge,0,5,0.0
Mc,H,0,5,0.0
Mc,He,0,5,0.0
Mc,Hf,0,5,0.0
Mc,Hg,0,5,0.0
Mc,Ho,0,5,0.0
Mc,Hs,0,5,0.0
Mc,I,0,5,0.0
Mc,In,0,5,0.0
Mc,Ir,0,5,0.0
Mc,K,0,5,0.0
Mc,Kr,0,5,0.0
Mc,La,0,5,0.0
Mc,Li,0,5,0.0
Mc,Lr,0,5,0.0
Mc,Lu,0,5,0.0
Mc,Lv,0,5,0.0
Mc,Mc,5,5,1.0
Mc,Md,0,5,0.0
Mc,Mg,0,5,0.0
Mc,Mn,0,5,0.0
Mc,Mo,0,5,0.0
Mc,Mt,0,5,0.0
Mc,N,0,5,0.0
Mc,Na,0,5,0.0
Mc,Nb,0,5,0.0
Mc,Nd,0,5,0.0
Mc,Ne,0,5,0.0
Mc,Nh,0,5,0.0
Mc,Ni,0,5,0.0
Mc,No,0,5,0.0
Mc,Np,0,5,0.0
Mc,O,0,5,0.0
Mc,Og,0,5,0.0
Mc,Os,0,5,0.0
Mc,P,0,5,0.0
Mc,Pa,0,5,0.0
Mc,Pb,0,5,0.0
Mc,Pd,0,5,0.0
Mc,Pm,0,5,0.0
Mc,Po,0,5,0.0
Mc,Pr,0,5,0.0
Mc,Pt,0,5,0.0
Mc,Pu,0,5,0.0
Mc,Ra,0,5,0.0
Mc,Rb,0,5,0.0
Mc,Re,0,5,0.0
Mc,Rf,0,5,0.0
Mc,Rg,0,5,0.0
Mc,Rh,0,5,0.0
Mc,Rn,0,5,0.0
Mc,Ru,0,5,0.0
Mc,S,0,5,0.0
Mc,Sb,0,5,0.0
Mc,Sc,0,5,0.0
Mc,Se,0,5,0.0
Mc,Sg,0,5,0.0
Mc,Si,0,5,0.0
Mc,Sm,0,5,0.0
Mc,Sn,0,5,0.0
Mc,Sr,0,5,0.0
Mc,Ta,0,5,0.0
Mc,Tb,0,5,0.0
Mc,Tc,0,5,0.0
Mc,Te,0,5,0.0
Mc,Th,0,5,0.0
Mc,Ti,0,5,0.0
Mc,Tl,0,5,0.0
Mc,Tm,0,5,0.0
Mc,Ts,0,5,0.0
Mc,U,0,5,0.0
Mc,V,0,5,0.0
Mc,W,0,5,0.0
Mc,Xe,0,5,0.0
Mc,Y,0,5,0.0
Mc,Yb,0,5,0.0
Mc,Zn,0,5,0.0
Mc,Zr,0,5,0.0
Md,Ac,0,96,0.0
Md,Ag,0,96,0.0
Md,Al,0,96,0.0
Md,Am,0,96,0.0
Md,Ar,0,96,0.0
Md,As,0,96,0.0
Md,At,0,96,0.0
Md,Au,0,96,0.0
Md,B,2,96,0.020833333333333332
Md,Ba,1,96,0.010416666666666666
Md,Be,0,96,0.0
Md,Bh,0,96,0.0
Md,Bi,0,96,0.0
Md,Bk,0,96,0.0
Md,Br,1,96,0.010416666666666666
Md,C,61,96,0.6354166666666666
Md,Ca,0,96,0.0
Md,Cd,0,96,0.0
Md,Ce,0,96,0.0
Md,Cf,0,96,0.0
Md,Cl,4,96,0.041666666666666664
Md,Cm,0,96,0.0
Md,Cn,0,96,0.0
Md,Co,0,96,0.0
Md,Cr,0,96,0.0
Md,Cs,0,96,0.0
Md,Cu,0,96,0.0
Md,Db,0,96,0.0
Md,Ds,0,96,0.0
Md,Dy,0,96,0.0
Md,Er,3,96,0.03125
Md,Es,0,96,0.0
Md,Eu,0,96,0.0
Md,F,16,96,0.16666666666666666
Md,Fe,1,96,0.010416666666666666
Md,Fl,0,96,0.0
Md,Fm,0,96,0.0
Md,Fr,0,96,0.0
Md,Ga,0,96,0.0
Md,Gd,1,96,0.010416666666666666
Md,Ge,0,96,0.0
Md,H,66,96,0.6875
Md,He,0,96,0.0
Md,Hf,2,96,0.020833333333333332
Md,Hg,0,96,0.0
Md,Ho,0,96,0.0
Md,Hs,0,96,0.0
Md,I,1,96,0.010416666666666666
Md,In,0,96,0.0
Md,Ir,2,96,0.020833333333333332
Md,K,0,96,0.0
Md,Kr,0,96,0.0
Md,La,1,96,0.010416666666666666
Md,Li,1,96,0.010416666666666666
Md,Lr,0,96,0.0
Md,Lu,2,96,0.020833333333333332
Md,Lv,0,96,0.0
Md,Mc,0,96,0.0
Md,Md,96,96,1.0
Md,Mg,2,96,0.020833333333333332
Md,Mn,2,96,0.020833333333333332
Md,Mo,4,96,0.041666666666666664
Md,Mt,0,96,0.0
Md,N,42,96,0.4375
Md,Na,2,96,0.020833333333333332
Md,Nb,0,96,0.0
Md,Nd,1,96,0.010416666666666666
Md,Ne,0,96,0.0
Md,Nh,0,96,0.0
Md,Ni,0,96,0.0
Md,No,0,96,0.0
Md,Np,0,96,0.0
Md,O,40,96,0.4166666666666667
Md,Og,0,96,0.0
Md,Os,0,96,0.0
Md,P,2,96,0.020833333333333332
Md,Pa,0,96,0.0
Md,Pb,0,96,0.0
Md,Pd,2,96,0.020833333333333332
Md,Pm,0,96,0.0
Md,Po,0,96,0.0
Md,Pr,0,96,0.0
Md,Pt,0,96,0.0
Md,Pu,0,96,0.0
Md,Ra,0,96,0.0
Md,Rb,0,96,0.0
Md,Re,1,96,0.010416666666666666
Md,Rf,1,96,0.010416666666666666
Md,Rg,0,96,0.0
Md,Rh,0,96,0.0
Md,Rn,0,96,0.0
Md,Ru,1,96,0.010416666666666666
Md,S,11,96,0.11458333333333333
Md,Sb,0,96,0.0
Md,Sc,0,96,0.0
Md,Se,0,96,0.0
Md,Sg,0,96,0.0
Md,Si,0,96,0.0
Md,Sm,0,96,0.0
Md,Sn,0,96,0.0
Md,Sr,0,96,0.0
Md,Ta,0,96,0.0
Md,Tb,0,96,0.0
Md,Tc,0,96,0.0
Md,Te,0,96,0.0
Md,Th,0,96,0.0
Md,Ti,0,96,0.0
Md,Tl,0,96,0.0
Md,Tm,0,96,0.0
Md,Ts,0,96,0.0
Md,U,0,96,0.0
Md,V,0,96,0.0
Md,W,0,96,0.0
Md,Xe,0,96,0.0
Md,Y,1,96,0.010416666666666666
Md,Yb,0,96,0.0
Md,Zn,0,96,0.0
Md,Zr,0,96,0.0
Mg,Ac,12,63053,0.0001903160832950058
Mg,Ag,212,63053,0.0033622508048784354
Mg,Al,3054,63053,0.048435443198578974
Mg,Am,0,63053,0.0
Mg,Ar,26,63053,0.0004123515138058459
Mg,As,87,63053,0.001379791603888792
Mg,At,0,63053,0.0
Mg,Au,96,63053,0.0015225286663600463
Mg,B,2769,63053,0.04391543622032259
Mg,Ba,549,63053,0.008706960810746515
Mg,Be,94,63053,0.001490809319144212
Mg,Bh,0,63053,0.0
Mg,Bi,156,63053,0.002474109082835075
Mg,Bk,1,63053,0.000015859673607917148
Mg,Br,17480,63053,0.2772270946663918
Mg,C,51422,63053,0.8155361362663156
Mg,Ca,2740,63053,0.04345550568569299
Mg,Cd,103,63053,0.0016335463816154663
Mg,Ce,286,63053,0.004535866651864304
Mg,Cf,0,63053,0.0
Mg,Cl,14872,63053,0.23586506589694384
Mg,Cm,1,63053,0.000015859673607917148
Mg,Cn,0,63053,0.0
Mg,Co,421,63053,0.006676922588933119
Mg,Cr,379,63053,0.006010816297400599
Mg,Cs,112,63053,0.0017762834440867208
Mg,Cu,1014,63053,0.01608170903842799
Mg,Db,0,63053,0.0
Mg,Ds,0,63053,0.0
Mg,Dy,32,63053,0.0005075095554533487
Mg,Er,35,63053,0.0005550885762771002
Mg,Es,0,63053,0.0
Mg,Eu,71,63053,0.0011260368261621176
Mg,F,7289,63053,0.1156011609281081
Mg,Fe,1391,63053,0.022060805988612753
Mg,Fl,0,63053,0.0
Mg,Fm,0,63053,0.0
Mg,Fr,0,63053,0.0
Mg,Ga,139,63053,0.002204494631500484
Mg,Gd,106,63053,0.0016811254024392177
Mg,Ge,144,63053,0.0022837929995400694
Mg,H,58666,63053,0.9304236118820675
Mg,He,3,63053,0.00004757902082375145
Mg,Hf,56,63053,0.0008881417220433604
Mg,Hg,38,63053,0.0006026675971008517
Mg,Ho,17,63053,0.00026961445133459155
Mg,Hs,0,63053,0.0
Mg,I,2664,63053,0.04225017049149128
Mg,In,143,63053,0.002267933325932152
Mg,Ir,34,63053,0.0005392289026691831
Mg,K,1884,63053,0.02987962507731591
Mg,Kr,0,63053,0.0
Mg,La,230,63053,0.0036477249298209444
Mg,Li,2194,63053,0.03479612389577023
Mg,Lr,0,63053,0.0
Mg,Lu,14,63053,0.0002220354305108401
Mg,Lv,0,63053,0.0
Mg,Mc,0,63053,0.0
Mg,Md,2,63053,0.000031719347215834297
Mg,Mg,63053,63053,1.0
Mg,Mn,1103,63053,0.017493219989532616
Mg,Mo,245,63053,0.0038856200339397015
Mg,Mt,0,63053,0.0
Mg,N,21852,63053,0.34656558768020557
Mg,Na,2796,63053,0.04434364740773635
Mg,Nb,179,63053,0.0028388815758171697
Mg,Nd,96,63053,0.0015225286663600463
Mg,Ne,2,63053,0.000031719347215834297
Mg,Nh,0,63053,0.0
Mg,Ni,722,63053,0.011450684344916182
Mg,No,1,63053,0.000015859673607917148
Mg,Np,0,63053,0.0
Mg,O,45690,63053,0.7246284871457346
Mg,Og,0,63053,0.0
Mg,Os,16,63053,0.00025375477772667437
Mg,P,4969,63053,0.07880671815774032
Mg,Pa,0,63053,0.0
Mg,Pb,255,63053,0.004044216770018873
Mg,Pd,266,63053,0.004218673179705962
Mg,Pm,3,63053,0.00004757902082375145
Mg,Po,3,63053,0.00004757902082375145
Mg,Pr,33,63053,0.0005233692290612659
Mg,Pt,88,63053,0.0013956512774967091
Mg,Pu,2,63053,0.000031719347215834297
Mg,Ra,2,63053,0.000031719347215834297
Mg,Rb,52,63053,0.0008247030276116918
Mg,Re,27,63053,0.000428211187413763
Mg,Rf,4,63053,0.00006343869443166859
Mg,Rg,0,63053,0.0
Mg,Rh,28,63053,0.0004440708610216802
Mg,Rn,0,63053,0.0
Mg,Ru,52,63053,0.0008247030276116918
Mg,S,10007,63053,0.15870775379442692
Mg,Sb,119,63053,0.0018873011593421407
Mg,Sc,87,63053,0.001379791603888792
Mg,Se,294,63053,0.004662744040727642
Mg,Sg,0,63053,0.0
Mg,Si,5597,63053,0.08876659318351228
Mg,Sm,31,63053,0.0004916498818454317
Mg,Sn,462,63053,0.0073271692068577225
Mg,Sr,437,63053,0.006930677366659794
Mg,Ta,88,63053,0.0013956512774967091
Mg,Tb,40,63053,0.000634386944316686
Mg,Tc,7,63053,0.00011101771525542005
Mg,Te,62,63053,0.0009832997636908633
Mg,Th,18,63053,0.0002854741249425087
Mg,Ti,960,63053,0.015225286663600464
Mg,Tl,16,63053,0.00025375477772667437
Mg,Tm,11,63053,0.00017445640968708864
Mg,Ts,0,63053,0.0
Mg,U,65,63053,0.0010308787845146148
Mg,V,252,63053,0.003996637749195122
Mg,W,155,63053,0.0024582494092271583
Mg,Xe,2,63053,0.000031719347215834297
Mg,Y,235,63053,0.00372702329786053
Mg,Yb,34,63053,0.0005392289026691831
Mg,Zn,1848,63053,0.02930867682743089
Mg,Zr,467,63053,0.0074064675748973085
Mn,Ac,16,30915,0.0005175481158013909
Mn,Ag,148,30915,0.004787320071162866
Mn,Al,1125,30915,0.036390101892285295
Mn,Am,0,30915,0.0
Mn,Ar,4,30915,0.00012938702895034772
Mn,As,107,30915,0.003461103024421802
Mn,At,0,30915,0.0
Mn,Au,103,30915,0.003331715995471454
Mn,B,937,30915,0.030308911531618955
Mn,Ba,251,30915,0.00811903606663432
Mn,Be,41,30915,0.0013262170467410641
Mn,Bh,0,30915,0.0
Mn,Bi,206,30915,0.006663431990942908
Mn,Bk,0,30915,0.0
Mn,Br,1343,30915,0.04344169497007925
Mn,C,21225,30915,0.6865599223677826
Mn,Ca,756,30915,0.02445414847161572
Mn,Cd,105,30915,0.003396409509946628
Mn,Ce,300,30915,0.009704027171276079
Mn,Cf,0,30915,0.0
Mn,Cl,5402,30915,0.1747371825974446
Mn,Cm,1,30915,0.00003234675723758693
Mn,Cn,0,30915,0.0
Mn,Co,1645,30915,0.053210415655830505
Mn,Cr,796,30915,0.025748018761119196
Mn,Cs,105,30915,0.003396409509946628
Mn,Cu,1283,30915,0.04150088953582404
Mn,Db,0,30915,0.0
Mn,Ds,0,30915,0.0
Mn,Dy,28,30915,0.0009057092026524341
Mn,Er,16,30915,0.0005175481158013909
Mn,Es,0,30915,0.0
Mn,Eu,32,30915,0.0010350962316027818
Mn,F,2468,30915,0.07983179686236455
Mn,Fe,2382,30915,0.07704997573993207
Mn,Fl,0,30915,0.0
Mn,Fm,0,30915,0.0
Mn,Fr,0,30915,0.0
Mn,Ga,90,30915,0.002911208151382824
Mn,Gd,72,30915,0.0023289665211062593
Mn,Ge,114,30915,0.0036875303250849104
Mn,H,25915,30915,0.8382662138120653
Mn,He,0,30915,0.0
Mn,Hf,26,30915,0.0008410156881772603
Mn,Hg,48,30915,0.0015526443474041726
Mn,Ho,15,30915,0.00048520135856380397
Mn,Hs,0,30915,0.0
Mn,I,575,30915,0.018599385411612487
Mn,In,84,30915,0.0027171276079573023
Mn,Ir,72,30915,0.0023289665211062593
Mn,K,909,30915,0.02940320232896652
Mn,Kr,0,30915,0.0
Mn,La,391,30915,0.01264758207989649
Mn,Li,1675,30915,0.05418081837295811
Mn,Lr,2,30915,0.00006469351447517386
Mn,Lu,15,30915,0.00048520135856380397
Mn,Lv,0,30915,0.0
Mn,Mc,0,30915,0.0
Mn,Md,2,30915,0.00006469351447517386
Mn,Mg,1103,30915,0.03567847323305839
Mn,Mn,30915,30915,1.0
Mn,Mo,496,30915,0.01604399158984312
Mn,Mt,0,30915,0.0
Mn,N,15013,30915,0.4856218664078926
Mn,Na,1297,30915,0.04195374413715025
Mn,Nb,173,30915,0.0055959890021025395
Mn,Nd,70,30915,0.0022642730066310852
Mn,Ne,0,30915,0.0
Mn,Nh,0,30915,0.0
Mn,Ni,1987,30915,0.06427300663108523
Mn,No,1,30915,0.00003234675723758693
Mn,Np,4,30915,0.00012938702895034772
Mn,O,21932,30915,0.7094290797347566
Mn,Og,0,30915,0.0
Mn,Os,52,30915,0.0016820313763545205
Mn,P,2902,30915,0.09387028950347728
Mn,Pa,1,30915,0.00003234675723758693
Mn,Pb,230,30915,0.0074397541646449945
Mn,Pd,120,30915,0.0038816108685104317
Mn,Pm,9,30915,0.0002911208151382824
Mn,Po,4,30915,0.00012938702895034772
Mn,Pr,75,30915,0.0024260067928190197
Mn,Pt,115,30915,0.0037198770823224972
Mn,Pu,3,30915,0.00009704027171276079
Mn,Ra,5,30915,0.00016173378618793466
Mn,Rb,34,30915,0.0010997897460779556
Mn,Re,53,30915,0.0017143781335921073
Mn,Rf,2,30915,0.00006469351447517386
Mn,Rg,0,30915,0.0
Mn,Rh,55,30915,0.0017790716480672812
Mn,Rn,1,30915,0.00003234675723758693
Mn,Ru,132,30915,0.004269771955361475
Mn,S,4386,30915,0.14187287724405628
Mn,Sb,207,30915,0.006695778748180495
Mn,Sc,65,30915,0.0021025392204431508
Mn,Se,219,30915,0.007083939835031538
Mn,Sg,0,30915,0.0
Mn,Si,1358,30915,0.04392689632864305
Mn,Sm,35,30915,0.0011321365033155426
Mn,Sn,306,30915,0.009898107714701601
Mn,Sr,328,30915,0.010609736373928513
Mn,Ta,71,30915,0.002296619763868672
Mn,Tb,36,30915,0.0011644832605531296
Mn,Tc,14,30915,0.00045285460132621705
Mn,Te,81,30915,0.0026200873362445414
Mn,Th,13,30915,0.00042050784408863013
Mn,Ti,713,30915,0.023063237910399482
Mn,Tl,14,30915,0.00045285460132621705
Mn,Tm,13,30915,0.00042050784408863013
Mn,Ts,0,30915,0.0
Mn,U,46,30915,0.0014879508329289988
Mn,V,399,30915,0.012906356137797186
Mn,W,249,30915,0.008054342552159146
Mn,Xe,0,30915,0.0
Mn,Y,150,30915,0.0048520135856380394
Mn,Yb,28,30915,0.0009057092026524341
Mn,Zn,1338,30915,0.04327996118389132
Mn,Zr,297,30915,0.00960698689956332
Mo,Ac,2,20126,0.00009937394415184339
Mo,Ag,129,20126,0.006409619397793899
Mo,Al,602,20126,0.029911557189704858
Mo,Am,2,20126,0.00009937394415184339
Mo,Ar,16,20126,0.0007949915532147471
Mo,As,83,20126,0.0041240186823015
Mo,At,1,20126,0.000049686972075921695
Mo,Au,134,20126,0.006658054258173507
Mo,B,708,20126,0.03517837622975256
Mo,Ba,58,20126,0.002881844380403458
Mo,Be,22,20126,0.0010931133856702773
Mo,Bh,0,20126,0.0
Mo,Bi,307,20126,0.01525390042730796
Mo,Bk,0,20126,0.0
Mo,Br,760,20126,0.03776209877770049
Mo,C,12947,20126,0.6432972274669582
Mo,Ca,158,20126,0.007850541587995627
Mo,Cd,55,20126,0.002732783464175693
Mo,Ce,163,20126,0.008098976448375235
Mo,Cf,0,20126,0.0
Mo,Cl,1604,20126,0.07969790320977839
Mo,Cm,2,20126,0.00009937394415184339
Mo,Cn,0,20126,0.0
Mo,Co,733,20126,0.0364205505316506
Mo,Cr,680,20126,0.033787141011626755
Mo,Cs,50,20126,0.0024843486037960847
Mo,Cu,661,20126,0.03284308854218424
Mo,Db,0,20126,0.0
Mo,Ds,0,20126,0.0
Mo,Dy,22,20126,0.0010931133856702773
Mo,Er,22,20126,0.0010931133856702773
Mo,Es,1,20126,0.000049686972075921695
Mo,Eu,8,20126,0.00039749577660737356
Mo,F,1333,20126,0.06623273377720362
Mo,Fe,967,20126,0.048047301997416275
Mo,Fl,0,20126,0.0
Mo,Fm,0,20126,0.0
Mo,Fr,1,20126,0.000049686972075921695
Mo,Ga,45,20126,0.0022359137434164763
Mo,Gd,18,20126,0.0008943654973665905
Mo,Ge,88,20126,0.004372453542681109
Mo,H,16365,20126,0.8131272980224585
Mo,He,1,20126,0.000049686972075921695
Mo,Hf,70,20126,0.0034780880453145185
Mo,Hg,19,20126,0.0009440524694425122
Mo,Ho,10,20126,0.0004968697207592169
Mo,Hs,0,20126,0.0
Mo,I,243,20126,0.012073934214448972
Mo,In,71,20126,0.00352777501739044
Mo,Ir,61,20126,0.0030309052966312235
Mo,K,256,20126,0.012719864851435954
Mo,Kr,0,20126,0.0
Mo,La,111,20126,0.005515253900427308
Mo,Li,193,20126,0.009589585610652887
Mo,Lr,0,20126,0.0
Mo,Lu,8,20126,0.00039749577660737356
Mo,Lv,0,20126,0.0
Mo,Mc,0,20126,0.0
Mo,Md,4,20126,0.00019874788830368678
Mo,Mg,245,20126,0.012173308158600816
Mo,Mn,496,20126,0.02464473814965716
Mo,Mo,20126,20126,1.0
Mo,Mt,0,20126,0.0
Mo,N,8112,20126,0.40306071747987676
Mo,Na,382,20126,0.018980423333002087
Mo,Nb,382,20126,0.018980423333002087
Mo,Nd,47,20126,0.0023352876875683197
Mo,Ne,0,20126,0.0
Mo,Nh,0,20126,0.0
Mo,Ni,1047,20126,0.052022259763490016
Mo,No,2,20126,0.00009937394415184339
Mo,Np,2,20126,0.00009937394415184339
Mo,O,12960,20126,0.6439431581039451
Mo,Og,0,20126,0.0
Mo,Os,23,20126,0.001142800357746199
Mo,P,3167,20126,0.157358640564444
Mo,Pa,0,20126,0.0
Mo,Pb,135,20126,0.006707741230249429
Mo,Pd,116,20126,0.005763688760806916
Mo,Pm,0,20126,0.0
Mo,Po,4,20126,0.00019874788830368678
Mo,Pr,13,20126,0.000645930636986982
Mo,Pt,137,20126,0.006807115174401272
Mo,Pu,7,20126,0.00034780880453145184
Mo,Ra,1,20126,0.000049686972075921695
Mo,Rb,28,20126,0.0013912352181258073
Mo,Re,122,20126,0.006061810593262447
Mo,Rf,1,20126,0.000049686972075921695
Mo,Rg,0,20126,0.0
Mo,Rh,77,20126,0.0038258968498459706
Mo,Rn,0,20126,0.0
Mo,Ru,115,20126,0.005714001788730994
Mo,S,4526,20126,0.2248832356156216
Mo,Sb,171,20126,0.00849647222498261
Mo,Sc,33,20126,0.001639670078505416
Mo,Se,242,20126,0.01202424724237305
Mo,Sg,0,20126,0.0
Mo,Si,1029,20126,0.05112789426612342
Mo,Sm,21,20126,0.0010434264135943555
Mo,Sn,212,20126,0.010533638080095399
Mo,Sr,74,20126,0.003676835933618205
Mo,Ta,168,20126,0.008347411308754844
Mo,Tb,13,20126,0.000645930636986982
Mo,Tc,21,20126,0.0010434264135943555
Mo,Te,112,20126,0.005564940872503229
Mo,Th,17,20126,0.0008446785252906688
Mo,Ti,529,20126,0.026284408228162574
Mo,Tl,17,20126,0.0008446785252906688
Mo,Tm,3,20126,0.00014906091622776508
Mo,Ts,0,20126,0.0
Mo,U,71,20126,0.00352777501739044
Mo,V,664,20126,0.032992149458412
Mo,W,1176,20126,0.05843187916128391
Mo,Xe,1,20126,0.000049686972075921695
Mo,Y,73,20126,0.0036271489615422835
Mo,Yb,9,20126,0.0004471827486832952
Mo,Zn,433,20126,0.021514458908874094
Mo,Zr,277,20126,0.013763291265030309
Mt,Ac,0,79,0.0
Mt,Ag,0,79,0.0
Mt,Al,0,79,0.0
Mt,Am,0,79,0.0
Mt,Ar,0,79,0.0
Mt,As,0,79,0.0
Mt,At,0,79,0.0
Mt,Au,0,79,0.0
Mt,B,0,79,0.0
Mt,Ba,0,79,0.0
Mt,Be,0,79,0.0
Mt,Bh,0,79,0.0
Mt,Bi,0,79,0.0
Mt,Bk,0,79,0.0
Mt,Br,2,79,0.02531645569620253
Mt,C,65,79,0.8227848101265823
Mt,Ca,0,79,0.0
Mt,Cd,0,79,0.0
Mt,Ce,0,79,0.0
Mt,Cf,0,79,0.0
Mt,Cl,4,79,0.05063291139240506
Mt,Cm,0,79,0.0
Mt,Cn,0,79,0.0
Mt,Co,0,79,0.0
Mt,Cr,0,79,0.0
Mt,Cs,0,79,0.0
Mt,Cu,0,79,0.0
Mt,Db,0,79,0.0
Mt,Ds,0,79,0.0
Mt,Dy,0,79,0.0
Mt,Er,0,79,0.0
Mt,Es,0,79,0.0
Mt,Eu,0,79,0.0
Mt,F,0,79,0.0
Mt,Fe,0,79,0.0
Mt,Fl,0,79,0.0
Mt,Fm,0,79,0.0
Mt,Fr,0,79,0.0
Mt,Ga,0,79,0.0
Mt,Gd,0,79,0.0
Mt,Ge,0,79,0.0
Mt,H,67,79,0.8481012658227848
Mt,He,0,79,0.0
Mt,Hf,0,79,0.0
Mt,Hg,0,79,0.0
Mt,Ho,0,79,0.0
Mt,Hs,0,79,0.0
Mt,I,0,79,0.0
Mt,In,0,79,0.0
Mt,Ir,0,79,0.0
Mt,K,2,79,0.02531645569620253
Mt,Kr,0,79,0.0
Mt,La,0,79,0.0
Mt,Li,1,79,0.012658227848101266
Mt,Lr,0,79,0.0
Mt,Lu,0,79,0.0
Mt,Lv,0,79,0.0
Mt,Mc,0,79,0.0
Mt,Md,0,79,0.0
Mt,Mg,0,79,0.0
Mt,Mn,0,79,0.0
Mt,Mo,0,79,0.0
Mt,Mt,79,79,1.0
Mt,N,44,79,0.5569620253164557
Mt,Na,0,79,0.0
Mt,Nb,0,79,0.0
Mt,Nd,0,79,0.0
Mt,Ne,0,79,0.0
Mt,Nh,0,79,0.0
Mt,Ni,0,79,0.0
Mt,No,0,79,0.0
Mt,Np,0,79,0.0
Mt,O,50,79,0.6329113924050633
Mt,Og,0,79,0.0
Mt,Os,0,79,0.0
Mt,P,1,79,0.012658227848101266
Mt,Pa,0,79,0.0
Mt,Pb,0,79,0.0
Mt,Pd,0,79,0.0
Mt,Pm,0,79,0.0
Mt,Po,0,79,0.0
Mt,Pr,0,79,0.0
Mt,Pt,2,79,0.02531645569620253
Mt,Pu,0,79,0.0
Mt,Ra,0,79,0.0
Mt,Rb,0,79,0.0
Mt,Re,0,79,0.0
Mt,Rf,0,79,0.0
Mt,Rg,0,79,0.0
Mt,Rh,1,79,0.012658227848101266
Mt,Rn,0,79,0.0
Mt,Ru,0,79,0.0
Mt,S,38,79,0.4810126582278481
Mt,Sb,0,79,0.0
Mt,Sc,0,79,0.0
Mt,Se,0,79,0.0
Mt,Sg,0,79,0.0
Mt,Si,2,79,0.02531645569620253
Mt,Sm,0,79,0.0
Mt,Sn,0,79,0.0
Mt,Sr,0,79,0.0
Mt,Ta,0,79,0.0
Mt,Tb,0,79,0.0
Mt,Tc,0,79,0.0
Mt,Te,0,79,0.0
Mt,Th,0,79,0.0
Mt,Ti,0,79,0.0
Mt,Tl,0,79,0.0
Mt,Tm,0,79,0.0
Mt,Ts,0,79,0.0
Mt,U,4,79,0.05063291139240506
Mt,V,0,79,0.0
Mt,W,2,79,0.02531645569620253
Mt,Xe,0,79,0.0
Mt,Y,2,79,0.02531645569620253
Mt,Yb,0,79,0.0
Mt,Zn,0,79,0.0
Mt,Zr,0,79,0.0
N,Ac,6754,110925773,0.000060887563073371595
N,Ag,8559,110925773,0.00007715970570698659
N,Al,27850,110925773,0.0002510687935435888
N,Am,152,110925773,1.370285695462316e-6
N,Ar,2146,110925773,0.000019346270410935066
N,As,17582,110925773,0.0001585023888001213
N,At,838,110925773,7.554601399983032e-6
N,Au,8704,110925773,0.00007846688614015789
N,B,1003826,110925773,0.009049529003507598
N,Ba,2999,110925773,0.000027036097372970303
N,Be,1434,110925773,0.000012927563732190535
N,Bh,36,110925773,3.245413489252854e-7
N,Bi,4004,110925773,0.00003609621003046785
N,Bk,97,110925773,8.744586346042411e-7
N,Br,7527966,110925773,0.06786489556399125
N,C,110890006,110925773,0.9996775591548053
N,Ca,14149,110925773,0.0001275537651651073
N,Cd,2590,110925773,0.000023348947047680255
N,Ce,2203,110925773,0.000019860127546733435
N,Cf,116,110925773,1.0457443465370307e-6
N,Cl,20277317,110925773,0.18280077254904503
N,Cm,431,110925773,3.885481149633278e-6
N,Cn,0,110925773,0.0
N,Co,27856,110925773,0.0002511228837684097
N,Cr,11876,110925773,0.00010706258499546358
N,Cs,7507,110925773,0.00006767588628839214
N,Cu,43552,110925773,0.00039262291189983415
N,Db,61,110925773,5.499172856789558e-7
N,Ds,2,110925773,1.803007494029363e-8
N,Dy,970,110925773,8.744586346042411e-6
N,Er,650,110925773,5.859774355595431e-6
N,Es,262,110925773,2.3619398171784657e-6
N,Eu,2685,110925773,0.0000242053756073442
N,F,23130199,110925773,0.2085196106769524
N,Fe,40104,110925773,0.0003615390627027679
N,Fl,0,110925773,0.0
N,Fm,2008,110925773,0.000018102195240054806
N,Fr,7,110925773,6.310526229102772e-8
N,Ga,4614,110925773,0.00004159538288725741
N,Gd,5176,110925773,0.00004666183394547992
N,Ge,27003,110925773,0.00024343305680637448
N,H,110902560,110925773,0.9997907339352055
N,He,97,110925773,8.744586346042411e-7
N,Hf,6405,110925773,0.00005774131499629036
N,Hg,5409,110925773,0.00004876233767602413
N,Ho,661,110925773,5.958939767767046e-6
N,Hs,42,110925773,3.786315737461663e-7
N,I,2231635,110925773,0.02011827314469109
N,In,5167,110925773,0.0000465806986082486
N,Ir,164437,110925773,0.001482405716478532
N,K,90483,110925773,0.0008157076354112944
N,Kr,21,110925773,1.8931578687308315e-7
N,La,1830,110925773,0.000016497518570368675
N,Li,63553,110925773,0.0005729326763402406
N,Lr,753,110925773,6.788323215020552e-6
N,Lu,1547,110925773,0.000013946262966317124
N,Lv,0,110925773,0.0
N,Mc,0,110925773,0.0
N,Md,42,110925773,3.786315737461663e-7
N,Mg,21852,110925773,0.00019699659879764822
N,Mn,15013,110925773,0.00013534275753931415
N,Mo,8112,110925773,0.00007312998395783097
N,Mt,44,110925773,3.966616486864599e-7
N,N,110925773,110925773,1.0
N,Na,264424,110925773,0.0023837922680061017
N,Nb,1453,110925773,0.000013098849444123323
N,Nd,1502,110925773,0.000013540586280160518
N,Ne,61,110925773,5.499172856789558e-7
N,Nh,0,110925773,0.0
N,Ni,28970,110925773,0.0002611656355101533
N,No,179,110925773,1.6136917071562801e-6
N,Np,259,110925773,2.3348947047680252e-6
N,O,97586320,110925773,0.8797443313737376
N,Og,0,110925773,0.0
N,Os,5974,110925773,0.00005385583384665708
N,P,1601273,110925773,0.014435536094934403
N,Pa,113,110925773,1.0186992341265902e-6
N,Pb,5771,110925773,0.00005202578124021728
N,Pd,34693,110925773,0.0003127586949518035
N,Pm,125,110925773,1.1268796837683521e-6
N,Po,652,110925773,5.877804430535724e-6
N,Pr,1534,110925773,0.000013829067479205216
N,Pt,133175,110925773,0.0012005776150868022
N,Pu,134,110925773,1.2080150209996733e-6
N,Ra,80,110925773,7.212029976117452e-7
N,Rb,6550,110925773,0.000059048495429461644
N,Re,6496,110925773,0.00005856168340607372
N,Rf,2501,110925773,0.000022546608712837186
N,Rg,1,110925773,9.015037470146815e-9
N,Rh,6808,110925773,0.00006137437509675952
N,Rn,36,110925773,3.245413489252854e-7
N,Ru,26522,110925773,0.00023909682378323385
N,S,33991401,110925773,0.30643375367778597
N,Sb,5027,110925773,0.00004531859336242804
N,Sc,1070,110925773,9.646090093057093e-6
N,Se,71912,110925773,0.0006482893745531978
N,Sg,28,110925773,2.5242104916411086e-7
N,Si,1001259,110925773,0.009026387402321732
N,Sm,1018,110925773,9.177308144609459e-6
N,Sn,41426,110925773,0.000373456942238302
N,Sr,1495,110925773,0.00001347748101786949
N,Ta,1580,110925773,0.00001424375920283197
N,Tb,1314,110925773,0.000011845759235772916
N,Tc,2843,110925773,0.0000256297515276274
N,Te,6609,110925773,0.00005958038264020031
N,Th,407,110925773,3.669120250349754e-6
N,Ti,24475,110925773,0.00022064304208184332
N,Tl,3259,110925773,0.000029380007115208474
N,Tm,411,110925773,3.7051804002303415e-6
N,Ts,0,110925773,0.0
N,U,15076,110925773,0.0001359107048999334
N,V,23047,110925773,0.00020776956857447367
N,W,25958,110925773,0.00023401234265007105
N,Xe,177,110925773,1.5956616322159864e-6
N,Y,63485,110925773,0.0005723196537922706
N,Yb,1315,110925773,0.000011854774273243063
N,Zn,37554,110925773,0.0003385507171538935
N,Zr,18240,110925773,0.00016443428345547793
Na,Ac,210,410484,0.0005115911947846932
Na,Ag,522,410484,0.0012716695413219517
Na,Al,3279,410484,0.007988131084280994
Na,Am,1,410484,2.4361485465937773e-6
Na,Ar,101,410484,0.00024605100320597146
Na,As,845,410484,0.0020585455218717417
Na,At,11,410484,0.00002679763401253155
Na,Au,521,410484,0.0012692333927753578
Na,B,21848,410484,0.053224973445980844
Na,Ba,464,410484,0.0011303729256195126
Na,Be,86,410484,0.00020950877500706483
Na,Bh,2,410484,4.8722970931875546e-6
Na,Bi,317,410484,0.0007722590892702274
Na,Bk,0,410484,0.0
Na,Br,23450,410484,0.05712768341762407
Na,C,391677,410484,0.9541833542842109
Na,Ca,3020,410484,0.0073571686107132064
Na,Cd,82,410484,0.00019976418082068973
Na,Ce,225,410484,0.0005481334229835999
Na,Cf,1,410484,2.4361485465937773e-6
Na,Cl,65498,410484,0.1595628575047992
Na,Cm,3,410484,7.308445639781331e-6
Na,Cn,0,410484,0.0
Na,Co,1331,410484,0.0032425137155163175
Na,Cr,2084,410484,0.005076933571101431
Na,Cs,748,410484,0.0018222391128521452
Na,Cu,3178,410484,0.007742080081075024
Na,Db,5,410484,0.000012180742732968885
Na,Ds,0,410484,0.0
Na,Dy,34,410484,0.00008282905058418842
Na,Er,23,410484,0.000056031416571656875
Na,Es,1,410484,2.4361485465937773e-6
Na,Eu,127,410484,0.0003093908654174097
Na,F,48619,410484,0.11844310618684285
Na,Fe,2648,410484,0.006450921351380322
Na,Fl,0,410484,0.0
Na,Fm,4,410484,9.744594186375109e-6
Na,Fr,0,410484,0.0
Na,Ga,149,410484,0.00036298613344247277
Na,Gd,385,410484,0.0009379171904386041
Na,Ge,188,410484,0.0004579959267596301
Na,H,403126,410484,0.9820748189941629
Na,He,8,410484,0.000019489188372750218
Na,Hf,48,410484,0.0001169351302365013
Na,Hg,588,410484,0.001432455345397141
Na,Ho,12,410484,0.000029233782559125326
Na,Hs,1,410484,2.4361485465937773e-6
Na,I,10476,410484,0.025521092174116407
Na,In,182,410484,0.00044337903548006744
Na,Ir,201,410484,0.0004896658578653492
Na,K,9422,410484,0.022953391606006568
Na,Kr,3,410484,7.308445639781331e-6
Na,La,170,410484,0.0004141452529209421
Na,Li,4917,410484,0.011978542403601602
Na,Lr,0,410484,0.0
Na,Lu,23,410484,0.000056031416571656875
Na,Lv,0,410484,0.0
Na,Mc,0,410484,0.0
Na,Md,2,410484,4.8722970931875546e-6
Na,Mg,2796,410484,0.006811471336276201
Na,Mn,1297,410484,0.0031596846649321287
Na,Mo,382,410484,0.0009306087447988229
Na,Mt,0,410484,0.0
Na,N,264424,410484,0.6441761432845129
Na,Na,410484,410484,1.0
Na,Nb,189,410484,0.00046043207530622386
Na,Nd,40,410484,0.00009744594186375108
Na,Ne,14,410484,0.00003410607965231288
Na,Nh,0,410484,0.0
Na,Ni,907,410484,0.0022095867317605557
Na,No,9,410484,0.000021925336919343994
Na,Np,4,410484,9.744594186375109e-6
Na,O,391311,410484,0.9532917239161575
Na,Og,0,410484,0.0
Na,Os,172,410484,0.00041901755001412966
Na,P,51035,410484,0.12432884107541342
Na,Pa,1,410484,2.4361485465937773e-6
Na,Pb,383,410484,0.0009330448933454166
Na,Pd,1651,410484,0.004022081250426326
Na,Pm,0,410484,0.0
Na,Po,11,410484,0.00002679763401253155
Na,Pr,30,410484,0.00007308445639781331
Na,Pt,448,410484,0.001091394548874012
Na,Pu,2,410484,4.8722970931875546e-6
Na,Ra,1,410484,2.4361485465937773e-6
Na,Rb,109,410484,0.0002655401915787217
Na,Re,62,410484,0.00015104120988881418
Na,Rf,21,410484,0.000051159119478469316
Na,Rg,0,410484,0.0
Na,Rh,171,410484,0.0004165814014675359
Na,Rn,8,410484,0.000019489188372750218
Na,Ru,414,410484,0.0010085654982898238
Na,S,206703,410484,0.5035592130265735
Na,Sb,615,410484,0.0014982313561551729
Na,Sc,107,410484,0.00026066789448553416
Na,Se,1185,410484,0.002886836027713626
Na,Sg,0,410484,0.0
Na,Si,8383,410484,0.020422233266095633
Na,Sm,56,410484,0.0001364243186092515
Na,Sn,1027,410484,0.0025019245573518092
Na,Sr,265,410484,0.000645579364847351
Na,Ta,99,410484,0.00024117870611278393
Na,Tb,30,410484,0.00007308445639781331
Na,Tc,166,410484,0.000404400658734567
Na,Te,198,410484,0.00048235741222556785
Na,Th,53,410484,0.0001291158729694702
Na,Ti,804,410484,0.001958663431461397
Na,Tl,45,410484,0.00010962668459671997
Na,Tm,13,410484,0.0000316699311057191
Na,Ts,0,410484,0.0
Na,U,426,410484,0.001037799280848949
Na,V,922,410484,0.0022461289599594626
Na,W,514,410484,0.0012521803529492014
Na,Xe,9,410484,0.000021925336919343994
Na,Y,504,410484,0.0012278188674832637
Na,Yb,66,410484,0.00016078580407518928
Na,Zn,1724,410484,0.004199920094327672
Na,Zr,523,410484,0.0012741056898685455
Nb,Ac,5,6672,0.000749400479616307
Nb,Ag,56,6672,0.008393285371702638
Nb,Al,338,6672,0.05065947242206235
Nb,Am,0,6672,0.0
Nb,Ar,4,6672,0.0005995203836930455
Nb,As,16,6672,0.002398081534772182
Nb,At,0,6672,0.0
Nb,Au,41,6672,0.006145083932853717
Nb,B,205,6672,0.030725419664268585
Nb,Ba,156,6672,0.023381294964028777
Nb,Be,34,6672,0.005095923261390888
Nb,Bh,0,6672,0.0
Nb,Bi,173,6672,0.02592925659472422
Nb,Bk,1,6672,0.00014988009592326138
Nb,Br,83,6672,0.012440047961630696
Nb,C,2912,6672,0.4364508393285372
Nb,Ca,99,6672,0.014838129496402877
Nb,Cd,21,6672,0.003147482014388489
Nb,Ce,63,6672,0.009442446043165468
Nb,Cf,0,6672,0.0
Nb,Cl,625,6672,0.09367505995203837
Nb,Cm,0,6672,0.0
Nb,Cn,0,6672,0.0
Nb,Co,173,6672,0.02592925659472422
Nb,Cr,253,6672,0.03791966426858513
Nb,Cs,27,6672,0.0040467625899280575
Nb,Cu,196,6672,0.029376498800959234
Nb,Db,0,6672,0.0
Nb,Ds,0,6672,0.0
Nb,Dy,8,6672,0.001199040767386091
Nb,Er,14,6672,0.0020983213429256594
Nb,Es,0,6672,0.0
Nb,Eu,8,6672,0.001199040767386091
Nb,F,496,6672,0.07434052757793765
Nb,Fe,302,6672,0.04526378896882494
Nb,Fl,0,6672,0.0
Nb,Fm,1,6672,0.00014988009592326138
Nb,Fr,0,6672,0.0
Nb,Ga,64,6672,0.009592326139088728
Nb,Gd,6,6672,0.0008992805755395684
Nb,Ge,55,6672,0.008243405275779377
Nb,H,4408,6672,0.6606714628297362
Nb,He,1,6672,0.00014988009592326138
Nb,Hf,110,6672,0.016486810551558755
Nb,Hg,8,6672,0.001199040767386091
Nb,Ho,6,6672,0.0008992805755395684
Nb,Hs,0,6672,0.0
Nb,I,54,6672,0.008093525179856115
Nb,In,59,6672,0.008842925659472423
Nb,Ir,33,6672,0.0049460431654676255
Nb,K,219,6672,0.03282374100719424
Nb,Kr,0,6672,0.0
Nb,La,101,6672,0.0151378896882494
Nb,Li,312,6672,0.046762589928057555
Nb,Lr,0,6672,0.0
Nb,Lu,13,6672,0.0019484412470023981
Nb,Lv,0,6672,0.0
Nb,Mc,0,6672,0.0
Nb,Md,0,6672,0.0
Nb,Mg,179,6672,0.02682853717026379
Nb,Mn,173,6672,0.02592925659472422
Nb,Mo,382,6672,0.05725419664268585
Nb,Mt,0,6672,0.0
Nb,N,1453,6672,0.2177757793764988
Nb,Na,189,6672,0.028327338129496404
Nb,Nb,6672,6672,1.0
Nb,Nd,39,6672,0.005845323741007194
Nb,Ne,5,6672,0.000749400479616307
Nb,Nh,0,6672,0.0
Nb,Ni,301,6672,0.045113908872901676
Nb,No,0,6672,0.0
Nb,Np,2,6672,0.00029976019184652276
Nb,O,3572,6672,0.5353717026378897
Nb,Og,0,6672,0.0
Nb,Os,11,6672,0.0016486810551558752
Nb,P,284,6672,0.042565947242206234
Nb,Pa,0,6672,0.0
Nb,Pb,274,6672,0.04106714628297362
Nb,Pd,24,6672,0.0035971223021582736
Nb,Pm,1,6672,0.00014988009592326138
Nb,Po,4,6672,0.0005995203836930455
Nb,Pr,8,6672,0.001199040767386091
Nb,Pt,31,6672,0.004646282973621103
Nb,Pu,2,6672,0.00029976019184652276
Nb,Ra,2,6672,0.00029976019184652276
Nb,Rb,31,6672,0.004646282973621103
Nb,Re,51,6672,0.007643884892086331
Nb,Rf,0,6672,0.0
Nb,Rg,0,6672,0.0
Nb,Rh,22,6672,0.0032973621103117505
Nb,Rn,0,6672,0.0
Nb,Ru,34,6672,0.005095923261390888
Nb,S,280,6672,0.04196642685851319
Nb,Sb,84,6672,0.012589928057553957
Nb,Sc,45,6672,0.006744604316546762
Nb,Se,62,6672,0.009292565947242206
Nb,Sg,0,6672,0.0
Nb,Si,417,6672,0.0625
Nb,Sm,6,6672,0.0008992805755395684
Nb,Sn,171,6672,0.025629496402877698
Nb,Sr,147,6672,0.022032374100719423
Nb,Ta,500,6672,0.0749400479616307
Nb,Tb,9,6672,0.0013489208633093526
Nb,Tc,13,6672,0.0019484412470023981
Nb,Te,54,6672,0.008093525179856115
Nb,Th,15,6672,0.0022482014388489208
Nb,Ti,750,6672,0.11241007194244604
Nb,Tl,19,6672,0.0028477218225419665
Nb,Tm,5,6672,0.000749400479616307
Nb,Ts,0,6672,0.0
Nb,U,40,6672,0.005995203836930456
Nb,V,237,6672,0.03552158273381295
Nb,W,270,6672,0.040467625899280574
Nb,Xe,0,6672,0.0
Nb,Y,81,6672,0.012140287769784174
Nb,Yb,24,6672,0.0035971223021582736
Nb,Zn,142,6672,0.021282973621103117
Nb,Zr,407,6672,0.06100119904076739
Nd,Ac,1,5576,0.0001793400286944046
Nd,Ag,24,5576,0.00430416068866571
Nd,Al,164,5576,0.029411764705882353
Nd,Am,0,5576,0.0
Nd,Ar,2,5576,0.0003586800573888092
Nd,As,5,5576,0.000896700143472023
Nd,At,0,5576,0.0
Nd,Au,14,5576,0.002510760401721664
Nd,B,283,5576,0.0507532281205165
Nd,Ba,89,5576,0.015961262553802008
Nd,Be,5,5576,0.000896700143472023
Nd,Bh,0,5576,0.0
Nd,Bi,40,5576,0.007173601147776184
Nd,Bk,0,5576,0.0
Nd,Br,110,5576,0.019727403156384504
Nd,C,3626,5576,0.650286944045911
Nd,Ca,51,5576,0.009146341463414634
Nd,Cd,14,5576,0.002510760401721664
Nd,Ce,198,5576,0.03550932568149211
Nd,Cf,0,5576,0.0
Nd,Cl,679,5576,0.12177187948350071
Nd,Cm,5,5576,0.000896700143472023
Nd,Cn,0,5576,0.0
Nd,Co,80,5576,0.014347202295552367
Nd,Cr,56,5576,0.010043041606886656
Nd,Cs,9,5576,0.0016140602582496414
Nd,Cu,108,5576,0.019368723098995694
Nd,Db,0,5576,0.0
Nd,Ds,0,5576,0.0
Nd,Dy,68,5576,0.012195121951219513
Nd,Er,37,5576,0.00663558106169297
Nd,Es,0,5576,0.0
Nd,Eu,55,5576,0.009863701578192252
Nd,F,386,5576,0.06922525107604018
Nd,Fe,267,5576,0.047883787661406024
Nd,Fl,0,5576,0.0
Nd,Fm,2,5576,0.0003586800573888092
Nd,Fr,0,5576,0.0
Nd,Ga,59,5576,0.010581061692969872
Nd,Gd,56,5576,0.010043041606886656
Nd,Ge,14,5576,0.002510760401721664
Nd,H,4355,5576,0.781025824964132
Nd,He,1,5576,0.0001793400286944046
Nd,Hf,22,5576,0.003945480631276901
Nd,Hg,5,5576,0.000896700143472023
Nd,Ho,31,5576,0.005559540889526543
Nd,Hs,0,5576,0.0
Nd,I,98,5576,0.01757532281205165
Nd,In,41,5576,0.007352941176470588
Nd,Ir,8,5576,0.0014347202295552368
Nd,K,31,5576,0.005559540889526543
Nd,Kr,0,5576,0.0
Nd,La,201,5576,0.036047345767575324
Nd,Li,100,5576,0.017934002869440458
Nd,Lr,0,5576,0.0
Nd,Lu,13,5576,0.0023314203730272595
Nd,Lv,0,5576,0.0
Nd,Mc,0,5576,0.0
Nd,Md,1,5576,0.0001793400286944046
Nd,Mg,96,5576,0.01721664275466284
Nd,Mn,70,5576,0.012553802008608322
Nd,Mo,47,5576,0.008428981348637015
Nd,Mt,0,5576,0.0
Nd,N,1502,5576,0.2693687230989957
Nd,Na,40,5576,0.007173601147776184
Nd,Nb,39,5576,0.006994261119081779
Nd,Nd,5576,5576,1.0
Nd,Ne,7,5576,0.001255380200860832
Nd,Nh,0,5576,0.0
Nd,Ni,99,5576,0.017754662840746054
Nd,No,0,5576,0.0
Nd,Np,2,5576,0.0003586800573888092
Nd,O,3402,5576,0.6101147776183644
Nd,Og,0,5576,0.0
Nd,Os,4,5576,0.0007173601147776184
Nd,P,930,5576,0.16678622668579626
Nd,Pa,1,5576,0.0001793400286944046
Nd,Pb,25,5576,0.0044835007173601145
Nd,Pd,17,5576,0.003048780487804878
Nd,Pm,13,5576,0.0023314203730272595
Nd,Po,0,5576,0.0
Nd,Pr,196,5576,0.0351506456241033
Nd,Pt,18,5576,0.0032281205164992827
Nd,Pu,8,5576,0.0014347202295552368
Nd,Ra,0,5576,0.0
Nd,Rb,19,5576,0.0034074605451936872
Nd,Re,15,5576,0.002690100430416069
Nd,Rf,0,5576,0.0
Nd,Rg,0,5576,0.0
Nd,Rh,5,5576,0.000896700143472023
Nd,Rn,0,5576,0.0
Nd,Ru,21,5576,0.0037661406025824963
Nd,S,323,5576,0.057926829268292686
Nd,Sb,13,5576,0.0023314203730272595
Nd,Sc,38,5576,0.0068149210903873745
Nd,Se,9,5576,0.0016140602582496414
Nd,Sg,0,5576,0.0
Nd,Si,212,5576,0.03802008608321377
Nd,Sm,105,5576,0.01883070301291248
Nd,Sn,35,5576,0.006276901004304161
Nd,Sr,50,5576,0.008967001434720229
Nd,Ta,15,5576,0.002690100430416069
Nd,Tb,43,5576,0.007711621233859397
Nd,Tc,0,5576,0.0
Nd,Te,5,5576,0.000896700143472023
Nd,Th,9,5576,0.0016140602582496414
Nd,Ti,106,5576,0.019010043041606885
Nd,Tl,6,5576,0.0010760401721664275
Nd,Tm,19,5576,0.0034074605451936872
Nd,Ts,0,5576,0.0
Nd,U,18,5576,0.0032281205164992827
Nd,V,44,5576,0.007890961262553802
Nd,W,20,5576,0.003586800573888092
Nd,Xe,0,5576,0.0
Nd,Y,146,5576,0.02618364418938307
Nd,Yb,55,5576,0.009863701578192252
Nd,Zn,79,5576,0.014167862266857963
Nd,Zr,108,5576,0.019368723098995694
Ne,Ac,0,225,0.0
Ne,Ag,2,225,0.008888888888888889
Ne,Al,2,225,0.008888888888888889
Ne,Am,0,225,0.0
Ne,Ar,23,225,0.10222222222222223
Ne,As,0,225,0.0
Ne,At,0,225,0.0
Ne,Au,4,225,0.017777777777777778
Ne,B,2,225,0.008888888888888889
Ne,Ba,2,225,0.008888888888888889
Ne,Be,1,225,0.0044444444444444444
Ne,Bh,0,225,0.0
Ne,Bi,0,225,0.0
Ne,Bk,0,225,0.0
Ne,Br,3,225,0.013333333333333334
Ne,C,95,225,0.4222222222222222
Ne,Ca,6,225,0.02666666666666667
Ne,Cd,3,225,0.013333333333333334
Ne,Ce,1,225,0.0044444444444444444
Ne,Cf,0,225,0.0
Ne,Cl,14,225,0.06222222222222222
Ne,Cm,0,225,0.0
Ne,Cn,0,225,0.0
Ne,Co,0,225,0.0
Ne,Cr,0,225,0.0
Ne,Cs,1,225,0.0044444444444444444
Ne,Cu,3,225,0.013333333333333334
Ne,Db,0,225,0.0
Ne,Ds,0,225,0.0
Ne,Dy,0,225,0.0
Ne,Er,0,225,0.0
Ne,Es,0,225,0.0
Ne,Eu,1,225,0.0044444444444444444
Ne,F,19,225,0.08444444444444445
Ne,Fe,2,225,0.008888888888888889
Ne,Fl,0,225,0.0
Ne,Fm,0,225,0.0
Ne,Fr,0,225,0.0
Ne,Ga,1,225,0.0044444444444444444
Ne,Gd,0,225,0.0
Ne,Ge,1,225,0.0044444444444444444
Ne,H,135,225,0.6
Ne,He,21,225,0.09333333333333334
Ne,Hf,2,225,0.008888888888888889
Ne,Hg,5,225,0.022222222222222223
Ne,Ho,0,225,0.0
Ne,Hs,0,225,0.0
Ne,I,1,225,0.0044444444444444444
Ne,In,1,225,0.0044444444444444444
Ne,Ir,0,225,0.0
Ne,K,2,225,0.008888888888888889
Ne,Kr,12,225,0.05333333333333334
Ne,La,0,225,0.0
Ne,Li,2,225,0.008888888888888889
Ne,Lr,0,225,0.0
Ne,Lu,0,225,0.0
Ne,Lv,0,225,0.0
Ne,Mc,0,225,0.0
Ne,Md,0,225,0.0
Ne,Mg,2,225,0.008888888888888889
Ne,Mn,0,225,0.0
Ne,Mo,0,225,0.0
Ne,Mt,0,225,0.0
Ne,N,61,225,0.27111111111111114
Ne,Na,14,225,0.06222222222222222
Ne,Nb,5,225,0.022222222222222223
Ne,Nd,7,225,0.03111111111111111
Ne,Ne,225,225,1.0
Ne,Nh,0,225,0.0
Ne,Ni,0,225,0.0
Ne,No,0,225,0.0
Ne,Np,0,225,0.0
Ne,O,90,225,0.4
Ne,Og,0,225,0.0
Ne,Os,1,225,0.0044444444444444444
Ne,P,9,225,0.04
Ne,Pa,0,225,0.0
Ne,Pb,1,225,0.0044444444444444444
Ne,Pd,1,225,0.0044444444444444444
Ne,Pm,0,225,0.0
Ne,Po,0,225,0.0
Ne,Pr,0,225,0.0
Ne,Pt,1,225,0.0044444444444444444
Ne,Pu,1,225,0.0044444444444444444
Ne,Ra,1,225,0.0044444444444444444
Ne,Rb,0,225,0.0
Ne,Re,1,225,0.0044444444444444444
Ne,Rf,0,225,0.0
Ne,Rg,0,225,0.0
Ne,Rh,1,225,0.0044444444444444444
Ne,Rn,1,225,0.0044444444444444444
Ne,Ru,0,225,0.0
Ne,S,11,225,0.04888888888888889
Ne,Sb,0,225,0.0
Ne,Sc,0,225,0.0
Ne,Se,0,225,0.0
Ne,Sg,0,225,0.0
Ne,Si,3,225,0.013333333333333334
Ne,Sm,1,225,0.0044444444444444444
Ne,Sn,4,225,0.017777777777777778
Ne,Sr,1,225,0.0044444444444444444
Ne,Ta,0,225,0.0
Ne,Tb,0,225,0.0
Ne,Tc,0,225,0.0
Ne,Te,0,225,0.0
Ne,Th,0,225,0.0
Ne,Ti,3,225,0.013333333333333334
Ne,Tl,0,225,0.0
Ne,Tm,0,225,0.0
Ne,Ts,0,225,0.0
Ne,U,0,225,0.0
Ne,V,0,225,0.0
Ne,W,1,225,0.0044444444444444444
Ne,Xe,14,225,0.06222222222222222
Ne,Y,1,225,0.0044444444444444444
Ne,Yb,0,225,0.0
Ne,Zn,0,225,0.0
Ne,Zr,1,225,0.0044444444444444444
Nh,Ac,0,8,0.0
Nh,Ag,0,8,0.0
Nh,Al,0,8,0.0
Nh,Am,0,8,0.0
Nh,Ar,0,8,0.0
Nh,As,0,8,0.0
Nh,At,0,8,0.0
Nh,Au,0,8,0.0
Nh,B,0,8,0.0
Nh,Ba,0,8,0.0
Nh,Be,0,8,0.0
Nh,Bh,0,8,0.0
Nh,Bi,0,8,0.0
Nh,Bk,0,8,0.0
Nh,Br,0,8,0.0
Nh,C,0,8,0.0
Nh,Ca,0,8,0.0
Nh,Cd,0,8,0.0
Nh,Ce,0,8,0.0
Nh,Cf,0,8,0.0
Nh,Cl,0,8,0.0
Nh,Cm,0,8,0.0
Nh,Cn,0,8,0.0
Nh,Co,0,8,0.0
Nh,Cr,0,8,0.0
Nh,Cs,0,8,0.0
Nh,Cu,0,8,0.0
Nh,Db,0,8,0.0
Nh,Ds,0,8,0.0
Nh,Dy,0,8,0.0
Nh,Er,0,8,0.0
Nh,Es,0,8,0.0
Nh,Eu,0,8,0.0
Nh,F,0,8,0.0
Nh,Fe,0,8,0.0
Nh,Fl,0,8,0.0
Nh,Fm,0,8,0.0
Nh,Fr,0,8,0.0
Nh,Ga,0,8,0.0
Nh,Gd,0,8,0.0
Nh,Ge,0,8,0.0
Nh,H,0,8,0.0
Nh,He,0,8,0.0
Nh,Hf,0,8,0.0
Nh,Hg,0,8,0.0
Nh,Ho,0,8,0.0
Nh,Hs,0,8,0.0
Nh,I,0,8,0.0
Nh,In,0,8,0.0
Nh,Ir,0,8,0.0
Nh,K,0,8,0.0
Nh,Kr,0,8,0.0
Nh,La,0,8,0.0
Nh,Li,0,8,0.0
Nh,Lr,0,8,0.0
Nh,Lu,0,8,0.0
Nh,Lv,0,8,0.0
Nh,Mc,0,8,0.0
Nh,Md,0,8,0.0
Nh,Mg,0,8,0.0
Nh,Mn,0,8,0.0
Nh,Mo,0,8,0.0
Nh,Mt,0,8,0.0
Nh,N,0,8,0.0
Nh,Na,0,8,0.0
Nh,Nb,0,8,0.0
Nh,Nd,0,8,0.0
Nh,Ne,0,8,0.0
Nh,Nh,8,8,1.0
Nh,Ni,0,8,0.0
Nh,No,0,8,0.0
Nh,Np,0,8,0.0
Nh,O,0,8,0.0
Nh,Og,0,8,0.0
Nh,Os,0,8,0.0
Nh,P,0,8,0.0
Nh,Pa,0,8,0.0
Nh,Pb,0,8,0.0
Nh,Pd,0,8,0.0
Nh,Pm,0,8,0.0
Nh,Po,0,8,0.0
Nh,Pr,0,8,0.0
Nh,Pt,0,8,0.0
Nh,Pu,0,8,0.0
Nh,Ra,0,8,0.0
Nh,Rb,0,8,0.0
Nh,Re,0,8,0.0
Nh,Rf,0,8,0.0
Nh,Rg,0,8,0.0
Nh,Rh,0,8,0.0
Nh,Rn,0,8,0.0
Nh,Ru,0,8,0.0
Nh,S,0,8,0.0
Nh,Sb,0,8,0.0
Nh,Sc,0,8,0.0
Nh,Se,0,8,0.0
Nh,Sg,0,8,0.0
Nh,Si,0,8,0.0
Nh,Sm,0,8,0.0
Nh,Sn,0,8,0.0
Nh,Sr,0,8,0.0
Nh,Ta,0,8,0.0
Nh,Tb,0,8,0.0
Nh,Tc,0,8,0.0
Nh,Te,0,8,0.0
Nh,Th,0,8,0.0
Nh,Ti,0,8,0.0
Nh,Tl,0,8,0.0
Nh,Tm,0,8,0.0
Nh,Ts,0,8,0.0
Nh,U,0,8,0.0
Nh,V,0,8,0.0
Nh,W,0,8,0.0
Nh,Xe,0,8,0.0
Nh,Y,0,8,0.0
Nh,Yb,0,8,0.0
Nh,Zn,0,8,0.0
Nh,Zr,0,8,0.0
Ni,Ac,4,50498,0.00007921105786367777
Ni,Ag,365,50498,0.007228009030060597
Ni,Al,1497,50498,0.029644738405481406
Ni,Am,0,50498,0.0
Ni,Ar,9,50498,0.00017822488019327498
Ni,As,141,50498,0.0027921897896946413
Ni,At,0,50498,0.0
Ni,Au,351,50498,0.006950770327537725
Ni,B,1386,50498,0.027446631549764348
Ni,Ba,174,50498,0.003445681017069983
Ni,Be,52,50498,0.001029743752227811
Ni,Bh,0,50498,0.0
Ni,Bi,217,50498,0.004297199889104519
Ni,Bk,0,50498,0.0
Ni,Br,3167,50498,0.06271535506356687
Ni,C,39452,50498,0.7812586637094538
Ni,Ca,267,50498,0.005287338112400491
Ni,Cd,222,50498,0.004396213711434116
Ni,Ce,222,50498,0.004396213711434116
Ni,Cf,0,50498,0.0
Ni,Cl,6431,50498,0.12735157828032792
Ni,Cm,1,50498,0.000019802764465919442
Ni,Cn,0,50498,0.0
Ni,Co,2827,50498,0.055982415145154264
Ni,Cr,1186,50498,0.023486078656580457
Ni,Cs,40,50498,0.0007921105786367777
Ni,Cu,1825,50498,0.03614004515030298
Ni,Db,0,50498,0.0
Ni,Ds,0,50498,0.0
Ni,Dy,79,50498,0.001564418392807636
Ni,Er,37,50498,0.0007327022852390194
Ni,Es,0,50498,0.0
Ni,Eu,41,50498,0.0008119133431026971
Ni,F,3341,50498,0.06616103608063685
Ni,Fe,2460,50498,0.04871480058616183
Ni,Fl,0,50498,0.0
Ni,Fm,0,50498,0.0
Ni,Fr,0,50498,0.0
Ni,Ga,90,50498,0.0017822488019327498
Ni,Gd,97,50498,0.001920868153194186
Ni,Ge,179,50498,0.0035446948393995804
Ni,H,44385,50498,0.8789457008198345
Ni,He,3,50498,0.00005940829339775833
Ni,Hf,63,50498,0.001247574161352925
Ni,Hg,60,50498,0.0011881658679551666
Ni,Ho,30,50498,0.0005940829339775833
Ni,Hs,0,50498,0.0
Ni,I,657,50498,0.013010416254109074
Ni,In,135,50498,0.0026733732028991247
Ni,Ir,128,50498,0.0025347538516376886
Ni,K,454,50498,0.008990455067527426
Ni,Kr,2,50498,0.000039605528931838884
Ni,La,264,50498,0.005227929819002733
Ni,Li,1181,50498,0.023387064834250862
Ni,Lr,0,50498,0.0
Ni,Lu,22,50498,0.0004356608182502277
Ni,Lv,0,50498,0.0
Ni,Mc,0,50498,0.0
Ni,Md,0,50498,0.0
Ni,Mg,722,50498,0.014297595944393837
Ni,Mn,1987,50498,0.03934809299378193
Ni,Mo,1047,50498,0.020733494395817655
Ni,Mt,0,50498,0.0
Ni,N,28970,50498,0.5736860865776863
Ni,Na,907,50498,0.017961107370588935
Ni,Nb,301,50498,0.005960632104241752
Ni,Nd,99,50498,0.001960473682126025
Ni,Ne,0,50498,0.0
Ni,Nh,0,50498,0.0
Ni,Ni,50498,50498,1.0
Ni,No,7,50498,0.0001386193512614361
Ni,Np,4,50498,0.00007921105786367777
Ni,O,28750,50498,0.569329478395184
Ni,Og,0,50498,0.0
Ni,Os,28,50498,0.0005544774050457444
Ni,P,7054,50498,0.13968870054259575
Ni,Pa,0,50498,0.0
Ni,Pb,259,50498,0.005128915996673136
Ni,Pd,431,50498,0.00853499148481128
Ni,Pm,8,50498,0.00015842211572735554
Ni,Po,5,50498,0.00009901382232959721
Ni,Pr,64,50498,0.0012673769258188443
Ni,Pt,317,50498,0.006277476335696463
Ni,Pu,5,50498,0.00009901382232959721
Ni,Ra,4,50498,0.00007921105786367777
Ni,Rb,49,50498,0.0009703354588300526
Ni,Re,106,50498,0.002099093033387461
Ni,Rf,4,50498,0.00007921105786367777
Ni,Rg,0,50498,0.0
Ni,Rh,103,50498,0.0020396847399897027
Ni,Rn,1,50498,0.000019802764465919442
Ni,Ru,196,50498,0.0038813418353202105
Ni,S,8220,50498,0.16277872390985781
Ni,Sb,244,50498,0.004831874529684344
Ni,Sc,48,50498,0.0009505326943641333
Ni,Se,290,50498,0.005742801695116638
Ni,Sg,0,50498,0.0
Ni,Si,1850,50498,0.03663511426195097
Ni,Sm,63,50498,0.001247574161352925
Ni,Sn,518,50498,0.010257831993346272
Ni,Sr,108,50498,0.0021386985623192997
Ni,Ta,170,50498,0.003366469959206305
Ni,Tb,49,50498,0.0009703354588300526
Ni,Tc,10,50498,0.00019802764465919441
Ni,Te,60,50498,0.0011881658679551666
Ni,Th,18,50498,0.00035644976038654995
Ni,Ti,963,50498,0.019070062180680424
Ni,Tl,25,50498,0.0004950691116479861
Ni,Tm,14,50498,0.0002772387025228722
Ni,Ts,0,50498,0.0
Ni,U,51,50498,0.0010099409877618916
Ni,V,450,50498,0.00891124400966375
Ni,W,654,50498,0.012951007960711315
Ni,Xe,0,50498,0.0
Ni,Y,183,50498,0.003623905897263258
Ni,Yb,27,50498,0.0005346746405798249
Ni,Zn,966,50498,0.019129470474078182
Ni,Zr,410,50498,0.008119133431026972
No,Ac,21,366,0.05737704918032787
No,Ag,1,366,0.00273224043715847
No,Al,0,366,0.0
No,Am,0,366,0.0
No,Ar,2,366,0.00546448087431694
No,As,0,366,0.0
No,At,0,366,0.0
No,Au,0,366,0.0
No,B,16,366,0.04371584699453552
No,Ba,0,366,0.0
No,Be,1,366,0.00273224043715847
No,Bh,0,366,0.0
No,Bi,1,366,0.00273224043715847
No,Bk,1,366,0.00273224043715847
No,Br,16,366,0.04371584699453552
No,C,303,366,0.8278688524590164
No,Ca,2,366,0.00546448087431694
No,Cd,0,366,0.0
No,Ce,0,366,0.0
No,Cf,0,366,0.0
No,Cl,31,366,0.08469945355191257
No,Cm,0,366,0.0
No,Cn,0,366,0.0
No,Co,3,366,0.00819672131147541
No,Cr,0,366,0.0
No,Cs,0,366,0.0
No,Cu,2,366,0.00546448087431694
No,Db,0,366,0.0
No,Ds,0,366,0.0
No,Dy,0,366,0.0
No,Er,2,366,0.00546448087431694
No,Es,0,366,0.0
No,Eu,0,366,0.0
No,F,44,366,0.12021857923497267
No,Fe,4,366,0.01092896174863388
No,Fl,0,366,0.0
No,Fm,0,366,0.0
No,Fr,0,366,0.0
No,Ga,0,366,0.0
No,Gd,0,366,0.0
No,Ge,0,366,0.0
No,H,318,366,0.8688524590163934
No,He,0,366,0.0
No,Hf,0,366,0.0
No,Hg,0,366,0.0
No,Ho,2,366,0.00546448087431694
No,Hs,0,366,0.0
No,I,6,366,0.01639344262295082
No,In,0,366,0.0
No,Ir,0,366,0.0
No,K,2,366,0.00546448087431694
No,Kr,0,366,0.0
No,La,0,366,0.0
No,Li,0,366,0.0
No,Lr,0,366,0.0
No,Lu,1,366,0.00273224043715847
No,Lv,0,366,0.0
No,Mc,0,366,0.0
No,Md,0,366,0.0
No,Mg,1,366,0.00273224043715847
No,Mn,1,366,0.00273224043715847
No,Mo,2,366,0.00546448087431694
No,Mt,0,366,0.0
No,N,179,366,0.4890710382513661
No,Na,9,366,0.02459016393442623
No,Nb,0,366,0.0
No,Nd,0,366,0.0
No,Ne,0,366,0.0
No,Nh,0,366,0.0
No,Ni,7,366,0.01912568306010929
No,No,366,366,1.0
No,Np,21,366,0.05737704918032787
No,O,188,366,0.5136612021857924
No,Og,0,366,0.0
No,Os,0,366,0.0
No,P,36,366,0.09836065573770492
No,Pa,0,366,0.0
No,Pb,1,366,0.00273224043715847
No,Pd,2,366,0.00546448087431694
No,Pm,0,366,0.0
No,Po,0,366,0.0
No,Pr,0,366,0.0
No,Pt,1,366,0.00273224043715847
No,Pu,2,366,0.00546448087431694
No,Ra,0,366,0.0
No,Rb,2,366,0.00546448087431694
No,Re,0,366,0.0
No,Rf,0,366,0.0
No,Rg,0,366,0.0
No,Rh,0,366,0.0
No,Rn,0,366,0.0
No,Ru,0,366,0.0
No,S,46,366,0.12568306010928962
No,Sb,0,366,0.0
No,Sc,0,366,0.0
No,Se,0,366,0.0
No,Sg,0,366,0.0
No,Si,8,366,0.02185792349726776
No,Sm,0,366,0.0
No,Sn,0,366,0.0
No,Sr,0,366,0.0
No,Ta,1,366,0.00273224043715847
No,Tb,1,366,0.00273224043715847
No,Tc,2,366,0.00546448087431694
No,Te,0,366,0.0
No,Th,0,366,0.0
No,Ti,2,366,0.00546448087431694
No,Tl,0,366,0.0
No,Tm,0,366,0.0
No,Ts,0,366,0.0
No,U,1,366,0.00273224043715847
No,V,11,366,0.030054644808743168
No,W,1,366,0.00273224043715847
No,Xe,0,366,0.0
No,Y,1,366,0.00273224043715847
No,Yb,0,366,0.0
No,Zn,0,366,0.0
No,Zr,1,366,0.00273224043715847
Np,Ac,27,482,0.056016597510373446
Np,Ag,0,482,0.0
Np,Al,3,482,0.006224066390041493
Np,Am,5,482,0.01037344398340249
Np,Ar,0,482,0.0
Np,As,0,482,0.0
Np,At,0,482,0.0
Np,Au,0,482,0.0
Np,B,3,482,0.006224066390041493
Np,Ba,0,482,0.0
Np,Be,0,482,0.0
Np,Bh,0,482,0.0
Np,Bi,1,482,0.002074688796680498
Np,Bk,0,482,0.0
Np,Br,10,482,0.02074688796680498
Np,C,341,482,0.7074688796680498
Np,Ca,0,482,0.0
Np,Cd,1,482,0.002074688796680498
Np,Ce,2,482,0.004149377593360996
Np,Cf,0,482,0.0
Np,Cl,37,482,0.07676348547717843
Np,Cm,0,482,0.0
Np,Cn,0,482,0.0
Np,Co,3,482,0.006224066390041493
Np,Cr,3,482,0.006224066390041493
Np,Cs,0,482,0.0
Np,Cu,8,482,0.016597510373443983
Np,Db,0,482,0.0
Np,Ds,0,482,0.0
Np,Dy,3,482,0.006224066390041493
Np,Er,2,482,0.004149377593360996
Np,Es,0,482,0.0
Np,Eu,3,482,0.006224066390041493
Np,F,41,482,0.08506224066390042
Np,Fe,18,482,0.03734439834024896
Np,Fl,0,482,0.0
Np,Fm,0,482,0.0
Np,Fr,0,482,0.0
Np,Ga,4,482,0.008298755186721992
Np,Gd,3,482,0.006224066390041493
Np,Ge,3,482,0.006224066390041493
Np,H,369,482,0.7655601659751037
Np,He,0,482,0.0
Np,Hf,0,482,0.0
Np,Hg,0,482,0.0
Np,Ho,2,482,0.004149377593360996
Np,Hs,0,482,0.0
Np,I,21,482,0.043568464730290454
Np,In,1,482,0.002074688796680498
Np,Ir,0,482,0.0
Np,K,9,482,0.01867219917012448
Np,Kr,0,482,0.0
Np,La,0,482,0.0
Np,Li,2,482,0.004149377593360996
Np,Lr,0,482,0.0
Np,Lu,0,482,0.0
Np,Lv,0,482,0.0
Np,Mc,0,482,0.0
Np,Md,0,482,0.0
Np,Mg,0,482,0.0
Np,Mn,4,482,0.008298755186721992
Np,Mo,2,482,0.004149377593360996
Np,Mt,0,482,0.0
Np,N,259,482,0.5373443983402489
Np,Na,4,482,0.008298755186721992
Np,Nb,2,482,0.004149377593360996
Np,Nd,2,482,0.004149377593360996
Np,Ne,0,482,0.0
Np,Nh,0,482,0.0
Np,Ni,4,482,0.008298755186721992
Np,No,21,482,0.043568464730290454
Np,Np,482,482,1.0
Np,O,270,482,0.5601659751037344
Np,Og,0,482,0.0
Np,Os,1,482,0.002074688796680498
Np,P,61,482,0.12655601659751037
Np,Pa,2,482,0.004149377593360996
Np,Pb,0,482,0.0
Np,Pd,3,482,0.006224066390041493
Np,Pm,3,482,0.006224066390041493
Np,Po,0,482,0.0
Np,Pr,2,482,0.004149377593360996
Np,Pt,0,482,0.0
Np,Pu,17,482,0.035269709543568464
Np,Ra,0,482,0.0
Np,Rb,1,482,0.002074688796680498
Np,Re,0,482,0.0
Np,Rf,0,482,0.0
Np,Rg,0,482,0.0
Np,Rh,0,482,0.0
Np,Rn,0,482,0.0
Np,Ru,1,482,0.002074688796680498
Np,S,37,482,0.07676348547717843
Np,Sb,0,482,0.0
Np,Sc,2,482,0.004149377593360996
Np,Se,0,482,0.0
Np,Sg,0,482,0.0
Np,Si,2,482,0.004149377593360996
Np,Sm,3,482,0.006224066390041493
Np,Sn,6,482,0.012448132780082987
Np,Sr,0,482,0.0
Np,Ta,0,482,0.0
Np,Tb,3,482,0.006224066390041493
Np,Tc,1,482,0.002074688796680498
Np,Te,0,482,0.0
Np,Th,1,482,0.002074688796680498
Np,Ti,2,482,0.004149377593360996
Np,Tl,0,482,0.0
Np,Tm,2,482,0.004149377593360996
Np,Ts,0,482,0.0
Np,U,17,482,0.035269709543568464
Np,V,2,482,0.004149377593360996
Np,W,0,482,0.0
Np,Xe,0,482,0.0
Np,Y,1,482,0.002074688796680498
Np,Yb,0,482,0.0
Np,Zn,0,482,0.0
Np,Zr,0,482,0.0
O,Ac,9098,109353141,0.0000831983417833421
O,Ag,12591,109353141,0.00011514072558738848
O,Al,56763,109353141,0.0005190797400140523
O,Am,186,109353141,1.7009113620248e-6
O,Ar,2551,109353141,0.000023328090777017553
O,As,23743,109353141,0.00021712224983093994
O,At,845,109353141,7.72725860704815e-6
O,Au,7847,109353141,0.000071758341171014
O,B,1024493,109353141,0.009368665505456309
O,Ba,12748,109353141,0.00011657644109189328
O,Be,2175,109353141,0.000019889689313999678
O,Bh,42,109353141,3.840767591668903e-7
O,Bi,9467,109353141,0.0000865727304531655
O,Bk,52,109353141,4.755236065875785e-7
O,Br,7126588,109353141,0.06517040054661073
O,C,109232420,109353141,0.9988960445132528
O,Ca,41308,109353141,0.0003777486373253787
O,Cd,4969,109353141,0.00004543993848333995
O,Ce,5557,109353141,0.000050817013111676416
O,Cf,158,109353141,1.444860189246873e-6
O,Cl,19198868,109353141,0.17556759526459326
O,Cm,474,109353141,4.33458056774062e-6
O,Cn,0,109353141,0.0
O,Co,32623,109353141,0.00029832705034051103
O,Cr,19429,109353141,0.00017767207985365505
O,Cs,10259,109353141,0.000093815320768884
O,Cu,45840,109353141,0.00041919234857643457
O,Db,76,109353141,6.949960403972301e-7
O,Ds,3,109353141,2.7434054226206452e-8
O,Dy,1618,109353141,0.000014796099912667346
O,Er,1376,109353141,0.000012583086205086692
O,Es,223,109353141,2.0392646974813462e-6
O,Eu,4519,109353141,0.00004132483034940899
O,F,22252948,109353141,0.2034961940416508
O,Fe,51614,109353141,0.00047199375827713995
O,Fl,0,109353141,0.0
O,Fm,2027,109353141,0.000018536275972173492
O,Fr,57,109353141,5.212470302979226e-7
O,Ga,6179,109353141,0.00005650500702124322
O,Gd,6466,109353141,0.00005912953154221697
O,Ge,24232,109353141,0.00022159400066981157
O,H,109291364,109353141,0.9994350688106892
O,He,170,109353141,1.554596406151699e-6
O,Hf,6245,109353141,0.000057108556214219766
O,Hg,10402,109353141,0.00009512301068699983
O,Ho,1142,109353141,0.00001044322997544259
O,Hs,41,109353141,3.7493207442482153e-7
O,I,2043855,109353141,0.018690409633501062
O,In,8127,109353141,0.00007431885289879327
O,Ir,115610,109353141,0.001057217003030576
O,K,135299,109353141,0.0012372667009171688
O,Kr,31,109353141,2.834852270041333e-7
O,La,5241,109353141,0.00004792729273318267
O,Li,92454,109353141,0.0008454626831432304
O,Lr,557,109353141,5.0935894013323315e-6
O,Lu,2033,109353141,0.000018591144080625904
O,Lv,0,109353141,0.0
O,Mc,0,109353141,0.0
O,Md,40,109353141,3.657873896827527e-7
O,Mg,45690,109353141,0.00041782064586512425
O,Mn,21932,109353141,0.0002005612257630533
O,Mo,12960,109353141,0.00011851511425721187
O,Mt,50,109353141,4.5723423710344087e-7
O,N,97586320,109353141,0.892396131538645
O,Na,391311,109353141,0.0035784157311036908
O,Nb,3572,109353141,0.00003266481389866981
O,Nd,3402,109353141,0.000031110217492518114
O,Ne,90,109353141,8.230216267861935e-7
O,Nh,0,109353141,0.0
O,Ni,28750,109353141,0.0002629096863344785
O,No,188,109353141,1.7192007315089376e-6
O,Np,270,109353141,2.4690648803585807e-6
O,O,109353141,109353141,1.0
O,Og,0,109353141,0.0
O,Os,5252,109353141,0.00004802788426534543
O,P,2252156,109353141,0.02059525660995874
O,Pa,145,109353141,1.3259792875999785e-6
O,Pb,11496,109353141,0.00010512729579482312
O,Pd,32278,109353141,0.00029517213410449727
O,Pm,227,109353141,2.0758434364496213e-6
O,Po,887,109353141,8.11133536621504e-6
O,Pr,2675,109353141,0.000024462031685034087
O,Pt,107236,109353141,0.0009806394130004916
O,Pu,293,109353141,2.6793926294261634e-6
O,Ra,90,109353141,8.230216267861935e-7
O,Rb,7530,109353141,0.00006885947610777819
O,Re,6858,109353141,0.00006271424796110796
O,Rf,4104,109353141,0.000037529786181450425
O,Rg,1,109353141,9.144684742068817e-9
O,Rh,8757,109353141,0.00008008000428629664
O,Rn,60,109353141,5.48681084524129e-7
O,Ru,23345,109353141,0.00021348266530359653
O,S,32660900,109353141,0.29867363389223545
O,Sb,10558,109353141,0.00009654958150676257
O,Sc,1975,109353141,0.000018060752365585915
O,Se,77031,109353141,0.0007044242103663031
O,Sg,106,109353141,9.693365826592946e-7
O,Si,1469913,109353141,0.013441890983268602
O,Sm,2092,109353141,0.000019130680480407965
O,Sn,72443,109353141,0.0006624683967696914
O,Sr,5942,109353141,0.000054337716737372915
O,Ta,2817,109353141,0.00002576057691840786
O,Tb,2224,109353141,0.00002033777886636105
O,Tc,3230,109353141,0.00002953733171688228
O,Te,11074,109353141,0.00010126823883367008
O,Th,1017,109353141,9.300144382683986e-6
O,Ti,42748,109353141,0.0003909169833539578
O,Tl,4520,109353141,0.00004133397503415105
O,Tm,797,109353141,7.288313739428847e-6
O,Ts,0,109353141,0.0
O,U,16452,109353141,0.0001504483533765162
O,V,28371,109353141,0.0002594438508172344
O,W,29423,109353141,0.0002690640591658908
O,Xe,205,109353141,1.8746603721241075e-6
O,Y,66075,109353141,0.000604235044332197
O,Yb,2156,109353141,0.00001971594030390037
O,Zn,52278,109353141,0.00047806582894587365
O,Zr,30668,109353141,0.0002804491916697665
Og,Ac,0,1,0.0
Og,Ag,0,1,0.0
Og,Al,0,1,0.0
Og,Am,0,1,0.0
Og,Ar,0,1,0.0
Og,As,0,1,0.0
Og,At,0,1,0.0
Og,Au,0,1,0.0
Og,B,0,1,0.0
Og,Ba,0,1,0.0
Og,Be,0,1,0.0
Og,Bh,0,1,0.0
Og,Bi,0,1,0.0
Og,Bk,0,1,0.0
Og,Br,0,1,0.0
Og,C,0,1,0.0
Og,Ca,0,1,0.0
Og,Cd,0,1,0.0
Og,Ce,0,1,0.0
Og,Cf,0,1,0.0
Og,Cl,0,1,0.0
Og,Cm,0,1,0.0
Og,Cn,0,1,0.0
Og,Co,0,1,0.0
Og,Cr,0,1,0.0
Og,Cs,0,1,0.0
Og,Cu,0,1,0.0
Og,Db,0,1,0.0
Og,Ds,0,1,0.0
Og,Dy,0,1,0.0
Og,Er,0,1,0.0
Og,Es,0,1,0.0
Og,Eu,0,1,0.0
Og,F,0,1,0.0
Og,Fe,0,1,0.0
Og,Fl,0,1,0.0
Og,Fm,0,1,0.0
Og,Fr,0,1,0.0
Og,Ga,0,1,0.0
Og,Gd,0,1,0.0
Og,Ge,0,1,0.0
Og,H,0,1,0.0
Og,He,0,1,0.0
Og,Hf,0,1,0.0
Og,Hg,0,1,0.0
Og,Ho,0,1,0.0
Og,Hs,0,1,0.0
Og,I,0,1,0.0
Og,In,0,1,0.0
Og,Ir,0,1,0.0
Og,K,0,1,0.0
Og,Kr,0,1,0.0
Og,La,0,1,0.0
Og,Li,0,1,0.0
Og,Lr,0,1,0.0
Og,Lu,0,1,0.0
Og,Lv,0,1,0.0
Og,Mc,0,1,0.0
Og,Md,0,1,0.0
Og,Mg,0,1,0.0
Og,Mn,0,1,0.0
Og,Mo,0,1,0.0
Og,Mt,0,1,0.0
Og,N,0,1,0.0
Og,Na,0,1,0.0
Og,Nb,0,1,0.0
Og,Nd,0,1,0.0
Og,Ne,0,1,0.0
Og,Nh,0,1,0.0
Og,Ni,0,1,0.0
Og,No,0,1,0.0
Og,Np,0,1,0.0
Og,O,0,1,0.0
Og,Og,1,1,1.0
Og,Os,0,1,0.0
Og,P,0,1,0.0
Og,Pa,0,1,0.0
Og,Pb,0,1,0.0
Og,Pd,0,1,0.0
Og,Pm,0,1,0.0
Og,Po,0,1,0.0
Og,Pr,0,1,0.0
Og,Pt,0,1,0.0
Og,Pu,0,1,0.0
Og,Ra,0,1,0.0
Og,Rb,0,1,0.0
Og,Re,0,1,0.0
Og,Rf,0,1,0.0
Og,Rg,0,1,0.0
Og,Rh,0,1,0.0
Og,Rn,0,1,0.0
Og,Ru,0,1,0.0
Og,S,0,1,0.0
Og,Sb,0,1,0.0
Og,Sc,0,1,0.0
Og,Se,0,1,0.0
Og,Sg,0,1,0.0
Og,Si,0,1,0.0
Og,Sm,0,1,0.0
Og,Sn,0,1,0.0
Og,Sr,0,1,0.0
Og,Ta,0,1,0.0
Og,Tb,0,1,0.0
Og,Tc,0,1,0.0
Og,Te,0,1,0.0
Og,Th,0,1,0.0
Og,Ti,0,1,0.0
Og,Tl,0,1,0.0
Og,Tm,0,1,0.0
Og,Ts,0,1,0.0
Og,U,0,1,0.0
Og,V,0,1,0.0
Og,W,0,1,0.0
Og,Xe,0,1,0.0
Og,Y,0,1,0.0
Og,Yb,0,1,0.0
Og,Zn,0,1,0.0
Og,Zr,0,1,0.0
Os,Ac,5,8718,0.0005735260380821289
Os,Ag,35,8718,0.004014682266574902
Os,Al,35,8718,0.004014682266574902
Os,Am,0,8718,0.0
Os,Ar,1,8718,0.00011470520761642578
Os,As,25,8718,0.0028676301904106446
Os,At,0,8718,0.0
Os,Au,32,8718,0.003670566643725625
Os,B,263,8718,0.030167469603119983
Os,Ba,14,8718,0.001605872906629961
Os,Be,7,8718,0.0008029364533149805
Os,Bh,0,8718,0.0
Os,Bi,12,8718,0.0013764624913971094
Os,Bk,0,8718,0.0
Os,Br,355,8718,0.040720348703831157
Os,C,7714,8718,0.8848359715531086
Os,Ca,14,8718,0.001605872906629961
Os,Cd,7,8718,0.0008029364533149805
Os,Ce,3,8718,0.00034411562284927734
Os,Cf,0,8718,0.0
Os,Cl,1773,8718,0.20337233310392291
Os,Cm,1,8718,0.00011470520761642578
Os,Cn,0,8718,0.0
Os,Co,37,8718,0.004244092681807754
Os,Cr,22,8718,0.0025235145675613674
Os,Cs,51,8718,0.005849965588437715
Os,Cu,89,8718,0.010208763477861895
Os,Db,0,8718,0.0
Os,Ds,0,8718,0.0
Os,Dy,5,8718,0.0005735260380821289
Os,Er,3,8718,0.00034411562284927734
Os,Es,0,8718,0.0
Os,Eu,4,8718,0.0004588208304657031
Os,F,1762,8718,0.20211057582014225
Os,Fe,65,8718,0.007455838495067676
Os,Fl,0,8718,0.0
Os,Fm,0,8718,0.0
Os,Fr,0,8718,0.0
Os,Ga,7,8718,0.0008029364533149805
Os,Gd,5,8718,0.0005735260380821289
Os,Ge,19,8718,0.0021793989447120897
Os,H,8017,8718,0.9195916494608856
Os,He,0,8718,0.0
Os,Hf,13,8718,0.0014911676990135353
Os,Hg,13,8718,0.0014911676990135353
Os,Ho,2,8718,0.00022941041523285156
Os,Hs,0,8718,0.0
Os,I,306,8718,0.03509979353062629
Os,In,10,8718,0.0011470520761642578
Os,Ir,443,8718,0.050814406974076624
Os,K,243,8718,0.027873365450791467
Os,Kr,0,8718,0.0
Os,La,10,8718,0.0011470520761642578
Os,Li,29,8718,0.0033264510208763478
Os,Lr,0,8718,0.0
Os,Lu,4,8718,0.0004588208304657031
Os,Lv,0,8718,0.0
Os,Mc,0,8718,0.0
Os,Md,0,8718,0.0
Os,Mg,16,8718,0.0018352833218628125
Os,Mn,52,8718,0.005964670796054141
Os,Mo,23,8718,0.002638219775177793
Os,Mt,0,8718,0.0
Os,N,5974,8718,0.6852489103005276
Os,Na,172,8718,0.019729295710025234
Os,Nb,11,8718,0.0012617572837806837
Os,Nd,4,8718,0.0004588208304657031
Os,Ne,1,8718,0.00011470520761642578
Os,Nh,0,8718,0.0
Os,Ni,28,8718,0.003211745813259922
Os,No,0,8718,0.0
Os,Np,1,8718,0.00011470520761642578
Os,O,5252,8718,0.6024317504014682
Os,Og,0,8718,0.0
Os,Os,8718,8718,1.0
Os,P,2211,8718,0.25361321403991743
Os,Pa,0,8718,0.0
Os,Pb,12,8718,0.0013764624913971094
Os,Pd,99,8718,0.011355815554026153
Os,Pm,0,8718,0.0
Os,Po,4,8718,0.0004588208304657031
Os,Pr,3,8718,0.00034411562284927734
Os,Pt,373,8718,0.04278504244092682
Os,Pu,2,8718,0.00022941041523285156
Os,Ra,0,8718,0.0
Os,Rb,7,8718,0.0008029364533149805
Os,Re,69,8718,0.007914659325533379
Os,Rf,0,8718,0.0
Os,Rg,0,8718,0.0
Os,Rh,138,8718,0.015829318651066758
Os,Rn,0,8718,0.0
Os,Ru,226,8718,0.025923376921312226
Os,S,1490,8718,0.1709107593484744
Os,Sb,19,8718,0.0021793989447120897
Os,Sc,5,8718,0.0005735260380821289
Os,Se,48,8718,0.0055058499655884375
Os,Sg,0,8718,0.0
Os,Si,196,8718,0.022482220692819455
Os,Sm,4,8718,0.0004588208304657031
Os,Sn,18,8718,0.0020646937370956643
Os,Sr,5,8718,0.0005735260380821289
Os,Ta,16,8718,0.0018352833218628125
Os,Tb,3,8718,0.00034411562284927734
Os,Tc,5,8718,0.0005735260380821289
Os,Te,13,8718,0.0014911676990135353
Os,Th,4,8718,0.0004588208304657031
Os,Ti,20,8718,0.0022941041523285156
Os,Tl,6,8718,0.0006882312456985547
Os,Tm,1,8718,0.00011470520761642578
Os,Ts,0,8718,0.0
Os,U,22,8718,0.0025235145675613674
Os,V,19,8718,0.0021793989447120897
Os,W,79,8718,0.009061711401697637
Os,Xe,0,8718,0.0
Os,Y,12,8718,0.0013764624913971094
Os,Yb,3,8718,0.00034411562284927734
Os,Zn,16,8718,0.0018352833218628125
Os,Zr,12,8718,0.0013764624913971094
P,Ac,409,2503338,0.0001633818525504746
P,Ag,2335,2503338,0.0009327545860766704
P,Al,6995,2503338,0.0027942690919084837
P,Am,9,2503338,3.595199689374747e-6
P,Ar,553,2503338,0.00022090504758047054
P,As,1650,2503338,0.000659119943052037
P,At,31,2503338,0.000012383465596735238
P,Au,6036,2503338,0.002411180591673997
P,B,62166,2503338,0.024833242654407835
P,Ba,1491,2503338,0.0005956047485397497
P,Be,190,2503338,0.00007589866010902243
P,Bh,2,2503338,7.989332643054993e-7
P,Bi,978,2503338,0.00039067836624538915
P,Bk,3,2503338,1.198399896458249e-6
P,Br,97632,2503338,0.039000726230337256
P,C,2469495,2503338,0.9864808507680545
P,Ca,6284,2503338,0.002510248316447879
P,Cd,492,2503338,0.00019653758301915283
P,Ce,519,2503338,0.00020732318208727707
P,Cf,7,2503338,2.7962664250692474e-6
P,Cl,268862,2503338,0.10740139765385258
P,Cm,19,2503338,7.5898660109022435e-6
P,Cn,0,2503338,0.0
P,Co,5245,2503338,0.002095202485641172
P,Cr,2310,2503338,0.0009227679202728516
P,Cs,991,2503338,0.0003958714324633749
P,Cu,6196,2503338,0.002475095252818437
P,Db,15,2503338,5.991999482291245e-6
P,Ds,0,2503338,0.0
P,Dy,113,2503338,0.00004513972943326071
P,Er,109,2503338,0.000043541862904649714
P,Es,21,2503338,8.388799275207743e-6
P,Eu,840,2503338,0.0003355519710083097
P,F,347549,2503338,0.138834228538056
P,Fe,14369,2503338,0.00573993603740286
P,Fl,0,2503338,0.0
P,Fm,196,2503338,0.00007829545990193893
P,Fr,3,2503338,1.198399896458249e-6
P,Ga,560,2503338,0.0002237013140055398
P,Gd,538,2503338,0.0002149130480981793
P,Ge,1593,2503338,0.0006363503450193302
P,H,2494649,2503338,0.9965290344332247
P,He,11,2503338,4.394132953680246e-6
P,Hf,1036,2503338,0.00041384743091024863
P,Hg,538,2503338,0.0002149130480981793
P,Ho,73,2503338,0.000029161064147150723
P,Hs,3,2503338,1.198399896458249e-6
P,I,45602,2503338,0.01821647735942969
P,In,571,2503338,0.00022809544695922006
P,Ir,5438,2503338,0.002172299545646653
P,K,14617,2503338,0.005839003762176742
P,Kr,2,2503338,7.989332643054993e-7
P,La,490,2503338,0.00019573864975484733
P,Li,14924,2503338,0.005961640018247636
P,Lr,7,2503338,2.7962664250692474e-6
P,Lu,122,2503338,0.000048734929122635455
P,Lv,0,2503338,0.0
P,Mc,0,2503338,0.0
P,Md,2,2503338,7.989332643054993e-7
P,Mg,4969,2503338,0.001984949695167013
P,Mn,2902,2503338,0.0011592521665072795
P,Mo,3167,2503338,0.0012651108240277582
P,Mt,1,2503338,3.9946663215274966e-7
P,N,1601273,2503338,0.6396551324671299
P,Na,51035,2503338,0.020386779571915578
P,Nb,284,2503338,0.0001134485235313809
P,Nd,930,2503338,0.0003715039679020572
P,Ne,9,2503338,3.595199689374747e-6
P,Nh,0,2503338,0.0
P,Ni,7054,2503338,0.002817837623205496
P,No,36,2503338,0.000014380798757498987
P,Np,61,2503338,0.000024367464561317728
P,O,2252156,2503338,0.899661172402608
P,Og,0,2503338,0.0
P,Os,2211,2503338,0.0008832207236897294
P,P,2503338,2503338,1.0
P,Pa,26,2503338,0.000010386132435971491
P,Pb,868,2503338,0.0003467370367085867
P,Pd,17425,2503338,0.006960706065261663
P,Pm,21,2503338,8.388799275207743e-6
P,Po,71,2503338,0.000028362130882845225
P,Pr,229,2503338,0.00009147785876297966
P,Pt,5829,2503338,0.0023284909988183777
P,Pu,20,2503338,7.989332643054993e-6
P,Ra,4,2503338,1.5978665286109986e-6
P,Rb,397,2503338,0.00015858825296464162
P,Re,971,2503338,0.0003878820998203199
P,Rf,191,2503338,0.00007629812674117518
P,Rg,0,2503338,0.0
P,Rh,4050,2503338,0.0016178398602186362
P,Rn,7,2503338,2.7962664250692474e-6
P,Ru,11489,2503338,0.00458947213680294
P,S,432705,2503338,0.17285120906565554
P,Sb,1430,2503338,0.000571237283978432
P,Sc,196,2503338,0.00007829545990193893
P,Se,7213,2503338,0.002881352817717783
P,Sg,0,2503338,0.0
P,Si,57992,2503338,0.023165868931802256
P,Sm,159,2503338,0.0000635151945122872
P,Sn,4169,2503338,0.0016653763894448133
P,Sr,724,2503338,0.0002892138416785907
P,Ta,203,2503338,0.00008109172632700818
P,Tb,188,2503338,0.00007509972684471694
P,Tc,508,2503338,0.00020292904913359682
P,Te,694,2503338,0.00027722984271400826
P,Th,137,2503338,0.0000547269286049267
P,Ti,5709,2503338,0.0022805550029600477
P,Tl,831,2503338,0.00033195677131893494
P,Tm,80,2503338,0.000031957330572219974
P,Ts,0,2503338,0.0
P,U,1879,2503338,0.0007505978018150166
P,V,4034,2503338,0.0016114483941041921
P,W,4097,2503338,0.0016366147919298153
P,Xe,18,2503338,7.190399378749494e-6
P,Y,5754,2503338,0.0022985310014069214
P,Yb,154,2503338,0.00006151786135152345
P,Zn,6314,2503338,0.0025222323154124615
P,Zr,4394,2503338,0.001755256381679182
Pa,Ac,0,263,0.0
Pa,Ag,1,263,0.0038022813688212928
Pa,Al,0,263,0.0
Pa,Am,0,263,0.0
Pa,Ar,1,263,0.0038022813688212928
Pa,As,0,263,0.0
Pa,At,0,263,0.0
Pa,Au,0,263,0.0
Pa,B,18,263,0.06844106463878327
Pa,Ba,0,263,0.0
Pa,Be,0,263,0.0
Pa,Bh,0,263,0.0
Pa,Bi,0,263,0.0
Pa,Bk,0,263,0.0
Pa,Br,8,263,0.030418250950570342
Pa,C,200,263,0.7604562737642585
Pa,Ca,1,263,0.0038022813688212928
Pa,Cd,0,263,0.0
Pa,Ce,3,263,0.011406844106463879
Pa,Cf,0,263,0.0
Pa,Cl,16,263,0.060836501901140684
Pa,Cm,0,263,0.0
Pa,Cn,0,263,0.0
Pa,Co,0,263,0.0
Pa,Cr,0,263,0.0
Pa,Cs,0,263,0.0
Pa,Cu,0,263,0.0
Pa,Db,0,263,0.0
Pa,Ds,0,263,0.0
Pa,Dy,2,263,0.0076045627376425855
Pa,Er,0,263,0.0
Pa,Es,0,263,0.0
Pa,Eu,0,263,0.0
Pa,F,26,263,0.09885931558935361
Pa,Fe,3,263,0.011406844106463879
Pa,Fl,0,263,0.0
Pa,Fm,0,263,0.0
Pa,Fr,0,263,0.0
Pa,Ga,0,263,0.0
Pa,Gd,0,263,0.0
Pa,Ge,0,263,0.0
Pa,H,209,263,0.7946768060836502
Pa,He,0,263,0.0
Pa,Hf,0,263,0.0
Pa,Hg,0,263,0.0
Pa,Ho,0,263,0.0
Pa,Hs,0,263,0.0
Pa,I,3,263,0.011406844106463879
Pa,In,0,263,0.0
Pa,Ir,1,263,0.0038022813688212928
Pa,K,0,263,0.0
Pa,Kr,0,263,0.0
Pa,La,8,263,0.030418250950570342
Pa,Li,0,263,0.0
Pa,Lr,0,263,0.0
Pa,Lu,1,263,0.0038022813688212928
Pa,Lv,0,263,0.0
Pa,Mc,0,263,0.0
Pa,Md,0,263,0.0
Pa,Mg,0,263,0.0
Pa,Mn,1,263,0.0038022813688212928
Pa,Mo,0,263,0.0
Pa,Mt,0,263,0.0
Pa,N,113,263,0.4296577946768061
Pa,Na,1,263,0.0038022813688212928
Pa,Nb,0,263,0.0
Pa,Nd,1,263,0.0038022813688212928
Pa,Ne,0,263,0.0
Pa,Nh,0,263,0.0
Pa,Ni,0,263,0.0
Pa,No,0,263,0.0
Pa,Np,2,263,0.0076045627376425855
Pa,O,145,263,0.5513307984790875
Pa,Og,0,263,0.0
Pa,Os,0,263,0.0
Pa,P,26,263,0.09885931558935361
Pa,Pa,263,263,1.0
Pa,Pb,26,263,0.09885931558935361
Pa,Pd,2,263,0.0076045627376425855
Pa,Pm,0,263,0.0
Pa,Po,2,263,0.0076045627376425855
Pa,Pr,3,263,0.011406844106463879
Pa,Pt,0,263,0.0
Pa,Pu,0,263,0.0
Pa,Ra,1,263,0.0038022813688212928
Pa,Rb,5,263,0.019011406844106463
Pa,Re,0,263,0.0
Pa,Rf,0,263,0.0
Pa,Rg,0,263,0.0
Pa,Rh,2,263,0.0076045627376425855
Pa,Rn,0,263,0.0
Pa,Ru,0,263,0.0
Pa,S,33,263,0.12547528517110265
Pa,Sb,0,263,0.0
Pa,Sc,0,263,0.0
Pa,Se,0,263,0.0
Pa,Sg,0,263,0.0
Pa,Si,2,263,0.0076045627376425855
Pa,Sm,0,263,0.0
Pa,Sn,0,263,0.0
Pa,Sr,0,263,0.0
Pa,Ta,6,263,0.022813688212927757
Pa,Tb,0,263,0.0
Pa,Tc,0,263,0.0
Pa,Te,0,263,0.0
Pa,Th,1,263,0.0038022813688212928
Pa,Ti,0,263,0.0
Pa,Tl,2,263,0.0076045627376425855
Pa,Tm,0,263,0.0
Pa,Ts,0,263,0.0
Pa,U,0,263,0.0
Pa,V,3,263,0.011406844106463879
Pa,W,1,263,0.0038022813688212928
Pa,Xe,0,263,0.0
Pa,Y,4,263,0.015209125475285171
Pa,Yb,0,263,0.0
Pa,Zn,0,263,0.0
Pa,Zr,0,263,0.0
Pb,Ac,8,18301,0.0004371345828096825
Pb,Ag,259,18301,0.014152232118463472
Pb,Al,313,18301,0.017102890552428827
Pb,Am,0,18301,0.0
Pb,Ar,4,18301,0.00021856729140484125
Pb,As,248,18301,0.013551172067100159
Pb,At,0,18301,0.0
Pb,Au,126,18301,0.0068848696792525
Pb,B,480,18301,0.026228074968580952
Pb,Ba,257,18301,0.014042948472761052
Pb,Be,17,18301,0.0009289109884705754
Pb,Bh,0,18301,0.0
Pb,Bi,458,18301,0.025025954865854325
Pb,Bk,2,18301,0.00010928364570242063
Pb,Br,724,18301,0.03956067974427627
Pb,C,12547,18301,0.6855909513141358
Pb,Ca,418,18301,0.022840281951805912
Pb,Cd,339,18301,0.0185235779465603
Pb,Ce,37,18301,0.0020217474454947816
Pb,Cf,0,18301,0.0
Pb,Cl,1418,18301,0.07748210480301623
Pb,Cm,1,18301,0.00005464182285121031
Pb,Cn,0,18301,0.0
Pb,Co,126,18301,0.0068848696792525
Pb,Cr,263,18301,0.014370799409868313
Pb,Cs,160,18301,0.00874269165619365
Pb,Cu,599,18301,0.03273045188787498
Pb,Db,0,18301,0.0
Pb,Ds,0,18301,0.0
Pb,Dy,5,18301,0.00027320911425605157
Pb,Er,6,18301,0.0003278509371072619
Pb,Es,0,18301,0.0
Pb,Eu,13,18301,0.0007103436970657341
Pb,F,1108,18301,0.06054313971914103
Pb,Fe,388,18301,0.021201027266269604
Pb,Fl,0,18301,0.0
Pb,Fm,4,18301,0.00021856729140484125
Pb,Fr,0,18301,0.0
Pb,Ga,97,18301,0.005300256816567401
Pb,Gd,8,18301,0.0004371345828096825
Pb,Ge,150,18301,0.008196273427681547
Pb,H,15378,18301,0.8402819518059123
Pb,He,1,18301,0.00005464182285121031
Pb,Hf,32,18301,0.00174853833123873
Pb,Hg,158,18301,0.00863340801049123
Pb,Ho,6,18301,0.0003278509371072619
Pb,Hs,0,18301,0.0
Pb,I,781,18301,0.042675263646795254
Pb,In,189,18301,0.01032730451887875
Pb,Ir,18,18301,0.0009835528113217857
Pb,K,214,18301,0.011693350090159007
Pb,Kr,1,18301,0.00005464182285121031
Pb,La,145,18301,0.007923064313425496
Pb,Li,190,18301,0.01038194634172996
Pb,Lr,0,18301,0.0
Pb,Lu,8,18301,0.0004371345828096825
Pb,Lv,0,18301,0.0
Pb,Mc,0,18301,0.0
Pb,Md,0,18301,0.0
Pb,Mg,255,18301,0.01393366482705863
Pb,Mn,230,18301,0.012567619255778373
Pb,Mo,135,18301,0.007376646084913393
Pb,Mt,0,18301,0.0
Pb,N,5771,18301,0.31533795967433476
Pb,Na,383,18301,0.020927818152013552
Pb,Nb,274,18301,0.014971859461231626
Pb,Nd,25,18301,0.0013660455712802579
Pb,Ne,1,18301,0.00005464182285121031
Pb,Nh,0,18301,0.0
Pb,Ni,259,18301,0.014152232118463472
Pb,No,1,18301,0.00005464182285121031
Pb,Np,0,18301,0.0
Pb,O,11496,18301,0.6281623954975138
Pb,Og,0,18301,0.0
Pb,Os,12,18301,0.0006557018742145238
Pb,P,868,18301,0.047429102234850556
Pb,Pa,26,18301,0.0014206873941314683
Pb,Pb,18301,18301,1.0
Pb,Pd,67,18301,0.0036610021310310914
Pb,Pm,0,18301,0.0
Pb,Po,5,18301,0.00027320911425605157
Pb,Pr,8,18301,0.0004371345828096825
Pb,Pt,49,18301,0.0026774493197093056
Pb,Pu,2,18301,0.00010928364570242063
Pb,Ra,2,18301,0.00010928364570242063
Pb,Rb,33,18301,0.0018031801540899404
Pb,Re,22,18301,0.001202120102726627
Pb,Rf,0,18301,0.0
Pb,Rg,0,18301,0.0
Pb,Rh,22,18301,0.001202120102726627
Pb,Rn,1,18301,0.00005464182285121031
Pb,Ru,51,18301,0.002786732965411726
Pb,S,2730,18301,0.14917217638380417
Pb,Sb,334,18301,0.018250368832304246
Pb,Sc,57,18301,0.003114583902518988
Pb,Se,208,18301,0.011365499153051746
Pb,Sg,0,18301,0.0
Pb,Si,756,18301,0.041309218075515
Pb,Sm,9,18301,0.0004917764056608929
Pb,Sn,593,18301,0.03240260095076772
Pb,Sr,171,18301,0.009343751707556964
Pb,Ta,82,18301,0.004480629473799246
Pb,Tb,5,18301,0.00027320911425605157
Pb,Tc,7,18301,0.0003824927599584722
Pb,Te,175,18301,0.009562318998961806
Pb,Th,16,18301,0.000874269165619365
Pb,Ti,527,18301,0.028796240642587838
Pb,Tl,45,18301,0.002458882028304464
Pb,Tm,5,18301,0.00027320911425605157
Pb,Ts,0,18301,0.0
Pb,U,51,18301,0.002786732965411726
Pb,V,94,18301,0.00513633134801377
Pb,W,143,18301,0.007813780667723076
Pb,Xe,1,18301,0.00005464182285121031
Pb,Y,40,18301,0.0021856729140484125
Pb,Yb,14,18301,0.0007649855199169444
Pb,Zn,686,18301,0.03748429047593028
Pb,Zr,359,18301,0.019616414403584505
Pd,Ac,42,48856,0.0008596692320288194
Pd,Ag,222,48856,0.00454396594072376
Pd,Al,303,48856,0.006201899459636483
Pd,Am,4,48856,0.0000818732601932209
Pd,Ar,37,48856,0.0007573276567872933
Pd,As,106,48856,0.002169641395120354
Pd,At,0,48856,0.0
Pd,Au,240,48856,0.004912395611593253
Pd,B,6479,48856,0.13261421319796954
Pd,Ba,49,48856,0.001002947437366956
Pd,Be,30,48856,0.0006140494514491567
Pd,Bh,0,48856,0.0
Pd,Bi,72,48856,0.001473718683477976
Pd,Bk,0,48856,0.0
Pd,Br,7894,48856,0.16157687899132142
Pd,C,45812,48856,0.937694448992959
Pd,Ca,46,48856,0.0009415424922220403
Pd,Cd,26,48856,0.0005321761912559358
Pd,Ce,51,48856,0.0010438840674635663
Pd,Cf,1,48856,0.000020468315048305225
Pd,Cl,14880,48856,0.30456852791878175
Pd,Cm,1,48856,0.000020468315048305225
Pd,Cn,0,48856,0.0
Pd,Co,234,48856,0.004789585721303422
Pd,Cr,104,48856,0.002128704765023743
Pd,Cs,312,48856,0.00638611429507123
Pd,Cu,560,48856,0.011462256427050925
Pd,Db,0,48856,0.0
Pd,Ds,0,48856,0.0
Pd,Dy,9,48856,0.000184214835434747
Pd,Er,6,48856,0.00012280989028983134
Pd,Es,0,48856,0.0
Pd,Eu,9,48856,0.000184214835434747
Pd,F,7784,48856,0.15932536433600786
Pd,Fe,1138,48856,0.023292942524971345
Pd,Fl,0,48856,0.0
Pd,Fm,11,48856,0.00022515146553135745
Pd,Fr,0,48856,0.0
Pd,Ga,48,48856,0.0009824791223186507
Pd,Gd,11,48856,0.00022515146553135745
Pd,Ge,117,48856,0.002394792860651711
Pd,H,47085,48856,0.9637506140494515
Pd,He,0,48856,0.0
Pd,Hf,17,48856,0.0003479613558211888
Pd,Hg,24,48856,0.0004912395611593254
Pd,Ho,5,48856,0.00010234157524152611
Pd,Hs,0,48856,0.0
Pd,I,2715,48856,0.05557147535614868
Pd,In,54,48856,0.0011052890126084822
Pd,Ir,267,48856,0.005465040117897495
Pd,K,1591,48856,0.03256508924185361
Pd,Kr,0,48856,0.0
Pd,La,53,48856,0.001084820697560177
Pd,Li,678,48856,0.013877517602750942
Pd,Lr,1,48856,0.000020468315048305225
Pd,Lu,14,48856,0.00028655641067627314
Pd,Lv,0,48856,0.0
Pd,Mc,0,48856,0.0
Pd,Md,2,48856,0.00004093663009661045
Pd,Mg,266,48856,0.0054445718028491895
Pd,Mn,120,48856,0.0024561978057966267
Pd,Mo,116,48856,0.002374324545603406
Pd,Mt,0,48856,0.0
Pd,N,34693,48856,0.7101072539708532
Pd,Na,1651,48856,0.03379318814475192
Pd,Nb,24,48856,0.0004912395611593254
Pd,Nd,17,48856,0.0003479613558211888
Pd,Ne,1,48856,0.000020468315048305225
Pd,Nh,0,48856,0.0
Pd,Ni,431,48856,0.008821843785819551
Pd,No,2,48856,0.00004093663009661045
Pd,Np,3,48856,0.00006140494514491567
Pd,O,32278,48856,0.660676273129196
Pd,Og,0,48856,0.0
Pd,Os,99,48856,0.002026363189782217
Pd,P,17425,48856,0.35666038971671854
Pd,Pa,2,48856,0.00004093663009661045
Pd,Pb,67,48856,0.00137137710823645
Pd,Pd,48856,48856,1.0
Pd,Pm,0,48856,0.0
Pd,Po,5,48856,0.00010234157524152611
Pd,Pr,21,48856,0.0004298346160144097
Pd,Pt,1961,48856,0.040138365809726545
Pd,Pu,1,48856,0.000020468315048305225
Pd,Ra,0,48856,0.0
Pd,Rb,21,48856,0.0004298346160144097
Pd,Re,71,48856,0.0014532503684296708
Pd,Rf,1,48856,0.000020468315048305225
Pd,Rg,0,48856,0.0
Pd,Rh,230,48856,0.004707712461110201
Pd,Rn,0,48856,0.0
Pd,Ru,201,48856,0.00411413132470935
Pd,S,9385,48856,0.19209513672834452
Pd,Sb,128,48856,0.0026199443261830688
Pd,Sc,16,48856,0.0003274930407728836
Pd,Se,136,48856,0.0027836908465695104
Pd,Sg,0,48856,0.0
Pd,Si,2313,48856,0.04734321270672998
Pd,Sm,8,48856,0.0001637465203864418
Pd,Sn,1232,48856,0.025216964139512035
Pd,Sr,19,48856,0.00038889798591779925
Pd,Ta,50,48856,0.0010234157524152611
Pd,Tb,6,48856,0.00012280989028983134
Pd,Tc,9,48856,0.000184214835434747
Pd,Te,48,48856,0.0009824791223186507
Pd,Th,5,48856,0.00010234157524152611
Pd,Ti,158,48856,0.003233993777632225
Pd,Tl,14,48856,0.00028655641067627314
Pd,Tm,2,48856,0.00004093663009661045
Pd,Ts,0,48856,0.0
Pd,U,112,48856,0.002292451285410185
Pd,V,111,48856,0.00227198297036188
Pd,W,119,48856,0.0024357294907483215
Pd,Xe,1,48856,0.000020468315048305225
Pd,Y,142,48856,0.0029065007368593416
Pd,Yb,10,48856,0.00020468315048305223
Pd,Zn,486,48856,0.009947601113476338
Pd,Zr,76,48856,0.001555591943671197
Pm,Ac,0,410,0.0
Pm,Ag,0,410,0.0
Pm,Al,6,410,0.014634146341463415
Pm,Am,2,410,0.004878048780487805
Pm,Ar,0,410,0.0
Pm,As,2,410,0.004878048780487805
Pm,At,0,410,0.0
Pm,Au,0,410,0.0
Pm,B,11,410,0.026829268292682926
Pm,Ba,3,410,0.007317073170731708
Pm,Be,2,410,0.004878048780487805
Pm,Bh,0,410,0.0
Pm,Bi,0,410,0.0
Pm,Bk,0,410,0.0
Pm,Br,8,410,0.01951219512195122
Pm,C,210,410,0.5121951219512195
Pm,Ca,0,410,0.0
Pm,Cd,0,410,0.0
Pm,Ce,7,410,0.01707317073170732
Pm,Cf,0,410,0.0
Pm,Cl,19,410,0.046341463414634146
Pm,Cm,0,410,0.0
Pm,Cn,0,410,0.0
Pm,Co,7,410,0.01707317073170732
Pm,Cr,7,410,0.01707317073170732
Pm,Cs,1,410,0.0024390243902439024
Pm,Cu,10,410,0.024390243902439025
Pm,Db,0,410,0.0
Pm,Ds,0,410,0.0
Pm,Dy,11,410,0.026829268292682926
Pm,Er,10,410,0.024390243902439025
Pm,Es,0,410,0.0
Pm,Eu,15,410,0.036585365853658534
Pm,F,34,410,0.08292682926829269
Pm,Fe,5,410,0.012195121951219513
Pm,Fl,0,410,0.0
Pm,Fm,0,410,0.0
Pm,Fr,0,410,0.0
Pm,Ga,4,410,0.00975609756097561
Pm,Gd,15,410,0.036585365853658534
Pm,Ge,0,410,0.0
Pm,H,262,410,0.6390243902439025
Pm,He,0,410,0.0
Pm,Hf,2,410,0.004878048780487805
Pm,Hg,0,410,0.0
Pm,Ho,12,410,0.02926829268292683
Pm,Hs,0,410,0.0
Pm,I,10,410,0.024390243902439025
Pm,In,4,410,0.00975609756097561
Pm,Ir,1,410,0.0024390243902439024
Pm,K,1,410,0.0024390243902439024
Pm,Kr,0,410,0.0
Pm,La,6,410,0.014634146341463415
Pm,Li,1,410,0.0024390243902439024
Pm,Lr,0,410,0.0
Pm,Lu,1,410,0.0024390243902439024
Pm,Lv,0,410,0.0
Pm,Mc,0,410,0.0
Pm,Md,0,410,0.0
Pm,Mg,3,410,0.007317073170731708
Pm,Mn,9,410,0.02195121951219512
Pm,Mo,0,410,0.0
Pm,Mt,0,410,0.0
Pm,N,125,410,0.3048780487804878
Pm,Na,0,410,0.0
Pm,Nb,1,410,0.0024390243902439024
Pm,Nd,13,410,0.03170731707317073
Pm,Ne,0,410,0.0
Pm,Nh,0,410,0.0
Pm,Ni,8,410,0.01951219512195122
Pm,No,0,410,0.0
Pm,Np,3,410,0.007317073170731708
Pm,O,227,410,0.5536585365853659
Pm,Og,0,410,0.0
Pm,Os,0,410,0.0
Pm,P,21,410,0.05121951219512195
Pm,Pa,0,410,0.0
Pm,Pb,0,410,0.0
Pm,Pd,0,410,0.0
Pm,Pm,410,410,1.0
Pm,Po,1,410,0.0024390243902439024
Pm,Pr,12,410,0.02926829268292683
Pm,Pt,2,410,0.004878048780487805
Pm,Pu,5,410,0.012195121951219513
Pm,Ra,0,410,0.0
Pm,Rb,0,410,0.0
Pm,Re,0,410,0.0
Pm,Rf,0,410,0.0
Pm,Rg,0,410,0.0
Pm,Rh,2,410,0.004878048780487805
Pm,Rn,0,410,0.0
Pm,Ru,2,410,0.004878048780487805
Pm,S,48,410,0.11707317073170732
Pm,Sb,0,410,0.0
Pm,Sc,7,410,0.01707317073170732
Pm,Se,2,410,0.004878048780487805
Pm,Sg,0,410,0.0
Pm,Si,4,410,0.00975609756097561
Pm,Sm,19,410,0.046341463414634146
Pm,Sn,1,410,0.0024390243902439024
Pm,Sr,0,410,0.0
Pm,Ta,0,410,0.0
Pm,Tb,14,410,0.03414634146341464
Pm,Tc,0,410,0.0
Pm,Te,0,410,0.0
Pm,Th,0,410,0.0
Pm,Ti,4,410,0.00975609756097561
Pm,Tl,1,410,0.0024390243902439024
Pm,Tm,10,410,0.024390243902439025
Pm,Ts,0,410,0.0
Pm,U,3,410,0.007317073170731708
Pm,V,6,410,0.014634146341463415
Pm,W,3,410,0.007317073170731708
Pm,Xe,1,410,0.0024390243902439024
Pm,Y,5,410,0.012195121951219513
Pm,Yb,6,410,0.014634146341463415
Pm,Zn,1,410,0.0024390243902439024
Pm,Zr,1,410,0.0024390243902439024
Po,Ac,2,1385,0.001444043321299639
Po,Ag,6,1385,0.004332129963898917
Po,Al,5,1385,0.0036101083032490976
Po,Am,0,1385,0.0
Po,Ar,0,1385,0.0
Po,As,4,1385,0.002888086642599278
Po,At,1,1385,0.0007220216606498195
Po,Au,4,1385,0.002888086642599278
Po,B,27,1385,0.019494584837545126
Po,Ba,4,1385,0.002888086642599278
Po,Be,5,1385,0.0036101083032490976
Po,Bh,0,1385,0.0
Po,Bi,9,1385,0.006498194945848376
Po,Bk,0,1385,0.0
Po,Br,55,1385,0.039711191335740074
Po,C,1143,1385,0.8252707581227436
Po,Ca,7,1385,0.005054151624548736
Po,Cd,4,1385,0.002888086642599278
Po,Ce,4,1385,0.002888086642599278
Po,Cf,0,1385,0.0
Po,Cl,117,1385,0.08447653429602887
Po,Cm,0,1385,0.0
Po,Cn,0,1385,0.0
Po,Co,6,1385,0.004332129963898917
Po,Cr,5,1385,0.0036101083032490976
Po,Cs,3,1385,0.0021660649819494585
Po,Cu,5,1385,0.0036101083032490976
Po,Db,0,1385,0.0
Po,Ds,0,1385,0.0
Po,Dy,0,1385,0.0
Po,Er,1,1385,0.0007220216606498195
Po,Es,0,1385,0.0
Po,Eu,0,1385,0.0
Po,F,117,1385,0.08447653429602887
Po,Fe,8,1385,0.005776173285198556
Po,Fl,0,1385,0.0
Po,Fm,0,1385,0.0
Po,Fr,0,1385,0.0
Po,Ga,4,1385,0.002888086642599278
Po,Gd,1,1385,0.0007220216606498195
Po,Ge,5,1385,0.0036101083032490976
Po,H,1255,1385,0.9061371841155235
Po,He,0,1385,0.0
Po,Hf,3,1385,0.0021660649819494585
Po,Hg,5,1385,0.0036101083032490976
Po,Ho,0,1385,0.0
Po,Hs,0,1385,0.0
Po,I,76,1385,0.054873646209386284
Po,In,3,1385,0.0021660649819494585
Po,Ir,3,1385,0.0021660649819494585
Po,K,9,1385,0.006498194945848376
Po,Kr,0,1385,0.0
Po,La,3,1385,0.0021660649819494585
Po,Li,9,1385,0.006498194945848376
Po,Lr,0,1385,0.0
Po,Lu,0,1385,0.0
Po,Lv,0,1385,0.0
Po,Mc,0,1385,0.0
Po,Md,0,1385,0.0
Po,Mg,3,1385,0.0021660649819494585
Po,Mn,4,1385,0.002888086642599278
Po,Mo,4,1385,0.002888086642599278
Po,Mt,0,1385,0.0
Po,N,652,1385,0.4707581227436823
Po,Na,11,1385,0.007942238267148015
Po,Nb,4,1385,0.002888086642599278
Po,Nd,0,1385,0.0
Po,Ne,0,1385,0.0
Po,Nh,0,1385,0.0
Po,Ni,5,1385,0.0036101083032490976
Po,No,0,1385,0.0
Po,Np,0,1385,0.0
Po,O,887,1385,0.6404332129963899
Po,Og,0,1385,0.0
Po,Os,4,1385,0.002888086642599278
Po,P,71,1385,0.051263537906137184
Po,Pa,2,1385,0.001444043321299639
Po,Pb,5,1385,0.0036101083032490976
Po,Pd,5,1385,0.0036101083032490976
Po,Pm,1,1385,0.0007220216606498195
Po,Po,1385,1385,1.0
Po,Pr,2,1385,0.001444043321299639
Po,Pt,4,1385,0.002888086642599278
Po,Pu,2,1385,0.001444043321299639
Po,Ra,0,1385,0.0
Po,Rb,3,1385,0.0021660649819494585
Po,Re,4,1385,0.002888086642599278
Po,Rf,11,1385,0.007942238267148015
Po,Rg,0,1385,0.0
Po,Rh,3,1385,0.0021660649819494585
Po,Rn,1,1385,0.0007220216606498195
Po,Ru,4,1385,0.002888086642599278
Po,S,172,1385,0.12418772563176896
Po,Sb,6,1385,0.004332129963898917
Po,Sc,3,1385,0.0021660649819494585
Po,Se,10,1385,0.007220216606498195
Po,Sg,0,1385,0.0
Po,Si,48,1385,0.034657039711191336
Po,Sm,0,1385,0.0
Po,Sn,4,1385,0.002888086642599278
Po,Sr,4,1385,0.002888086642599278
Po,Ta,3,1385,0.0021660649819494585
Po,Tb,4,1385,0.002888086642599278
Po,Tc,5,1385,0.0036101083032490976
Po,Te,7,1385,0.005054151624548736
Po,Th,0,1385,0.0
Po,Ti,5,1385,0.0036101083032490976
Po,Tl,3,1385,0.0021660649819494585
Po,Tm,1,1385,0.0007220216606498195
Po,Ts,0,1385,0.0
Po,U,3,1385,0.0021660649819494585
Po,V,4,1385,0.002888086642599278
Po,W,3,1385,0.0021660649819494585
Po,Xe,0,1385,0.0
Po,Y,8,1385,0.005776173285198556
Po,Yb,0,1385,0.0
Po,Zn,4,1385,0.002888086642599278
Po,Zr,3,1385,0.0021660649819494585
Pr,Ac,18,3784,0.0047568710359408035
Pr,Ag,8,3784,0.0021141649048625794
Pr,Al,64,3784,0.016913319238900635
Pr,Am,0,3784,0.0
Pr,Ar,3,3784,0.0007928118393234672
Pr,As,3,3784,0.0007928118393234672
Pr,At,0,3784,0.0
Pr,Au,9,3784,0.0023784355179704017
Pr,B,106,3784,0.028012684989429177
Pr,Ba,41,3784,0.010835095137420718
Pr,Be,2,3784,0.0005285412262156448
Pr,Bh,0,3784,0.0
Pr,Bi,8,3784,0.0021141649048625794
Pr,Bk,0,3784,0.0
Pr,Br,93,3784,0.024577167019027485
Pr,C,2588,3784,0.6839323467230444
Pr,Ca,35,3784,0.009249471458773785
Pr,Cd,5,3784,0.001321353065539112
Pr,Ce,159,3784,0.04201902748414376
Pr,Cf,0,3784,0.0
Pr,Cl,389,3784,0.10280126849894292
Pr,Cm,0,3784,0.0
Pr,Cn,0,3784,0.0
Pr,Co,65,3784,0.017177589852008457
Pr,Cr,17,3784,0.004492600422832981
Pr,Cs,9,3784,0.0023784355179704017
Pr,Cu,47,3784,0.012420718816067653
Pr,Db,0,3784,0.0
Pr,Ds,0,3784,0.0
Pr,Dy,29,3784,0.00766384778012685
Pr,Er,19,3784,0.005021141649048625
Pr,Es,0,3784,0.0
Pr,Eu,34,3784,0.008985200845665961
Pr,F,434,3784,0.11469344608879492
Pr,Fe,82,3784,0.021670190274841437
Pr,Fl,0,3784,0.0
Pr,Fm,1,3784,0.0002642706131078224
Pr,Fr,1,3784,0.0002642706131078224
Pr,Ga,18,3784,0.0047568710359408035
Pr,Gd,31,3784,0.008192389006342496
Pr,Ge,11,3784,0.0029069767441860465
Pr,H,2985,3784,0.7888477801268499
Pr,He,0,3784,0.0
Pr,Hf,16,3784,0.004228329809725159
Pr,Hg,1,3784,0.0002642706131078224
Pr,Ho,27,3784,0.007135306553911205
Pr,Hs,0,3784,0.0
Pr,I,56,3784,0.014799154334038054
Pr,In,21,3784,0.005549682875264271
Pr,Ir,13,3784,0.003435517970401691
Pr,K,17,3784,0.004492600422832981
Pr,Kr,0,3784,0.0
Pr,La,134,3784,0.0354122621564482
Pr,Li,35,3784,0.009249471458773785
Pr,Lr,2,3784,0.0005285412262156448
Pr,Lu,9,3784,0.0023784355179704017
Pr,Lv,0,3784,0.0
Pr,Mc,0,3784,0.0
Pr,Md,0,3784,0.0
Pr,Mg,33,3784,0.00872093023255814
Pr,Mn,75,3784,0.01982029598308668
Pr,Mo,13,3784,0.003435517970401691
Pr,Mt,0,3784,0.0
Pr,N,1534,3784,0.40539112050739956
Pr,Na,30,3784,0.007928118393234672
Pr,Nb,8,3784,0.0021141649048625794
Pr,Nd,196,3784,0.05179704016913319
Pr,Ne,0,3784,0.0
Pr,Nh,0,3784,0.0
Pr,Ni,64,3784,0.016913319238900635
Pr,No,0,3784,0.0
Pr,Np,2,3784,0.0005285412262156448
Pr,O,2675,3784,0.7069238900634249
Pr,Og,0,3784,0.0
Pr,Os,3,3784,0.0007928118393234672
Pr,P,229,3784,0.06051797040169133
Pr,Pa,3,3784,0.0007928118393234672
Pr,Pb,8,3784,0.0021141649048625794
Pr,Pd,21,3784,0.005549682875264271
Pr,Pm,12,3784,0.003171247357293869
Pr,Po,2,3784,0.0005285412262156448
Pr,Pr,3784,3784,1.0
Pr,Pt,16,3784,0.004228329809725159
Pr,Pu,2,3784,0.0005285412262156448
Pr,Ra,0,3784,0.0
Pr,Rb,9,3784,0.0023784355179704017
Pr,Re,3,3784,0.0007928118393234672
Pr,Rf,2,3784,0.0005285412262156448
Pr,Rg,0,3784,0.0
Pr,Rh,4,3784,0.0010570824524312897
Pr,Rn,0,3784,0.0
Pr,Ru,33,3784,0.00872093023255814
Pr,S,441,3784,0.11654334038054968
Pr,Sb,13,3784,0.003435517970401691
Pr,Sc,22,3784,0.005813953488372093
Pr,Se,9,3784,0.0023784355179704017
Pr,Sg,0,3784,0.0
Pr,Si,120,3784,0.03171247357293869
Pr,Sm,50,3784,0.013213530655391121
Pr,Sn,19,3784,0.005021141649048625
Pr,Sr,53,3784,0.014006342494714588
Pr,Ta,6,3784,0.0015856236786469344
Pr,Tb,33,3784,0.00872093023255814
Pr,Tc,0,3784,0.0
Pr,Te,3,3784,0.0007928118393234672
Pr,Th,0,3784,0.0
Pr,Ti,54,3784,0.01427061310782241
Pr,Tl,2,3784,0.0005285412262156448
Pr,Tm,10,3784,0.002642706131078224
Pr,Ts,0,3784,0.0
Pr,U,5,3784,0.001321353065539112
Pr,V,24,3784,0.006342494714587738
Pr,W,10,3784,0.002642706131078224
Pr,Xe,0,3784,0.0
Pr,Y,50,3784,0.013213530655391121
Pr,Yb,30,3784,0.007928118393234672
Pr,Zn,27,3784,0.007135306553911205
Pr,Zr,93,3784,0.024577167019027485
Pt,Ac,5,143559,0.00003482888568463141
Pt,Ag,224,143559,0.0015603340786714869
Pt,Al,237,143559,0.0016508891814515287
Pt,Am,2,143559,0.000013931554273852562
Pt,Ar,24,143559,0.00016717865128623076
Pt,As,128,143559,0.000891619473526564
Pt,At,3,143559,0.000020897331410778845
Pt,Au,278,143559,0.001936486044065506
Pt,B,6813,143559,0.04745783963387876
Pt,Ba,62,143559,0.00043187818248942945
Pt,Be,11,143559,0.00007662354850618909
Pt,Bh,0,143559,0.0
Pt,Bi,133,143559,0.0009264483592111954
Pt,Bk,1,143559,6.965777136926281e-6
Pt,Br,1990,143559,0.0138618965024833
Pt,C,139533,143559,0.9719557812467348
Pt,Ca,33,143559,0.00022987064551856728
Pt,Cd,26,143559,0.0001811102055600833
Pt,Ce,39,143559,0.00027166530834012495
Pt,Cf,0,143559,0.0
Pt,Cl,11808,143559,0.08225189643282553
Pt,Cm,0,143559,0.0
Pt,Cn,0,143559,0.0
Pt,Co,350,143559,0.0024380219979241984
Pt,Cr,194,143559,0.0013513607645636986
Pt,Cs,27,143559,0.0001880759826970096
Pt,Cu,695,143559,0.0048412151101637655
Pt,Db,0,143559,0.0
Pt,Ds,0,143559,0.0
Pt,Dy,20,143559,0.00013931554273852563
Pt,Er,8,143559,0.00005572621709541025
Pt,Es,0,143559,0.0
Pt,Eu,30,143559,0.00020897331410778844
Pt,F,12752,143559,0.08882759005008393
Pt,Fe,295,143559,0.0020549042553932527
Pt,Fl,0,143559,0.0
Pt,Fm,0,143559,0.0
Pt,Fr,0,143559,0.0
Pt,Ga,56,143559,0.0003900835196678717
Pt,Gd,57,143559,0.00039704929680479804
Pt,Ge,602,143559,0.0041933978364296215
Pt,H,141218,143559,0.9836931157224555
Pt,He,1,143559,6.965777136926281e-6
Pt,Hf,37,143559,0.00025773375406627243
Pt,Hg,37,143559,0.00025773375406627243
Pt,Ho,2,143559,0.000013931554273852562
Pt,Hs,0,143559,0.0
Pt,I,1847,143559,0.012865790371902842
Pt,In,59,143559,0.0004109808510786506
Pt,Ir,3677,143559,0.025613162532477935
Pt,K,728,143559,0.005071085755682333
Pt,Kr,1,143559,6.965777136926281e-6
Pt,La,43,143559,0.0002995284168878301
Pt,Li,160,143559,0.001114524341908205
Pt,Lr,2,143559,0.000013931554273852562
Pt,Lu,9,143559,0.00006269199423233653
Pt,Lv,0,143559,0.0
Pt,Mc,0,143559,0.0
Pt,Md,0,143559,0.0
Pt,Mg,88,143559,0.0006129883880495127
Pt,Mn,115,143559,0.0008010643707465223
Pt,Mo,137,143559,0.0009543114677589005
Pt,Mt,2,143559,0.000013931554273852562
Pt,N,133175,143559,0.9276673702101575
Pt,Na,448,143559,0.0031206681573429738
Pt,Nb,31,143559,0.00021593909124471473
Pt,Nd,18,143559,0.00012538398846467306
Pt,Ne,1,143559,6.965777136926281e-6
Pt,Nh,0,143559,0.0
Pt,Ni,317,143559,0.002208151352405631
Pt,No,1,143559,6.965777136926281e-6
Pt,Np,0,143559,0.0
Pt,O,107236,143559,0.7469820770554267
Pt,Og,0,143559,0.0
Pt,Os,373,143559,0.002598234872073503
Pt,P,5829,143559,0.040603514931143295
Pt,Pa,0,143559,0.0
Pt,Pb,49,143559,0.0003413230797093878
Pt,Pd,1961,143559,0.013659888965512438
Pt,Pm,2,143559,0.000013931554273852562
Pt,Po,4,143559,0.000027863108547705123
Pt,Pr,16,143559,0.0001114524341908205
Pt,Pt,143559,143559,1.0
Pt,Pu,5,143559,0.00003482888568463141
Pt,Ra,3,143559,0.000020897331410778845
Pt,Rb,23,143559,0.00016021287414930447
Pt,Re,228,143559,0.0015881971872191921
Pt,Rf,2,143559,0.000013931554273852562
Pt,Rg,0,143559,0.0
Pt,Rh,337,143559,0.0023474668951441566
Pt,Rn,0,143559,0.0
Pt,Ru,381,143559,0.002653961089168913
Pt,S,14072,143559,0.09802241587082663
Pt,Sb,75,143559,0.0005224332852694711
Pt,Sc,8,143559,0.00005572621709541025
Pt,Se,648,143559,0.00451382358472823
Pt,Sg,0,143559,0.0
Pt,Si,8040,143559,0.0560048481808873
Pt,Sm,7,143559,0.000048760439958483965
Pt,Sn,254,143559,0.0017693073927792754
Pt,Sr,22,143559,0.00015324709701237818
Pt,Ta,94,143559,0.0006547830508710704
Pt,Tb,27,143559,0.0001880759826970096
Pt,Tc,5,143559,0.00003482888568463141
Pt,Te,187,143559,0.0013026003246052146
Pt,Th,10,143559,0.00006965777136926282
Pt,Ti,207,143559,0.0014419158673437402
Pt,Tl,14,143559,0.00009752087991696793
Pt,Tm,2,143559,0.000013931554273852562
Pt,Ts,0,143559,0.0
Pt,U,55,143559,0.00038311774253094546
Pt,V,81,143559,0.0005642279480910288
Pt,W,150,143559,0.0010448665705389422
Pt,Xe,3,143559,0.000020897331410778845
Pt,Y,293,143559,0.0020409727011194002
Pt,Yb,11,143559,0.00007662354850618909
Pt,Zn,179,143559,0.0012468741075098043
Pt,Zr,107,143559,0.0007453381536511121
Pu,Ac,2,577,0.0034662045060658577
Pu,Ag,1,577,0.0017331022530329288
Pu,Al,14,577,0.024263431542461005
Pu,Am,7,577,0.012131715771230503
Pu,Ar,0,577,0.0
Pu,As,1,577,0.0017331022530329288
Pu,At,0,577,0.0
Pu,Au,2,577,0.0034662045060658577
Pu,B,2,577,0.0034662045060658577
Pu,Ba,2,577,0.0034662045060658577
Pu,Be,4,577,0.006932409012131715
Pu,Bh,0,577,0.0
Pu,Bi,3,577,0.005199306759098787
Pu,Bk,0,577,0.0
Pu,Br,7,577,0.012131715771230503
Pu,C,216,577,0.37435008665511266
Pu,Ca,1,577,0.0017331022530329288
Pu,Cd,3,577,0.005199306759098787
Pu,Ce,9,577,0.01559792027729636
Pu,Cf,0,577,0.0
Pu,Cl,41,577,0.07105719237435008
Pu,Cm,18,577,0.03119584055459272
Pu,Cn,0,577,0.0
Pu,Co,9,577,0.01559792027729636
Pu,Cr,4,577,0.006932409012131715
Pu,Cs,3,577,0.005199306759098787
Pu,Cu,10,577,0.01733102253032929
Pu,Db,0,577,0.0
Pu,Ds,0,577,0.0
Pu,Dy,3,577,0.005199306759098787
Pu,Er,3,577,0.005199306759098787
Pu,Es,0,577,0.0
Pu,Eu,4,577,0.006932409012131715
Pu,F,51,577,0.08838821490467938
Pu,Fe,9,577,0.01559792027729636
Pu,Fl,0,577,0.0
Pu,Fm,0,577,0.0
Pu,Fr,0,577,0.0
Pu,Ga,10,577,0.01733102253032929
Pu,Gd,6,577,0.010398613518197574
Pu,Ge,5,577,0.008665511265164644
Pu,H,314,577,0.5441941074523396
Pu,He,1,577,0.0017331022530329288
Pu,Hf,1,577,0.0017331022530329288
Pu,Hg,1,577,0.0017331022530329288
Pu,Ho,2,577,0.0034662045060658577
Pu,Hs,0,577,0.0
Pu,I,7,577,0.012131715771230503
Pu,In,2,577,0.0034662045060658577
Pu,Ir,3,577,0.005199306759098787
Pu,K,5,577,0.008665511265164644
Pu,Kr,0,577,0.0
Pu,La,1,577,0.0017331022530329288
Pu,Li,2,577,0.0034662045060658577
Pu,Lr,0,577,0.0
Pu,Lu,0,577,0.0
Pu,Lv,0,577,0.0
Pu,Mc,0,577,0.0
Pu,Md,0,577,0.0
Pu,Mg,2,577,0.0034662045060658577
Pu,Mn,3,577,0.005199306759098787
Pu,Mo,7,577,0.012131715771230503
Pu,Mt,0,577,0.0
Pu,N,134,577,0.2322357019064125
Pu,Na,2,577,0.0034662045060658577
Pu,Nb,2,577,0.0034662045060658577
Pu,Nd,8,577,0.01386481802426343
Pu,Ne,1,577,0.0017331022530329288
Pu,Nh,0,577,0.0
Pu,Ni,5,577,0.008665511265164644
Pu,No,2,577,0.0034662045060658577
Pu,Np,17,577,0.029462738301559793
Pu,O,293,577,0.5077989601386482
Pu,Og,0,577,0.0
Pu,Os,2,577,0.0034662045060658577
Pu,P,20,577,0.03466204506065858
Pu,Pa,0,577,0.0
Pu,Pb,2,577,0.0034662045060658577
Pu,Pd,1,577,0.0017331022530329288
Pu,Pm,5,577,0.008665511265164644
Pu,Po,2,577,0.0034662045060658577
Pu,Pr,2,577,0.0034662045060658577
Pu,Pt,5,577,0.008665511265164644
Pu,Pu,577,577,1.0
Pu,Ra,0,577,0.0
Pu,Rb,0,577,0.0
Pu,Re,0,577,0.0
Pu,Rf,0,577,0.0
Pu,Rg,0,577,0.0
Pu,Rh,4,577,0.006932409012131715
Pu,Rn,0,577,0.0
Pu,Ru,2,577,0.0034662045060658577
Pu,S,32,577,0.05545927209705372
Pu,Sb,1,577,0.0017331022530329288
Pu,Sc,2,577,0.0034662045060658577
Pu,Se,1,577,0.0017331022530329288
Pu,Sg,0,577,0.0
Pu,Si,6,577,0.010398613518197574
Pu,Sm,3,577,0.005199306759098787
Pu,Sn,5,577,0.008665511265164644
Pu,Sr,2,577,0.0034662045060658577
Pu,Ta,0,577,0.0
Pu,Tb,3,577,0.005199306759098787
Pu,Tc,2,577,0.0034662045060658577
Pu,Te,0,577,0.0
Pu,Th,13,577,0.022530329289428077
Pu,Ti,8,577,0.01386481802426343
Pu,Tl,1,577,0.0017331022530329288
Pu,Tm,2,577,0.0034662045060658577
Pu,Ts,0,577,0.0
Pu,U,67,577,0.11611785095320624
Pu,V,4,577,0.006932409012131715
Pu,W,1,577,0.0017331022530329288
Pu,Xe,0,577,0.0
Pu,Y,4,577,0.006932409012131715
Pu,Yb,0,577,0.0
Pu,Zn,1,577,0.0017331022530329288
Pu,Zr,8,577,0.01386481802426343
Ra,Ac,2,277,0.007220216606498195
Ra,Ag,1,277,0.0036101083032490976
Ra,Al,6,277,0.021660649819494584
Ra,Am,0,277,0.0
Ra,Ar,0,277,0.0
Ra,As,1,277,0.0036101083032490976
Ra,At,0,277,0.0
Ra,Au,1,277,0.0036101083032490976
Ra,B,3,277,0.010830324909747292
Ra,Ba,7,277,0.02527075812274368
Ra,Be,1,277,0.0036101083032490976
Ra,Bh,0,277,0.0
Ra,Bi,1,277,0.0036101083032490976
Ra,Bk,0,277,0.0
Ra,Br,3,277,0.010830324909747292
Ra,C,159,277,0.5740072202166066
Ra,Ca,1,277,0.0036101083032490976
Ra,Cd,0,277,0.0
Ra,Ce,1,277,0.0036101083032490976
Ra,Cf,0,277,0.0
Ra,Cl,6,277,0.021660649819494584
Ra,Cm,0,277,0.0
Ra,Cn,0,277,0.0
Ra,Co,1,277,0.0036101083032490976
Ra,Cr,0,277,0.0
Ra,Cs,2,277,0.007220216606498195
Ra,Cu,2,277,0.007220216606498195
Ra,Db,0,277,0.0
Ra,Ds,0,277,0.0
Ra,Dy,0,277,0.0
Ra,Er,0,277,0.0
Ra,Es,0,277,0.0
Ra,Eu,0,277,0.0
Ra,F,11,277,0.039711191335740074
Ra,Fe,6,277,0.021660649819494584
Ra,Fl,0,277,0.0
Ra,Fm,0,277,0.0
Ra,Fr,0,277,0.0
Ra,Ga,8,277,0.02888086642599278
Ra,Gd,0,277,0.0
Ra,Ge,1,277,0.0036101083032490976
Ra,H,177,277,0.6389891696750902
Ra,He,0,277,0.0
Ra,Hf,0,277,0.0
Ra,Hg,0,277,0.0
Ra,Ho,0,277,0.0
Ra,Hs,0,277,0.0
Ra,I,1,277,0.0036101083032490976
Ra,In,1,277,0.0036101083032490976
Ra,Ir,1,277,0.0036101083032490976
Ra,K,3,277,0.010830324909747292
Ra,Kr,0,277,0.0
Ra,La,1,277,0.0036101083032490976
Ra,Li,5,277,0.018050541516245487
Ra,Lr,0,277,0.0
Ra,Lu,0,277,0.0
Ra,Lv,0,277,0.0
Ra,Mc,0,277,0.0
Ra,Md,0,277,0.0
Ra,Mg,2,277,0.007220216606498195
Ra,Mn,5,277,0.018050541516245487
Ra,Mo,1,277,0.0036101083032490976
Ra,Mt,0,277,0.0
Ra,N,80,277,0.2888086642599278
Ra,Na,1,277,0.0036101083032490976
Ra,Nb,2,277,0.007220216606498195
Ra,Nd,0,277,0.0
Ra,Ne,1,277,0.0036101083032490976
Ra,Nh,0,277,0.0
Ra,Ni,4,277,0.01444043321299639
Ra,No,0,277,0.0
Ra,Np,0,277,0.0
Ra,O,90,277,0.3249097472924188
Ra,Og,0,277,0.0
Ra,Os,0,277,0.0
Ra,P,4,277,0.01444043321299639
Ra,Pa,1,277,0.0036101083032490976
Ra,Pb,2,277,0.007220216606498195
Ra,Pd,0,277,0.0
Ra,Pm,0,277,0.0
Ra,Po,0,277,0.0
Ra,Pr,0,277,0.0
Ra,Pt,3,277,0.010830324909747292
Ra,Pu,0,277,0.0
Ra,Ra,277,277,1.0
Ra,Rb,73,277,0.26353790613718414
Ra,Re,10,277,0.036101083032490974
Ra,Rf,3,277,0.010830324909747292
Ra,Rg,0,277,0.0
Ra,Rh,0,277,0.0
Ra,Rn,2,277,0.007220216606498195
Ra,Ru,1,277,0.0036101083032490976
Ra,S,26,277,0.09386281588447654
Ra,Sb,0,277,0.0
Ra,Sc,1,277,0.0036101083032490976
Ra,Se,0,277,0.0
Ra,Sg,0,277,0.0
Ra,Si,1,277,0.0036101083032490976
Ra,Sm,0,277,0.0
Ra,Sn,8,277,0.02888086642599278
Ra,Sr,1,277,0.0036101083032490976
Ra,Ta,0,277,0.0
Ra,Tb,0,277,0.0
Ra,Tc,0,277,0.0
Ra,Te,2,277,0.007220216606498195
Ra,Th,1,277,0.0036101083032490976
Ra,Ti,0,277,0.0
Ra,Tl,0,277,0.0
Ra,Tm,0,277,0.0
Ra,Ts,0,277,0.0
Ra,U,3,277,0.010830324909747292
Ra,V,0,277,0.0
Ra,W,13,277,0.04693140794223827
Ra,Xe,0,277,0.0
Ra,Y,74,277,0.26714801444043323
Ra,Yb,0,277,0.0
Ra,Zn,1,277,0.0036101083032490976
Ra,Zr,0,277,0.0
Rb,Ac,4,11197,0.00035723854603911763
Rb,Ag,28,11197,0.0025006698222738233
Rb,Al,73,11197,0.006519603465213897
Rb,Am,1,11197,0.00008930963650977941
Rb,Ar,4,11197,0.00035723854603911763
Rb,As,30,11197,0.002679289095293382
Rb,At,0,11197,0.0
Rb,Au,26,11197,0.0023220505492542644
Rb,B,482,11197,0.04304724479771367
Rb,Ba,50,11197,0.00446548182548897
Rb,Be,22,11197,0.0019648120032151467
Rb,Bh,0,11197,0.0
Rb,Bi,34,11197,0.0030365276413325
Rb,Bk,0,11197,0.0
Rb,Br,267,11197,0.023845672948111102
Rb,C,9755,11197,0.8712155041528981
Rb,Ca,48,11197,0.004286862552469411
Rb,Cd,12,11197,0.0010717156381173528
Rb,Ce,23,11197,0.002054121639724926
Rb,Cf,0,11197,0.0
Rb,Cl,628,11197,0.056086451728141466
Rb,Cm,1,11197,0.00008930963650977941
Rb,Cn,0,11197,0.0
Rb,Co,33,11197,0.0029472180048227205
Rb,Cr,42,11197,0.003751004733410735
Rb,Cs,141,11197,0.012592658747878896
Rb,Cu,52,11197,0.004644101098508529
Rb,Db,0,11197,0.0
Rb,Ds,0,11197,0.0
Rb,Dy,6,11197,0.0005358578190586764
Rb,Er,7,11197,0.0006251674555684558
Rb,Es,1,11197,0.00008930963650977941
Rb,Eu,16,11197,0.0014289541841564705
Rb,F,1237,11197,0.11047602036259713
Rb,Fe,67,11197,0.00598374564615522
Rb,Fl,0,11197,0.0
Rb,Fm,0,11197,0.0
Rb,Fr,0,11197,0.0
Rb,Ga,19,11197,0.0016968830936858086
Rb,Gd,3,11197,0.0002679289095293382
Rb,Ge,40,11197,0.003572385460391176
Rb,H,10363,11197,0.9255157631508439
Rb,He,1,11197,0.00008930963650977941
Rb,Hf,22,11197,0.0019648120032151467
Rb,Hg,13,11197,0.0011610252746271322
Rb,Ho,10,11197,0.000893096365097794
Rb,Hs,0,11197,0.0
Rb,I,221,11197,0.01973742966866125
Rb,In,16,11197,0.0014289541841564705
Rb,Ir,22,11197,0.0019648120032151467
Rb,K,159,11197,0.014200232205054925
Rb,Kr,1,11197,0.00008930963650977941
Rb,La,27,11197,0.002411360185764044
Rb,Li,145,11197,0.012949897293918013
Rb,Lr,2,11197,0.00017861927301955882
Rb,Lu,8,11197,0.0007144770920782353
Rb,Lv,0,11197,0.0
Rb,Mc,0,11197,0.0
Rb,Md,0,11197,0.0
Rb,Mg,52,11197,0.004644101098508529
Rb,Mn,34,11197,0.0030365276413325
Rb,Mo,28,11197,0.0025006698222738233
Rb,Mt,0,11197,0.0
Rb,N,6550,11197,0.5849781191390551
Rb,Na,109,11197,0.009734750379565955
Rb,Nb,31,11197,0.0027685987318031616
Rb,Nd,19,11197,0.0016968830936858086
Rb,Ne,0,11197,0.0
Rb,Nh,0,11197,0.0
Rb,Ni,49,11197,0.004376172188979191
Rb,No,2,11197,0.00017861927301955882
Rb,Np,1,11197,0.00008930963650977941
Rb,O,7530,11197,0.6725015629186389
Rb,Og,0,11197,0.0
Rb,Os,7,11197,0.0006251674555684558
Rb,P,397,11197,0.035455925694382426
Rb,Pa,5,11197,0.000446548182548897
Rb,Pb,33,11197,0.0029472180048227205
Rb,Pd,21,11197,0.0018755023667053675
Rb,Pm,0,11197,0.0
Rb,Po,3,11197,0.0002679289095293382
Rb,Pr,9,11197,0.0008037867285880147
Rb,Pt,23,11197,0.002054121639724926
Rb,Pu,0,11197,0.0
Rb,Ra,73,11197,0.006519603465213897
Rb,Rb,11197,11197,1.0
Rb,Re,283,11197,0.025274627132267573
Rb,Rf,95,11197,0.008484415468429044
Rb,Rg,0,11197,0.0
Rb,Rh,42,11197,0.003751004733410735
Rb,Rn,0,11197,0.0
Rb,Ru,28,11197,0.0025006698222738233
Rb,S,1659,11197,0.14816468696972404
Rb,Sb,41,11197,0.0036616950969009555
Rb,Sc,23,11197,0.002054121639724926
Rb,Se,52,11197,0.004644101098508529
Rb,Sg,0,11197,0.0
Rb,Si,170,11197,0.0151826382066625
Rb,Sm,12,11197,0.0010717156381173528
Rb,Sn,50,11197,0.00446548182548897
Rb,Sr,36,11197,0.003215146914352059
Rb,Ta,36,11197,0.003215146914352059
Rb,Tb,11,11197,0.0009824060016075734
Rb,Tc,9,11197,0.0008037867285880147
Rb,Te,18,11197,0.0016075734571760294
Rb,Th,5,11197,0.000446548182548897
Rb,Ti,86,11197,0.007680628739841029
Rb,Tl,13,11197,0.0011610252746271322
Rb,Tm,0,11197,0.0
Rb,Ts,0,11197,0.0
Rb,U,29,11197,0.0025899794587836028
Rb,V,67,11197,0.00598374564615522
Rb,W,180,11197,0.016075734571760293
Rb,Xe,4,11197,0.00035723854603911763
Rb,Y,311,11197,0.027775296954541395
Rb,Yb,19,11197,0.0016968830936858086
Rb,Zn,38,11197,0.0033937661873716172
Rb,Zr,46,11197,0.004108243279449852
Re,Ac,12,10228,0.0011732499022291747
Re,Ag,35,10228,0.00342197888150176
Re,Al,90,10228,0.00879937426671881
Re,Am,0,10228,0.0
Re,Ar,3,10228,0.0002933124755572937
Re,As,28,10228,0.002737583105201408
Re,At,3,10228,0.0002933124755572937
Re,Au,57,10228,0.005572937035588581
Re,B,435,10228,0.04253030895580759
Re,Ba,22,10228,0.0021509581540868207
Re,Be,6,10228,0.0005866249511145874
Re,Bh,0,10228,0.0
Re,Bi,16,10228,0.001564333202972233
Re,Bk,0,10228,0.0
Re,Br,415,10228,0.040574892452092295
Re,C,8849,10228,0.8651740320688307
Re,Ca,20,10228,0.0019554165037152915
Re,Cd,19,10228,0.0018576456785295268
Re,Ce,12,10228,0.0011732499022291747
Re,Cf,0,10228,0.0
Re,Cl,1000,10228,0.09777082518576456
Re,Cm,0,10228,0.0
Re,Cn,0,10228,0.0
Re,Co,172,10228,0.016816581931951506
Re,Cr,84,10228,0.008212749315604223
Re,Cs,16,10228,0.001564333202972233
Re,Cu,79,10228,0.007723895189675401
Re,Db,0,10228,0.0
Re,Ds,0,10228,0.0
Re,Dy,25,10228,0.0024442706296441143
Re,Er,10,10228,0.0009777082518576457
Re,Es,0,10228,0.0
Re,Eu,5,10228,0.0004888541259288229
Re,F,906,10228,0.0885803676183027
Re,Fe,77,10228,0.007528353539303871
Re,Fl,0,10228,0.0
Re,Fm,2,10228,0.00019554165037152912
Re,Fr,0,10228,0.0
Re,Ga,23,10228,0.002248728979272585
Re,Gd,8,10228,0.0007821666014861165
Re,Ge,35,10228,0.00342197888150176
Re,H,9226,10228,0.9020336331638639
Re,He,1,10228,0.00009777082518576456
Re,Hf,48,10228,0.004692999608916699
Re,Hg,9,10228,0.0008799374266718811
Re,Ho,1,10228,0.00009777082518576456
Re,Hs,0,10228,0.0
Re,I,229,10228,0.022389518967540087
Re,In,21,10228,0.002053187328901056
Re,Ir,186,10228,0.01818537348455221
Re,K,109,10228,0.010657019945248338
Re,Kr,0,10228,0.0
Re,La,27,10228,0.0026398122800156435
Re,Li,24,10228,0.0023464998044583495
Re,Lr,0,10228,0.0
Re,Lu,6,10228,0.0005866249511145874
Re,Lv,0,10228,0.0
Re,Mc,0,10228,0.0
Re,Md,1,10228,0.00009777082518576456
Re,Mg,27,10228,0.0026398122800156435
Re,Mn,53,10228,0.005181853734845522
Re,Mo,122,10228,0.011928040672663277
Re,Mt,0,10228,0.0
Re,N,6496,10228,0.6351192804067266
Re,Na,62,10228,0.006061791161517403
Re,Nb,51,10228,0.004986312084473993
Re,Nd,15,10228,0.0014665623777864686
Re,Ne,1,10228,0.00009777082518576456
Re,Nh,0,10228,0.0
Re,Ni,106,10228,0.010363707469691045
Re,No,0,10228,0.0
Re,Np,0,10228,0.0
Re,O,6858,10228,0.6705123191239734
Re,Og,0,10228,0.0
Re,Os,69,10228,0.006746186937817755
Re,P,971,10228,0.0949354712553774
Re,Pa,0,10228,0.0
Re,Pb,22,10228,0.0021509581540868207
Re,Pd,71,10228,0.006941728588189284
Re,Pm,0,10228,0.0
Re,Po,4,10228,0.00039108330074305825
Re,Pr,3,10228,0.0002933124755572937
Re,Pt,228,10228,0.022291748142354323
Re,Pu,0,10228,0.0
Re,Ra,10,10228,0.0009777082518576457
Re,Rb,283,10228,0.027669143527571372
Re,Re,10228,10228,1.0
Re,Rf,579,10228,0.05660930778255768
Re,Rg,0,10228,0.0
Re,Rh,178,10228,0.017403206883066093
Re,Rn,3,10228,0.0002933124755572937
Re,Ru,122,10228,0.011928040672663277
Re,S,1627,10228,0.15907313257723896
Re,Sb,19,10228,0.0018576456785295268
Re,Sc,17,10228,0.0016621040281579976
Re,Se,81,10228,0.00791943684004693
Re,Sg,0,10228,0.0
Re,Si,151,10228,0.014763394603050449
Re,Sm,4,10228,0.00039108330074305825
Re,Sn,65,10228,0.006355103637074697
Re,Sr,7,10228,0.000684395776300352
Re,Ta,63,10228,0.006159561986703168
Re,Tb,22,10228,0.0021509581540868207
Re,Tc,30,10228,0.002933124755572937
Re,Te,25,10228,0.0024442706296441143
Re,Th,9,10228,0.0008799374266718811
Re,Ti,46,10228,0.00449745795854517
Re,Tl,16,10228,0.001564333202972233
Re,Tm,0,10228,0.0
Re,Ts,0,10228,0.0
Re,U,29,10228,0.0028353539303871723
Re,V,48,10228,0.004692999608916699
Re,W,160,10228,0.01564333202972233
Re,Xe,15,10228,0.0014665623777864686
Re,Y,173,10228,0.01691435275713727
Re,Yb,6,10228,0.0005866249511145874
Re,Zn,41,10228,0.004008603832616347
Re,Zr,31,10228,0.0030308955807587016
Rf,Ac,3,5242,0.0005723006486074017
Rf,Ag,0,5242,0.0
Rf,Al,4,5242,0.0007630675314765357
Rf,Am,0,5242,0.0
Rf,Ar,6,5242,0.0011446012972148034
Rf,As,1,5242,0.00019076688286913393
Rf,At,0,5242,0.0
Rf,Au,0,5242,0.0
Rf,B,127,5242,0.02422739412438001
Rf,Ba,0,5242,0.0
Rf,Be,1,5242,0.00019076688286913393
Rf,Bh,0,5242,0.0
Rf,Bi,2,5242,0.00038153376573826786
Rf,Bk,0,5242,0.0
Rf,Br,64,5242,0.012209080503624571
Rf,C,5112,5242,0.9752003052270126
Rf,Ca,1,5242,0.00019076688286913393
Rf,Cd,0,5242,0.0
Rf,Ce,1,5242,0.00019076688286913393
Rf,Cf,3,5242,0.0005723006486074017
Rf,Cl,193,5242,0.03681800839374284
Rf,Cm,3,5242,0.0005723006486074017
Rf,Cn,0,5242,0.0
Rf,Co,2,5242,0.00038153376573826786
Rf,Cr,1,5242,0.00019076688286913393
Rf,Cs,2,5242,0.00038153376573826786
Rf,Cu,3,5242,0.0005723006486074017
Rf,Db,0,5242,0.0
Rf,Ds,0,5242,0.0
Rf,Dy,1,5242,0.00019076688286913393
Rf,Er,0,5242,0.0
Rf,Es,1,5242,0.00019076688286913393
Rf,Eu,0,5242,0.0
Rf,F,1120,5242,0.21365890881343
Rf,Fe,1,5242,0.00019076688286913393
Rf,Fl,0,5242,0.0
Rf,Fm,0,5242,0.0
Rf,Fr,0,5242,0.0
Rf,Ga,0,5242,0.0
Rf,Gd,1,5242,0.00019076688286913393
Rf,Ge,0,5242,0.0
Rf,H,5118,5242,0.9763449065242273
Rf,He,0,5242,0.0
Rf,Hf,0,5242,0.0
Rf,Hg,0,5242,0.0
Rf,Ho,0,5242,0.0
Rf,Hs,0,5242,0.0
Rf,I,127,5242,0.02422739412438001
Rf,In,0,5242,0.0
Rf,Ir,0,5242,0.0
Rf,K,9,5242,0.0017169019458222053
Rf,Kr,0,5242,0.0
Rf,La,0,5242,0.0
Rf,Li,10,5242,0.0019076688286913392
Rf,Lr,0,5242,0.0
Rf,Lu,0,5242,0.0
Rf,Lv,0,5242,0.0
Rf,Mc,0,5242,0.0
Rf,Md,1,5242,0.00019076688286913393
Rf,Mg,4,5242,0.0007630675314765357
Rf,Mn,2,5242,0.00038153376573826786
Rf,Mo,1,5242,0.00019076688286913393
Rf,Mt,0,5242,0.0
Rf,N,2501,5242,0.47710797405570393
Rf,Na,21,5242,0.004006104540251812
Rf,Nb,0,5242,0.0
Rf,Nd,0,5242,0.0
Rf,Ne,0,5242,0.0
Rf,Nh,0,5242,0.0
Rf,Ni,4,5242,0.0007630675314765357
Rf,No,0,5242,0.0
Rf,Np,0,5242,0.0
Rf,O,4104,5242,0.7829072872949256
Rf,Og,0,5242,0.0
Rf,Os,0,5242,0.0
Rf,P,191,5242,0.036436474628004575
Rf,Pa,0,5242,0.0
Rf,Pb,0,5242,0.0
Rf,Pd,1,5242,0.00019076688286913393
Rf,Pm,0,5242,0.0
Rf,Po,11,5242,0.002098435711560473
Rf,Pr,2,5242,0.00038153376573826786
Rf,Pt,2,5242,0.00038153376573826786
Rf,Pu,0,5242,0.0
Rf,Ra,3,5242,0.0005723006486074017
Rf,Rb,95,5242,0.01812285387256772
Rf,Re,579,5242,0.11045402518122854
Rf,Rf,5242,5242,1.0
Rf,Rg,0,5242,0.0
Rf,Rh,153,5242,0.02918733307897749
Rf,Rn,0,5242,0.0
Rf,Ru,26,5242,0.0049599389545974815
Rf,S,876,5242,0.16711178939336133
Rf,Sb,2,5242,0.00038153376573826786
Rf,Sc,0,5242,0.0
Rf,Se,1,5242,0.00019076688286913393
Rf,Sg,0,5242,0.0
Rf,Si,437,5242,0.08336512781381153
Rf,Sm,0,5242,0.0
Rf,Sn,4,5242,0.0007630675314765357
Rf,Sr,0,5242,0.0
Rf,Ta,6,5242,0.0011446012972148034
Rf,Tb,3,5242,0.0005723006486074017
Rf,Tc,0,5242,0.0
Rf,Te,0,5242,0.0
Rf,Th,0,5242,0.0
Rf,Ti,0,5242,0.0
Rf,Tl,0,5242,0.0
Rf,Tm,0,5242,0.0
Rf,Ts,0,5242,0.0
Rf,U,16,5242,0.003052270125906143
Rf,V,40,5242,0.007630675314765357
Rf,W,56,5242,0.0106829454406715
Rf,Xe,1,5242,0.00019076688286913393
Rf,Y,138,5242,0.026325829835940482
Rf,Yb,0,5242,0.0
Rf,Zn,1,5242,0.00019076688286913393
Rf,Zr,0,5242,0.0
Rg,Ac,0,9,0.0
Rg,Ag,0,9,0.0
Rg,Al,0,9,0.0
Rg,Am,0,9,0.0
Rg,Ar,0,9,0.0
Rg,As,0,9,0.0
Rg,At,0,9,0.0
Rg,Au,0,9,0.0
Rg,B,0,9,0.0
Rg,Ba,0,9,0.0
Rg,Be,0,9,0.0
Rg,Bh,0,9,0.0
Rg,Bi,0,9,0.0
Rg,Bk,0,9,0.0
Rg,Br,0,9,0.0
Rg,C,1,9,0.1111111111111111
Rg,Ca,0,9,0.0
Rg,Cd,0,9,0.0
Rg,Ce,0,9,0.0
Rg,Cf,0,9,0.0
Rg,Cl,0,9,0.0
Rg,Cm,0,9,0.0
Rg,Cn,0,9,0.0
Rg,Co,0,9,0.0
Rg,Cr,0,9,0.0
Rg,Cs,0,9,0.0
Rg,Cu,0,9,0.0
Rg,Db,0,9,0.0
Rg,Ds,0,9,0.0
Rg,Dy,0,9,0.0
Rg,Er,0,9,0.0
Rg,Es,0,9,0.0
Rg,Eu,0,9,0.0
Rg,F,0,9,0.0
Rg,Fe,0,9,0.0
Rg,Fl,0,9,0.0
Rg,Fm,0,9,0.0
Rg,Fr,0,9,0.0
Rg,Ga,0,9,0.0
Rg,Gd,0,9,0.0
Rg,Ge,0,9,0.0
Rg,H,1,9,0.1111111111111111
Rg,He,0,9,0.0
Rg,Hf,0,9,0.0
Rg,Hg,0,9,0.0
Rg,Ho,0,9,0.0
Rg,Hs,0,9,0.0
Rg,I,0,9,0.0
Rg,In,0,9,0.0
Rg,Ir,0,9,0.0
Rg,K,0,9,0.0
Rg,Kr,0,9,0.0
Rg,La,0,9,0.0
Rg,Li,0,9,0.0
Rg,Lr,0,9,0.0
Rg,Lu,0,9,0.0
Rg,Lv,0,9,0.0
Rg,Mc,0,9,0.0
Rg,Md,0,9,0.0
Rg,Mg,0,9,0.0
Rg,Mn,0,9,0.0
Rg,Mo,0,9,0.0
Rg,Mt,0,9,0.0
Rg,N,1,9,0.1111111111111111
Rg,Na,0,9,0.0
Rg,Nb,0,9,0.0
Rg,Nd,0,9,0.0
Rg,Ne,0,9,0.0
Rg,Nh,0,9,0.0
Rg,Ni,0,9,0.0
Rg,No,0,9,0.0
Rg,Np,0,9,0.0
Rg,O,1,9,0.1111111111111111
Rg,Og,0,9,0.0
Rg,Os,0,9,0.0
Rg,P,0,9,0.0
Rg,Pa,0,9,0.0
Rg,Pb,0,9,0.0
Rg,Pd,0,9,0.0
Rg,Pm,0,9,0.0
Rg,Po,0,9,0.0
Rg,Pr,0,9,0.0
Rg,Pt,0,9,0.0
Rg,Pu,0,9,0.0
Rg,Ra,0,9,0.0
Rg,Rb,0,9,0.0
Rg,Re,0,9,0.0
Rg,Rf,0,9,0.0
Rg,Rg,9,9,1.0
Rg,Rh,0,9,0.0
Rg,Rn,0,9,0.0
Rg,Ru,0,9,0.0
Rg,S,0,9,0.0
Rg,Sb,0,9,0.0
Rg,Sc,0,9,0.0
Rg,Se,0,9,0.0
Rg,Sg,0,9,0.0
Rg,Si,0,9,0.0
Rg,Sm,0,9,0.0
Rg,Sn,0,9,0.0
Rg,Sr,0,9,0.0
Rg,Ta,0,9,0.0
Rg,Tb,0,9,0.0
Rg,Tc,0,9,0.0
Rg,Te,0,9,0.0
Rg,Th,0,9,0.0
Rg,Ti,0,9,0.0
Rg,Tl,0,9,0.0
Rg,Tm,0,9,0.0
Rg,Ts,0,9,0.0
Rg,U,0,9,0.0
Rg,V,0,9,0.0
Rg,W,0,9,0.0
Rg,Xe,0,9,0.0
Rg,Y,0,9,0.0
Rg,Yb,0,9,0.0
Rg,Zn,0,9,0.0
Rg,Zr,0,9,0.0
Rh,Ac,7,14946,0.0004683527365181319
Rh,Ag,54,14946,0.0036130068245684463
Rh,Al,98,14946,0.006556938311253847
Rh,Am,0,14946,0.0
Rh,Ar,5,14946,0.0003345376689415228
Rh,As,94,14946,0.006289308176100629
Rh,At,0,14946,0.0
Rh,Au,60,14946,0.004014452027298274
Rh,B,1514,14946,0.10129800615549311
Rh,Ba,20,14946,0.0013381506757660913
Rh,Be,7,14946,0.0004683527365181319
Rh,Bh,0,14946,0.0
Rh,Bi,23,14946,0.001538873277131005
Rh,Bk,0,14946,0.0
Rh,Br,312,14946,0.020875150541951024
Rh,C,13083,14946,0.8753512645523887
Rh,Ca,17,14946,0.0011374280744011775
Rh,Cd,14,14946,0.0009367054730362638
Rh,Ce,35,14946,0.0023417636825906595
Rh,Cf,0,14946,0.0
Rh,Cl,2764,14946,0.18493242339087382
Rh,Cm,0,14946,0.0
Rh,Cn,0,14946,0.0
Rh,Co,150,14946,0.010036130068245684
Rh,Cr,58,14946,0.003880636959721665
Rh,Cs,15,14946,0.0010036130068245685
Rh,Cu,64,14946,0.004282082162451492
Rh,Db,0,14946,0.0
Rh,Ds,0,14946,0.0
Rh,Dy,7,14946,0.0004683527365181319
Rh,Er,6,14946,0.0004014452027298274
Rh,Es,0,14946,0.0
Rh,Eu,9,14946,0.0006021678040947411
Rh,F,2917,14946,0.1951692760604844
Rh,Fe,233,14946,0.015589455372674962
Rh,Fl,0,14946,0.0
Rh,Fm,0,14946,0.0
Rh,Fr,0,14946,0.0
Rh,Ga,36,14946,0.0024086712163789645
Rh,Gd,10,14946,0.0006690753378830456
Rh,Ge,30,14946,0.002007226013649137
Rh,H,13748,14946,0.9198447745216112
Rh,He,1,14946,0.00006690753378830456
Rh,Hf,21,14946,0.0014050582095543958
Rh,Hg,11,14946,0.0007359828716713502
Rh,Ho,7,14946,0.0004683527365181319
Rh,Hs,0,14946,0.0
Rh,I,323,14946,0.021611133413622374
Rh,In,16,14946,0.001070520540612873
Rh,Ir,427,14946,0.028569516927606047
Rh,K,164,14946,0.010972835541281948
Rh,Kr,0,14946,0.0
Rh,La,22,14946,0.0014719657433427003
Rh,Li,92,14946,0.00615549310852402
Rh,Lr,0,14946,0.0
Rh,Lu,6,14946,0.0004014452027298274
Rh,Lv,0,14946,0.0
Rh,Mc,0,14946,0.0
Rh,Md,0,14946,0.0
Rh,Mg,28,14946,0.0018734109460725277
Rh,Mn,55,14946,0.003679914358356751
Rh,Mo,77,14946,0.005151880101699451
Rh,Mt,1,14946,0.00006690753378830456
Rh,N,6808,14946,0.4555064900307775
Rh,Na,171,14946,0.01144118827780008
Rh,Nb,22,14946,0.0014719657433427003
Rh,Nd,5,14946,0.0003345376689415228
Rh,Ne,1,14946,0.00006690753378830456
Rh,Nh,0,14946,0.0
Rh,Ni,103,14946,0.00689147598019537
Rh,No,0,14946,0.0
Rh,Np,0,14946,0.0
Rh,O,8757,14946,0.5859092733841831
Rh,Og,0,14946,0.0
Rh,Os,138,14946,0.00923323966278603
Rh,P,4050,14946,0.27097551184263347
Rh,Pa,2,14946,0.00013381506757660912
Rh,Pb,22,14946,0.0014719657433427003
Rh,Pd,230,14946,0.01538873277131005
Rh,Pm,2,14946,0.00013381506757660912
Rh,Po,3,14946,0.0002007226013649137
Rh,Pr,4,14946,0.00026763013515321824
Rh,Pt,337,14946,0.02254783888665864
Rh,Pu,4,14946,0.00026763013515321824
Rh,Ra,0,14946,0.0
Rh,Rb,42,14946,0.0028101164191087916
Rh,Re,178,14946,0.011909541014318212
Rh,Rf,153,14946,0.010236852669610599
Rh,Rg,0,14946,0.0
Rh,Rh,14946,14946,1.0
Rh,Rn,0,14946,0.0
Rh,Ru,191,14946,0.012779338953566172
Rh,S,1895,14946,0.12678977652883713
Rh,Sb,137,14946,0.009166332128997725
Rh,Sc,13,14946,0.0008697979392479593
Rh,Se,52,14946,0.0034791917569918372
Rh,Sg,0,14946,0.0
Rh,Si,338,14946,0.022614746420446943
Rh,Sm,4,14946,0.00026763013515321824
Rh,Sn,40,14946,0.0026763013515321826
Rh,Sr,16,14946,0.001070520540612873
Rh,Ta,28,14946,0.0018734109460725277
Rh,Tb,10,14946,0.0006690753378830456
Rh,Tc,10,14946,0.0006690753378830456
Rh,Te,23,14946,0.001538873277131005
Rh,Th,9,14946,0.0006021678040947411
Rh,Ti,46,14946,0.00307774655426201
Rh,Tl,10,14946,0.0006690753378830456
Rh,Tm,3,14946,0.0002007226013649137
Rh,Ts,0,14946,0.0
Rh,U,16,14946,0.001070520540612873
Rh,V,29,14946,0.0019403184798608324
Rh,W,51,14946,0.0034122842232035327
Rh,Xe,0,14946,0.0
Rh,Y,61,14946,0.004081359561086578
Rh,Yb,7,14946,0.0004683527365181319
Rh,Zn,45,14946,0.003010839020473705
Rh,Zr,52,14946,0.0034791917569918372
Rn,Ac,0,138,0.0
Rn,Ag,0,138,0.0
Rn,Al,0,138,0.0
Rn,Am,0,138,0.0
Rn,Ar,2,138,0.014492753623188406
Rn,As,0,138,0.0
Rn,At,0,138,0.0
Rn,Au,0,138,0.0
Rn,B,2,138,0.014492753623188406
Rn,Ba,1,138,0.007246376811594203
Rn,Be,0,138,0.0
Rn,Bh,0,138,0.0
Rn,Bi,0,138,0.0
Rn,Bk,0,138,0.0
Rn,Br,3,138,0.021739130434782608
Rn,C,66,138,0.4782608695652174
Rn,Ca,1,138,0.007246376811594203
Rn,Cd,0,138,0.0
Rn,Ce,1,138,0.007246376811594203
Rn,Cf,0,138,0.0
Rn,Cl,4,138,0.028985507246376812
Rn,Cm,0,138,0.0
Rn,Cn,0,138,0.0
Rn,Co,0,138,0.0
Rn,Cr,0,138,0.0
Rn,Cs,0,138,0.0
Rn,Cu,0,138,0.0
Rn,Db,0,138,0.0
Rn,Ds,0,138,0.0
Rn,Dy,0,138,0.0
Rn,Er,0,138,0.0
Rn,Es,0,138,0.0
Rn,Eu,0,138,0.0
Rn,F,6,138,0.043478260869565216
Rn,Fe,1,138,0.007246376811594203
Rn,Fl,0,138,0.0
Rn,Fm,0,138,0.0
Rn,Fr,0,138,0.0
Rn,Ga,0,138,0.0
Rn,Gd,0,138,0.0
Rn,Ge,0,138,0.0
Rn,H,83,138,0.6014492753623188
Rn,He,2,138,0.014492753623188406
Rn,Hf,0,138,0.0
Rn,Hg,0,138,0.0
Rn,Ho,0,138,0.0
Rn,Hs,1,138,0.007246376811594203
Rn,I,1,138,0.007246376811594203
Rn,In,0,138,0.0
Rn,Ir,0,138,0.0
Rn,K,7,138,0.050724637681159424
Rn,Kr,3,138,0.021739130434782608
Rn,La,0,138,0.0
Rn,Li,0,138,0.0
Rn,Lr,0,138,0.0
Rn,Lu,0,138,0.0
Rn,Lv,0,138,0.0
Rn,Mc,0,138,0.0
Rn,Md,0,138,0.0
Rn,Mg,0,138,0.0
Rn,Mn,1,138,0.007246376811594203
Rn,Mo,0,138,0.0
Rn,Mt,0,138,0.0
Rn,N,36,138,0.2608695652173913
Rn,Na,8,138,0.057971014492753624
Rn,Nb,0,138,0.0
Rn,Nd,0,138,0.0
Rn,Ne,1,138,0.007246376811594203
Rn,Nh,0,138,0.0
Rn,Ni,1,138,0.007246376811594203
Rn,No,0,138,0.0
Rn,Np,0,138,0.0
Rn,O,60,138,0.43478260869565216
Rn,Og,0,138,0.0
Rn,Os,0,138,0.0
Rn,P,7,138,0.050724637681159424
Rn,Pa,0,138,0.0
Rn,Pb,1,138,0.007246376811594203
Rn,Pd,0,138,0.0
Rn,Pm,0,138,0.0
Rn,Po,1,138,0.007246376811594203
Rn,Pr,0,138,0.0
Rn,Pt,0,138,0.0
Rn,Pu,0,138,0.0
Rn,Ra,2,138,0.014492753623188406
Rn,Rb,0,138,0.0
Rn,Re,3,138,0.021739130434782608
Rn,Rf,0,138,0.0
Rn,Rg,0,138,0.0
Rn,Rh,0,138,0.0
Rn,Rn,138,138,1.0
Rn,Ru,0,138,0.0
Rn,S,11,138,0.07971014492753623
Rn,Sb,0,138,0.0
Rn,Sc,1,138,0.007246376811594203
Rn,Se,0,138,0.0
Rn,Sg,0,138,0.0
Rn,Si,0,138,0.0
Rn,Sm,0,138,0.0
Rn,Sn,1,138,0.007246376811594203
Rn,Sr,0,138,0.0
Rn,Ta,0,138,0.0
Rn,Tb,0,138,0.0
Rn,Tc,0,138,0.0
Rn,Te,0,138,0.0
Rn,Th,3,138,0.021739130434782608
Rn,Ti,0,138,0.0
Rn,Tl,0,138,0.0
Rn,Tm,0,138,0.0
Rn,Ts,0,138,0.0
Rn,U,3,138,0.021739130434782608
Rn,V,0,138,0.0
Rn,W,0,138,0.0
Rn,Xe,5,138,0.036231884057971016
Rn,Y,2,138,0.014492753623188406
Rn,Yb,0,138,0.0
Rn,Zn,1,138,0.007246376811594203
Rn,Zr,0,138,0.0
Ru,Ac,8,39255,0.00020379569481594702
Ru,Ag,84,39255,0.0021398547955674436
Ru,Al,126,39255,0.0032097821933511654
Ru,Am,2,39255,0.000050948923703986754
Ru,Ar,71,39255,0.0018086867914915298
Ru,As,42,39255,0.0010699273977837218
Ru,At,0,39255,0.0
Ru,Au,98,39255,0.002496497261495351
Ru,B,1179,39255,0.030034390523500192
Ru,Ba,22,39255,0.0005604381607438543
Ru,Be,6,39255,0.00015284677111196025
Ru,Bh,0,39255,0.0
Ru,Bi,43,39255,0.0010954018596357152
Ru,Bk,0,39255,0.0
Ru,Br,1197,39255,0.03049293083683607
Ru,C,36176,39255,0.9215641319577124
Ru,Ca,29,39255,0.000738759393707808
Ru,Cd,14,39255,0.00035664246592790726
Ru,Ce,51,39255,0.0012991975544516623
Ru,Cf,0,39255,0.0
Ru,Cl,17523,39255,0.4463889950324799
Ru,Cm,2,39255,0.000050948923703986754
Ru,Cn,0,39255,0.0
Ru,Co,271,39255,0.006903579161890205
Ru,Cr,63,39255,0.0016048910966755827
Ru,Cs,44,39255,0.0011208763214877087
Ru,Cu,228,39255,0.00580817730225449
Ru,Db,0,39255,0.0
Ru,Ds,0,39255,0.0
Ru,Dy,8,39255,0.00020379569481594702
Ru,Er,10,39255,0.0002547446185199338
Ru,Es,4,39255,0.00010189784740797351
Ru,Eu,9,39255,0.0002292701566679404
Ru,F,5972,39255,0.15213348618010444
Ru,Fe,413,39255,0.010520952744873264
Ru,Fl,0,39255,0.0
Ru,Fm,3,39255,0.00007642338555598012
Ru,Fr,0,39255,0.0
Ru,Ga,34,39255,0.0008661317029677748
Ru,Gd,9,39255,0.0002292701566679404
Ru,Ge,24,39255,0.000611387084447841
Ru,H,37356,39255,0.9516239969430645
Ru,He,1,39255,0.000025474461851993377
Ru,Hf,16,39255,0.00040759138963189403
Ru,Hg,20,39255,0.0005094892370398676
Ru,Ho,4,39255,0.00010189784740797351
Ru,Hs,0,39255,0.0
Ru,I,766,39255,0.019513437778626925
Ru,In,29,39255,0.000738759393707808
Ru,Ir,394,39255,0.01003693796968539
Ru,K,348,39255,0.008865112724493696
Ru,Kr,0,39255,0.0
Ru,La,63,39255,0.0016048910966755827
Ru,Li,208,39255,0.005298688065214622
Ru,Lr,0,39255,0.0
Ru,Lu,4,39255,0.00010189784740797351
Ru,Lv,0,39255,0.0
Ru,Mc,0,39255,0.0
Ru,Md,1,39255,0.000025474461851993377
Ru,Mg,52,39255,0.0013246720163036555
Ru,Mn,132,39255,0.0033626289644631256
Ru,Mo,115,39255,0.0029295631129792384
Ru,Mt,0,39255,0.0
Ru,N,26522,39255,0.6756336772385684
Ru,Na,414,39255,0.010546427206725257
Ru,Nb,34,39255,0.0008661317029677748
Ru,Nd,21,39255,0.0005349636988918609
Ru,Ne,0,39255,0.0
Ru,Nh,0,39255,0.0
Ru,Ni,196,39255,0.004992994522990702
Ru,No,0,39255,0.0
Ru,Np,1,39255,0.000025474461851993377
Ru,O,23345,39255,0.5947013119347854
Ru,Og,0,39255,0.0
Ru,Os,226,39255,0.005757228378550503
Ru,P,11489,39255,0.2926760922175519
Ru,Pa,0,39255,0.0
Ru,Pb,51,39255,0.0012991975544516623
Ru,Pd,201,39255,0.005120366832250669
Ru,Pm,2,39255,0.000050948923703986754
Ru,Po,4,39255,0.00010189784740797351
Ru,Pr,33,39255,0.0008406572411157814
Ru,Pt,381,39255,0.009705769965609477
Ru,Pu,2,39255,0.000050948923703986754
Ru,Ra,1,39255,0.000025474461851993377
Ru,Rb,28,39255,0.0007132849318558145
Ru,Re,122,39255,0.003107884345943192
Ru,Rf,26,39255,0.0006623360081518278
Ru,Rg,0,39255,0.0
Ru,Rh,191,39255,0.004865622213730735
Ru,Rn,0,39255,0.0
Ru,Ru,39255,39255,1.0
Ru,S,7575,39255,0.19296904852884983
Ru,Sb,92,39255,0.0023436504903833907
Ru,Sc,11,39255,0.00028021908037192717
Ru,Se,78,39255,0.0019870080244554834
Ru,Sg,2,39255,0.000050948923703986754
Ru,Si,856,39255,0.02180613934530633
Ru,Sm,12,39255,0.0003056935422239205
Ru,Sn,155,39255,0.003948541587058973
Ru,Sr,31,39255,0.0007897083174117946
Ru,Ta,95,39255,0.002420073875939371
Ru,Tb,9,39255,0.0002292701566679404
Ru,Tc,12,39255,0.0003056935422239205
Ru,Te,24,39255,0.000611387084447841
Ru,Th,7,39255,0.00017832123296395363
Ru,Ti,224,39255,0.005706279454846516
Ru,Tl,15,39255,0.00038211692777990065
Ru,Tm,1,39255,0.000025474461851993377
Ru,Ts,0,39255,0.0
Ru,U,17,39255,0.0004330658514838874
Ru,V,56,39255,0.001426569863711629
Ru,W,100,39255,0.0025474461851993377
Ru,Xe,0,39255,0.0
Ru,Y,195,39255,0.004967520061138708
Ru,Yb,7,39255,0.00017832123296395363
Ru,Zn,109,39255,0.0027767163418672782
Ru,Zr,83,39255,0.00211438033371545
S,Ac,1732,36318993,0.00004768854687132983
S,Ag,4286,36318993,0.00011800987984441088
S,Al,9315,36318993,0.00025647737535013706
S,Am,20,36318993,5.506760608698595e-7
S,Ar,759,36318993,0.000020898156510011167
S,As,6722,36318993,0.00018508222405835977
S,At,155,36318993,4.267739471741411e-6
S,Au,4314,36318993,0.00011878082632962869
S,B,245084,36318993,0.006748094585111432
S,Ba,3989,36318993,0.00010983234034049347
S,Be,782,36318993,0.000021531433980011505
S,Bh,7,36318993,1.9273662130445081e-7
S,Bi,2380,36318993,0.00006553045124351328
S,Bk,11,36318993,3.0287183347842273e-7
S,Br,2388328,36318993,0.06575975275525948
S,C,36283770,36318993,0.9990301768553991
S,Ca,12219,36318993,0.00033643553938844065
S,Cd,1637,36318993,0.000045072835582197995
S,Ce,890,36318993,0.000024505084708708747
S,Cf,47,36318993,1.2940887430441698e-6
S,Cl,6845558,36318993,0.18848424569480768
S,Cm,114,36318993,3.138853546958199e-6
S,Cn,0,36318993,0.0
S,Co,6140,36318993,0.00016905755068704687
S,Cr,4797,36318993,0.0001320796531996358
S,Cs,3304,36318993,0.00009097168525570078
S,Cu,17712,36318993,0.00048767871950634753
S,Db,19,36318993,5.231422578263665e-7
S,Ds,1,36318993,2.7533803043492975e-8
S,Dy,182,36318993,5.011152153915721e-6
S,Er,183,36318993,5.038685956959214e-6
S,Es,46,36318993,1.2665549400006769e-6
S,Eu,994,36318993,0.000027368600225232014
S,F,7067743,36318993,0.19460184372402617
S,Fe,11883,36318993,0.000327184181565827
S,Fl,0,36318993,0.0
S,Fm,378,36318993,0.000010407777550440343
S,Fr,20,36318993,5.506760608698595e-7
S,Ga,1482,36318993,0.00004080509611045659
S,Gd,1094,36318993,0.00003012198052958131
S,Ge,7085,36318993,0.0001950769945631477
S,H,36299205,36318993,0.9994551611053754
S,He,38,36318993,1.046284515652733e-6
S,Hf,840,36318993,0.000023128394556534098
S,Hg,2933,36318993,0.00008075664432656489
S,Ho,160,36318993,4.405408486958876e-6
S,Hs,16,36318993,4.405408486958876e-7
S,I,613829,36318993,0.01690104678838425
S,In,2084,36318993,0.00005738044554263936
S,Ir,33850,36318993,0.0009320192330222371
S,K,53926,36318993,0.001484787862923402
S,Kr,3,36318993,8.260140913047891e-8
S,La,612,36318993,0.0000168506874626177
S,Li,29320,36318993,0.000807291105235214
S,Lr,108,36318993,2.973650728697241e-6
S,Lu,311,36318993,8.563012746526315e-6
S,Lv,0,36318993,0.0
S,Mc,0,36318993,0.0
S,Md,11,36318993,3.0287183347842273e-7
S,Mg,10007,36318993,0.0002755307670562342
S,Mn,4386,36318993,0.00012076326014876018
S,Mo,4526,36318993,0.0001246179925748492
S,Mt,38,36318993,1.046284515652733e-6
S,N,33991401,36318993,0.9359125403063902
S,Na,206703,36318993,0.005691319690499128
S,Nb,280,36318993,7.709464852178033e-6
S,Nd,323,36318993,8.89341838304823e-6
S,Ne,11,36318993,3.0287183347842273e-7
S,Nh,0,36318993,0.0
S,Ni,8220,36318993,0.00022632786101751224
S,No,46,36318993,1.2665549400006769e-6
S,Np,37,36318993,1.0187507126092401e-6
S,O,32660900,36318993,0.8992787878232197
S,Og,0,36318993,0.0
S,Os,1490,36318993,0.00004102536653480453
S,P,432705,36318993,0.011914014245934627
S,Pa,33,36318993,9.086155004352681e-7
S,Pb,2730,36318993,0.00007516728230873582
S,Pd,9385,36318993,0.0002584047415631816
S,Pm,48,36318993,1.3216225460876626e-6
S,Po,172,36318993,4.735814123480791e-6
S,Pr,441,36318993,0.000012142407142180401
S,Pt,14072,36318993,0.00038745567642803314
S,Pu,32,36318993,8.810816973917752e-7
S,Ra,26,36318993,7.158788791308173e-7
S,Rb,1659,36318993,0.000045678579249154846
S,Re,1627,36318993,0.00004479749755176307
S,Rf,876,36318993,0.000024119611466099844
S,Rg,0,36318993,0.0
S,Rh,1895,36318993,0.000052176556767419186
S,Rn,11,36318993,3.0287183347842273e-7
S,Ru,7575,36318993,0.00020856855805445926
S,S,36318993,36318993,1.0
S,Sb,3961,36318993,0.00010906139385527567
S,Sc,477,36318993,0.000013133624051746149
S,Se,22590,36318993,0.0006219886107525063
S,Sg,3,36318993,8.260140913047891e-8
S,Si,256610,36318993,0.007065449198990732
S,Sm,309,36318993,8.507945140439328e-6
S,Sn,23446,36318993,0.0006455575461577363
S,Sr,906,36318993,0.000024945625557404633
S,Ta,275,36318993,7.571795836960567e-6
S,Tb,407,36318993,0.00001120625783870164
S,Tc,1675,36318993,0.00004611912009785073
S,Te,2983,36318993,0.00008213333447873954
S,Th,172,36318993,4.735814123480791e-6
S,Ti,4317,36318993,0.00011886342773875917
S,Tl,1396,36318993,0.000038437189048716194
S,Tm,135,36318993,3.7170634108715516e-6
S,Ts,0,36318993,0.0
S,U,3884,36318993,0.00010694129102092671
S,V,5810,36318993,0.00015997139568269417
S,W,5747,36318993,0.00015823676609095412
S,Xe,40,36318993,1.101352121739719e-6
S,Y,14494,36318993,0.00039907494131238716
S,Yb,522,36318993,0.000014372645188703332
S,Zn,17763,36318993,0.0004890829434615657
S,Zr,4323,36318993,0.00011902863055702013
Sb,Ac,1,19105,0.00005234231876472128
Sb,Ag,234,19105,0.01224810259094478
Sb,Al,237,19105,0.012405129547238943
Sb,Am,2,19105,0.00010468463752944256
Sb,Ar,0,19105,0.0
Sb,As,404,19105,0.021146296780947395
Sb,At,0,19105,0.0
Sb,Au,160,19105,0.008374771002355404
Sb,B,418,19105,0.021879089243653494
Sb,Ba,82,19105,0.004292070138707145
Sb,Be,22,19105,0.0011515310128238682
Sb,Bh,0,19105,0.0
Sb,Bi,436,19105,0.022821250981418476
Sb,Bk,0,19105,0.0
Sb,Br,673,19105,0.03522638052865742
Sb,C,14466,19105,0.757183983250458
Sb,Ca,120,19105,0.006281078251766554
Sb,Cd,88,19105,0.004606124051295473
Sb,Ce,65,19105,0.003402250719706883
Sb,Cf,0,19105,0.0
Sb,Cl,2945,19105,0.15414812876210415
Sb,Cm,0,19105,0.0
Sb,Cn,0,19105,0.0
Sb,Co,167,19105,0.008741167233708453
Sb,Cr,162,19105,0.008479455639884847
Sb,Cs,72,19105,0.003768646951059932
Sb,Cu,308,19105,0.016121434179534152
Sb,Db,0,19105,0.0
Sb,Ds,0,19105,0.0
Sb,Dy,11,19105,0.0005757655064119341
Sb,Er,11,19105,0.0005757655064119341
Sb,Es,0,19105,0.0
Sb,Eu,18,19105,0.000942161737764983
Sb,F,4117,19105,0.2154933263543575
Sb,Fe,326,19105,0.017063595917299137
Sb,Fl,0,19105,0.0
Sb,Fm,2,19105,0.00010468463752944256
Sb,Fr,0,19105,0.0
Sb,Ga,143,19105,0.007484951583355143
Sb,Gd,15,19105,0.0007851347814708192
Sb,Ge,270,19105,0.014132426066474744
Sb,H,16878,19105,0.8834336561109657
Sb,He,0,19105,0.0
Sb,Hf,17,19105,0.0008898194190002617
Sb,Hg,48,19105,0.0025124313007066214
Sb,Ho,7,19105,0.0003663962313530489
Sb,Hs,0,19105,0.0
Sb,I,752,19105,0.039361423711070403
Sb,In,240,19105,0.012562156503533107
Sb,Ir,88,19105,0.004606124051295473
Sb,K,371,19105,0.019419000261711592
Sb,Kr,0,19105,0.0
Sb,La,57,19105,0.002983512169589113
Sb,Li,192,19105,0.010049725202826485
Sb,Lr,0,19105,0.0
Sb,Lu,5,19105,0.00026171159382360636
Sb,Lv,0,19105,0.0
Sb,Mc,0,19105,0.0
Sb,Md,0,19105,0.0
Sb,Mg,119,19105,0.006228735933001832
Sb,Mn,207,19105,0.010834859984297304
Sb,Mo,171,19105,0.008950536508767338
Sb,Mt,0,19105,0.0
Sb,N,5027,19105,0.26312483643025386
Sb,Na,615,19105,0.032190526040303584
Sb,Nb,84,19105,0.004396754776236587
Sb,Nd,13,19105,0.0006804501439413766
Sb,Ne,0,19105,0.0
Sb,Nh,0,19105,0.0
Sb,Ni,244,19105,0.012771525778591992
Sb,No,0,19105,0.0
Sb,Np,0,19105,0.0
Sb,O,10558,19105,0.5526302015179272
Sb,Og,0,19105,0.0
Sb,Os,19,19105,0.0009945040565297043
Sb,P,1430,19105,0.07484951583355143
Sb,Pa,0,19105,0.0
Sb,Pb,334,19105,0.017482334467416906
Sb,Pd,128,19105,0.006699816801884324
Sb,Pm,0,19105,0.0
Sb,Po,6,19105,0.00031405391258832767
Sb,Pr,13,19105,0.0006804501439413766
Sb,Pt,75,19105,0.003925673907354096
Sb,Pu,1,19105,0.00005234231876472128
Sb,Ra,0,19105,0.0
Sb,Rb,41,19105,0.0021460350693535725
Sb,Re,19,19105,0.0009945040565297043
Sb,Rf,2,19105,0.00010468463752944256
Sb,Rg,0,19105,0.0
Sb,Rh,137,19105,0.007170897670766815
Sb,Rn,0,19105,0.0
Sb,Ru,92,19105,0.004815493326354357
Sb,S,3961,19105,0.20732792462706098
Sb,Sb,19105,19105,1.0
Sb,Sc,40,19105,0.002093692750588851
Sb,Se,320,19105,0.016749542004710807
Sb,Sg,0,19105,0.0
Sb,Si,581,19105,0.03041088720230306
Sb,Sm,11,19105,0.0005757655064119341
Sb,Sn,527,19105,0.027584401989008113
Sb,Sr,34,19105,0.0017796388380005234
Sb,Ta,66,19105,0.003454593038471604
Sb,Tb,8,19105,0.0004187385501177702
Sb,Tc,11,19105,0.0005757655064119341
Sb,Te,350,19105,0.018319811567652448
Sb,Th,6,19105,0.00031405391258832767
Sb,Ti,258,19105,0.013504318241298089
Sb,Tl,31,19105,0.0016226118817063595
Sb,Tm,7,19105,0.0003663962313530489
Sb,Ts,0,19105,0.0
Sb,U,30,19105,0.0015702695629416384
Sb,V,126,19105,0.006595132164354881
Sb,W,120,19105,0.006281078251766554
Sb,Xe,2,19105,0.00010468463752944256
Sb,Y,31,19105,0.0016226118817063595
Sb,Yb,13,19105,0.0006804501439413766
Sb,Zn,254,19105,0.013294948966239204
Sb,Zr,157,19105,0.00821774404606124
Sc,Ac,4,3525,0.0011347517730496454
Sc,Ag,16,3525,0.0045390070921985815
Sc,Al,216,3525,0.06127659574468085
Sc,Am,0,3525,0.0
Sc,Ar,0,3525,0.0
Sc,As,6,3525,0.001702127659574468
Sc,At,0,3525,0.0
Sc,Au,11,3525,0.003120567375886525
Sc,B,120,3525,0.03404255319148936
Sc,Ba,33,3525,0.009361702127659575
Sc,Be,11,3525,0.003120567375886525
Sc,Bh,0,3525,0.0
Sc,Bi,31,3525,0.008794326241134751
Sc,Bk,0,3525,0.0
Sc,Br,68,3525,0.01929078014184397
Sc,C,2205,3525,0.625531914893617
Sc,Ca,39,3525,0.011063829787234043
Sc,Cd,6,3525,0.001702127659574468
Sc,Ce,31,3525,0.008794326241134751
Sc,Cf,0,3525,0.0
Sc,Cl,241,3525,0.06836879432624113
Sc,Cm,1,3525,0.00028368794326241134
Sc,Cn,0,3525,0.0
Sc,Co,44,3525,0.0124822695035461
Sc,Cr,47,3525,0.013333333333333334
Sc,Cs,12,3525,0.003404255319148936
Sc,Cu,48,3525,0.013617021276595745
Sc,Db,0,3525,0.0
Sc,Ds,0,3525,0.0
Sc,Dy,22,3525,0.00624113475177305
Sc,Er,41,3525,0.011631205673758865
Sc,Es,0,3525,0.0
Sc,Eu,11,3525,0.003120567375886525
Sc,F,505,3525,0.14326241134751774
Sc,Fe,51,3525,0.01446808510638298
Sc,Fl,0,3525,0.0
Sc,Fm,0,3525,0.0
Sc,Fr,0,3525,0.0
Sc,Ga,85,3525,0.024113475177304965
Sc,Gd,52,3525,0.01475177304964539
Sc,Ge,35,3525,0.009929078014184398
Sc,H,2748,3525,0.7795744680851063
Sc,He,0,3525,0.0
Sc,Hf,24,3525,0.006808510638297872
Sc,Hg,13,3525,0.0036879432624113474
Sc,Ho,26,3525,0.007375886524822695
Sc,Hs,1,3525,0.00028368794326241134
Sc,I,72,3525,0.020425531914893616
Sc,In,51,3525,0.01446808510638298
Sc,Ir,13,3525,0.0036879432624113474
Sc,K,37,3525,0.01049645390070922
Sc,Kr,0,3525,0.0
Sc,La,90,3525,0.02553191489361702
Sc,Li,74,3525,0.02099290780141844
Sc,Lr,0,3525,0.0
Sc,Lu,49,3525,0.013900709219858157
Sc,Lv,0,3525,0.0
Sc,Mc,0,3525,0.0
Sc,Md,0,3525,0.0
Sc,Mg,87,3525,0.02468085106382979
Sc,Mn,65,3525,0.018439716312056736
Sc,Mo,33,3525,0.009361702127659575
Sc,Mt,0,3525,0.0
Sc,N,1070,3525,0.30354609929078014
Sc,Na,107,3525,0.030354609929078014
Sc,Nb,45,3525,0.01276595744680851
Sc,Nd,38,3525,0.01078014184397163
Sc,Ne,0,3525,0.0
Sc,Nh,0,3525,0.0
Sc,Ni,48,3525,0.013617021276595745
Sc,No,0,3525,0.0
Sc,Np,2,3525,0.0005673758865248227
Sc,O,1975,3525,0.5602836879432624
Sc,Og,0,3525,0.0
Sc,Os,5,3525,0.0014184397163120568
Sc,P,196,3525,0.05560283687943263
Sc,Pa,0,3525,0.0
Sc,Pb,57,3525,0.016170212765957447
Sc,Pd,16,3525,0.0045390070921985815
Sc,Pm,7,3525,0.0019858156028368795
Sc,Po,3,3525,0.000851063829787234
Sc,Pr,22,3525,0.00624113475177305
Sc,Pt,8,3525,0.0022695035460992908
Sc,Pu,2,3525,0.0005673758865248227
Sc,Ra,1,3525,0.00028368794326241134
Sc,Rb,23,3525,0.006524822695035461
Sc,Re,17,3525,0.004822695035460993
Sc,Rf,0,3525,0.0
Sc,Rg,0,3525,0.0
Sc,Rh,13,3525,0.0036879432624113474
Sc,Rn,1,3525,0.00028368794326241134
Sc,Ru,11,3525,0.003120567375886525
Sc,S,477,3525,0.13531914893617022
Sc,Sb,40,3525,0.011347517730496455
Sc,Sc,3525,3525,1.0
Sc,Se,16,3525,0.0045390070921985815
Sc,Sg,0,3525,0.0
Sc,Si,547,3525,0.15517730496453902
Sc,Sm,21,3525,0.005957446808510639
Sc,Sn,16,3525,0.0045390070921985815
Sc,Sr,46,3525,0.013049645390070922
Sc,Ta,42,3525,0.011914893617021277
Sc,Tb,35,3525,0.009929078014184398
Sc,Tc,7,3525,0.0019858156028368795
Sc,Te,12,3525,0.003404255319148936
Sc,Th,20,3525,0.005673758865248227
Sc,Ti,70,3525,0.019858156028368795
Sc,Tl,12,3525,0.003404255319148936
Sc,Tm,15,3525,0.00425531914893617
Sc,Ts,0,3525,0.0
Sc,U,9,3525,0.002553191489361702
Sc,V,57,3525,0.016170212765957447
Sc,W,23,3525,0.006524822695035461
Sc,Xe,0,3525,0.0
Sc,Y,136,3525,0.03858156028368794
Sc,Yb,25,3525,0.0070921985815602835
Sc,Zn,49,3525,0.013900709219858157
Sc,Zr,98,3525,0.027801418439716313
Se,Ac,17,120337,0.0001412699336031312
Se,Ag,289,120337,0.0024015888712532307
Se,Al,209,120337,0.0017367891837090836
Se,Am,1,120337,8.309996094301836e-6
Se,Ar,3,120337,0.00002492998828290551
Se,As,315,120337,0.002617648769705078
Se,At,2,120337,0.00001661999218860367
Se,Au,294,120337,0.00244313885172474
Se,B,4137,120337,0.03437845384212669
Se,Ba,192,120337,0.0015955192501059525
Se,Be,39,120337,0.00032408984767777157
Se,Bh,0,120337,0.0
Se,Bi,218,120337,0.0018115791485578002
Se,Bk,0,120337,0.0
Se,Br,5125,120337,0.04258872998329691
Se,C,115187,120337,0.9572035201143455
Se,Ca,200,120337,0.001661999218860367
Se,Cd,384,120337,0.003191038500211905
Se,Ce,32,120337,0.00026591987501765874
Se,Cf,0,120337,0.0
Se,Cl,9787,120337,0.08132993177493207
Se,Cm,0,120337,0.0
Se,Cn,0,120337,0.0
Se,Co,232,120337,0.001927919093878026
Se,Cr,187,120337,0.0015539692696344433
Se,Cs,51,120337,0.0004238098008093936
Se,Cu,859,120337,0.007138286645005277
Se,Db,0,120337,0.0
Se,Ds,0,120337,0.0
Se,Dy,17,120337,0.0001412699336031312
Se,Er,17,120337,0.0001412699336031312
Se,Es,7,120337,0.00005816997266011285
Se,Eu,20,120337,0.0001661999218860367
Se,F,10435,120337,0.08671480924403965
Se,Fe,591,120337,0.004911207691732385
Se,Fl,0,120337,0.0
Se,Fm,1,120337,8.309996094301836e-6
Se,Fr,0,120337,0.0
Se,Ga,382,120337,0.0031744185080233014
Se,Gd,15,120337,0.00012464994141452753
Se,Ge,709,120337,0.005891787230860001
Se,H,117649,120337,0.9776627304985167
Se,He,5,120337,0.000041549980471509176
Se,Hf,28,120337,0.0002326798906404514
Se,Hg,219,120337,0.001819889144652102
Se,Ho,6,120337,0.00004985997656581102
Se,Hs,0,120337,0.0
Se,I,2224,120337,0.018481431313727283
Se,In,452,120337,0.00375611823462443
Se,Ir,1026,120337,0.008526055992753684
Se,K,608,120337,0.005052477625335516
Se,Kr,0,120337,0.0
Se,La,30,120337,0.00024929988282905506
Se,Li,527,120337,0.004379367941697067
Se,Lr,0,120337,0.0
Se,Lu,5,120337,0.000041549980471509176
Se,Lv,0,120337,0.0
Se,Mc,0,120337,0.0
Se,Md,0,120337,0.0
Se,Mg,294,120337,0.00244313885172474
Se,Mn,219,120337,0.001819889144652102
Se,Mo,242,120337,0.002011019054821044
Se,Mt,0,120337,0.0
Se,N,71912,120337,0.5975884391334336
Se,Na,1185,120337,0.009847345371747675
Se,Nb,62,120337,0.0005152197578467138
Se,Nd,9,120337,0.00007478996484871653
Se,Ne,0,120337,0.0
Se,Nh,0,120337,0.0
Se,Ni,290,120337,0.0024098988673475325
Se,No,0,120337,0.0
Se,Np,0,120337,0.0
Se,O,77031,120337,0.6401273091401647
Se,Og,0,120337,0.0
Se,Os,48,120337,0.00039887981252648814
Se,P,7213,120337,0.05994000182819914
Se,Pa,0,120337,0.0
Se,Pb,208,120337,0.0017284791876147818
Se,Pd,136,120337,0.0011301594688250497
Se,Pm,2,120337,0.00001661999218860367
Se,Po,10,120337,0.00008309996094301835
Se,Pr,9,120337,0.00007478996484871653
Se,Pt,648,120337,0.005384877469107589
Se,Pu,1,120337,8.309996094301836e-6
Se,Ra,0,120337,0.0
Se,Rb,52,120337,0.00043211979690369544
Se,Re,81,120337,0.0006731096836384487
Se,Rf,1,120337,8.309996094301836e-6
Se,Rg,0,120337,0.0
Se,Rh,52,120337,0.00043211979690369544
Se,Rn,0,120337,0.0
Se,Ru,78,120337,0.0006481796953555431
Se,S,22590,120337,0.18772281177027847
Se,Sb,320,120337,0.0026591987501765873
Se,Sc,16,120337,0.00013295993750882937
Se,Se,120337,120337,1.0
Se,Sg,2,120337,0.00001661999218860367
Se,Si,5276,120337,0.04384353939353648
Se,Sm,26,120337,0.00021605989845184772
Se,Sn,790,120337,0.00656489691449845
Se,Sr,73,120337,0.000606629714884034
Se,Ta,37,120337,0.00030746985548916794
Se,Tb,5,120337,0.000041549980471509176
Se,Tc,10,120337,0.00008309996094301835
Se,Te,1229,120337,0.010212985199896956
Se,Th,15,120337,0.00012464994141452753
Se,Ti,137,120337,0.0011384694649193515
Se,Tl,69,120337,0.0005733897305068267
Se,Tm,7,120337,0.00005816997266011285
Se,Ts,0,120337,0.0
Se,U,38,120337,0.00031577985158346973
Se,V,116,120337,0.000963959546939013
Se,W,159,120337,0.0013212893789939918
Se,Xe,3,120337,0.00002492998828290551
Se,Y,76,120337,0.0006315597031669395
Se,Yb,16,120337,0.00013295993750882937
Se,Zn,770,120337,0.006398696992612414
Se,Zr,61,120337,0.000506909761752412
Sg,Ac,0,137,0.0
Sg,Ag,0,137,0.0
Sg,Al,1,137,0.0072992700729927005
Sg,Am,0,137,0.0
Sg,Ar,0,137,0.0
Sg,As,0,137,0.0
Sg,At,0,137,0.0
Sg,Au,0,137,0.0
Sg,B,7,137,0.051094890510948905
Sg,Ba,0,137,0.0
Sg,Be,0,137,0.0
Sg,Bh,0,137,0.0
Sg,Bi,0,137,0.0
Sg,Bk,0,137,0.0
Sg,Br,7,137,0.051094890510948905
Sg,C,121,137,0.8832116788321168
Sg,Ca,0,137,0.0
Sg,Cd,0,137,0.0
Sg,Ce,0,137,0.0
Sg,Cf,0,137,0.0
Sg,Cl,8,137,0.058394160583941604
Sg,Cm,0,137,0.0
Sg,Cn,0,137,0.0
Sg,Co,0,137,0.0
Sg,Cr,0,137,0.0
Sg,Cs,0,137,0.0
Sg,Cu,0,137,0.0
Sg,Db,0,137,0.0
Sg,Ds,0,137,0.0
Sg,Dy,0,137,0.0
Sg,Er,0,137,0.0
Sg,Es,0,137,0.0
Sg,Eu,0,137,0.0
Sg,F,17,137,0.12408759124087591
Sg,Fe,0,137,0.0
Sg,Fl,0,137,0.0
Sg,Fm,0,137,0.0
Sg,Fr,0,137,0.0
Sg,Ga,0,137,0.0
Sg,Gd,0,137,0.0
Sg,Ge,0,137,0.0
Sg,H,119,137,0.8686131386861314
Sg,He,0,137,0.0
Sg,Hf,0,137,0.0
Sg,Hg,0,137,0.0
Sg,Ho,0,137,0.0
Sg,Hs,0,137,0.0
Sg,I,5,137,0.0364963503649635
Sg,In,0,137,0.0
Sg,Ir,0,137,0.0
Sg,K,1,137,0.0072992700729927005
Sg,Kr,0,137,0.0
Sg,La,0,137,0.0
Sg,Li,2,137,0.014598540145985401
Sg,Lr,0,137,0.0
Sg,Lu,0,137,0.0
Sg,Lv,0,137,0.0
Sg,Mc,0,137,0.0
Sg,Md,0,137,0.0
Sg,Mg,0,137,0.0
Sg,Mn,0,137,0.0
Sg,Mo,0,137,0.0
Sg,Mt,0,137,0.0
Sg,N,28,137,0.20437956204379562
Sg,Na,0,137,0.0
Sg,Nb,0,137,0.0
Sg,Nd,0,137,0.0
Sg,Ne,0,137,0.0
Sg,Nh,0,137,0.0
Sg,Ni,0,137,0.0
Sg,No,0,137,0.0
Sg,Np,0,137,0.0
Sg,O,106,137,0.7737226277372263
Sg,Og,0,137,0.0
Sg,Os,0,137,0.0
Sg,P,0,137,0.0
Sg,Pa,0,137,0.0
Sg,Pb,0,137,0.0
Sg,Pd,0,137,0.0
Sg,Pm,0,137,0.0
Sg,Po,0,137,0.0
Sg,Pr,0,137,0.0
Sg,Pt,0,137,0.0
Sg,Pu,0,137,0.0
Sg,Ra,0,137,0.0
Sg,Rb,0,137,0.0
Sg,Re,0,137,0.0
Sg,Rf,0,137,0.0
Sg,Rg,0,137,0.0
Sg,Rh,0,137,0.0
Sg,Rn,0,137,0.0
Sg,Ru,2,137,0.014598540145985401
Sg,S,3,137,0.021897810218978103
Sg,Sb,0,137,0.0
Sg,Sc,0,137,0.0
Sg,Se,2,137,0.014598540145985401
Sg,Sg,137,137,1.0
Sg,Si,0,137,0.0
Sg,Sm,0,137,0.0
Sg,Sn,0,137,0.0
Sg,Sr,0,137,0.0
Sg,Ta,0,137,0.0
Sg,Tb,0,137,0.0
Sg,Tc,0,137,0.0
Sg,Te,0,137,0.0
Sg,Th,0,137,0.0
Sg,Ti,0,137,0.0
Sg,Tl,0,137,0.0
Sg,Tm,0,137,0.0
Sg,Ts,0,137,0.0
Sg,U,1,137,0.0072992700729927005
Sg,V,0,137,0.0
Sg,W,0,137,0.0
Sg,Xe,0,137,0.0
Sg,Y,2,137,0.014598540145985401
Sg,Yb,0,137,0.0
Sg,Zn,1,137,0.0072992700729927005
Sg,Zr,0,137,0.0
Si,Ac,167,1825174,0.00009149812565815643
Si,Ag,558,1825174,0.0003057242761512053
Si,Al,6779,1825174,0.0037141664301595357
Si,Am,5,1825174,2.7394648400645635e-6
Si,Ar,133,1825174,0.00007286976474571739
Si,As,650,1825174,0.0003561304292083933
Si,At,9,1825174,4.931036712116215e-6
Si,Au,798,1825174,0.00043721858847430435
Si,B,47790,1825174,0.0261838049413371
Si,Ba,852,1825174,0.00046680480874700163
Si,Be,295,1825174,0.00016162842556380927
Si,Bh,0,1825174,0.0
Si,Bi,681,1825174,0.00037311511121679357
Si,Bk,4,1825174,2.191571872051651e-6
Si,Br,85325,1825174,0.04674896749570178
Si,C,1805054,1825174,0.9889763934835802
Si,Ca,2443,1825174,0.0013385025208555459
Si,Cd,194,1825174,0.00010629123579450507
Si,Ce,415,1825174,0.00022737558172535879
Si,Cf,14,1825174,7.670501552180778e-6
Si,Cl,207836,1825174,0.11387188289993173
Si,Cm,10,1825174,5.478929680129127e-6
Si,Cn,0,1825174,0.0
Si,Co,1798,1825174,0.000985111556487217
Si,Cr,1919,1825174,0.0010514066056167796
Si,Cs,496,1825174,0.0002717549121344047
Si,Cu,2419,1825174,0.001325353089623236
Si,Db,0,1825174,0.0
Si,Ds,0,1825174,0.0
Si,Dy,67,1825174,0.000036708828856865157
Si,Er,147,1825174,0.00008054026629789817
Si,Es,4,1825174,2.191571872051651e-6
Si,Eu,147,1825174,0.00008054026629789817
Si,F,222746,1825174,0.12204096705300427
Si,Fe,4109,1825174,0.0022512922055650583
Si,Fl,0,1825174,0.0
Si,Fm,20,1825174,0.000010957859360258254
Si,Fr,1,1825174,5.478929680129128e-7
Si,Ga,536,1825174,0.00029367063085492125
Si,Gd,239,1825174,0.00013094641935508614
Si,Ge,5566,1825174,0.003049572259959872
Si,H,1818349,1825174,0.9962606304933118
Si,He,21,1825174,0.000011505752328271167
Si,Hf,5243,1825174,0.0028726028312917014
Si,Hg,464,1825174,0.0002542223371579915
Si,Ho,47,1825174,0.0000257509694966069
Si,Hs,0,1825174,0.0
Si,I,38852,1825174,0.021286737593237685
Si,In,412,1825174,0.00022573190282132005
Si,Ir,29897,1825174,0.016380356064682054
Si,K,4860,1825174,0.002662759824542756
Si,Kr,1,1825174,5.478929680129128e-7
Si,La,447,1825174,0.000244908156701772
Si,Li,9442,1825174,0.0051732054039779225
Si,Lr,8,1825174,4.383143744103302e-6
Si,Lu,305,1825174,0.00016710735524393838
Si,Lv,0,1825174,0.0
Si,Mc,0,1825174,0.0
Si,Md,0,1825174,0.0
Si,Mg,5597,1825174,0.0030665569419682727
Si,Mn,1358,1825174,0.0007440386505615354
Si,Mo,1029,1825174,0.0005637818640852872
Si,Mt,2,1825174,1.0957859360258256e-6
Si,N,1001259,1825174,0.548582765259641
Si,Na,8383,1825174,0.004592986750852248
Si,Nb,417,1825174,0.0002284713676613846
Si,Nd,212,1825174,0.0001161533092187375
Si,Ne,3,1825174,1.6436789040387382e-6
Si,Nh,0,1825174,0.0
Si,Ni,1850,1825174,0.0010136019908238885
Si,No,8,1825174,4.383143744103302e-6
Si,Np,2,1825174,1.0957859360258256e-6
Si,O,1469913,1825174,0.8053549962907646
Si,Og,0,1825174,0.0
Si,Os,196,1825174,0.0001073870217305309
Si,P,57992,1825174,0.03177340900100484
Si,Pa,2,1825174,1.0957859360258256e-6
Si,Pb,756,1825174,0.000414207083817762
Si,Pd,2313,1825174,0.001267276435013867
Si,Pm,4,1825174,2.191571872051651e-6
Si,Po,48,1825174,0.00002629886246461981
Si,Pr,120,1825174,0.00006574715616154953
Si,Pt,8040,1825174,0.0044050594628238186
Si,Pu,6,1825174,3.2873578080774763e-6
Si,Ra,1,1825174,5.478929680129128e-7
Si,Rb,170,1825174,0.00009314180456219517
Si,Re,151,1825174,0.00008273183816994982
Si,Rf,437,1825174,0.00023942922702164287
Si,Rg,0,1825174,0.0
Si,Rh,338,1825174,0.0001851878231883645
Si,Rn,0,1825174,0.0
Si,Ru,856,1825174,0.0004689963806190533
Si,S,256610,1825174,0.14059481452179354
Si,Sb,581,1825174,0.0003183258144155023
Si,Sc,547,1825174,0.00029969745350306326
Si,Se,5276,1825174,0.0028906832992361274
Si,Sg,0,1825174,0.0
Si,Si,1825174,1825174,1.0
Si,Sm,242,1825174,0.00013259009825912488
Si,Sn,8178,1825174,0.0044806686924096
Si,Sr,582,1825174,0.0003188737073835152
Si,Ta,421,1825174,0.00023066293953343626
Si,Tb,60,1825174,0.000032873578080774766
Si,Tc,12,1825174,6.574715616154953e-6
Si,Te,967,1825174,0.0005298125000684866
Si,Th,126,1825174,0.00006903451396962701
Si,Ti,16593,1825174,0.009091188018238262
Si,Tl,102,1825174,0.0000558850827373171
Si,Tm,45,1825174,0.000024655183560581073
Si,Ts,0,1825174,0.0
Si,U,811,1825174,0.00044434119705847225
Si,V,1488,1825174,0.0008152647364032141
Si,W,1485,1825174,0.0008136210574991754
Si,Xe,5,1825174,2.7394648400645635e-6
Si,Y,2420,1825174,0.001325900982591249
Si,Yb,253,1825174,0.00013861692090726694
Si,Zn,3366,1825174,0.0018442077303314642
Si,Zr,34133,1825174,0.018701230677184752
Sm,Ac,5,3363,0.0014867677668748143
Sm,Ag,11,3363,0.0032708890871245913
Sm,Al,76,3363,0.022598870056497175
Sm,Am,1,3363,0.0002973535533749628
Sm,Ar,2,3363,0.0005947071067499256
Sm,As,11,3363,0.0032708890871245913
Sm,At,0,3363,0.0
Sm,Au,9,3363,0.0026761819803746653
Sm,B,92,3363,0.02735652691049658
Sm,Ba,60,3363,0.01784121320249777
Sm,Be,4,3363,0.0011894142134998512
Sm,Bh,0,3363,0.0
Sm,Bi,29,3363,0.008623253047873923
Sm,Bk,0,3363,0.0
Sm,Br,45,3363,0.013380909901873328
Sm,C,2206,3363,0.655961938745168
Sm,Ca,39,3363,0.01159678858162355
Sm,Cd,11,3363,0.0032708890871245913
Sm,Ce,71,3363,0.02111210228962236
Sm,Cf,0,3363,0.0
Sm,Cl,246,3363,0.07314897413024085
Sm,Cm,1,3363,0.0002973535533749628
Sm,Cn,0,3363,0.0
Sm,Co,118,3363,0.03508771929824561
Sm,Cr,26,3363,0.007731192387749034
Sm,Cs,8,3363,0.0023788284269997025
Sm,Cu,89,3363,0.02646446625037169
Sm,Db,0,3363,0.0
Sm,Ds,0,3363,0.0
Sm,Dy,36,3363,0.010704727921498661
Sm,Er,29,3363,0.008623253047873923
Sm,Es,0,3363,0.0
Sm,Eu,92,3363,0.02735652691049658
Sm,F,231,3363,0.06868867082961641
Sm,Fe,95,3363,0.02824858757062147
Sm,Fl,0,3363,0.0
Sm,Fm,0,3363,0.0
Sm,Fr,0,3363,0.0
Sm,Ga,23,3363,0.006839131727624145
Sm,Gd,71,3363,0.02111210228962236
Sm,Ge,17,3363,0.005055010407374368
Sm,H,2592,3363,0.7707404103479036
Sm,He,1,3363,0.0002973535533749628
Sm,Hf,8,3363,0.0023788284269997025
Sm,Hg,5,3363,0.0014867677668748143
Sm,Ho,25,3363,0.007433838834374071
Sm,Hs,0,3363,0.0
Sm,I,218,3363,0.0648230746357419
Sm,In,28,3363,0.008325899494498959
Sm,Ir,9,3363,0.0026761819803746653
Sm,K,48,3363,0.014272970561998216
Sm,Kr,0,3363,0.0
Sm,La,63,3363,0.01873327386262266
Sm,Li,66,3363,0.019625334522747548
Sm,Lr,0,3363,0.0
Sm,Lu,15,3363,0.0044603033006244425
Sm,Lv,0,3363,0.0
Sm,Mc,0,3363,0.0
Sm,Md,0,3363,0.0
Sm,Mg,31,3363,0.009217960154623847
Sm,Mn,35,3363,0.010407374368123699
Sm,Mo,21,3363,0.006244424620874219
Sm,Mt,0,3363,0.0
Sm,N,1018,3363,0.30270591733571217
Sm,Na,56,3363,0.016651798988997917
Sm,Nb,6,3363,0.001784121320249777
Sm,Nd,105,3363,0.031222123104371096
Sm,Ne,1,3363,0.0002973535533749628
Sm,Nh,0,3363,0.0
Sm,Ni,63,3363,0.01873327386262266
Sm,No,0,3363,0.0
Sm,Np,3,3363,0.0008920606601248885
Sm,O,2092,3363,0.6220636336604223
Sm,Og,0,3363,0.0
Sm,Os,4,3363,0.0011894142134998512
Sm,P,159,3363,0.04727921498661909
Sm,Pa,0,3363,0.0
Sm,Pb,9,3363,0.0026761819803746653
Sm,Pd,8,3363,0.0023788284269997025
Sm,Pm,19,3363,0.005649717514124294
Sm,Po,0,3363,0.0
Sm,Pr,50,3363,0.014867677668748141
Sm,Pt,7,3363,0.0020814748736247396
Sm,Pu,3,3363,0.0008920606601248885
Sm,Ra,0,3363,0.0
Sm,Rb,12,3363,0.003568242640499554
Sm,Re,4,3363,0.0011894142134998512
Sm,Rf,0,3363,0.0
Sm,Rg,0,3363,0.0
Sm,Rh,4,3363,0.0011894142134998512
Sm,Rn,0,3363,0.0
Sm,Ru,12,3363,0.003568242640499554
Sm,S,309,3363,0.09188224799286351
Sm,Sb,11,3363,0.0032708890871245913
Sm,Sc,21,3363,0.006244424620874219
Sm,Se,26,3363,0.007731192387749034
Sm,Sg,0,3363,0.0
Sm,Si,242,3363,0.07195955991674101
Sm,Sm,3363,3363,1.0
Sm,Sn,37,3363,0.011002081474873625
Sm,Sr,37,3363,0.011002081474873625
Sm,Ta,9,3363,0.0026761819803746653
Sm,Tb,45,3363,0.013380909901873328
Sm,Tc,0,3363,0.0
Sm,Te,3,3363,0.0008920606601248885
Sm,Th,2,3363,0.0005947071067499256
Sm,Ti,53,3363,0.01575973832887303
Sm,Tl,1,3363,0.0002973535533749628
Sm,Tm,15,3363,0.0044603033006244425
Sm,Ts,0,3363,0.0
Sm,U,7,3363,0.0020814748736247396
Sm,V,14,3363,0.004162949747249479
Sm,W,23,3363,0.006839131727624145
Sm,Xe,1,3363,0.0002973535533749628
Sm,Y,57,3363,0.01694915254237288
Sm,Yb,21,3363,0.006244424620874219
Sm,Zn,27,3363,0.008028545941123996
Sm,Zr,37,3363,0.011002081474873625
Sn,Ac,13,109311,0.00011892673198488715
Sn,Ag,430,109311,0.00393373036565396
Sn,Al,659,109311,0.00602867049061851
Sn,Am,1,109311,9.148210152683627e-6
Sn,Ar,21,109311,0.00019211241320635618
Sn,As,135,109311,0.0012350083706122897
Sn,At,11,109311,0.0001006303116795199
Sn,Au,152,109311,0.0013905279432079114
Sn,B,2691,109311,0.024617833520871643
Sn,Ba,118,109311,0.0010794887980166681
Sn,Be,26,109311,0.0002378534639697743
Sn,Bh,0,109311,0.0
Sn,Bi,373,109311,0.003412282386950993
Sn,Bk,0,109311,0.0
Sn,Br,8009,109311,0.07326801511284317
Sn,C,102244,109311,0.9353495988509848
Sn,Ca,206,109311,0.0018845312914528272
Sn,Cd,252,109311,0.002305348958476274
Sn,Ce,124,109311,0.0011343780589327698
Sn,Cf,0,109311,0.0
Sn,Cl,13794,109311,0.12619041084611796
Sn,Cm,0,109311,0.0
Sn,Cn,0,109311,0.0
Sn,Co,306,109311,0.00279935230672119
Sn,Cr,242,109311,0.0022138668569494377
Sn,Cs,99,109311,0.0009056728051156791
Sn,Cu,1025,109311,0.009376915406500718
Sn,Db,0,109311,0.0
Sn,Ds,0,109311,0.0
Sn,Dy,17,109311,0.00015551957259562167
Sn,Er,13,109311,0.00011892673198488715
Sn,Es,0,109311,0.0
Sn,Eu,15,109311,0.00013722315229025442
Sn,F,10205,109311,0.09335748460813642
Sn,Fe,601,109311,0.00549807430176286
Sn,Fl,0,109311,0.0
Sn,Fm,0,109311,0.0
Sn,Fr,0,109311,0.0
Sn,Ga,308,109311,0.0028176487270265573
Sn,Gd,32,109311,0.00029274272488587607
Sn,Ge,747,109311,0.00683371298405467
Sn,H,105723,109311,0.9671762219721711
Sn,He,4,109311,0.00003659284061073451
Sn,Hf,96,109311,0.0008782281746576282
Sn,Hg,104,109311,0.0009514138558790972
Sn,Ho,13,109311,0.00011892673198488715
Sn,Hs,0,109311,0.0
Sn,I,3247,109311,0.02970423836576374
Sn,In,933,109311,0.008535280072453825
Sn,Ir,119,109311,0.0010886370081693516
Sn,K,541,109311,0.004949181692601843
Sn,Kr,0,109311,0.0
Sn,La,94,109311,0.000859931754352261
Sn,Li,887,109311,0.008114462405430378
Sn,Lr,0,109311,0.0
Sn,Lu,7,109311,0.00006403747106878539
Sn,Lv,0,109311,0.0
Sn,Mc,0,109311,0.0
Sn,Md,0,109311,0.0
Sn,Mg,462,109311,0.004226473090539836
Sn,Mn,306,109311,0.00279935230672119
Sn,Mo,212,109311,0.001939420552368929
Sn,Mt,0,109311,0.0
Sn,N,41426,109311,0.378973753785072
Sn,Na,1027,109311,0.009395211826806086
Sn,Nb,171,109311,0.0015643439361089002
Sn,Nd,35,109311,0.00032018735534392696
Sn,Ne,4,109311,0.00003659284061073451
Sn,Nh,0,109311,0.0
Sn,Ni,518,109311,0.004738772859090119
Sn,No,0,109311,0.0
Sn,Np,6,109311,0.00005488926091610176
Sn,O,72443,109311,0.6627237880908601
Sn,Og,0,109311,0.0
Sn,Os,18,109311,0.0001646677827483053
Sn,P,4169,109311,0.03813888812653804
Sn,Pa,0,109311,0.0
Sn,Pb,593,109311,0.005424888620541391
Sn,Pd,1232,109311,0.01127059490810623
Sn,Pm,1,109311,9.148210152683627e-6
Sn,Po,4,109311,0.00003659284061073451
Sn,Pr,19,109311,0.00017381599290098893
Sn,Pt,254,109311,0.0023236453787816415
Sn,Pu,5,109311,0.000045741050763418135
Sn,Ra,8,109311,0.00007318568122146902
Sn,Rb,50,109311,0.0004574105076341814
Sn,Re,65,109311,0.0005946336599244357
Sn,Rf,4,109311,0.00003659284061073451
Sn,Rg,0,109311,0.0
Sn,Rh,40,109311,0.0003659284061073451
Sn,Rn,1,109311,9.148210152683627e-6
Sn,Ru,155,109311,0.0014179725736659622
Sn,S,23446,109311,0.21448893523982032
Sn,Sb,527,109311,0.004821106750464272
Sn,Sc,16,109311,0.00014637136244293803
Sn,Se,790,109311,0.007227086020620065
Sn,Sg,0,109311,0.0
Sn,Si,8178,109311,0.0748140626286467
Sn,Sm,37,109311,0.00033848377564929424
Sn,Sn,109311,109311,1.0
Sn,Sr,95,109311,0.0008690799645049446
Sn,Ta,111,109311,0.0010154513269478827
Sn,Tb,16,109311,0.00014637136244293803
Sn,Tc,45,109311,0.00041166945687076326
Sn,Te,203,109311,0.0018570866609947765
Sn,Th,16,109311,0.00014637136244293803
Sn,Ti,638,109311,0.005836558077412154
Sn,Tl,46,109311,0.00042081766702344687
Sn,Tm,11,109311,0.0001006303116795199
Sn,Ts,0,109311,0.0
Sn,U,53,109311,0.0004848551380922323
Sn,V,206,109311,0.0018845312914528272
Sn,W,261,109311,0.002387682849850427
Sn,Xe,0,109311,0.0
Sn,Y,146,109311,0.0013356386822918095
Sn,Yb,27,109311,0.00024700167412245794
Sn,Zn,1170,109311,0.010703405878639844
Sn,Zr,451,109311,0.004125842778860316
Sr,Ac,1,8295,0.00012055455093429777
Sr,Ag,45,8295,0.0054249547920434
Sr,Al,486,8295,0.058589511754068714
Sr,Am,1,8295,0.00012055455093429777
Sr,Ar,1,8295,0.00012055455093429777
Sr,As,41,8295,0.004942736588306209
Sr,At,0,8295,0.0
Sr,Au,17,8295,0.002049427365883062
Sr,B,346,8295,0.04171187462326703
Sr,Ba,702,8295,0.08462929475587704
Sr,Be,36,8295,0.00433996383363472
Sr,Bh,0,8295,0.0
Sr,Bi,272,8295,0.03279083785412899
Sr,Bk,0,8295,0.0
Sr,Br,100,8295,0.012055455093429777
Sr,C,3622,8295,0.4366485834840265
Sr,Ca,883,8295,0.10644966847498494
Sr,Cd,34,8295,0.004098854731766124
Sr,Ce,118,8295,0.014225437010247137
Sr,Cf,0,8295,0.0
Sr,Cl,513,8295,0.06184448462929475
Sr,Cm,0,8295,0.0
Sr,Cn,0,8295,0.0
Sr,Co,233,8295,0.02808921036769138
Sr,Cr,129,8295,0.015551537070524412
Sr,Cs,52,8295,0.006268836648583484
Sr,Cu,251,8295,0.03025919228450874
Sr,Db,0,8295,0.0
Sr,Ds,0,8295,0.0
Sr,Dy,22,8295,0.002652200120554551
Sr,Er,6,8295,0.0007233273056057866
Sr,Es,0,8295,0.0
Sr,Eu,128,8295,0.015430982519590115
Sr,F,485,8295,0.05846895720313442
Sr,Fe,295,8295,0.03556359252561784
Sr,Fl,0,8295,0.0
Sr,Fm,0,8295,0.0
Sr,Fr,0,8295,0.0
Sr,Ga,109,8295,0.013140446051838457
Sr,Gd,61,8295,0.007353827606992164
Sr,Ge,54,8295,0.0065099457504520794
Sr,H,6059,8295,0.7304400241109101
Sr,He,1,8295,0.00012055455093429777
Sr,Hf,28,8295,0.0033755274261603376
Sr,Hg,26,8295,0.003134418324291742
Sr,Ho,10,8295,0.0012055455093429777
Sr,Hs,0,8295,0.0
Sr,I,107,8295,0.01289933694996986
Sr,In,39,8295,0.004701627486437613
Sr,Ir,20,8295,0.0024110910186859553
Sr,K,203,8295,0.024472573839662448
Sr,Kr,0,8295,0.0
Sr,La,474,8295,0.05714285714285714
Sr,Li,224,8295,0.0270042194092827
Sr,Lr,1,8295,0.00012055455093429777
Sr,Lu,11,8295,0.0013261000602772756
Sr,Lv,0,8295,0.0
Sr,Mc,0,8295,0.0
Sr,Md,0,8295,0.0
Sr,Mg,437,8295,0.05268233875828812
Sr,Mn,328,8295,0.03954189270644967
Sr,Mo,74,8295,0.008921036769138035
Sr,Mt,0,8295,0.0
Sr,N,1495,8295,0.18022905364677516
Sr,Na,265,8295,0.031946955997588906
Sr,Nb,147,8295,0.017721518987341773
Sr,Nd,50,8295,0.006027727546714889
Sr,Ne,1,8295,0.00012055455093429777
Sr,Nh,0,8295,0.0
Sr,Ni,108,8295,0.013019891500904159
Sr,No,0,8295,0.0
Sr,Np,0,8295,0.0
Sr,O,5942,8295,0.7163351416515974
Sr,Og,0,8295,0.0
Sr,Os,5,8295,0.0006027727546714888
Sr,P,724,8295,0.08728149487643158
Sr,Pa,0,8295,0.0
Sr,Pb,171,8295,0.02061482820976492
Sr,Pd,19,8295,0.0022905364677516574
Sr,Pm,0,8295,0.0
Sr,Po,4,8295,0.0004822182037371911
Sr,Pr,53,8295,0.006389391199517782
Sr,Pt,22,8295,0.002652200120554551
Sr,Pu,2,8295,0.00024110910186859555
Sr,Ra,1,8295,0.00012055455093429777
Sr,Rb,36,8295,0.00433996383363472
Sr,Re,7,8295,0.0008438818565400844
Sr,Rf,0,8295,0.0
Sr,Rg,0,8295,0.0
Sr,Rh,16,8295,0.0019288728149487644
Sr,Rn,0,8295,0.0
Sr,Ru,31,8295,0.003737191078963231
Sr,S,906,8295,0.10922242314647378
Sr,Sb,34,8295,0.004098854731766124
Sr,Sc,46,8295,0.005545509342977697
Sr,Se,73,8295,0.008800482218203736
Sr,Sg,0,8295,0.0
Sr,Si,582,8295,0.0701627486437613
Sr,Sm,37,8295,0.004460518384569017
Sr,Sn,95,8295,0.011452682338758288
Sr,Sr,8295,8295,1.0
Sr,Ta,175,8295,0.02109704641350211
Sr,Tb,11,8295,0.0013261000602772756
Sr,Tc,8,8295,0.0009644364074743822
Sr,Te,27,8295,0.0032549728752260397
Sr,Th,2,8295,0.00024110910186859555
Sr,Ti,429,8295,0.05171790235081374
Sr,Tl,30,8295,0.003616636528028933
Sr,Tm,7,8295,0.0008438818565400844
Sr,Ts,0,8295,0.0
Sr,U,8,8295,0.0009644364074743822
Sr,V,62,8295,0.007474382157926462
Sr,W,65,8295,0.007836045810729355
Sr,Xe,1,8295,0.00012055455093429777
Sr,Y,135,8295,0.0162748643761302
Sr,Yb,23,8295,0.0027727546714888486
Sr,Zn,314,8295,0.0378541289933695
Sr,Zr,178,8295,0.021458710066305002
Ta,Ac,5,5739,0.0008712319219376198
Ta,Ag,44,5739,0.007666840913051054
Ta,Al,249,5739,0.043387349712493466
Ta,Am,0,5739,0.0
Ta,Ar,2,5739,0.0003484927687750479
Ta,As,17,5739,0.0029621885345879075
Ta,At,0,5739,0.0
Ta,Au,40,5739,0.006969855375500958
Ta,B,147,5739,0.02561421850496602
Ta,Ba,96,5739,0.0167276529012023
Ta,Be,22,5739,0.003833420456525527
Ta,Bh,0,5739,0.0
Ta,Bi,134,5739,0.02334901550792821
Ta,Bk,0,5739,0.0
Ta,Br,86,5739,0.014985189057327061
Ta,C,2907,5739,0.5065342394145321
Ta,Ca,67,5739,0.011674507753964105
Ta,Cd,17,5739,0.0029621885345879075
Ta,Ce,50,5739,0.008712319219376197
Ta,Cf,1,5739,0.00017424638438752395
Ta,Cl,647,5739,0.112737410698728
Ta,Cm,0,5739,0.0
Ta,Cn,0,5739,0.0
Ta,Co,185,5739,0.03223558111169193
Ta,Cr,159,5739,0.02770517511761631
Ta,Cs,21,5739,0.0036591740721380033
Ta,Cu,104,5739,0.01812162397630249
Ta,Db,0,5739,0.0
Ta,Ds,0,5739,0.0
Ta,Dy,7,5739,0.0012197246907126678
Ta,Er,6,5739,0.0010454783063251437
Ta,Es,0,5739,0.0
Ta,Eu,3,5739,0.0005227391531625719
Ta,F,382,5739,0.06656211883603415
Ta,Fe,142,5739,0.0247429865830284
Ta,Fl,0,5739,0.0
Ta,Fm,3,5739,0.0005227391531625719
Ta,Fr,0,5739,0.0
Ta,Ga,52,5739,0.009060811988151245
Ta,Gd,15,5739,0.0026136957658128594
Ta,Ge,41,5739,0.007144101759888482
Ta,H,3981,5739,0.6936748562467329
Ta,He,1,5739,0.00017424638438752395
Ta,Hf,135,5739,0.023523261892315735
Ta,Hg,10,5739,0.0017424638438752395
Ta,Ho,8,5739,0.0013939710751001916
Ta,Hs,0,5739,0.0
Ta,I,47,5739,0.008189580066213627
Ta,In,70,5739,0.012197246907126678
Ta,Ir,145,5739,0.025265725736190976
Ta,K,115,5739,0.020038334204565255
Ta,Kr,0,5739,0.0
Ta,La,115,5739,0.020038334204565255
Ta,Li,183,5739,0.03188708834291688
Ta,Lr,0,5739,0.0
Ta,Lu,14,5739,0.0024394493814253355
Ta,Lv,0,5739,0.0
Ta,Mc,0,5739,0.0
Ta,Md,0,5739,0.0
Ta,Mg,88,5739,0.015333681826102109
Ta,Mn,71,5739,0.0123714932915142
Ta,Mo,168,5739,0.029273392577104027
Ta,Mt,0,5739,0.0
Ta,N,1580,5739,0.2753092873322879
Ta,Na,99,5739,0.017250392054364874
Ta,Nb,500,5739,0.08712319219376198
Ta,Nd,15,5739,0.0026136957658128594
Ta,Ne,0,5739,0.0
Ta,Nh,0,5739,0.0
Ta,Ni,170,5739,0.029621885345879072
Ta,No,1,5739,0.00017424638438752395
Ta,Np,0,5739,0.0
Ta,O,2817,5739,0.490852064819655
Ta,Og,0,5739,0.0
Ta,Os,16,5739,0.0027879421502003832
Ta,P,203,5739,0.035372016030667364
Ta,Pa,6,5739,0.0010454783063251437
Ta,Pb,82,5739,0.014288203519776964
Ta,Pd,50,5739,0.008712319219376197
Ta,Pm,0,5739,0.0
Ta,Po,3,5739,0.0005227391531625719
Ta,Pr,6,5739,0.0010454783063251437
Ta,Pt,94,5739,0.016379160132427253
Ta,Pu,0,5739,0.0
Ta,Ra,0,5739,0.0
Ta,Rb,36,5739,0.006272869837950863
Ta,Re,63,5739,0.01097752221641401
Ta,Rf,6,5739,0.0010454783063251437
Ta,Rg,0,5739,0.0
Ta,Rh,28,5739,0.004878898762850671
Ta,Rn,0,5739,0.0
Ta,Ru,95,5739,0.016553406516814775
Ta,S,275,5739,0.04791775570656909
Ta,Sb,66,5739,0.01150026136957658
Ta,Sc,42,5739,0.007318348144276007
Ta,Se,37,5739,0.0064471162223383865
Ta,Sg,0,5739,0.0
Ta,Si,421,5739,0.07335772782714758
Ta,Sm,9,5739,0.0015682174594877157
Ta,Sn,111,5739,0.01934134866701516
Ta,Sr,175,5739,0.030493117267816693
Ta,Ta,5739,5739,1.0
Ta,Tb,50,5739,0.008712319219376197
Ta,Tc,22,5739,0.003833420456525527
Ta,Te,39,5739,0.006795608991113434
Ta,Th,13,5739,0.0022652029970378113
Ta,Ti,390,5739,0.06795608991113435
Ta,Tl,14,5739,0.0024394493814253355
Ta,Tm,4,5739,0.0006969855375500958
Ta,Ts,0,5739,0.0
Ta,U,19,5739,0.003310681303362955
Ta,V,87,5739,0.015159435441714584
Ta,W,265,5739,0.04617529186269385
Ta,Xe,0,5739,0.0
Ta,Y,60,5739,0.010454783063251438
Ta,Yb,14,5739,0.0024394493814253355
Ta,Zn,77,5739,0.013416971597839345
Ta,Zr,232,5739,0.04042516117790556
Tb,Ac,0,3117,0.0
Tb,Ag,5,3117,0.0016041065126724415
Tb,Al,76,3117,0.02438241899262111
Tb,Am,1,3117,0.0003208213025344883
Tb,Ar,0,3117,0.0
Tb,As,4,3117,0.0012832852101379532
Tb,At,0,3117,0.0
Tb,Au,5,3117,0.0016041065126724415
Tb,B,119,3117,0.0381777350016041
Tb,Ba,22,3117,0.007058068655758742
Tb,Be,5,3117,0.0016041065126724415
Tb,Bh,0,3117,0.0
Tb,Bi,18,3117,0.005774783445620789
Tb,Bk,0,3117,0.0
Tb,Br,48,3117,0.015399422521655439
Tb,C,1983,3117,0.6361886429258903
Tb,Ca,16,3117,0.005133140840551813
Tb,Cd,15,3117,0.004812319538017324
Tb,Ce,109,3117,0.03496952197625922
Tb,Cf,0,3117,0.0
Tb,Cl,178,3117,0.05710619185113892
Tb,Cm,1,3117,0.0003208213025344883
Tb,Cn,0,3117,0.0
Tb,Co,81,3117,0.02598652550529355
Tb,Cr,39,3117,0.012512030798845043
Tb,Cs,6,3117,0.0019249278152069298
Tb,Cu,50,3117,0.016041065126724416
Tb,Db,0,3117,0.0
Tb,Ds,0,3117,0.0
Tb,Dy,113,3117,0.036252807186397173
Tb,Er,42,3117,0.013474494706448507
Tb,Es,0,3117,0.0
Tb,Eu,128,3117,0.0410651267244145
Tb,F,276,3117,0.08854667949951876
Tb,Fe,75,3117,0.02406159769008662
Tb,Fl,0,3117,0.0
Tb,Fm,0,3117,0.0
Tb,Fr,0,3117,0.0
Tb,Ga,38,3117,0.012191209496310555
Tb,Gd,113,3117,0.036252807186397173
Tb,Ge,13,3117,0.004170676932948348
Tb,H,2325,3117,0.7459095283926853
Tb,He,0,3117,0.0
Tb,Hf,15,3117,0.004812319538017324
Tb,Hg,8,3117,0.0025665704202759063
Tb,Ho,51,3117,0.016361886429258902
Tb,Hs,0,3117,0.0
Tb,I,47,3117,0.01507860121912095
Tb,In,24,3117,0.007699711260827719
Tb,Ir,27,3117,0.008662175168431183
Tb,K,35,3117,0.01122874558870709
Tb,Kr,0,3117,0.0
Tb,La,76,3117,0.02438241899262111
Tb,Li,26,3117,0.008341353865896696
Tb,Lr,0,3117,0.0
Tb,Lu,23,3117,0.007378889958293231
Tb,Lv,0,3117,0.0
Tb,Mc,0,3117,0.0
Tb,Md,0,3117,0.0
Tb,Mg,40,3117,0.012832852101379532
Tb,Mn,36,3117,0.011549566891241578
Tb,Mo,13,3117,0.004170676932948348
Tb,Mt,0,3117,0.0
Tb,N,1314,3117,0.4215591915303176
Tb,Na,30,3117,0.009624639076034648
Tb,Nb,9,3117,0.0028873917228103944
Tb,Nd,43,3117,0.013795316008982997
Tb,Ne,0,3117,0.0
Tb,Nh,0,3117,0.0
Tb,Ni,49,3117,0.015720243824189926
Tb,No,1,3117,0.0003208213025344883
Tb,Np,3,3117,0.0009624639076034649
Tb,O,2224,3117,0.7135065768367019
Tb,Og,0,3117,0.0
Tb,Os,3,3117,0.0009624639076034649
Tb,P,188,3117,0.0603144048764838
Tb,Pa,0,3117,0.0
Tb,Pb,5,3117,0.0016041065126724415
Tb,Pd,6,3117,0.0019249278152069298
Tb,Pm,14,3117,0.004491498235482836
Tb,Po,4,3117,0.0012832852101379532
Tb,Pr,33,3117,0.010587102983638113
Tb,Pt,27,3117,0.008662175168431183
Tb,Pu,3,3117,0.0009624639076034649
Tb,Ra,0,3117,0.0
Tb,Rb,11,3117,0.003529034327879371
Tb,Re,22,3117,0.007058068655758742
Tb,Rf,3,3117,0.0009624639076034649
Tb,Rg,0,3117,0.0
Tb,Rh,10,3117,0.003208213025344883
Tb,Rn,0,3117,0.0
Tb,Ru,9,3117,0.0028873917228103944
Tb,S,407,3117,0.13057427013153675
Tb,Sb,8,3117,0.0025665704202759063
Tb,Sc,35,3117,0.01122874558870709
Tb,Se,5,3117,0.0016041065126724415
Tb,Sg,0,3117,0.0
Tb,Si,60,3117,0.019249278152069296
Tb,Sm,45,3117,0.014436958614051972
Tb,Sn,16,3117,0.005133140840551813
Tb,Sr,11,3117,0.003529034327879371
Tb,Ta,50,3117,0.016041065126724416
Tb,Tb,3117,3117,1.0
Tb,Tc,3,3117,0.0009624639076034649
Tb,Te,10,3117,0.003208213025344883
Tb,Th,10,3117,0.003208213025344883
Tb,Ti,28,3117,0.008982996470965673
Tb,Tl,4,3117,0.0012832852101379532
Tb,Tm,26,3117,0.008341353865896696
Tb,Ts,0,3117,0.0
Tb,U,9,3117,0.0028873917228103944
Tb,V,22,3117,0.007058068655758742
Tb,W,15,3117,0.004812319538017324
Tb,Xe,0,3117,0.0
Tb,Y,106,3117,0.03400705806865576
Tb,Yb,35,3117,0.01122874558870709
Tb,Zn,43,3117,0.013795316008982997
Tb,Zr,26,3117,0.008341353865896696
Tc,Ac,3,3663,0.000819000819000819
Tc,Ag,9,3663,0.002457002457002457
Tc,Al,6,3663,0.001638001638001638
Tc,Am,0,3663,0.0
Tc,Ar,1,3663,0.000273000273000273
Tc,As,24,3663,0.006552006552006552
Tc,At,0,3663,0.0
Tc,Au,6,3663,0.001638001638001638
Tc,B,42,3663,0.011466011466011465
Tc,Ba,9,3663,0.002457002457002457
Tc,Be,5,3663,0.001365001365001365
Tc,Bh,0,3663,0.0
Tc,Bi,6,3663,0.001638001638001638
Tc,Bk,0,3663,0.0
Tc,Br,53,3663,0.014469014469014468
Tc,C,3302,3663,0.9014469014469014
Tc,Ca,9,3663,0.002457002457002457
Tc,Cd,5,3663,0.001365001365001365
Tc,Ce,0,3663,0.0
Tc,Cf,0,3663,0.0
Tc,Cl,418,3663,0.11411411411411411
Tc,Cm,0,3663,0.0
Tc,Cn,0,3663,0.0
Tc,Co,9,3663,0.002457002457002457
Tc,Cr,9,3663,0.002457002457002457
Tc,Cs,7,3663,0.001911001911001911
Tc,Cu,20,3663,0.00546000546000546
Tc,Db,0,3663,0.0
Tc,Ds,0,3663,0.0
Tc,Dy,2,3663,0.000546000546000546
Tc,Er,0,3663,0.0
Tc,Es,0,3663,0.0
Tc,Eu,0,3663,0.0
Tc,F,174,3663,0.0475020475020475
Tc,Fe,19,3663,0.005187005187005187
Tc,Fl,0,3663,0.0
Tc,Fm,0,3663,0.0
Tc,Fr,0,3663,0.0
Tc,Ga,8,3663,0.002184002184002184
Tc,Gd,5,3663,0.001365001365001365
Tc,Ge,16,3663,0.004368004368004368
Tc,H,3396,3663,0.9271089271089271
Tc,He,0,3663,0.0
Tc,Hf,5,3663,0.001365001365001365
Tc,Hg,5,3663,0.001365001365001365
Tc,Ho,0,3663,0.0
Tc,Hs,0,3663,0.0
Tc,I,43,3663,0.01173901173901174
Tc,In,7,3663,0.001911001911001911
Tc,Ir,7,3663,0.001911001911001911
Tc,K,10,3663,0.00273000273000273
Tc,Kr,0,3663,0.0
Tc,La,4,3663,0.001092001092001092
Tc,Li,13,3663,0.003549003549003549
Tc,Lr,0,3663,0.0
Tc,Lu,2,3663,0.000546000546000546
Tc,Lv,0,3663,0.0
Tc,Mc,0,3663,0.0
Tc,Md,0,3663,0.0
Tc,Mg,7,3663,0.001911001911001911
Tc,Mn,14,3663,0.003822003822003822
Tc,Mo,21,3663,0.005733005733005733
Tc,Mt,0,3663,0.0
Tc,N,2843,3663,0.7761397761397761
Tc,Na,166,3663,0.04531804531804532
Tc,Nb,13,3663,0.003549003549003549
Tc,Nd,0,3663,0.0
Tc,Ne,0,3663,0.0
Tc,Nh,0,3663,0.0
Tc,Ni,10,3663,0.00273000273000273
Tc,No,2,3663,0.000546000546000546
Tc,Np,1,3663,0.000273000273000273
Tc,O,3230,3663,0.8817908817908818
Tc,Og,0,3663,0.0
Tc,Os,5,3663,0.001365001365001365
Tc,P,508,3663,0.13868413868413867
Tc,Pa,0,3663,0.0
Tc,Pb,7,3663,0.001911001911001911
Tc,Pd,9,3663,0.002457002457002457
Tc,Pm,0,3663,0.0
Tc,Po,5,3663,0.001365001365001365
Tc,Pr,0,3663,0.0
Tc,Pt,5,3663,0.001365001365001365
Tc,Pu,2,3663,0.000546000546000546
Tc,Ra,0,3663,0.0
Tc,Rb,9,3663,0.002457002457002457
Tc,Re,30,3663,0.00819000819000819
Tc,Rf,0,3663,0.0
Tc,Rg,0,3663,0.0
Tc,Rh,10,3663,0.00273000273000273
Tc,Rn,0,3663,0.0
Tc,Ru,12,3663,0.003276003276003276
Tc,S,1675,3663,0.45727545727545726
Tc,Sb,11,3663,0.003003003003003003
Tc,Sc,7,3663,0.001911001911001911
Tc,Se,10,3663,0.00273000273000273
Tc,Sg,0,3663,0.0
Tc,Si,12,3663,0.003276003276003276
Tc,Sm,0,3663,0.0
Tc,Sn,45,3663,0.012285012285012284
Tc,Sr,8,3663,0.002184002184002184
Tc,Ta,22,3663,0.006006006006006006
Tc,Tb,3,3663,0.000819000819000819
Tc,Tc,3663,3663,1.0
Tc,Te,4,3663,0.001092001092001092
Tc,Th,2,3663,0.000546000546000546
Tc,Ti,9,3663,0.002457002457002457
Tc,Tl,5,3663,0.001365001365001365
Tc,Tm,2,3663,0.000546000546000546
Tc,Ts,0,3663,0.0
Tc,U,6,3663,0.001638001638001638
Tc,V,8,3663,0.002184002184002184
Tc,W,9,3663,0.002457002457002457
Tc,Xe,0,3663,0.0
Tc,Y,18,3663,0.004914004914004914
Tc,Yb,0,3663,0.0
Tc,Zn,6,3663,0.001638001638001638
Tc,Zr,11,3663,0.003003003003003003
Te,Ac,6,20569,0.00029170110360250863
Te,Ag,129,20569,0.0062715737274539355
Te,Al,100,20569,0.00486168506004181
Te,Am,0,20569,0.0
Te,Ar,0,20569,0.0
Te,As,128,20569,0.006222956876853518
Te,At,0,20569,0.0
Te,Au,91,20569,0.004424133404638047
Te,B,581,20569,0.028246390198842918
Te,Ba,38,20569,0.001847440322815888
Te,Be,24,20569,0.0011668044144100345
Te,Bh,0,20569,0.0
Te,Bi,311,20569,0.015119840536730031
Te,Bk,0,20569,0.0
Te,Br,1108,20569,0.05386747046526326
Te,C,17785,20569,0.864650687928436
Te,Ca,32,20569,0.0015557392192133794
Te,Cd,195,20569,0.00948028586708153
Te,Ce,8,20569,0.00038893480480334486
Te,Cf,0,20569,0.0
Te,Cl,1994,20569,0.09694200009723371
Te,Cm,0,20569,0.0
Te,Cn,0,20569,0.0
Te,Co,47,20569,0.002284991978219651
Te,Cr,58,20569,0.0028197773348242502
Te,Cs,29,20569,0.0014098886674121251
Te,Cu,166,20569,0.008070397199669406
Te,Db,0,20569,0.0
Te,Ds,1,20569,0.00004861685060041811
Te,Dy,4,20569,0.00019446740240167243
Te,Er,15,20569,0.0007292527590062716
Te,Es,1,20569,0.00004861685060041811
Te,Eu,7,20569,0.0003403179542029267
Te,F,1634,20569,0.07943993388108318
Te,Fe,113,20569,0.005493704117847246
Te,Fl,0,20569,0.0
Te,Fm,0,20569,0.0
Te,Fr,0,20569,0.0
Te,Ga,81,20569,0.0039379648986338665
Te,Gd,6,20569,0.00029170110360250863
Te,Ge,463,20569,0.022509601827993584
Te,H,19319,20569,0.9392289367494774
Te,He,0,20569,0.0
Te,Hf,20,20569,0.0009723370120083621
Te,Hg,121,20569,0.00588263892265059
Te,Ho,3,20569,0.00014585055180125431
Te,Hs,0,20569,0.0
Te,I,819,20569,0.03981720064174243
Te,In,128,20569,0.006222956876853518
Te,Ir,149,20569,0.007243910739462298
Te,K,85,20569,0.004132432301035539
Te,Kr,0,20569,0.0
Te,La,26,20569,0.0012640381156108708
Te,Li,191,20569,0.009285818464679858
Te,Lr,0,20569,0.0
Te,Lu,3,20569,0.00014585055180125431
Te,Lv,0,20569,0.0
Te,Mc,0,20569,0.0
Te,Md,0,20569,0.0
Te,Mg,62,20569,0.0030142447372259224
Te,Mn,81,20569,0.0039379648986338665
Te,Mo,112,20569,0.0054450872672468275
Te,Mt,0,20569,0.0
Te,N,6609,20569,0.32130876561816324
Te,Na,198,20569,0.009626136418882785
Te,Nb,54,20569,0.0026253099324225777
Te,Nd,5,20569,0.00024308425300209052
Te,Ne,0,20569,0.0
Te,Nh,0,20569,0.0
Te,Ni,60,20569,0.0029170110360250863
Te,No,0,20569,0.0
Te,Np,0,20569,0.0
Te,O,11074,20569,0.5383830035490301
Te,Og,0,20569,0.0
Te,Os,13,20569,0.0006320190578054354
Te,P,694,20569,0.033740094316690165
Te,Pa,0,20569,0.0
Te,Pb,175,20569,0.008507948855073168
Te,Pd,48,20569,0.002333608828820069
Te,Pm,0,20569,0.0
Te,Po,7,20569,0.0003403179542029267
Te,Pr,3,20569,0.00014585055180125431
Te,Pt,187,20569,0.009091351062278185
Te,Pu,0,20569,0.0
Te,Ra,2,20569,0.00009723370120083621
Te,Rb,18,20569,0.0008751033108075259
Te,Re,25,20569,0.0012154212650104526
Te,Rf,0,20569,0.0
Te,Rg,0,20569,0.0
Te,Rh,23,20569,0.0011181875638096165
Te,Rn,0,20569,0.0
Te,Ru,24,20569,0.0011668044144100345
Te,S,2983,20569,0.1450240653410472
Te,Sb,350,20569,0.017015897710146336
Te,Sc,12,20569,0.0005834022072050173
Te,Se,1229,20569,0.05975010938791385
Te,Sg,0,20569,0.0
Te,Si,967,20569,0.047012494530604305
Te,Sm,3,20569,0.00014585055180125431
Te,Sn,203,20569,0.009869220671884876
Te,Sr,27,20569,0.0013126549662112888
Te,Ta,39,20569,0.001896057173416306
Te,Tb,10,20569,0.00048616850600418103
Te,Tc,4,20569,0.00019446740240167243
Te,Te,20569,20569,1.0
Te,Th,6,20569,0.00029170110360250863
Te,Ti,71,20569,0.0034517963926296853
Te,Tl,29,20569,0.0014098886674121251
Te,Tm,9,20569,0.00043755165540376294
Te,Ts,0,20569,0.0
Te,U,14,20569,0.0006806359084058534
Te,V,74,20569,0.0035976469444309396
Te,W,125,20569,0.006077106325052263
Te,Xe,6,20569,0.00029170110360250863
Te,Y,20,20569,0.0009723370120083621
Te,Yb,7,20569,0.0003403179542029267
Te,Zn,178,20569,0.008653799406874423
Te,Zr,39,20569,0.001896057173416306
Th,Ac,2,1733,0.001154068090017311
Th,Ag,4,1733,0.002308136180034622
Th,Al,27,1733,0.015579919215233698
Th,Am,1,1733,0.0005770340450086555
Th,Ar,1,1733,0.0005770340450086555
Th,As,11,1733,0.006347374495095211
Th,At,0,1733,0.0
Th,Au,9,1733,0.0051933064050779
Th,B,50,1733,0.028851702250432775
Th,Ba,19,1733,0.010963646855164455
Th,Be,5,1733,0.0028851702250432777
Th,Bh,0,1733,0.0
Th,Bi,14,1733,0.008078476630121177
Th,Bk,0,1733,0.0
Th,Br,34,1733,0.019619157530294286
Th,C,932,1733,0.5377957299480669
Th,Ca,8,1733,0.004616272360069244
Th,Cd,12,1733,0.006924408540103866
Th,Ce,31,1733,0.01788805539526832
Th,Cf,0,1733,0.0
Th,Cl,149,1733,0.08597807270628967
Th,Cm,0,1733,0.0
Th,Cn,0,1733,0.0
Th,Co,32,1733,0.018465089440276975
Th,Cr,18,1733,0.0103866128101558
Th,Cs,9,1733,0.0051933064050779
Th,Cu,25,1733,0.014425851125216388
Th,Db,0,1733,0.0
Th,Ds,0,1733,0.0
Th,Dy,8,1733,0.004616272360069244
Th,Er,8,1733,0.004616272360069244
Th,Es,0,1733,0.0
Th,Eu,4,1733,0.002308136180034622
Th,F,120,1733,0.06924408540103866
Th,Fe,38,1733,0.02192729371032891
Th,Fl,0,1733,0.0
Th,Fm,0,1733,0.0
Th,Fr,1,1733,0.0005770340450086555
Th,Ga,12,1733,0.006924408540103866
Th,Gd,5,1733,0.0028851702250432777
Th,Ge,7,1733,0.004039238315060588
Th,H,1192,1733,0.6878245816503173
Th,He,3,1733,0.0017311021350259665
Th,Hf,14,1733,0.008078476630121177
Th,Hg,3,1733,0.0017311021350259665
Th,Ho,9,1733,0.0051933064050779
Th,Hs,0,1733,0.0
Th,I,45,1733,0.025966532025389497
Th,In,17,1733,0.009809578765147143
Th,Ir,16,1733,0.009232544720138488
Th,K,32,1733,0.018465089440276975
Th,Kr,0,1733,0.0
Th,La,12,1733,0.006924408540103866
Th,Li,16,1733,0.009232544720138488
Th,Lr,0,1733,0.0
Th,Lu,3,1733,0.0017311021350259665
Th,Lv,0,1733,0.0
Th,Mc,0,1733,0.0
Th,Md,0,1733,0.0
Th,Mg,18,1733,0.0103866128101558
Th,Mn,13,1733,0.0075014425851125215
Th,Mo,17,1733,0.009809578765147143
Th,Mt,0,1733,0.0
Th,N,407,1733,0.2348528563185228
Th,Na,53,1733,0.030582804385458743
Th,Nb,15,1733,0.008655510675129832
Th,Nd,9,1733,0.0051933064050779
Th,Ne,0,1733,0.0
Th,Nh,0,1733,0.0
Th,Ni,18,1733,0.0103866128101558
Th,No,0,1733,0.0
Th,Np,1,1733,0.0005770340450086555
Th,O,1017,1733,0.5868436237738026
Th,Og,0,1733,0.0
Th,Os,4,1733,0.002308136180034622
Th,P,137,1733,0.07905366416618581
Th,Pa,1,1733,0.0005770340450086555
Th,Pb,16,1733,0.009232544720138488
Th,Pd,5,1733,0.0028851702250432777
Th,Pm,0,1733,0.0
Th,Po,0,1733,0.0
Th,Pr,0,1733,0.0
Th,Pt,10,1733,0.005770340450086555
Th,Pu,13,1733,0.0075014425851125215
Th,Ra,1,1733,0.0005770340450086555
Th,Rb,5,1733,0.0028851702250432777
Th,Re,9,1733,0.0051933064050779
Th,Rf,0,1733,0.0
Th,Rg,0,1733,0.0
Th,Rh,9,1733,0.0051933064050779
Th,Rn,3,1733,0.0017311021350259665
Th,Ru,7,1733,0.004039238315060588
Th,S,172,1733,0.09924985574148874
Th,Sb,6,1733,0.003462204270051933
Th,Sc,20,1733,0.01154068090017311
Th,Se,15,1733,0.008655510675129832
Th,Sg,0,1733,0.0
Th,Si,126,1733,0.0727062896710906
Th,Sm,2,1733,0.001154068090017311
Th,Sn,16,1733,0.009232544720138488
Th,Sr,2,1733,0.001154068090017311
Th,Ta,13,1733,0.0075014425851125215
Th,Tb,10,1733,0.005770340450086555
Th,Tc,2,1733,0.001154068090017311
Th,Te,6,1733,0.003462204270051933
Th,Th,1733,1733,1.0
Th,Ti,26,1733,0.015002885170225043
Th,Tl,6,1733,0.003462204270051933
Th,Tm,4,1733,0.002308136180034622
Th,Ts,0,1733,0.0
Th,U,74,1733,0.04270051933064051
Th,V,18,1733,0.0103866128101558
Th,W,36,1733,0.0207732256203116
Th,Xe,0,1733,0.0
Th,Y,14,1733,0.008078476630121177
Th,Yb,6,1733,0.003462204270051933
Th,Zn,18,1733,0.0103866128101558
Th,Zr,49,1733,0.02827466820542412
Ti,Ac,3,77983,0.00003846992293192106
Ti,Ag,255,77983,0.0032699434492132902
Ti,Al,2039,77983,0.026146724286062347
Ti,Am,0,77983,0.0
Ti,Ar,6,77983,0.00007693984586384212
Ti,As,76,77983,0.0009745713809420002
Ti,At,3,77983,0.00003846992293192106
Ti,Au,218,77983,0.0027954810663862635
Ti,B,1099,77983,0.014092815100727081
Ti,Ba,697,77983,0.00893784542784966
Ti,Be,46,77983,0.0005898721516227896
Ti,Bh,0,77983,0.0
Ti,Bi,388,77983,0.00497544336586179
Ti,Bk,2,77983,0.000025646615287947374
Ti,Br,1814,77983,0.023261480066168266
Ti,C,66990,77983,0.8590333790697973
Ti,Ca,658,77983,0.008437736429734687
Ti,Cd,63,77983,0.0008078683815703423
Ti,Ce,290,77983,0.003718759216752369
Ti,Cf,0,77983,0.0
Ti,Cl,30461,77983,0.3906107741430825
Ti,Cm,0,77983,0.0
Ti,Cn,0,77983,0.0
Ti,Co,575,77983,0.00737340189528487
Ti,Cr,709,77983,0.009091725119577343
Ti,Cs,61,77983,0.0007822217662823949
Ti,Cu,749,77983,0.009604657425336291
Ti,Db,0,77983,0.0
Ti,Ds,0,77983,0.0
Ti,Dy,33,77983,0.00042316915225113166
Ti,Er,39,77983,0.0005001089981149738
Ti,Es,0,77983,0.0
Ti,Eu,35,77983,0.00044881576753907904
Ti,F,5867,77983,0.07523434594719362
Ti,Fe,996,77983,0.012772014413397792
Ti,Fl,0,77983,0.0
Ti,Fm,4,77983,0.00005129323057589475
Ti,Fr,0,77983,0.0
Ti,Ga,114,77983,0.0014618570714130003
Ti,Gd,38,77983,0.0004872856904710001
Ti,Ge,267,77983,0.0034238231409409745
Ti,H,72229,77983,0.9262146878165755
Ti,He,6,77983,0.00007693984586384212
Ti,Hf,293,77983,0.00375722913968429
Ti,Hg,34,77983,0.00043599245989510535
Ti,Ho,18,77983,0.00023081953759152636
Ti,Hs,0,77983,0.0
Ti,I,691,77983,0.008860905581985818
Ti,In,186,77983,0.0023851352217791055
Ti,Ir,133,77983,0.0017054999166485002
Ti,K,650,77983,0.008335149968582896
Ti,Kr,1,77983,0.000012823307643973687
Ti,La,341,77983,0.004372747906595027
Ti,Li,979,77983,0.01255401818345024
Ti,Lr,0,77983,0.0
Ti,Lu,22,77983,0.0002821127681674211
Ti,Lv,0,77983,0.0
Ti,Mc,0,77983,0.0
Ti,Md,0,77983,0.0
Ti,Mg,960,77983,0.01231037533821474
Ti,Mn,713,77983,0.009143018350153239
Ti,Mo,529,77983,0.00678352974366208
Ti,Mt,0,77983,0.0
Ti,N,24475,77983,0.313850454586256
Ti,Na,804,77983,0.010309939345754844
Ti,Nb,750,77983,0.009617480732980264
Ti,Nd,106,77983,0.0013592706102612108
Ti,Ne,3,77983,0.00003846992293192106
Ti,Nh,0,77983,0.0
Ti,Ni,963,77983,0.01234884526114666
Ti,No,2,77983,0.000025646615287947374
Ti,Np,2,77983,0.000025646615287947374
Ti,O,42748,77983,0.5481707551645871
Ti,Og,0,77983,0.0
Ti,Os,20,77983,0.00025646615287947374
Ti,P,5709,77983,0.07320826333944577
Ti,Pa,0,77983,0.0
Ti,Pb,527,77983,0.006757883128374133
Ti,Pd,158,77983,0.0020260826077478423
Ti,Pm,4,77983,0.00005129323057589475
Ti,Po,5,77983,0.00006411653821986843
Ti,Pr,54,77983,0.0006924586127745791
Ti,Pt,207,77983,0.0026544246823025533
Ti,Pu,8,77983,0.0001025864611517895
Ti,Ra,0,77983,0.0
Ti,Rb,86,77983,0.001102804457381737
Ti,Re,46,77983,0.0005898721516227896
Ti,Rf,0,77983,0.0
Ti,Rg,0,77983,0.0
Ti,Rh,46,77983,0.0005898721516227896
Ti,Rn,0,77983,0.0
Ti,Ru,224,77983,0.002872420912250106
Ti,S,4317,77983,0.055358219099034406
Ti,Sb,258,77983,0.003308413372145211
Ti,Sc,70,77983,0.0008976315350781581
Ti,Se,137,77983,0.001756793147224395
Ti,Sg,0,77983,0.0
Ti,Si,16593,77983,0.21277714373645537
Ti,Sm,53,77983,0.0006796353051306054
Ti,Sn,638,77983,0.008181270276855212
Ti,Sr,429,77983,0.0055011989792647115
Ti,Ta,390,77983,0.005001089981149738
Ti,Tb,28,77983,0.00035905261403126323
Ti,Tc,9,77983,0.00011540976879576318
Ti,Te,71,77983,0.0009104548427221318
Ti,Th,26,77983,0.00033340599874331586
Ti,Ti,77983,77983,1.0
Ti,Tl,24,77983,0.0003077593834553685
Ti,Tm,6,77983,0.00007693984586384212
Ti,Ts,0,77983,0.0
Ti,U,40,77983,0.0005129323057589475
Ti,V,685,77983,0.008783965736121975
Ti,W,511,77983,0.006552710206070554
Ti,Xe,1,77983,0.000012823307643973687
Ti,Y,163,77983,0.002090199145967711
Ti,Yb,17,77983,0.00021799622994755268
Ti,Zn,778,77983,0.009976533347011528
Ti,Zr,1485,77983,0.019042611851300923
Tl,Ac,0,6312,0.0
Tl,Ag,33,6312,0.005228136882129277
Tl,Al,32,6312,0.005069708491761723
Tl,Am,0,6312,0.0
Tl,Ar,1,6312,0.00015842839036755386
Tl,As,30,6312,0.004752851711026616
Tl,At,0,6312,0.0
Tl,Au,21,6312,0.003326996197718631
Tl,B,228,6312,0.03612167300380228
Tl,Ba,39,6312,0.006178707224334601
Tl,Be,16,6312,0.0025348542458808617
Tl,Bh,0,6312,0.0
Tl,Bi,34,6312,0.005386565272496832
Tl,Bk,0,6312,0.0
Tl,Br,333,6312,0.05275665399239544
Tl,C,5316,6312,0.8422053231939164
Tl,Ca,55,6312,0.008713561470215462
Tl,Cd,34,6312,0.005386565272496832
Tl,Ce,13,6312,0.0020595690747782004
Tl,Cf,0,6312,0.0
Tl,Cl,768,6312,0.12167300380228137
Tl,Cm,0,6312,0.0
Tl,Cn,0,6312,0.0
Tl,Co,17,6312,0.002693282636248416
Tl,Cr,29,6312,0.004594423320659062
Tl,Cs,21,6312,0.003326996197718631
Tl,Cu,64,6312,0.010139416983523447
Tl,Db,0,6312,0.0
Tl,Ds,0,6312,0.0
Tl,Dy,5,6312,0.0007921419518377693
Tl,Er,4,6312,0.0006337135614702154
Tl,Es,0,6312,0.0
Tl,Eu,3,6312,0.0004752851711026616
Tl,F,1239,6312,0.19629277566539924
Tl,Fe,29,6312,0.004594423320659062
Tl,Fl,0,6312,0.0
Tl,Fm,0,6312,0.0
Tl,Fr,0,6312,0.0
Tl,Ga,43,6312,0.006812420785804817
Tl,Gd,7,6312,0.001108998732572877
Tl,Ge,31,6312,0.00491128010139417
Tl,H,5638,6312,0.8932192648922687
Tl,He,0,6312,0.0
Tl,Hf,10,6312,0.0015842839036755386
Tl,Hg,52,6312,0.008238276299112801
Tl,Ho,3,6312,0.0004752851711026616
Tl,Hs,0,6312,0.0
Tl,I,350,6312,0.05544993662864385
Tl,In,62,6312,0.00982256020278834
Tl,Ir,11,6312,0.0017427122940430926
Tl,K,32,6312,0.005069708491761723
Tl,Kr,0,6312,0.0
Tl,La,23,6312,0.003643852978453739
Tl,Li,42,6312,0.006653992395437262
Tl,Lr,0,6312,0.0
Tl,Lu,1,6312,0.00015842839036755386
Tl,Lv,0,6312,0.0
Tl,Mc,0,6312,0.0
Tl,Md,0,6312,0.0
Tl,Mg,16,6312,0.0025348542458808617
Tl,Mn,14,6312,0.002217997465145754
Tl,Mo,17,6312,0.002693282636248416
Tl,Mt,0,6312,0.0
Tl,N,3259,6312,0.516318124207858
Tl,Na,45,6312,0.007129277566539924
Tl,Nb,19,6312,0.0030101394169835234
Tl,Nd,6,6312,0.0009505703422053232
Tl,Ne,0,6312,0.0
Tl,Nh,0,6312,0.0
Tl,Ni,25,6312,0.003960709759188847
Tl,No,0,6312,0.0
Tl,Np,0,6312,0.0
Tl,O,4520,6312,0.7160963244613435
Tl,Og,0,6312,0.0
Tl,Os,6,6312,0.0009505703422053232
Tl,P,831,6312,0.13165399239543726
Tl,Pa,2,6312,0.0003168567807351077
Tl,Pb,45,6312,0.007129277566539924
Tl,Pd,14,6312,0.002217997465145754
Tl,Pm,1,6312,0.00015842839036755386
Tl,Po,3,6312,0.0004752851711026616
Tl,Pr,2,6312,0.0003168567807351077
Tl,Pt,14,6312,0.002217997465145754
Tl,Pu,1,6312,0.00015842839036755386
Tl,Ra,0,6312,0.0
Tl,Rb,13,6312,0.0020595690747782004
Tl,Re,16,6312,0.0025348542458808617
Tl,Rf,0,6312,0.0
Tl,Rg,0,6312,0.0
Tl,Rh,10,6312,0.0015842839036755386
Tl,Rn,0,6312,0.0
Tl,Ru,15,6312,0.002376425855513308
Tl,S,1396,6312,0.2211660329531052
Tl,Sb,31,6312,0.00491128010139417
Tl,Sc,12,6312,0.0019011406844106464
Tl,Se,69,6312,0.010931558935361217
Tl,Sg,0,6312,0.0
Tl,Si,102,6312,0.016159695817490494
Tl,Sm,1,6312,0.00015842839036755386
Tl,Sn,46,6312,0.007287705956907478
Tl,Sr,30,6312,0.004752851711026616
Tl,Ta,14,6312,0.002217997465145754
Tl,Tb,4,6312,0.0006337135614702154
Tl,Tc,5,6312,0.0007921419518377693
Tl,Te,29,6312,0.004594423320659062
Tl,Th,6,6312,0.0009505703422053232
Tl,Ti,24,6312,0.0038022813688212928
Tl,Tl,6312,6312,1.0
Tl,Tm,3,6312,0.0004752851711026616
Tl,Ts,0,6312,0.0
Tl,U,22,6312,0.003485424588086185
Tl,V,43,6312,0.006812420785804817
Tl,W,22,6312,0.003485424588086185
Tl,Xe,1,6312,0.00015842839036755386
Tl,Y,21,6312,0.003326996197718631
Tl,Yb,2,6312,0.0003168567807351077
Tl,Zn,32,6312,0.005069708491761723
Tl,Zr,13,6312,0.0020595690747782004
Tm,Ac,0,1275,0.0
Tm,Ag,2,1275,0.001568627450980392
Tm,Al,32,1275,0.025098039215686273
Tm,Am,0,1275,0.0
Tm,Ar,0,1275,0.0
Tm,As,3,1275,0.002352941176470588
Tm,At,0,1275,0.0
Tm,Au,5,1275,0.00392156862745098
Tm,B,43,1275,0.03372549019607843
Tm,Ba,12,1275,0.009411764705882352
Tm,Be,2,1275,0.001568627450980392
Tm,Bh,0,1275,0.0
Tm,Bi,14,1275,0.010980392156862745
Tm,Bk,0,1275,0.0
Tm,Br,20,1275,0.01568627450980392
Tm,C,684,1275,0.5364705882352941
Tm,Ca,8,1275,0.006274509803921568
Tm,Cd,4,1275,0.003137254901960784
Tm,Ce,7,1275,0.005490196078431373
Tm,Cf,0,1275,0.0
Tm,Cl,86,1275,0.06745098039215686
Tm,Cm,0,1275,0.0
Tm,Cn,0,1275,0.0
Tm,Co,11,1275,0.008627450980392156
Tm,Cr,12,1275,0.009411764705882352
Tm,Cs,2,1275,0.001568627450980392
Tm,Cu,8,1275,0.006274509803921568
Tm,Db,0,1275,0.0
Tm,Ds,0,1275,0.0
Tm,Dy,38,1275,0.02980392156862745
Tm,Er,76,1275,0.0596078431372549
Tm,Es,0,1275,0.0
Tm,Eu,16,1275,0.012549019607843137
Tm,F,126,1275,0.0988235294117647
Tm,Fe,17,1275,0.013333333333333334
Tm,Fl,0,1275,0.0
Tm,Fm,0,1275,0.0
Tm,Fr,0,1275,0.0
Tm,Ga,8,1275,0.006274509803921568
Tm,Gd,29,1275,0.022745098039215685
Tm,Ge,12,1275,0.009411764705882352
Tm,H,887,1275,0.6956862745098039
Tm,He,0,1275,0.0
Tm,Hf,5,1275,0.00392156862745098
Tm,Hg,6,1275,0.004705882352941176
Tm,Ho,72,1275,0.05647058823529412
Tm,Hs,0,1275,0.0
Tm,I,39,1275,0.03058823529411765
Tm,In,18,1275,0.01411764705882353
Tm,Ir,0,1275,0.0
Tm,K,11,1275,0.008627450980392156
Tm,Kr,0,1275,0.0
Tm,La,16,1275,0.012549019607843137
Tm,Li,21,1275,0.01647058823529412
Tm,Lr,0,1275,0.0
Tm,Lu,25,1275,0.0196078431372549
Tm,Lv,0,1275,0.0
Tm,Mc,0,1275,0.0
Tm,Md,0,1275,0.0
Tm,Mg,11,1275,0.008627450980392156
Tm,Mn,13,1275,0.01019607843137255
Tm,Mo,3,1275,0.002352941176470588
Tm,Mt,0,1275,0.0
Tm,N,411,1275,0.32235294117647056
Tm,Na,13,1275,0.01019607843137255
Tm,Nb,5,1275,0.00392156862745098
Tm,Nd,19,1275,0.014901960784313726
Tm,Ne,0,1275,0.0
Tm,Nh,0,1275,0.0
Tm,Ni,14,1275,0.010980392156862745
Tm,No,0,1275,0.0
Tm,Np,2,1275,0.001568627450980392
Tm,O,797,1275,0.6250980392156863
Tm,Og,0,1275,0.0
Tm,Os,1,1275,0.000784313725490196
Tm,P,80,1275,0.06274509803921569
Tm,Pa,0,1275,0.0
Tm,Pb,5,1275,0.00392156862745098
Tm,Pd,2,1275,0.001568627450980392
Tm,Pm,10,1275,0.00784313725490196
Tm,Po,1,1275,0.000784313725490196
Tm,Pr,10,1275,0.00784313725490196
Tm,Pt,2,1275,0.001568627450980392
Tm,Pu,2,1275,0.001568627450980392
Tm,Ra,0,1275,0.0
Tm,Rb,0,1275,0.0
Tm,Re,0,1275,0.0
Tm,Rf,0,1275,0.0
Tm,Rg,0,1275,0.0
Tm,Rh,3,1275,0.002352941176470588
Tm,Rn,0,1275,0.0
Tm,Ru,1,1275,0.000784313725490196
Tm,S,135,1275,0.10588235294117647
Tm,Sb,7,1275,0.005490196078431373
Tm,Sc,15,1275,0.011764705882352941
Tm,Se,7,1275,0.005490196078431373
Tm,Sg,0,1275,0.0
Tm,Si,45,1275,0.03529411764705882
Tm,Sm,15,1275,0.011764705882352941
Tm,Sn,11,1275,0.008627450980392156
Tm,Sr,7,1275,0.005490196078431373
Tm,Ta,4,1275,0.003137254901960784
Tm,Tb,26,1275,0.0203921568627451
Tm,Tc,2,1275,0.001568627450980392
Tm,Te,9,1275,0.007058823529411765
Tm,Th,4,1275,0.003137254901960784
Tm,Ti,6,1275,0.004705882352941176
Tm,Tl,3,1275,0.002352941176470588
Tm,Tm,1275,1275,1.0
Tm,Ts,0,1275,0.0
Tm,U,3,1275,0.002352941176470588
Tm,V,17,1275,0.013333333333333334
Tm,W,6,1275,0.004705882352941176
Tm,Xe,0,1275,0.0
Tm,Y,59,1275,0.04627450980392157
Tm,Yb,55,1275,0.043137254901960784
Tm,Zn,6,1275,0.004705882352941176
Tm,Zr,14,1275,0.010980392156862745
Ts,Ac,0,3,0.0
Ts,Ag,0,3,0.0
Ts,Al,0,3,0.0
Ts,Am,0,3,0.0
Ts,Ar,0,3,0.0
Ts,As,0,3,0.0
Ts,At,0,3,0.0
Ts,Au,0,3,0.0
Ts,B,0,3,0.0
Ts,Ba,0,3,0.0
Ts,Be,0,3,0.0
Ts,Bh,0,3,0.0
Ts,Bi,0,3,0.0
Ts,Bk,0,3,0.0
Ts,Br,0,3,0.0
Ts,C,0,3,0.0
Ts,Ca,0,3,0.0
Ts,Cd,0,3,0.0
Ts,Ce,0,3,0.0
Ts,Cf,0,3,0.0
Ts,Cl,0,3,0.0
Ts,Cm,0,3,0.0
Ts,Cn,0,3,0.0
Ts,Co,0,3,0.0
Ts,Cr,0,3,0.0
Ts,Cs,0,3,0.0
Ts,Cu,0,3,0.0
Ts,Db,0,3,0.0
Ts,Ds,0,3,0.0
Ts,Dy,0,3,0.0
Ts,Er,0,3,0.0
Ts,Es,0,3,0.0
Ts,Eu,0,3,0.0
Ts,F,0,3,0.0
Ts,Fe,0,3,0.0
Ts,Fl,0,3,0.0
Ts,Fm,0,3,0.0
Ts,Fr,0,3,0.0
Ts,Ga,0,3,0.0
Ts,Gd,0,3,0.0
Ts,Ge,0,3,0.0
Ts,H,0,3,0.0
Ts,He,0,3,0.0
Ts,Hf,0,3,0.0
Ts,Hg,0,3,0.0
Ts,Ho,0,3,0.0
Ts,Hs,0,3,0.0
Ts,I,0,3,0.0
Ts,In,0,3,0.0
Ts,Ir,0,3,0.0
Ts,K,0,3,0.0
Ts,Kr,0,3,0.0
Ts,La,0,3,0.0
Ts,Li,0,3,0.0
Ts,Lr,0,3,0.0
Ts,Lu,0,3,0.0
Ts,Lv,0,3,0.0
Ts,Mc,0,3,0.0
Ts,Md,0,3,0.0
Ts,Mg,0,3,0.0
Ts,Mn,0,3,0.0
Ts,Mo,0,3,0.0
Ts,Mt,0,3,0.0
Ts,N,0,3,0.0
Ts,Na,0,3,0.0
Ts,Nb,0,3,0.0
Ts,Nd,0,3,0.0
Ts,Ne,0,3,0.0
Ts,Nh,0,3,0.0
Ts,Ni,0,3,0.0
Ts,No,0,3,0.0
Ts,Np,0,3,0.0
Ts,O,0,3,0.0
Ts,Og,0,3,0.0
Ts,Os,0,3,0.0
Ts,P,0,3,0.0
Ts,Pa,0,3,0.0
Ts,Pb,0,3,0.0
Ts,Pd,0,3,0.0
Ts,Pm,0,3,0.0
Ts,Po,0,3,0.0
Ts,Pr,0,3,0.0
Ts,Pt,0,3,0.0
Ts,Pu,0,3,0.0
Ts,Ra,0,3,0.0
Ts,Rb,0,3,0.0
Ts,Re,0,3,0.0
Ts,Rf,0,3,0.0
Ts,Rg,0,3,0.0
Ts,Rh,0,3,0.0
Ts,Rn,0,3,0.0
Ts,Ru,0,3,0.0
Ts,S,0,3,0.0
Ts,Sb,0,3,0.0
Ts,Sc,0,3,0.0
Ts,Se,0,3,0.0
Ts,Sg,0,3,0.0
Ts,Si,0,3,0.0
Ts,Sm,0,3,0.0
Ts,Sn,0,3,0.0
Ts,Sr,0,3,0.0
Ts,Ta,0,3,0.0
Ts,Tb,0,3,0.0
Ts,Tc,0,3,0.0
Ts,Te,0,3,0.0
Ts,Th,0,3,0.0
Ts,Ti,0,3,0.0
Ts,Tl,0,3,0.0
Ts,Tm,0,3,0.0
Ts,Ts,3,3,1.0
Ts,U,0,3,0.0
Ts,V,0,3,0.0
Ts,W,0,3,0.0
Ts,Xe,0,3,0.0
Ts,Y,0,3,0.0
Ts,Yb,0,3,0.0
Ts,Zn,0,3,0.0
Ts,Zr,0,3,0.0
U,Ac,21,21879,0.0009598244892362539
U,Ag,14,21879,0.0006398829928241693
U,Al,109,21879,0.004981946158416747
U,Am,10,21879,0.00045705928058869237
U,Ar,36,21879,0.0016454134101192926
U,As,35,21879,0.0015997074820604232
U,At,3,21879,0.0001371177841766077
U,Au,17,21879,0.000777000777000777
U,B,2957,21879,0.13515242927007634
U,Ba,37,21879,0.0016911193381781617
U,Be,10,21879,0.00045705928058869237
U,Bh,1,21879,0.00004570592805886923
U,Bi,17,21879,0.000777000777000777
U,Bk,0,21879,0.0
U,Br,1115,21879,0.0509621097856392
U,C,20160,21879,0.9214315096668038
U,Ca,54,21879,0.0024681201151789387
U,Cd,14,21879,0.0006398829928241693
U,Ce,16,21879,0.0007312948489419077
U,Cf,0,21879,0.0
U,Cl,2980,21879,0.13620366561543032
U,Cm,3,21879,0.0001371177841766077
U,Cn,0,21879,0.0
U,Co,31,21879,0.0014168837698249463
U,Cr,24,21879,0.0010969422734128616
U,Cs,73,21879,0.003336532748297454
U,Cu,89,21879,0.004067827597239362
U,Db,1,21879,0.00004570592805886923
U,Ds,0,21879,0.0
U,Dy,8,21879,0.00036564742447095386
U,Er,8,21879,0.00036564742447095386
U,Es,1,21879,0.00004570592805886923
U,Eu,5,21879,0.00022852964029434618
U,F,4216,21879,0.1926961926961927
U,Fe,91,21879,0.0041592394533571005
U,Fl,0,21879,0.0
U,Fm,3,21879,0.0001371177841766077
U,Fr,0,21879,0.0
U,Ga,11,21879,0.0005027652086475615
U,Gd,24,21879,0.0010969422734128616
U,Ge,15,21879,0.0006855889208830385
U,H,20768,21879,0.9492207139265962
U,He,4,21879,0.00018282371223547693
U,Hf,14,21879,0.0006398829928241693
U,Hg,13,21879,0.0005941770647653001
U,Ho,7,21879,0.00031994149641208463
U,Hs,0,21879,0.0
U,I,1120,21879,0.05119063942593354
U,In,15,21879,0.0006855889208830385
U,Ir,12,21879,0.0005484711367064308
U,K,405,21879,0.01851090086384204
U,Kr,0,21879,0.0
U,La,5,21879,0.00022852964029434618
U,Li,256,21879,0.011700717583070524
U,Lr,2,21879,0.00009141185611773847
U,Lu,3,21879,0.0001371177841766077
U,Lv,0,21879,0.0
U,Mc,0,21879,0.0
U,Md,0,21879,0.0
U,Mg,65,21879,0.0029708853238265003
U,Mn,46,21879,0.002102472690707985
U,Mo,71,21879,0.0032451208921797157
U,Mt,4,21879,0.00018282371223547693
U,N,15076,21879,0.6890625714155126
U,Na,426,21879,0.019470725353078294
U,Nb,40,21879,0.0018282371223547695
U,Nd,18,21879,0.0008227067050596463
U,Ne,0,21879,0.0
U,Nh,0,21879,0.0
U,Ni,51,21879,0.002331002331002331
U,No,1,21879,0.00004570592805886923
U,Np,17,21879,0.000777000777000777
U,O,16452,21879,0.7519539284245167
U,Og,0,21879,0.0
U,Os,22,21879,0.001005530417295123
U,P,1879,21879,0.0858814388226153
U,Pa,0,21879,0.0
U,Pb,51,21879,0.002331002331002331
U,Pd,112,21879,0.005119063942593354
U,Pm,3,21879,0.0001371177841766077
U,Po,3,21879,0.0001371177841766077
U,Pr,5,21879,0.00022852964029434618
U,Pt,55,21879,0.002513826043237808
U,Pu,67,21879,0.0030622971799442386
U,Ra,3,21879,0.0001371177841766077
U,Rb,29,21879,0.001325471913707208
U,Re,29,21879,0.001325471913707208
U,Rf,16,21879,0.0007312948489419077
U,Rg,0,21879,0.0
U,Rh,16,21879,0.0007312948489419077
U,Rn,3,21879,0.0001371177841766077
U,Ru,17,21879,0.000777000777000777
U,S,3884,21879,0.1775218245806481
U,Sb,30,21879,0.001371177841766077
U,Sc,9,21879,0.00041135335252982314
U,Se,38,21879,0.001736825266237031
U,Sg,1,21879,0.00004570592805886923
U,Si,811,21879,0.03706750765574295
U,Sm,7,21879,0.00031994149641208463
U,Sn,53,21879,0.0024224141871200693
U,Sr,8,21879,0.00036564742447095386
U,Ta,19,21879,0.0008684126331185155
U,Tb,9,21879,0.00041135335252982314
U,Tc,6,21879,0.0002742355683532154
U,Te,14,21879,0.0006398829928241693
U,Th,74,21879,0.0033822386763563235
U,Ti,40,21879,0.0018282371223547695
U,Tl,22,21879,0.001005530417295123
U,Tm,3,21879,0.0001371177841766077
U,Ts,0,21879,0.0
U,U,21879,21879,1.0
U,V,1455,21879,0.06650212532565473
U,W,785,21879,0.03587915352621235
U,Xe,1,21879,0.00004570592805886923
U,Y,555,21879,0.025366790072672427
U,Yb,12,21879,0.0005484711367064308
U,Zn,63,21879,0.002879473467708762
U,Zr,62,21879,0.0028337675396498925
V,Ac,20,39871,0.0005016177171377693
V,Ag,166,39871,0.0041634270522434855
V,Al,524,39871,0.013142384189009556
V,Am,0,39871,0.0
V,Ar,40,39871,0.0010032354342755386
V,As,51,39871,0.0012791251787013117
V,At,0,39871,0.0
V,Au,56,39871,0.001404529607985754
V,B,2079,39871,0.05214316169647112
V,Ba,93,39871,0.002332522384690627
V,Be,25,39871,0.0006270221464222117
V,Bh,0,39871,0.0
V,Bi,310,39871,0.0077750746156354245
V,Bk,0,39871,0.0
V,Br,2118,39871,0.05312131624488977
V,C,33688,39871,0.8449248827468586
V,Ca,201,39871,0.0050412580572345815
V,Cd,38,39871,0.0009530736625617617
V,Ce,80,39871,0.002006470868551077
V,Cf,1,39871,0.000025080885856888465
V,Cl,5899,39871,0.14795214566978507
V,Cm,0,39871,0.0
V,Cn,0,39871,0.0
V,Co,314,39871,0.007875398159062979
V,Cr,413,39871,0.010358405858894935
V,Cs,87,39871,0.0021820370695492964
V,Cu,349,39871,0.008753229164054074
V,Db,0,39871,0.0
V,Ds,0,39871,0.0
V,Dy,14,39871,0.0003511324019964385
V,Er,27,39871,0.0006771839181359886
V,Es,1,39871,0.000025080885856888465
V,Eu,37,39871,0.0009279927767048733
V,F,4474,39871,0.112211883323719
V,Fe,677,39871,0.01697975972511349
V,Fl,0,39871,0.0
V,Fm,0,39871,0.0
V,Fr,0,39871,0.0
V,Ga,63,39871,0.0015800958089839732
V,Gd,40,39871,0.0010032354342755386
V,Ge,68,39871,0.0017055002382684156
V,H,36811,39871,0.9232524892779213
V,He,4,39871,0.00010032354342755386
V,Hf,49,39871,0.0012289634069875348
V,Hg,17,39871,0.0004263750595671039
V,Ho,14,39871,0.0003511324019964385
V,Hs,1,39871,0.000025080885856888465
V,I,7778,39871,0.1950791301948785
V,In,72,39871,0.0018058237816959695
V,Ir,112,39871,0.002809059215971508
V,K,784,39871,0.019663414511800557
V,Kr,1,39871,0.000025080885856888465
V,La,61,39871,0.0015299340372701964
V,Li,623,39871,0.015625391888841513
V,Lr,0,39871,0.0
V,Lu,8,39871,0.00020064708685510772
V,Lv,0,39871,0.0
V,Mc,0,39871,0.0
V,Md,0,39871,0.0
V,Mg,252,39871,0.006320383235935893
V,Mn,399,39871,0.010007273456898497
V,Mo,664,39871,0.016653708208973942
V,Mt,0,39871,0.0
V,N,23047,39871,0.5780391763437085
V,Na,922,39871,0.023124576760051165
V,Nb,237,39871,0.0059441699480825665
V,Nd,44,39871,0.0011035589777030925
V,Ne,0,39871,0.0
V,Nh,0,39871,0.0
V,Ni,450,39871,0.01128639863559981
V,No,11,39871,0.0002758897444257731
V,Np,2,39871,0.00005016177171377693
V,O,28371,39871,0.7115698126457827
V,Og,0,39871,0.0
V,Os,19,39871,0.00047653683128088083
V,P,4034,39871,0.10117629354668807
V,Pa,3,39871,0.0000752426575706654
V,Pb,94,39871,0.0023576032705475156
V,Pd,111,39871,0.0027839783301146196
V,Pm,6,39871,0.0001504853151413308
V,Po,4,39871,0.00010032354342755386
V,Pr,24,39871,0.0006019412605653232
V,Pt,81,39871,0.0020315517544079657
V,Pu,4,39871,0.00010032354342755386
V,Ra,0,39871,0.0
V,Rb,67,39871,0.001680419352411527
V,Re,48,39871,0.0012038825211306463
V,Rf,40,39871,0.0010032354342755386
V,Rg,0,39871,0.0
V,Rh,29,39871,0.0007273456898497655
V,Rn,0,39871,0.0
V,Ru,56,39871,0.001404529607985754
V,S,5810,39871,0.145719946828522
V,Sb,126,39871,0.0031601916179679465
V,Sc,57,39871,0.0014296104938426426
V,Se,116,39871,0.002909382759399062
V,Sg,0,39871,0.0
V,Si,1488,39871,0.03732035815505003
V,Sm,14,39871,0.0003511324019964385
V,Sn,206,39871,0.005166662486519024
V,Sr,62,39871,0.001555014923127085
V,Ta,87,39871,0.0021820370695492964
V,Tb,22,39871,0.0005517794888515462
V,Tc,8,39871,0.00020064708685510772
V,Te,74,39871,0.0018559855534097465
V,Th,18,39871,0.00045145594542399237
V,Ti,685,39871,0.0171804068119686
V,Tl,43,39871,0.001078478091846204
V,Tm,17,39871,0.0004263750595671039
V,Ts,0,39871,0.0
V,U,1455,39871,0.036492688921772716
V,V,39871,39871,1.0
V,W,2524,39871,0.06330415590278649
V,Xe,4,39871,0.00010032354342755386
V,Y,1790,39871,0.04489478568383035
V,Yb,61,39871,0.0015299340372701964
V,Zn,264,39871,0.006621353866218555
V,Zr,264,39871,0.006621353866218555
W,Ac,19,44325,0.0004286520022560632
W,Ag,122,44325,0.002752397067117879
W,Al,274,44325,0.006181613085166384
W,Am,1,44325,0.000022560631697687534
W,Ar,113,44325,0.0025493513818386914
W,As,56,44325,0.001263395375070502
W,At,0,44325,0.0
W,Au,112,44325,0.002526790750141004
W,B,2117,44325,0.04776085730400451
W,Ba,151,44325,0.003406655386350818
W,Be,23,44325,0.0005188945290468133
W,Bh,0,44325,0.0
W,Bi,141,44325,0.0031810490693739424
W,Bk,1,44325,0.000022560631697687534
W,Br,1608,44325,0.036277495769881554
W,C,38819,44325,0.8757811618725324
W,Ca,133,44325,0.0030005640157924423
W,Cd,52,44325,0.0011731528482797518
W,Ce,111,44325,0.0025042301184433164
W,Cf,0,44325,0.0
W,Cl,3704,44325,0.08356457980823463
W,Cm,6,44325,0.00013536379018612522
W,Cn,0,44325,0.0
W,Co,497,44325,0.011212633953750705
W,Cr,303,44325,0.006835871404399323
W,Cs,122,44325,0.002752397067117879
W,Cu,364,44325,0.008212069937958262
W,Db,0,44325,0.0
W,Ds,0,44325,0.0
W,Dy,12,44325,0.00027072758037225043
W,Er,15,44325,0.00033840947546531303
W,Es,1,44325,0.000022560631697687534
W,Eu,20,44325,0.0004512126339537507
W,F,3848,44325,0.08681331077270163
W,Fe,498,44325,0.011235194585448393
W,Fl,0,44325,0.0
W,Fm,4,44325,0.00009024252679075014
W,Fr,0,44325,0.0
W,Ga,26,44325,0.0005865764241398759
W,Gd,32,44325,0.0007219402143260011
W,Ge,122,44325,0.002752397067117879
W,H,41224,44325,0.930039481105471
W,He,1,44325,0.000022560631697687534
W,Hf,86,44325,0.001940214326001128
W,Hg,25,44325,0.0005640157924421884
W,Ho,11,44325,0.00024816694867456287
W,Hs,0,44325,0.0
W,I,941,44325,0.021229554427523972
W,In,88,44325,0.001985335589396503
W,Ir,64,44325,0.0014438804286520022
W,K,584,44325,0.013175408911449521
W,Kr,1,44325,0.000022560631697687534
W,La,82,44325,0.001849971799210378
W,Li,214,44325,0.004827975183305132
W,Lr,0,44325,0.0
W,Lu,14,44325,0.0003158488437676255
W,Lv,0,44325,0.0
W,Mc,0,44325,0.0
W,Md,0,44325,0.0
W,Mg,155,44325,0.003496897913141568
W,Mn,249,44325,0.005617597292724197
W,Mo,1176,44325,0.02653130287648054
W,Mt,2,44325,0.00004512126339537507
W,N,25958,44325,0.5856288776085731
W,Na,514,44325,0.011596164692611393
W,Nb,270,44325,0.006091370558375634
W,Nd,20,44325,0.0004512126339537507
W,Ne,1,44325,0.000022560631697687534
W,Nh,0,44325,0.0
W,Ni,654,44325,0.014754653130287648
W,No,1,44325,0.000022560631697687534
W,Np,0,44325,0.0
W,O,29423,44325,0.6638014664410603
W,Og,0,44325,0.0
W,Os,79,44325,0.0017822899041173154
W,P,4097,44325,0.09243090806542584
W,Pa,1,44325,0.000022560631697687534
W,Pb,143,44325,0.0032261703327693177
W,Pd,119,44325,0.0026847151720248165
W,Pm,3,44325,0.00006768189509306261
W,Po,3,44325,0.00006768189509306261
W,Pr,10,44325,0.00022560631697687535
W,Pt,150,44325,0.00338409475465313
W,Pu,1,44325,0.000022560631697687534
W,Ra,13,44325,0.00029328821206993795
W,Rb,180,44325,0.0040609137055837565
W,Re,160,44325,0.0036097010716300056
W,Rf,56,44325,0.001263395375070502
W,Rg,0,44325,0.0
W,Rh,51,44325,0.0011505922165820643
W,Rn,0,44325,0.0
W,Ru,100,44325,0.0022560631697687537
W,S,5747,44325,0.12965595036661026
W,Sb,120,44325,0.0027072758037225042
W,Sc,23,44325,0.0005188945290468133
W,Se,159,44325,0.003587140439932318
W,Sg,0,44325,0.0
W,Si,1485,44325,0.03350253807106599
W,Sm,23,44325,0.0005188945290468133
W,Sn,261,44325,0.005888324873096447
W,Sr,65,44325,0.0014664410603496898
W,Ta,265,44325,0.005978567399887197
W,Tb,15,44325,0.00033840947546531303
W,Tc,9,44325,0.0002030456852791878
W,Te,125,44325,0.0028200789622109417
W,Th,36,44325,0.0008121827411167512
W,Ti,511,44325,0.01152848279751833
W,Tl,22,44325,0.0004963338973491257
W,Tm,6,44325,0.00013536379018612522
W,Ts,0,44325,0.0
W,U,785,44325,0.017710095882684716
W,V,2524,44325,0.05694303440496334
W,W,44325,44325,1.0
W,Xe,4,44325,0.00009024252679075014
W,Y,4583,44325,0.10339537507050198
W,Yb,19,44325,0.0004286520022560632
W,Zn,152,44325,0.0034292160180485055
W,Zr,249,44325,0.005617597292724197
Xe,Ac,0,588,0.0
Xe,Ag,1,588,0.0017006802721088435
Xe,Al,1,588,0.0017006802721088435
Xe,Am,0,588,0.0
Xe,Ar,22,588,0.03741496598639456
Xe,As,0,588,0.0
Xe,At,0,588,0.0
Xe,Au,2,588,0.003401360544217687
Xe,B,14,588,0.023809523809523808
Xe,Ba,2,588,0.003401360544217687
Xe,Be,1,588,0.0017006802721088435
Xe,Bh,0,588,0.0
Xe,Bi,0,588,0.0
Xe,Bk,0,588,0.0
Xe,Br,17,588,0.02891156462585034
Xe,C,371,588,0.6309523809523809
Xe,Ca,0,588,0.0
Xe,Cd,2,588,0.003401360544217687
Xe,Ce,0,588,0.0
Xe,Cf,0,588,0.0
Xe,Cl,25,588,0.04251700680272109
Xe,Cm,0,588,0.0
Xe,Cn,0,588,0.0
Xe,Co,0,588,0.0
Xe,Cr,0,588,0.0
Xe,Cs,3,588,0.00510204081632653
Xe,Cu,3,588,0.00510204081632653
Xe,Db,0,588,0.0
Xe,Ds,0,588,0.0
Xe,Dy,2,588,0.003401360544217687
Xe,Er,0,588,0.0
Xe,Es,0,588,0.0
Xe,Eu,0,588,0.0
Xe,F,146,588,0.24829931972789115
Xe,Fe,1,588,0.0017006802721088435
Xe,Fl,0,588,0.0
Xe,Fm,0,588,0.0
Xe,Fr,0,588,0.0
Xe,Ga,1,588,0.0017006802721088435
Xe,Gd,0,588,0.0
Xe,Ge,0,588,0.0
Xe,H,402,588,0.6836734693877551
Xe,He,14,588,0.023809523809523808
Xe,Hf,0,588,0.0
Xe,Hg,3,588,0.00510204081632653
Xe,Ho,0,588,0.0
Xe,Hs,0,588,0.0
Xe,I,27,588,0.04591836734693878
Xe,In,3,588,0.00510204081632653
Xe,Ir,0,588,0.0
Xe,K,4,588,0.006802721088435374
Xe,Kr,19,588,0.03231292517006803
Xe,La,7,588,0.011904761904761904
Xe,Li,3,588,0.00510204081632653
Xe,Lr,0,588,0.0
Xe,Lu,0,588,0.0
Xe,Lv,0,588,0.0
Xe,Mc,0,588,0.0
Xe,Md,0,588,0.0
Xe,Mg,2,588,0.003401360544217687
Xe,Mn,0,588,0.0
Xe,Mo,1,588,0.0017006802721088435
Xe,Mt,0,588,0.0
Xe,N,177,588,0.3010204081632653
Xe,Na,9,588,0.015306122448979591
Xe,Nb,0,588,0.0
Xe,Nd,0,588,0.0
Xe,Ne,14,588,0.023809523809523808
Xe,Nh,0,588,0.0
Xe,Ni,0,588,0.0
Xe,No,0,588,0.0
Xe,Np,0,588,0.0
Xe,O,205,588,0.3486394557823129
Xe,Og,0,588,0.0
Xe,Os,0,588,0.0
Xe,P,18,588,0.030612244897959183
Xe,Pa,0,588,0.0
Xe,Pb,1,588,0.0017006802721088435
Xe,Pd,1,588,0.0017006802721088435
Xe,Pm,1,588,0.0017006802721088435
Xe,Po,0,588,0.0
Xe,Pr,0,588,0.0
Xe,Pt,3,588,0.00510204081632653
Xe,Pu,0,588,0.0
Xe,Ra,0,588,0.0
Xe,Rb,4,588,0.006802721088435374
Xe,Re,15,588,0.025510204081632654
Xe,Rf,1,588,0.0017006802721088435
Xe,Rg,0,588,0.0
Xe,Rh,0,588,0.0
Xe,Rn,5,588,0.008503401360544218
Xe,Ru,0,588,0.0
Xe,S,40,588,0.06802721088435375
Xe,Sb,2,588,0.003401360544217687
Xe,Sc,0,588,0.0
Xe,Se,3,588,0.00510204081632653
Xe,Sg,0,588,0.0
Xe,Si,5,588,0.008503401360544218
Xe,Sm,1,588,0.0017006802721088435
Xe,Sn,0,588,0.0
Xe,Sr,1,588,0.0017006802721088435
Xe,Ta,0,588,0.0
Xe,Tb,0,588,0.0
Xe,Tc,0,588,0.0
Xe,Te,6,588,0.01020408163265306
Xe,Th,0,588,0.0
Xe,Ti,1,588,0.0017006802721088435
Xe,Tl,1,588,0.0017006802721088435
Xe,Tm,0,588,0.0
Xe,Ts,0,588,0.0
Xe,U,1,588,0.0017006802721088435
Xe,V,4,588,0.006802721088435374
Xe,W,4,588,0.006802721088435374
Xe,Xe,588,588,1.0
Xe,Y,1,588,0.0017006802721088435
Xe,Yb,4,588,0.006802721088435374
Xe,Zn,6,588,0.01020408163265306
Xe,Zr,0,588,0.0
Y,Ac,31,98196,0.00031569514033158176
Y,Ag,56,98196,0.0005702879954376961
Y,Al,588,98196,0.005988023952095809
Y,Am,59,98196,0.0006008391380504297
Y,Ar,174,98196,0.0017719662715385556
Y,As,28,98196,0.00028514399771884804
Y,At,3,98196,0.000030551142612733715
Y,Au,47,98196,0.0004786345675994949
Y,B,5223,98196,0.0531895392887694
Y,Ba,245,98196,0.00249500998003992
Y,Be,19,98196,0.00019349056988064687
Y,Bh,0,98196,0.0
Y,Bi,64,98196,0.0006517577090716526
Y,Bk,2,98196,0.000020367428408489144
Y,Br,3137,98196,0.031946311458715224
Y,C,94327,98196,0.9605992097437778
Y,Ca,190,98196,0.0019349056988064686
Y,Cd,33,98196,0.00033606256874007086
Y,Ce,220,98196,0.0022404171249338057
Y,Cf,0,98196,0.0
Y,Cl,6487,98196,0.06606175404293455
Y,Cm,9,98196,0.00009165342783820114
Y,Cn,0,98196,0.0
Y,Co,178,98196,0.0018127011283555338
Y,Cr,146,98196,0.0014868222738197074
Y,Cs,54,98196,0.0005499205670292069
Y,Cu,252,98196,0.0025662959794696323
Y,Db,1,98196,0.000010183714204244572
Y,Ds,0,98196,0.0
Y,Dy,46,98196,0.00046845085339525033
Y,Er,125,98196,0.0012729642755305716
Y,Es,2,98196,0.000020367428408489144
Y,Eu,141,98196,0.0014359037027984846
Y,F,9646,98196,0.09823210721414315
Y,Fe,236,98196,0.002403356552201719
Y,Fl,0,98196,0.0
Y,Fm,9,98196,0.00009165342783820114
Y,Fr,0,98196,0.0
Y,Ga,103,98196,0.001048922563037191
Y,Gd,244,98196,0.0024848262658356754
Y,Ge,74,98196,0.0007535948511140984
Y,H,95877,98196,0.9763839667603569
Y,He,0,98196,0.0
Y,Hf,54,98196,0.0005499205670292069
Y,Hg,11,98196,0.00011202085624669029
Y,Ho,81,98196,0.0008248808505438104
Y,Hs,0,98196,0.0
Y,I,2670,98196,0.027190516925333006
Y,In,77,98196,0.000784145993726832
Y,Ir,631,98196,0.006425923662878325
Y,K,571,98196,0.00581490081062365
Y,Kr,0,98196,0.0
Y,La,247,98196,0.0025153774084484093
Y,Li,357,98196,0.0036355859709153123
Y,Lr,2,98196,0.000020367428408489144
Y,Lu,128,98196,0.0013035154181433052
Y,Lv,0,98196,0.0
Y,Mc,0,98196,0.0
Y,Md,1,98196,0.000010183714204244572
Y,Mg,235,98196,0.0023931728379974746
Y,Mn,150,98196,0.0015275571306366858
Y,Mo,73,98196,0.0007434111369098537
Y,Mt,2,98196,0.000020367428408489144
Y,N,63485,98196,0.6465130962564667
Y,Na,504,98196,0.0051325919589392645
Y,Nb,81,98196,0.0008248808505438104
Y,Nd,146,98196,0.0014868222738197074
Y,Ne,1,98196,0.000010183714204244572
Y,Nh,0,98196,0.0
Y,Ni,183,98196,0.0018636196993767568
Y,No,1,98196,0.000010183714204244572
Y,Np,1,98196,0.000010183714204244572
Y,O,66075,98196,0.6728889160454601
Y,Og,0,98196,0.0
Y,Os,12,98196,0.00012220457045093486
Y,P,5754,98196,0.05859709153122327
Y,Pa,4,98196,0.00004073485681697829
Y,Pb,40,98196,0.0004073485681697829
Y,Pd,142,98196,0.0014460874170027292
Y,Pm,5,98196,0.00005091857102122286
Y,Po,8,98196,0.00008146971363395658
Y,Pr,50,98196,0.0005091857102122287
Y,Pt,293,98196,0.0029838282618436596
Y,Pu,4,98196,0.00004073485681697829
Y,Ra,74,98196,0.0007535948511140984
Y,Rb,311,98196,0.003167135117520062
Y,Re,173,98196,0.001761782557334311
Y,Rf,138,98196,0.001405352560185751
Y,Rg,0,98196,0.0
Y,Rh,61,98196,0.0006212065664589188
Y,Rn,2,98196,0.000020367428408489144
Y,Ru,195,98196,0.0019858242698276916
Y,S,14494,98196,0.14760275367632084
Y,Sb,31,98196,0.00031569514033158176
Y,Sc,136,98196,0.0013849851317772619
Y,Se,76,98196,0.0007739622795225875
Y,Sg,2,98196,0.000020367428408489144
Y,Si,2420,98196,0.024644588374271865
Y,Sm,57,98196,0.0005804717096419406
Y,Sn,146,98196,0.0014868222738197074
Y,Sr,135,98196,0.0013748014175730173
Y,Ta,60,98196,0.0006110228522546743
Y,Tb,106,98196,0.0010794737056499246
Y,Tc,18,98196,0.0001833068556764023
Y,Te,20,98196,0.00020367428408489145
Y,Th,14,98196,0.00014257199885942402
Y,Ti,163,98196,0.0016599454152918653
Y,Tl,21,98196,0.000213857998289136
Y,Tm,59,98196,0.0006008391380504297
Y,Ts,0,98196,0.0
Y,U,555,98196,0.005651961383355737
Y,V,1790,98196,0.018228848425597785
Y,W,4583,98196,0.04667196219805288
Y,Xe,1,98196,0.000010183714204244572
Y,Y,98196,98196,1.0
Y,Yb,123,98196,0.0012525968471220825
Y,Zn,219,98196,0.0022302334107295613
Y,Zr,344,98196,0.003503197686260133
Yb,Ac,0,3286,0.0
Yb,Ag,10,3286,0.0030432136335970784
Yb,Al,69,3286,0.020998174071819843
Yb,Am,0,3286,0.0
Yb,Ar,0,3286,0.0
Yb,As,9,3286,0.002738892270237371
Yb,At,0,3286,0.0
Yb,Au,5,3286,0.0015216068167985392
Yb,B,92,3286,0.02799756542909312
Yb,Ba,29,3286,0.008825319537431528
Yb,Be,3,3286,0.0009129640900791236
Yb,Bh,0,3286,0.0
Yb,Bi,14,3286,0.00426049908703591
Yb,Bk,1,3286,0.00030432136335970786
Yb,Br,62,3286,0.018867924528301886
Yb,C,2237,3286,0.6807668898356665
Yb,Ca,32,3286,0.009738283627510651
Yb,Cd,8,3286,0.002434570906877663
Yb,Ce,43,3286,0.013085818624467437
Yb,Cf,0,3286,0.0
Yb,Cl,171,3286,0.05203895313451004
Yb,Cm,0,3286,0.0
Yb,Cn,0,3286,0.0
Yb,Co,19,3286,0.005782105903834449
Yb,Cr,12,3286,0.0036518563603164943
Yb,Cs,4,3286,0.0012172854534388314
Yb,Cu,32,3286,0.009738283627510651
Yb,Db,0,3286,0.0
Yb,Ds,0,3286,0.0
Yb,Dy,38,3286,0.011564211807668898
Yb,Er,117,3286,0.03560559951308582
Yb,Es,0,3286,0.0
Yb,Eu,28,3286,0.00852099817407182
Yb,F,460,3286,0.13998782714546562
Yb,Fe,22,3286,0.006695069993913573
Yb,Fl,0,3286,0.0
Yb,Fm,0,3286,0.0
Yb,Fr,0,3286,0.0
Yb,Ga,23,3286,0.00699939135727328
Yb,Gd,51,3286,0.0155203895313451
Yb,Ge,23,3286,0.00699939135727328
Yb,H,2574,3286,0.783323189287888
Yb,He,1,3286,0.00030432136335970786
Yb,Hf,11,3286,0.0033475349969567863
Yb,Hg,1,3286,0.00030432136335970786
Yb,Ho,49,3286,0.014911746804625686
Yb,Hs,0,3286,0.0
Yb,I,83,3286,0.02525867315885575
Yb,In,25,3286,0.007608034083992696
Yb,Ir,4,3286,0.0012172854534388314
Yb,K,38,3286,0.011564211807668898
Yb,Kr,0,3286,0.0
Yb,La,39,3286,0.011868533171028607
Yb,Li,61,3286,0.01856360316494218
Yb,Lr,0,3286,0.0
Yb,Lu,41,3286,0.012477175897748022
Yb,Lv,0,3286,0.0
Yb,Mc,0,3286,0.0
Yb,Md,0,3286,0.0
Yb,Mg,34,3286,0.010346926354230066
Yb,Mn,28,3286,0.00852099817407182
Yb,Mo,9,3286,0.002738892270237371
Yb,Mt,0,3286,0.0
Yb,N,1315,3286,0.4001825928180158
Yb,Na,66,3286,0.02008520998174072
Yb,Nb,24,3286,0.007303712720632989
Yb,Nd,55,3286,0.016737674984783932
Yb,Ne,0,3286,0.0
Yb,Nh,0,3286,0.0
Yb,Ni,27,3286,0.008216676810712111
Yb,No,0,3286,0.0
Yb,Np,0,3286,0.0
Yb,O,2156,3286,0.6561168594035302
Yb,Og,0,3286,0.0
Yb,Os,3,3286,0.0009129640900791236
Yb,P,154,3286,0.04686548995739501
Yb,Pa,0,3286,0.0
Yb,Pb,14,3286,0.00426049908703591
Yb,Pd,10,3286,0.0030432136335970784
Yb,Pm,6,3286,0.0018259281801582471
Yb,Po,0,3286,0.0
Yb,Pr,30,3286,0.009129640900791236
Yb,Pt,11,3286,0.0033475349969567863
Yb,Pu,0,3286,0.0
Yb,Ra,0,3286,0.0
Yb,Rb,19,3286,0.005782105903834449
Yb,Re,6,3286,0.0018259281801582471
Yb,Rf,0,3286,0.0
Yb,Rg,0,3286,0.0
Yb,Rh,7,3286,0.002130249543517955
Yb,Rn,0,3286,0.0
Yb,Ru,7,3286,0.002130249543517955
Yb,S,522,3286,0.1588557516737675
Yb,Sb,13,3286,0.003956177723676202
Yb,Sc,25,3286,0.007608034083992696
Yb,Se,16,3286,0.004869141813755326
Yb,Sg,0,3286,0.0
Yb,Si,253,3286,0.07699330493000608
Yb,Sm,21,3286,0.006390748630553865
Yb,Sn,27,3286,0.008216676810712111
Yb,Sr,23,3286,0.00699939135727328
Yb,Ta,14,3286,0.00426049908703591
Yb,Tb,35,3286,0.010651247717589775
Yb,Tc,0,3286,0.0
Yb,Te,7,3286,0.002130249543517955
Yb,Th,6,3286,0.0018259281801582471
Yb,Ti,17,3286,0.005173463177115033
Yb,Tl,2,3286,0.0006086427267194157
Yb,Tm,55,3286,0.016737674984783932
Yb,Ts,0,3286,0.0
Yb,U,12,3286,0.0036518563603164943
Yb,V,61,3286,0.01856360316494218
Yb,W,19,3286,0.005782105903834449
Yb,Xe,4,3286,0.0012172854534388314
Yb,Y,123,3286,0.037431527693244065
Yb,Yb,3286,3286,1.0
Yb,Zn,30,3286,0.009129640900791236
Yb,Zr,38,3286,0.011564211807668898
Zn,Ac,20,76233,0.00026235357391156064
Zn,Ag,563,76233,0.0073852531056104315
Zn,Al,2019,76233,0.026484593286372045
Zn,Am,2,76233,0.00002623535739115606
Zn,Ar,12,76233,0.00015741214434693637
Zn,As,204,76233,0.0026760064538979183
Zn,At,0,76233,0.0
Zn,Au,223,76233,0.0029252423491139008
Zn,B,2091,76233,0.027429066152453663
Zn,Ba,449,76233,0.005889837734314536
Zn,Be,452,76233,0.00592919077040127
Zn,Bh,0,76233,0.0
Zn,Bi,415,76233,0.005443836658664883
Zn,Bk,1,76233,0.00001311767869557803
Zn,Br,8585,76233,0.11261527160153739
Zn,C,64003,76233,0.8395707895530807
Zn,Ca,1360,76233,0.017840043025986123
Zn,Cd,707,76233,0.009274198837773667
Zn,Ce,144,76233,0.0018889457321632365
Zn,Cf,1,76233,0.00001311767869557803
Zn,Cl,12539,76233,0.16448257316385292
Zn,Cm,1,76233,0.00001311767869557803
Zn,Cn,0,76233,0.0
Zn,Co,835,76233,0.010953261710807655
Zn,Cr,571,76233,0.007490194535175056
Zn,Cs,72,76233,0.0009444728660816182
Zn,Cu,2382,76233,0.031246310652866868
Zn,Db,0,76233,0.0
Zn,Ds,0,76233,0.0
Zn,Dy,52,76233,0.0006821192921700576
Zn,Er,35,76233,0.0004591187543452311
Zn,Es,0,76233,0.0
Zn,Eu,52,76233,0.0006821192921700576
Zn,F,6518,76233,0.08550102973777761
Zn,Fe,1508,76233,0.01978145947293167
Zn,Fl,0,76233,0.0
Zn,Fm,0,76233,0.0
Zn,Fr,0,76233,0.0
Zn,Ga,497,76233,0.006519486311702281
Zn,Gd,68,76233,0.0008920021512993061
Zn,Ge,335,76233,0.004394422363018641
Zn,H,70169,76233,0.9204543963900148
Zn,He,1,76233,0.00001311767869557803
Zn,Hf,64,76233,0.0008395314365169939
Zn,Hg,205,76233,0.0026891241325934963
Zn,Ho,15,76233,0.00019676518043367045
Zn,Hs,0,76233,0.0
Zn,I,3910,76233,0.0512901236997101
Zn,In,898,76233,0.011779675468629071
Zn,Ir,115,76233,0.0015085330499914735
Zn,K,851,76233,0.011163144569936905
Zn,Kr,1,76233,0.00001311767869557803
Zn,La,175,76233,0.0022955937717261555
Zn,Li,1141,76233,0.014967271391654532
Zn,Lr,0,76233,0.0
Zn,Lu,8,76233,0.00010494142956462424
Zn,Lv,0,76233,0.0
Zn,Mc,0,76233,0.0
Zn,Md,0,76233,0.0
Zn,Mg,1848,76233,0.0242414702294282
Zn,Mn,1338,76233,0.017551454094683405
Zn,Mo,433,76233,0.005679954875185287
Zn,Mt,0,76233,0.0
Zn,N,37554,76233,0.49262130573373736
Zn,Na,1724,76233,0.022614878071176524
Zn,Nb,142,76233,0.0018627103747720804
Zn,Nd,79,76233,0.0010362966169506643
Zn,Ne,0,76233,0.0
Zn,Nh,0,76233,0.0
Zn,Ni,966,76233,0.012671677619928377
Zn,No,0,76233,0.0
Zn,Np,0,76233,0.0
Zn,O,52278,76233,0.6857660068474283
Zn,Og,0,76233,0.0
Zn,Os,16,76233,0.00020988285912924848
Zn,P,6314,76233,0.08282502328387968
Zn,Pa,0,76233,0.0
Zn,Pb,686,76233,0.00899872758516653
Zn,Pd,486,76233,0.006375191846050923
Zn,Pm,1,76233,0.00001311767869557803
Zn,Po,4,76233,0.00005247071478231212
Zn,Pr,27,76233,0.0003541773247806068
Zn,Pt,179,76233,0.0023480644865084676
Zn,Pu,1,76233,0.00001311767869557803
Zn,Ra,1,76233,0.00001311767869557803
Zn,Rb,38,76233,0.0004984717904319651
Zn,Re,41,76233,0.0005378248265186993
Zn,Rf,1,76233,0.00001311767869557803
Zn,Rg,0,76233,0.0
Zn,Rh,45,76233,0.0005902955413010114
Zn,Rn,1,76233,0.00001311767869557803
Zn,Ru,109,76233,0.0014298269778180053
Zn,S,17763,76233,0.23300932666955257
Zn,Sb,254,76233,0.0033318903886768196
Zn,Sc,49,76233,0.0006427662560833235
Zn,Se,770,76233,0.010100612595595084
Zn,Sg,1,76233,0.00001311767869557803
Zn,Si,3366,76233,0.04415410648931565
Zn,Sm,27,76233,0.0003541773247806068
Zn,Sn,1170,76233,0.015347684073826296
Zn,Sr,314,76233,0.004118951110411501
Zn,Ta,77,76233,0.0010100612595595082
Zn,Tb,43,76233,0.0005640601839098554
Zn,Tc,6,76233,0.00007870607217346819
Zn,Te,178,76233,0.0023349468078128896
Zn,Th,18,76233,0.00023611821652040456
Zn,Ti,778,76233,0.010205554025159708
Zn,Tl,32,76233,0.00041976571825849695
Zn,Tm,6,76233,0.00007870607217346819
Zn,Ts,0,76233,0.0
Zn,U,63,76233,0.0008264137578214159
Zn,V,264,76233,0.0034630671756326003
Zn,W,152,76233,0.0019938871617278604
Zn,Xe,6,76233,0.00007870607217346819
Zn,Y,219,76233,0.0028727716343315886
Zn,Yb,30,76233,0.0003935303608673409
Zn,Zn,76233,76233,1.0
Zn,Zr,382,76233,0.005010953261710808
Zr,Ac,4,106659,0.00003750269550623951
Zr,Ag,124,106659,0.0011625835606934249
Zr,Al,1485,106659,0.013922875706691418
Zr,Am,1,106659,9.375673876559877e-6
Zr,Ar,8,106659,0.00007500539101247902
Zr,As,156,106659,0.001462605124743341
Zr,At,0,106659,0.0
Zr,Au,63,106659,0.0005906674542232723
Zr,B,1443,106659,0.013529097403875904
Zr,Ba,376,106659,0.003525253377586514
Zr,Be,52,106659,0.00048753504158111365
Zr,Bh,0,106659,0.0
Zr,Bi,198,106659,0.0018563834275588558
Zr,Bk,0,106659,0.0
Zr,Br,3303,106659,0.030967850814277276
Zr,C,99286,106659,0.930873156508124
Zr,Ca,337,106659,0.0031596020964006787
Zr,Cd,58,106659,0.0005437890848404729
Zr,Ce,457,106659,0.004284682961587864
Zr,Cf,2,106659,0.000018751347753119755
Zr,Cl,64242,106659,0.6023120411779597
Zr,Cm,1,106659,9.375673876559877e-6
Zr,Cn,0,106659,0.0
Zr,Co,337,106659,0.0031596020964006787
Zr,Cr,326,106659,0.0030564696837585203
Zr,Cs,39,106659,0.00036565128118583524
Zr,Cu,387,106659,0.003628385790228673
Zr,Db,0,106659,0.0
Zr,Ds,0,106659,0.0
Zr,Dy,28,106659,0.0002625188685436766
Zr,Er,44,106659,0.00041252965056863463
Zr,Es,0,106659,0.0
Zr,Eu,19,106659,0.0001781378036546377
Zr,F,7840,106659,0.07350528319222945
Zr,Fe,509,106659,0.004772218003168978
Zr,Fl,0,106659,0.0
Zr,Fm,0,106659,0.0
Zr,Fr,0,106659,0.0
Zr,Ga,136,106659,0.0012750916472121434
Zr,Gd,62,106659,0.0005812917803467124
Zr,Ge,1306,106659,0.0122446300827872
Zr,H,102737,106659,0.9632286070561321
Zr,He,3,106659,0.000028127021629679632
Zr,Hf,1009,106659,0.009460054941448916
Zr,Hg,14,106659,0.0001312594342718383
Zr,Ho,20,106659,0.00018751347753119755
Zr,Hs,0,106659,0.0
Zr,I,860,106659,0.008063079533841494
Zr,In,218,106659,0.002043896905090053
Zr,Ir,63,106659,0.0005906674542232723
Zr,K,296,106659,0.0027751994674617237
Zr,Kr,0,106659,0.0
Zr,La,427,106659,0.004003412745291068
Zr,Li,502,106659,0.004706588286033059
Zr,Lr,0,106659,0.0
Zr,Lu,22,106659,0.00020626482528431731
Zr,Lv,0,106659,0.0
Zr,Mc,0,106659,0.0
Zr,Md,0,106659,0.0
Zr,Mg,467,106659,0.004378439700353463
Zr,Mn,297,106659,0.0027845751413382836
Zr,Mo,277,106659,0.002597061663807086
Zr,Mt,0,106659,0.0
Zr,N,18240,106659,0.17101229150845218
Zr,Na,523,106659,0.004903477437440816
Zr,Nb,407,106659,0.00381589926775987
Zr,Nd,108,106659,0.0010125727786684667
Zr,Ne,1,106659,9.375673876559877e-6
Zr,Nh,0,106659,0.0
Zr,Ni,410,106659,0.00384402628938955
Zr,No,1,106659,9.375673876559877e-6
Zr,Np,0,106659,0.0
Zr,O,30668,106659,0.2875331664463383
Zr,Og,0,106659,0.0
Zr,Os,12,106659,0.00011250808651871853
Zr,P,4394,106659,0.0411967110136041
Zr,Pa,0,106659,0.0
Zr,Pb,359,106659,0.003365866921684996
Zr,Pd,76,106659,0.0007125512146185508
Zr,Pm,1,106659,9.375673876559877e-6
Zr,Po,3,106659,0.000028127021629679632
Zr,Pr,93,106659,0.0008719376705200687
Zr,Pt,107,106659,0.0010031971047919069
Zr,Pu,8,106659,0.00007500539101247902
Zr,Ra,0,106659,0.0
Zr,Rb,46,106659,0.0004312809983217544
Zr,Re,31,106659,0.0002906458901733562
Zr,Rf,0,106659,0.0
Zr,Rg,0,106659,0.0
Zr,Rh,52,106659,0.00048753504158111365
Zr,Rn,0,106659,0.0
Zr,Ru,83,106659,0.0007781809317544699
Zr,S,4323,106659,0.04053103816836835
Zr,Sb,157,106659,0.0014719807986199008
Zr,Sc,98,106659,0.000918816039902868
Zr,Se,61,106659,0.0005719161064701526
Zr,Sg,0,106659,0.0
Zr,Si,34133,106659,0.3200198764286183
Zr,Sm,37,106659,0.00034689993343271547
Zr,Sn,451,106659,0.004228428918328505
Zr,Sr,178,106659,0.0016688699500276582
Zr,Ta,232,106659,0.0021751563393618916
Zr,Tb,26,106659,0.00024376752079055682
Zr,Tc,11,106659,0.00010313241264215866
Zr,Te,39,106659,0.00036565128118583524
Zr,Th,49,106659,0.000459408019951434
Zr,Ti,1485,106659,0.013922875706691418
Zr,Tl,13,106659,0.00012188376039527841
Zr,Tm,14,106659,0.0001312594342718383
Zr,Ts,0,106659,0.0
Zr,U,62,106659,0.0005812917803467124
Zr,V,264,106659,0.002475177903411808
Zr,W,249,106659,0.0023345427952634096
Zr,Xe,0,106659,0.0
Zr,Y,344,106659,0.0032252318135365977
Zr,Yb,38,106659,0.0003562756073092754
Zr,Zn,382,106659,0.003581507420845873
Zr,Zr,106659,106659,1.0
