atom_count,record_count,percent_of_formula_records,contains_target
1,2259,87.83048211508554,true
2,211,8.203732503888025,true
3,43,1.6718506998444789,true
4,32,1.244167962674961,true
5,4,0.15552099533437014,true
6,2,0.07776049766718507,true
7,10,0.38880248833592534,true
8,8,0.3110419906687403,true
9,1,0.038880248833592534,true
10,2,0.07776049766718507,true
