atom_count,record_count,percent_of_formula_records,contains_target
0,123924801,99.99792459088115,false
1,2259,0.0018228418349511854,true
2,211,0.00017026101247220014,true
3,43,0.00003469774187822088,true
4,32,0.000025821575351234146,true
5,4,3.2276969189042683e-6,true
6,2,1.6138484594521342e-6,true
7,10,8.06924229726067e-6,true
8,8,6.455393837808537e-6,true
9,1,8.069242297260671e-7,true
10,2,1.6138484594521342e-6,true
