value,total_count,target_count,non_target_count,percent_target_within_group,percent_of_all_records,percent_of_all_target,support_warning
1,218668,218668,0,100.0,75.95671882869895,75.95671882869895,
2,2585,2585,0,100.0,0.8979279920801709,0.8979279920801709,
3,29385,29385,0,100.0,10.20720079198291,10.20720079198291,
UNKNOWN,37247,37247,0,100.0,12.938152387237958,12.938152387237958,
TOTAL_RECORDS,287885,287885,0,100.0,100.0,100.0,
TOTAL_ASSIGNMENTS,287885,287885,0,100.0,100.0,100.0,
