value,total_count,target_count,non_target_count,percent_target_within_group,percent_of_all_records,percent_of_all_target,support_warning
GNPS,250638,250638,0,100.0,87.06184761276205,87.06184761276205,
MassSpecGym,37247,37247,0,100.0,12.938152387237958,12.938152387237958,
TOTAL_RECORDS,287885,287885,0,100.0,100.0,100.0,
TOTAL_ASSIGNMENTS,287885,287885,0,100.0,100.0,100.0,
