atom_count,record_count,percent_of_formula_records,contains_target
1,1771,76.76636324230603,true
2,390,16.905071521456435,true
3,47,2.037277850021673,true
4,67,2.904204594711747,true
5,8,0.3467706978760295,true
6,11,0.4768097095795405,true
7,4,0.17338534893801474,true
8,6,0.26007802340702213,true
9,2,0.08669267446900737,true
10,1,0.043346337234503686,true
