atom_count,record_count,percent_of_formula_records,contains_target
0,123925066,99.99813842580203,false
1,1771,0.0014290628108448646,true
2,390,0.0003147004495931662,true
3,47,0.000037925438797125155,true
4,67,0.0000540639233916465,true
5,8,6.455393837808537e-6,true
6,11,8.876166526986737e-6,true
7,4,3.2276969189042683e-6,true
8,6,4.841545378356402e-6,true
9,2,1.6138484594521342e-6,true
10,1,8.069242297260671e-7,true
