atom_count,record_count,percent_of_formula_records,contains_target
0,123926964,99.99966996799004,false
1,344,0.00027758193502576704,true
2,50,0.000040346211486303353,true
3,7,5.648469608082469e-6,true
4,4,3.2276969189042683e-6,true
5,1,8.069242297260671e-7,true
8,1,8.069242297260671e-7,true
9,1,8.069242297260671e-7,true
12,1,8.069242297260671e-7,true
