atom_count,record_count,percent_of_formula_records,contains_target
1,344,84.10757946210269,true
2,50,12.224938875305623,true
3,7,1.7114914425427872,true
4,4,0.9779951100244498,true
5,1,0.24449877750611246,true
8,1,0.24449877750611246,true
9,1,0.24449877750611246,true
12,1,0.24449877750611246,true
