atom_count,record_count,percent_of_formula_records,contains_target
0,123927268,99.99991527295587,false
1,104,0.00008392011989151098,true
2,1,8.069242297260671e-7,true
