value,total_count,target_count,non_target_count,percent_target_within_group,percent_of_all_records,percent_of_all_target,support_warning
PubChem,123927373,13932,123913441,0.011242068368543566,100.0,100.0,
TOTAL_RECORDS,123927373,13932,123913441,0.011242068368543566,100.0,100.0,
TOTAL_ASSIGNMENTS,123927373,13932,123913441,0.011242068368543566,100.0,100.0,
