value,total_count,target_count,non_target_count,percent_target_within_group,percent_of_all_records,percent_of_all_target,support_warning
1,3637,3637,0,100.0,86.34852801519469,86.34852801519469,
3,346,346,0,100.0,8.214624881291547,8.214624881291547,
UNKNOWN,229,229,0,100.0,5.43684710351377,5.43684710351377,
TOTAL_RECORDS,4212,4212,0,100.0,100.0,100.0,
TOTAL_ASSIGNMENTS,4212,4212,0,100.0,100.0,100.0,
