atom_count,record_count,percent_of_formula_records,contains_target
0,123926958,99.99966512644465,false
1,383,0.00030905197998508366,true
2,16,0.000012910787675617073,true
3,6,4.841545378356402e-6,true
4,2,1.6138484594521342e-6,true
5,1,8.069242297260671e-7,true
6,1,8.069242297260671e-7,true
8,1,8.069242297260671e-7,true
30,1,8.069242297260671e-7,true
34,1,8.069242297260671e-7,true
50,1,8.069242297260671e-7,true
95,1,8.069242297260671e-7,true
100,1,8.069242297260671e-7,true
