atom_count,record_count,percent_of_formula_records,contains_target
1,383,92.28915662650601,true
2,16,3.8554216867469884,true
3,6,1.4457831325301205,true
4,2,0.48192771084337355,true
5,1,0.24096385542168677,true
6,1,0.24096385542168677,true
8,1,0.24096385542168677,true
30,1,0.24096385542168677,true
34,1,0.24096385542168677,true
50,1,0.24096385542168677,true
95,1,0.24096385542168677,true
100,1,0.24096385542168677,true
