value,total_count,target_count,non_target_count,percent_target_within_group,percent_of_all_records,percent_of_all_target,support_warning
PubChem,123927373,10107,123917266,0.00815558318984136,100.0,100.0,
TOTAL_RECORDS,123927373,10107,123917266,0.00815558318984136,100.0,100.0,
TOTAL_ASSIGNMENTS,123927373,10107,123917266,0.00815558318984136,100.0,100.0,
