atom_count,record_count,percent_of_formula_records,contains_target
0,123925647,99.99860724877949,false
1,1562,0.0012604156468321167,true
2,106,0.0000855339683509631,true
3,29,0.000023400802662055944,true
4,15,0.000012103863445891006,true
6,4,3.2276969189042683e-6,true
7,3,2.420772689178201e-6,true
8,2,1.6138484594521342e-6,true
9,3,2.420772689178201e-6,true
17,2,1.6138484594521342e-6,true
