atom_count,record_count,percent_of_formula_records,contains_target
1,1562,90.49826187717265,true
2,106,6.1413673232908454,true
3,29,1.6801853997682505,true
4,15,0.869061413673233,true
6,4,0.2317497103128621,true
7,3,0.17381228273464658,true
8,2,0.11587485515643105,true
9,3,0.17381228273464658,true
17,2,0.11587485515643105,true
