atom_count,record_count,percent_of_formula_records,contains_target
0,123927268,99.99991527295587,false
1,83,0.00006697471106726357,true
2,19,0.000015331560364795276,true
3,2,1.6138484594521342e-6,true
4,1,8.069242297260671e-7,true
