atom_count,record_count,percent_of_formula_records,contains_target
1,83,79.04761904761905,true
2,19,18.095238095238095,true
3,2,1.9047619047619049,true
4,1,0.9523809523809524,true
