value,total_count,target_count,non_target_count,percent_target_within_group,percent_of_all_records,percent_of_all_target,support_warning
PubChem,123927373,81469,123845904,0.06573931007155295,100.0,100.0,
TOTAL_RECORDS,123927373,81469,123845904,0.06573931007155295,100.0,100.0,
TOTAL_ASSIGNMENTS,123927373,81469,123845904,0.06573931007155295,100.0,100.0,
