atom_count,record_count,percent_of_formula_records,contains_target
1,516,89.73913043478261,true
2,33,5.739130434782608,true
3,18,3.130434782608696,true
4,1,0.17391304347826086,true
5,2,0.34782608695652173,true
6,1,0.17391304347826086,true
8,3,0.5217391304347827,true
15,1,0.17391304347826086,true
