atom_count,record_count,percent_of_formula_records,contains_target
0,123926798,99.99953601856791,false
1,516,0.0004163729025386506,true
2,33,0.00002662849958096021,true
3,18,0.000014524636135069207,true
4,1,8.069242297260671e-7,true
5,2,1.6138484594521342e-6,true
6,1,8.069242297260671e-7,true
8,3,2.420772689178201e-6,true
15,1,8.069242297260671e-7,true
