value,total_count,target_count,non_target_count,percent_target_within_group,percent_of_all_records,percent_of_all_target,support_warning
IonTrap,5,5,0,100.0,0.37369207772795215,0.37369207772795215,LOW_TOTAL_SUPPORT|LOW_TARGET_SUPPORT
Orbitrap,1012,1012,0,100.0,75.63527653213752,75.63527653213752,
Other,144,144,0,100.0,10.762331838565023,10.762331838565023,
Quadrupole,25,25,0,100.0,1.8684603886397608,1.8684603886397608,LOW_TOTAL_SUPPORT
TimeOfFlight,152,152,0,100.0,11.360239162929746,11.360239162929746,
TOTAL_RECORDS,1338,1338,0,100.0,100.0,100.0,
TOTAL_ASSIGNMENTS,1338,1338,0,100.0,100.0,100.0,
