value,total_count,target_count,non_target_count,percent_target_within_group,percent_of_all_records,percent_of_all_target,support_warning
1,896,896,0,100.0,66.96562032884903,66.96562032884903,
3,229,229,0,100.0,17.11509715994021,17.11509715994021,
UNKNOWN,213,213,0,100.0,15.919282511210762,15.919282511210762,
TOTAL_RECORDS,1338,1338,0,100.0,100.0,100.0,
TOTAL_ASSIGNMENTS,1338,1338,0,100.0,100.0,100.0,
