value,total_count,target_count,non_target_count,percent_target_within_group,percent_of_all_records,percent_of_all_target,support_warning
Alkaloids,843,843,0,100.0,63.00448430493274,63.00448430493274,
Amino acids and Peptides,242,242,0,100.0,18.086696562032888,18.086696562032888,
Carbohydrates,90,90,0,100.0,6.726457399103139,6.726457399103139,
Polyketides,80,80,0,100.0,5.9790732436472345,5.9790732436472345,
Shikimates and Phenylpropanoids,122,122,0,100.0,9.118086696562033,9.118086696562033,
Terpenoids,20,20,0,100.0,1.4947683109118086,1.4947683109118086,LOW_TOTAL_SUPPORT
TOTAL_RECORDS,1338,1338,0,100.0,100.0,100.0,
TOTAL_ASSIGNMENTS,1397,1397,0,100.0,104.40956651718984,104.40956651718984,
