atom_count,record_count,percent_of_formula_records,contains_target
1,802,59.940209267563525,true
2,133,9.940209267563528,true
3,317,23.692077727952167,true
4,72,5.381165919282512,true
6,14,1.046337817638266,true
