atom_count,record_count,percent_of_formula_records,contains_target
0,123923612,99.996965157972,false
1,3122,0.0025192174452047813,true
2,470,0.0003792543879712515,true
3,69,0.00005567777185109862,true
4,45,0.00003631159033767302,true
5,15,0.000012103863445891006,true
6,29,0.000023400802662055944,true
7,2,1.6138484594521342e-6,true
9,3,2.420772689178201e-6,true
10,2,1.6138484594521342e-6,true
12,2,1.6138484594521342e-6,true
14,1,8.069242297260671e-7,true
15,1,8.069242297260671e-7,true
