atom_count,record_count,percent_of_formula_records,contains_target
1,3122,83.00983780909333,true
2,470,12.49667641584685,true
3,69,1.8346184525392182,true
4,45,1.1964902951342729,true
5,15,0.3988300983780909,true
6,29,0.7710715235309757,true
7,2,0.05317734645041213,true
9,3,0.07976601967561818,true
10,2,0.05317734645041213,true
12,2,0.05317734645041213,true
14,1,0.026588673225206066,true
15,1,0.026588673225206066,true
