atom_count,record_count,percent_of_formula_records,contains_target
1,82,59.854014598540154,true
2,21,15.328467153284672,true
3,5,3.64963503649635,true
4,4,2.9197080291970803,true
5,2,1.4598540145985401,true
6,4,2.9197080291970803,true
7,4,2.9197080291970803,true
8,2,1.4598540145985401,true
9,1,0.7299270072992701,true
10,2,1.4598540145985401,true
12,2,1.4598540145985401,true
15,1,0.7299270072992701,true
20,1,0.7299270072992701,true
21,3,2.18978102189781,true
24,3,2.18978102189781,true
