value,total_count,target_count,non_target_count,percent_target_within_group,percent_of_all_records,percent_of_all_target,support_warning
PubChem,123927373,168,123927205,0.00013556327059397927,100.0,100.0,
TOTAL_RECORDS,123927373,168,123927205,0.00013556327059397927,100.0,100.0,
TOTAL_ASSIGNMENTS,123927373,168,123927205,0.00013556327059397927,100.0,100.0,
