atom_count,record_count,percent_of_formula_records,contains_target
1,149,88.69047619047619,true
2,6,3.571428571428571,true
3,3,1.7857142857142856,true
4,1,0.5952380952380952,true
5,5,2.976190476190476,true
6,3,1.7857142857142856,true
14,1,0.5952380952380952,true
