atom_count,record_count,percent_of_formula_records,contains_target
0,123927205,99.9998644367294,false
1,149,0.000120231710229184,true
2,6,4.841545378356402e-6,true
3,3,2.420772689178201e-6,true
4,1,8.069242297260671e-7,true
5,5,4.034621148630335e-6,true
6,3,2.420772689178201e-6,true
14,1,8.069242297260671e-7,true
