atom_count,record_count,percent_of_formula_records,contains_target
0,123927098,99.99977809583682,false
1,257,0.00020737952703959924,true
2,11,8.876166526986737e-6,true
3,3,2.420772689178201e-6,true
4,2,1.6138484594521342e-6,true
6,1,8.069242297260671e-7,true
7,1,8.069242297260671e-7,true
