atom_count,record_count,percent_of_formula_records,contains_target
1,257,93.45454545454545,true
2,11,4.0,true
3,3,1.090909090909091,true
4,2,0.7272727272727273,true
6,1,0.36363636363636365,true
7,1,0.36363636363636365,true
