atom_count,record_count,percent_of_formula_records,contains_target
1,66,89.1891891891892,true
2,3,4.054054054054054,true
3,1,1.3513513513513513,true
4,2,2.7027027027027026,true
10,2,2.7027027027027026,true
