atom_count,record_count,percent_of_formula_records,contains_target
0,123927299,99.999940287607,false
1,66,0.00005325699916192042,true
2,3,2.420772689178201e-6,true
3,1,8.069242297260671e-7,true
4,2,1.6138484594521342e-6,true
10,2,1.6138484594521342e-6,true
