atom_count,record_count,percent_of_formula_records,contains_target
1,64,92.7536231884058,true
3,1,1.4492753623188406,true
4,1,1.4492753623188406,true
5,3,4.3478260869565215,true
