atom_count,record_count,percent_of_formula_records,contains_target
0,123927304,99.99994432222815,false
1,64,0.00005164315070246829,true
3,1,8.069242297260671e-7,true
4,1,8.069242297260671e-7,true
5,3,2.420772689178201e-6,true
