atom_count,record_count,percent_of_formula_records,contains_target
0,123927114,99.9997910066245,false
1,236,0.00019043411821535183,true
2,15,0.000012103863445891006,true
3,6,4.841545378356402e-6,true
5,2,1.6138484594521342e-6,true
