atom_count,record_count,percent_of_formula_records,contains_target
1,236,91.11969111969111,true
2,15,5.7915057915057915,true
3,6,2.3166023166023164,true
5,2,0.7722007722007722,true
