value,total_count,target_count,non_target_count,percent_target_within_group,percent_of_all_records,percent_of_all_target,support_warning
PubChem,123927373,6100,123921273,0.004922237801329009,100.0,100.0,
TOTAL_RECORDS,123927373,6100,123921273,0.004922237801329009,100.0,100.0,
TOTAL_ASSIGNMENTS,123927373,6100,123921273,0.004922237801329009,100.0,100.0,
