atom_count,record_count,percent_of_formula_records,contains_target
1,5549,90.9672131147541,true
2,359,5.885245901639345,true
3,101,1.6557377049180328,true
4,45,0.7377049180327869,true
5,22,0.36065573770491804,true
6,9,0.14754098360655737,true
7,1,0.01639344262295082,true
8,5,0.08196721311475409,true
9,3,0.04918032786885246,true
10,2,0.03278688524590164,true
12,3,0.04918032786885246,true
18,1,0.01639344262295082,true
