atom_count,record_count,percent_of_formula_records,contains_target
0,123921273,99.99507776219868,false
1,5549,0.004477622550749946,true
2,359,0.00028968579847165807,true
3,101,0.00008149934720233278,true
4,45,0.00003631159033767302,true
5,22,0.000017752333053973474,true
6,9,7.2623180675346035e-6,true
7,1,8.069242297260671e-7,true
8,5,4.034621148630335e-6,true
9,3,2.420772689178201e-6,true
10,2,1.6138484594521342e-6,true
12,3,2.420772689178201e-6,true
18,1,8.069242297260671e-7,true
