atom_count,record_count,percent_of_formula_records,contains_target
0,123926110,99.99898085469786,false
1,1126,0.0009085966826715515,true
2,100,0.00008069242297260671,true
3,10,8.06924229726067e-6,true
4,14,0.000011296939216164938,true
5,4,3.2276969189042683e-6,true
6,2,1.6138484594521342e-6,true
7,1,8.069242297260671e-7,true
8,2,1.6138484594521342e-6,true
9,2,1.6138484594521342e-6,true
10,2,1.6138484594521342e-6,true
