atom_count,record_count,percent_of_formula_records,contains_target
1,1126,89.15281076801267,true
2,100,7.91765637371338,true
3,10,0.791765637371338,true
4,14,1.1084718923198733,true
5,4,0.3167062549485352,true
6,2,0.1583531274742676,true
7,1,0.0791765637371338,true
8,2,0.1583531274742676,true
9,2,0.1583531274742676,true
10,2,0.1583531274742676,true
