atom_count,record_count,percent_of_formula_records,contains_target
1,67,87.01298701298701,true
2,3,3.896103896103896,true
3,1,1.2987012987012987,true
5,6,7.792207792207792,true
