value,total_count,target_count,non_target_count,percent_target_within_group,percent_of_all_records,percent_of_all_target,support_warning
Negative,54251,54251,0,100.0,12.221446271682812,12.221446271682812,
Positive,389288,389288,0,100.0,87.69722910565443,87.69722910565443,
UNKNOWN,361,361,0,100.0,0.08132462266276189,0.08132462266276189,
TOTAL_RECORDS,443900,443900,0,100.0,100.0,100.0,
TOTAL_ASSIGNMENTS,443900,443900,0,100.0,100.0,100.0,
