value,total_count,target_count,non_target_count,percent_target_within_group,percent_of_all_records,percent_of_all_target,support_warning
GNPS,389555,389555,0,100.0,87.75737778779005,87.75737778779005,
MassSpecGym,54345,54345,0,100.0,12.242622212209957,12.242622212209957,
TOTAL_RECORDS,443900,443900,0,100.0,100.0,100.0,
TOTAL_ASSIGNMENTS,443900,443900,0,100.0,100.0,100.0,
