value,total_count,target_count,non_target_count,percent_target_within_group,percent_of_all_records,percent_of_all_target,support_warning
Alkaloids,210676,210676,0,100.0,47.46023879252084,47.46023879252084,
Amino acids and Peptides,30102,30102,0,100.0,6.7812570398738465,6.7812570398738465,
Carbohydrates,8225,8225,0,100.0,1.8528947961252533,1.8528947961252533,
Fatty acids,27708,27708,0,100.0,6.2419463843207925,6.2419463843207925,
Polyketides,19715,19715,0,100.0,4.44131561162424,4.44131561162424,
Shikimates and Phenylpropanoids,88308,88308,0,100.0,19.89366974543816,19.89366974543816,
Terpenoids,70569,70569,0,100.0,15.897499436810092,15.897499436810092,
TOTAL_RECORDS,443900,443900,0,100.0,100.0,100.0,
TOTAL_ASSIGNMENTS,455303,455303,0,100.0,102.56882180671323,102.56882180671323,
