value,total_count,target_count,non_target_count,percent_target_within_group,percent_of_all_records,percent_of_all_target,support_warning
1,342487,342487,0,100.0,77.15408875872944,77.15408875872944,
2,3267,3267,0,100.0,0.7359765712998423,0.7359765712998423,
3,43801,43801,0,100.0,9.867312457760757,9.867312457760757,
UNKNOWN,54345,54345,0,100.0,12.242622212209957,12.242622212209957,
TOTAL_RECORDS,443900,443900,0,100.0,100.0,100.0,
TOTAL_ASSIGNMENTS,443900,443900,0,100.0,100.0,100.0,
