atom_count,record_count,percent_of_formula_records,contains_target
1,4869,87.52471687938163,true
2,535,9.617113068488226,true
3,42,0.7549883156570196,true
4,70,1.258313859428366,true
5,17,0.30559050871831744,true
6,4,0.07190364911019234,true
7,4,0.07190364911019234,true
8,7,0.1258313859428366,true
9,2,0.03595182455509617,true
10,1,0.017975912277548085,true
11,8,0.14380729822038468,true
12,3,0.05392773683264426,true
15,1,0.017975912277548085,true
