atom_count,record_count,percent_of_formula_records,contains_target
0,123925581,99.99855399178033,false
1,1553,0.001253153328764582,true
2,179,0.000144439437120966,true
3,11,8.876166526986737e-6,true
4,33,0.00002662849958096021,true
5,7,5.648469608082469e-6,true
6,2,1.6138484594521342e-6,true
8,3,2.420772689178201e-6,true
9,2,1.6138484594521342e-6,true
16,1,8.069242297260671e-7,true
36,1,8.069242297260671e-7,true
