atom_count,record_count,percent_of_formula_records,contains_target
1,1553,86.66294642857143,true
2,179,9.988839285714286,true
3,11,0.6138392857142857,true
4,33,1.8415178571428572,true
5,7,0.390625,true
6,2,0.11160714285714285,true
8,3,0.16741071428571427,true
9,2,0.11160714285714285,true
16,1,0.055803571428571425,true
36,1,0.055803571428571425,true
