value,total_count,target_count,non_target_count,percent_target_within_group,percent_of_all_records,percent_of_all_target,support_warning
PubChem,123927373,225,123927148,0.0001815579516883651,100.0,100.0,
TOTAL_RECORDS,123927373,225,123927148,0.0001815579516883651,100.0,100.0,
TOTAL_ASSIGNMENTS,123927373,225,123927148,0.0001815579516883651,100.0,100.0,
