atom_count,record_count,percent_of_formula_records,contains_target
0,123927148,99.99981844204832,false
1,203,0.0001638056186343916,true
2,12,9.683090756712804e-6,true
5,1,8.069242297260671e-7,true
6,1,8.069242297260671e-7,true
7,1,8.069242297260671e-7,true
11,5,4.034621148630335e-6,true
15,1,8.069242297260671e-7,true
60,1,8.069242297260671e-7,true
