atom_count,record_count,percent_of_formula_records,contains_target
1,203,90.22222222222223,true
2,12,5.333333333333334,true
5,1,0.4444444444444444,true
6,1,0.4444444444444444,true
7,1,0.4444444444444444,true
11,5,2.2222222222222223,true
15,1,0.4444444444444444,true
60,1,0.4444444444444444,true
