atom_count,record_count,percent_of_formula_records,contains_target
1,1280,93.91049156272928,true
2,57,4.181951577402788,true
3,6,0.4402054292002935,true
4,11,0.8070432868672046,true
5,3,0.22010271460014674,true
6,3,0.22010271460014674,true
8,1,0.07336757153338225,true
9,1,0.07336757153338225,true
11,1,0.07336757153338225,true
