atom_count,record_count,percent_of_formula_records,contains_target
0,123926010,99.99890016227488,false
1,1280,0.0010328630140493658,true
2,57,0.000045994681094385827,true
3,6,4.841545378356402e-6,true
4,11,8.876166526986737e-6,true
5,3,2.420772689178201e-6,true
6,3,2.420772689178201e-6,true
8,1,8.069242297260671e-7,true
9,1,8.069242297260671e-7,true
11,1,8.069242297260671e-7,true
