atom_count,record_count,percent_of_formula_records,contains_target
1,585,92.1259842519685,true
2,43,6.771653543307086,true
3,3,0.47244094488188976,true
6,4,0.6299212598425197,true
