atom_count,record_count,percent_of_formula_records,contains_target
0,123926738,99.99948760311412,false
1,585,0.0004720506743897492,true
2,43,0.00003469774187822088,true
3,3,2.420772689178201e-6,true
6,4,3.2276969189042683e-6,true
