atom_count,record_count,percent_of_formula_records,contains_target
0,123924100,99.99735893699611,false
1,2820,0.002275526327827509,true
2,324,0.0002614434504312457,true
3,45,0.00003631159033767302,true
4,44,0.00003550466610794695,true
5,22,0.000017752333053973474,true
6,8,6.455393837808537e-6,true
7,2,1.6138484594521342e-6,true
8,2,1.6138484594521342e-6,true
9,2,1.6138484594521342e-6,true
12,1,8.069242297260671e-7,true
13,2,1.6138484594521342e-6,true
16,1,8.069242297260671e-7,true
