atom_count,record_count,percent_of_formula_records,contains_target
1,2820,86.15948670944088,true
2,324,9.899175068744272,true
3,45,1.374885426214482,true
4,44,1.3443324167430493,true
5,22,0.6721662083715246,true
6,8,0.2444240757714635,true
7,2,0.061106018942865874,true
8,2,0.061106018942865874,true
9,2,0.061106018942865874,true
12,1,0.030553009471432937,true
13,2,0.061106018942865874,true
16,1,0.030553009471432937,true
