atom_count,record_count,percent_of_formula_records,contains_target
0,123927025,99.99971919036805,false
1,344,0.00027758193502576704,true
2,4,3.2276969189042683e-6,true
