atom_count,record_count,percent_of_formula_records,contains_target
0,123927235,99.9998886444563,false
1,120,0.00009683090756712805,true
2,14,0.000011296939216164938,true
3,1,8.069242297260671e-7,true
4,3,2.420772689178201e-6,true
