atom_count,record_count,percent_of_formula_records,contains_target
1,120,86.95652173913044,true
2,14,10.144927536231885,true
3,1,0.7246376811594203,true
4,3,2.1739130434782608,true
