value,total_count,target_count,non_target_count,percent_target_within_group,percent_of_all_records,percent_of_all_target,support_warning
1,34887,34887,0,100.0,86.36464909023394,86.36464909023394,
3,3884,3884,0,100.0,9.615051367743533,9.615051367743533,
UNKNOWN,1624,1624,0,100.0,4.020299542022528,4.020299542022528,
TOTAL_RECORDS,40395,40395,0,100.0,100.0,100.0,
TOTAL_ASSIGNMENTS,40395,40395,0,100.0,100.0,100.0,
