atom_count,record_count,percent_of_formula_records,contains_target
1,179,77.82608695652173,true
2,20,8.695652173913043,true
3,24,10.434782608695652,true
6,2,0.8695652173913043,true
8,2,0.8695652173913043,true
11,1,0.43478260869565216,true
14,1,0.43478260869565216,true
17,1,0.43478260869565216,true
