atom_count,record_count,percent_of_formula_records,contains_target
0,123927143,99.99981440742717,false
1,179,0.000144439437120966,true
2,20,0.00001613848459452134,true
3,24,0.000019366181513425608,true
6,2,1.6138484594521342e-6,true
8,2,1.6138484594521342e-6,true
11,1,8.069242297260671e-7,true
14,1,8.069242297260671e-7,true
17,1,8.069242297260671e-7,true
