atom_count,record_count,percent_of_formula_records,contains_target
1,3263,89.12865337339525,true
2,208,5.681507784758263,true
3,42,1.147227533460803,true
4,78,2.1305654192843484,true
5,21,0.5736137667304015,true
6,12,0.32777929527451516,true
7,4,0.10925976509150505,true
8,16,0.4370390603660202,true
9,3,0.08194482381862879,true
10,11,0.3004643540016389,true
12,3,0.08194482381862879,true
