atom_count,record_count,percent_of_formula_records,contains_target
0,123923712,99.99704585039497,false
1,3263,0.002632993761596157,true
2,208,0.00016784023978302196,true
3,42,0.00003389081764849482,true
4,78,0.00006294008991863323,true
5,21,0.00001694540882424741,true
6,12,9.683090756712804e-6,true
7,4,3.2276969189042683e-6,true
8,16,0.000012910787675617073,true
9,3,2.420772689178201e-6,true
10,11,8.876166526986737e-6,true
12,3,2.420772689178201e-6,true
