atom_count,record_count,percent_of_formula_records,contains_target
1,1837,88.95883777239709,true
2,155,7.506053268765134,true
3,31,1.5012106537530265,true
4,28,1.3559322033898304,true
5,8,0.387409200968523,true
6,4,0.1937046004842615,true
7,1,0.048426150121065374,true
12,1,0.048426150121065374,true
