atom_count,record_count,percent_of_formula_records,contains_target
0,123925308,99.99833370146561,false
1,1837,0.0014823198100067853,true
2,155,0.0001250732556075404,true
3,31,0.000025014651121508078,true
4,28,0.000022593878432329876,true
5,8,6.455393837808537e-6,true
6,4,3.2276969189042683e-6,true
7,1,8.069242297260671e-7,true
12,1,8.069242297260671e-7,true
