atom_count,record_count,percent_of_formula_records,contains_target
1,545,92.68707482993197,true
2,26,4.421768707482993,true
3,3,0.5102040816326531,true
4,4,0.6802721088435374,true
5,1,0.17006802721088435,true
6,1,0.17006802721088435,true
7,1,0.17006802721088435,true
8,3,0.5102040816326531,true
9,1,0.17006802721088435,true
12,3,0.5102040816326531,true
