atom_count,record_count,percent_of_formula_records,contains_target
0,123926785,99.99952552855292,false
1,545,0.00043977370520070655,true
2,26,0.000020980029972877745,true
3,3,2.420772689178201e-6,true
4,4,3.2276969189042683e-6,true
5,1,8.069242297260671e-7,true
6,1,8.069242297260671e-7,true
7,1,8.069242297260671e-7,true
8,3,2.420772689178201e-6,true
9,1,8.069242297260671e-7,true
12,3,2.420772689178201e-6,true
